# https://github.com/mikedh/trimesh
v 0.02813556 -0.05236569 0.08746347
v 0.02705848 -0.05216686 0.08866556
v 0.02585659 -0.05227456 0.08866556
v 0.02465469 -0.05236569 0.08866556
v 0.02344818 -0.05242369 0.08866556
v -0.01659339 -0.05234083 0.07626807
v 0.02813556 -0.05188517 0.08615357
v 0.02813556 -0.05191831 0.08874235
v 0.02225090 -0.05210058 0.08986764
v 0.02705848 -0.05167805 0.08945415
v 0.02585659 -0.05180233 0.08958263
v 0.02104439 -0.05220000 0.08986764
v 0.02225090 -0.05242369 0.08866556
v 0.01984249 -0.05224970 0.08986764
v 0.01864060 -0.05228284 0.08986764
v 0.01624143 -0.05229941 0.08986764
v 0.00902082 -0.05241540 0.08866556
v -0.01501244 -0.05234913 0.07784673
v -0.01752255 -0.05196802 0.07675097
v -0.01748557 -0.05210058 0.07626807
v -0.01539150 -0.05219171 0.07626807
v 0.02813556 -0.05186032 0.08612403
v 0.02813556 -0.05171947 0.08902884
v 0.02104439 -0.05168633 0.09064738
v 0.02793216 -0.05153721 0.08934339
v 0.02299053 -0.05147093 0.09049527
v 0.02225090 -0.05157034 0.09056321
v 0.01984249 -0.05174433 0.09070645
v 0.01864060 -0.05179404 0.09075371
v 0.01503954 -0.05229941 0.08986764
v 0.01744333 -0.05181889 0.09078029
v 0.01624143 -0.05181889 0.09079063
v 0.00782355 -0.05240712 0.08866556
v -0.00659918 -0.05237397 0.08385571
v -0.01381055 -0.05234913 0.07905030
v -0.01632528 -0.05195974 0.07795897
v -0.01719434 -0.05171119 0.07763408
v -0.01838237 -0.05171119 0.07642017
v -0.01799869 -0.05195974 0.07626807
v -0.01425894 -0.05175261 0.07626807
v 0.02813556 -0.05094898 0.08544472
v 0.02813556 -0.05113953 0.08937588
v 0.02104439 -0.05082471 0.09090582
v 0.01984249 -0.05082471 0.09102395
v 0.02705848 -0.05082471 0.08972440
v 0.02379488 -0.05103184 0.09039781
v 0.02341582 -0.05070872 0.09053072
v 0.02225090 -0.05082471 0.09072565
v 0.01864060 -0.05082471 0.09108894
v 0.01744333 -0.05082471 0.09112733
v 0.01383302 -0.05228284 0.08986764
v 0.01503954 -0.05181061 0.09079211
v 0.01624143 -0.05082471 0.09115391
v 0.01503954 -0.05082471 0.09116425
v 0.00661703 -0.05237397 0.08866556
v 0.00301597 -0.05238227 0.08746347
v -0.00179160 -0.05232427 0.08625989
v -0.00539729 -0.05221656 0.08505928
v -0.00780108 -0.05217514 0.08385571
v -0.00900297 -0.05232427 0.08265657
v -0.01260865 -0.05230770 0.08025240
v -0.01509103 -0.05195145 0.07913005
v -0.01600169 -0.05170291 0.07878301
v -0.01680142 -0.05130524 0.07843449
v -0.01843784 -0.05175261 0.07626807
v -0.01867822 -0.05152892 0.07626807
v -0.01407866 -0.05164491 0.07626807
v 0.02813556 -0.05091584 0.08543733
v 0.02813556 -0.05079157 0.08944824
v 0.02104439 -0.04962341 0.09097670
v 0.01984249 -0.04962341 0.09110075
v 0.02405375 -0.05022820 0.09046869
v 0.02705848 -0.04962341 0.08980562
v 0.02225090 -0.04962341 0.09078915
v 0.01864060 -0.04962341 0.09113767
v 0.01142923 -0.05221656 0.08986764
v 0.01383302 -0.05180233 0.09076847
v 0.01624143 -0.04962341 0.09118640
v 0.01503954 -0.04962341 0.09120265
v 0.01383302 -0.05082471 0.09112586
v 0.01383302 -0.04962341 0.09117459
v 0.00541514 -0.05230770 0.08866556
v 0.01022734 -0.05216686 0.08986764
v 0.00061219 -0.05221656 0.08746347
v -0.00299350 -0.05218342 0.08625989
v -0.00539729 -0.05173605 0.08594239
v -0.00658993 -0.05187689 0.08510211
v -0.01140676 -0.05218342 0.08145596
v -0.00893363 -0.05180233 0.08385276
v -0.01026958 -0.05193488 0.08273189
v -0.01384290 -0.05191002 0.08030408
v -0.01474895 -0.05168633 0.07993637
v -0.01799406 -0.05124724 0.07722206
v -0.01346847 -0.05163662 0.08104394
v -0.01421734 -0.05083299 0.08068952
v -0.01494310 -0.05083299 0.08008700
v -0.01554867 -0.05083299 0.07957751
v -0.01683839 -0.05049331 0.07846993
v -0.01804029 -0.05045189 0.07726932
v -0.01902029 -0.05055959 0.07626807
v -0.01895096 -0.05105669 0.07626807
v -0.01355630 -0.05089099 0.07626807
v 0.02813556 -0.04962341 0.08526012
v 0.02813556 -0.04975596 0.08951617
v 0.02225090 0.03219779 0.09100919
v 0.02114609 0.03219779 0.09113619
v 0.02104439 0.03219779 0.09114653
v 0.01744333 0.03219779 0.09130307
v 0.01624143 0.03219779 0.09135476
v 0.02440969 0.03219779 0.09055139
v 0.02344818 0.03219779 0.09075962
v 0.02356374 -0.04973940 0.09055730
v 0.02813556 -0.04962341 0.08952356
v 0.01263113 -0.05176918 0.09073156
v 0.01263113 -0.05082471 0.09106236
v 0.01142923 -0.05172776 0.09068725
v 0.01263113 -0.04962341 0.09112142
v 0.01022734 0.03219779 0.09113028
v 0.00904856 -0.05205915 0.08986764
v 0.00422249 -0.05216686 0.08866556
v 0.00061219 -0.05173605 0.08831999
v -0.00179160 -0.05185203 0.08729807
v -0.00299350 -0.05168633 0.08707803
v -0.00417228 -0.05185203 0.08630420
v -0.00375624 -0.05152064 0.08692887
v -0.00618776 -0.05157034 0.08576222
v -0.00780108 -0.05169462 0.08470190
v -0.01255780 -0.05180233 0.08144858
v -0.00991363 -0.05165320 0.08345256
v -0.01140676 -0.05171947 0.08235975
v -0.01212789 -0.05153721 0.08213675
v -0.01361639 -0.05083299 0.08115470
v -0.01363951 -0.04963169 0.08117242
v -0.01424045 -0.04963169 0.08070133
v -0.01497546 -0.04963169 0.08010029
v -0.01557640 -0.04963169 0.07960409
v -0.01685226 -0.04963169 0.07848322
v -0.01805878 -0.04963169 0.07728408
v -0.01865973 -0.04963169 0.07668304
v -0.01905266 -0.05015363 0.07626807
v -0.01352856 -0.05083299 0.07626807
v 0.02813556 -0.04950742 0.08524831
v 0.02813556 0.03218950 0.08957082
v 0.02813556 0.03219779 0.08957082
v 0.01142923 -0.05082471 0.09097079
v 0.01022734 -0.05165320 0.09062227
v 0.01142923 -0.04962341 0.09103134
v 0.00905318 0.03219779 0.09099885
v 0.00541514 -0.05180233 0.08956195
v 0.00422249 -0.05165320 0.08942462
v 0.00341815 -0.05151235 0.08931976
v -0.00030773 -0.05157864 0.08817527
v -0.00111207 -0.05116439 0.08802464
v -0.00389492 -0.05083299 0.08698646
v -0.00633107 -0.05083299 0.08584049
v -0.00848523 -0.05150406 0.08451140
v -0.01009854 -0.05083299 0.08357956
v -0.01219723 -0.05083299 0.08218696
v -0.01279356 -0.05083299 0.08175574
v -0.01281205 -0.04963169 0.08177347
v -0.01364875 -0.04843039 0.08117685
v -0.01424508 -0.04843039 0.08070281
v -0.01557640 -0.04843039 0.07960409
v -0.01686613 -0.04722908 0.07849504
v -0.01806340 -0.04843039 0.07728999
v -0.01866435 -0.04843039 0.07668747
v -0.01907577 -0.04925887 0.07626807
v -0.01906652 -0.04963169 0.07626807
v -0.01320960 -0.04962341 0.07626807
v 0.02813556 -0.04829783 0.08515675
v 0.02813556 0.03219779 0.08323251
v 0.01022734 -0.05082471 0.09082902
v 0.00904856 -0.05150406 0.09053515
v 0.00904856 -0.05152892 0.09052924
v 0.01022734 -0.04962341 0.09088514
v 0.00905318 0.03219779 0.08474030
v -0.01877992 0.02822106 0.07626807
v -0.01805878 0.02822106 0.07700055
v -0.01791548 0.02822106 0.07714232
v -0.01683839 0.02822106 0.07817606
v -0.01669047 0.02822106 0.07831782
v -0.01608952 0.02822106 0.07888786
v -0.01543310 0.02822106 0.07948890
v -0.01483216 0.02822106 0.08001315
v -0.01412951 0.02822106 0.08061273
v -0.01352856 0.02822106 0.08110449
v -0.01269648 0.02822106 0.08170554
v -0.01209553 0.02822106 0.08211608
v -0.01001071 0.02822106 0.08352639
v -0.00906769 0.02822106 0.08412301
v -0.00846674 0.02822106 0.08449663
v -0.00780108 0.02822106 0.08488355
v -0.00680258 0.02822106 0.08544472
v -0.00665928 0.02822106 0.08552151
v -0.00620163 0.02822106 0.08576222
v -0.00379784 0.02822106 0.08695988
v -0.00318303 0.02822106 0.08723013
v -0.00299350 0.02822106 0.08731284
v -0.00052961 0.02822106 0.08826683
v 0.00231795 0.02822106 0.08929909
v 0.00301597 0.02822106 0.08950289
v 0.00693138 0.02822106 0.09053367
v 0.00422249 -0.04481820 0.08976280
v 0.00792987 -0.04601950 0.09055139
v 0.00794374 -0.04722908 0.09054991
v 0.00902082 -0.04722908 0.09072270
v 0.00840138 -0.05143779 0.09047165
v 0.00422249 -0.05083299 0.08965351
v 0.00318701 -0.05083299 0.08938179
v 0.00061219 -0.05083299 0.08861534
v -0.00065905 -0.05079985 0.08822843
v -0.00122764 -0.05036076 0.08807632
v -0.00396426 -0.04963169 0.08701748
v -0.00855919 -0.05083299 0.08455866
v -0.00638191 -0.04963169 0.08587298
v -0.00916476 -0.05083299 0.08417765
v -0.00920174 -0.04963169 0.08420719
v -0.01013090 -0.04963169 0.08360762
v -0.01221110 -0.04963169 0.08219730
v -0.01221572 -0.04843039 0.08220320
v -0.01281667 -0.04843039 0.08177642
v -0.01746708 -0.04722908 0.07789547
v -0.01908963 -0.04722908 0.07626807
v -0.01295998 -0.04839725 0.07626807
v 0.02813556 -0.04722080 0.08510063
v -0.01058854 0.02822106 0.07626807
v 0.02813556 -0.04709653 0.08509768
v -0.01283979 -0.04760190 0.07626807
v -0.01280280 -0.04722908 0.07626807
v -0.01272884 -0.04601950 0.07626807
v -0.01268724 -0.04481820 0.07626807
v 0.00904856 -0.05083299 0.09065329
v 0.00904856 -0.04963169 0.09071679
v 0.00902082 -0.04843039 0.09071826
v -0.01221572 -0.04722908 0.08220320
v -0.01014015 -0.04601950 0.08361205
v -0.00920174 -0.04601950 0.08421162
v -0.00860080 -0.04601950 0.08457933
v -0.00639578 -0.04722908 0.08588480
v -0.00639116 -0.04601950 0.08588480
v -0.00401049 -0.04601950 0.08704406
v -0.00132009 -0.04481820 0.08811029
v -0.00058971 -0.04601950 0.08835543
v 0.00240116 -0.04601950 0.08926955
v 0.00301597 -0.04481820 0.08943938
v 0.00301597 -0.04601950 0.08943643
v 0.00422249 -0.04601950 0.08975837
v 0.00738902 -0.04963169 0.09042143
v 0.00796223 -0.04843039 0.09054844
v 0.00902082 -0.05083299 0.09064886
v 0.00819799 -0.05083299 0.09050856
v 0.00541514 -0.05083299 0.08991933
v 0.00422249 -0.04963169 0.08973179
v 0.00304833 -0.04963169 0.08942018
v 0.00244739 -0.04963169 0.08924593
v -0.00058971 -0.04963169 0.08832294
v -0.00126000 -0.04963169 0.08808962
v -0.00399199 -0.04843039 0.08703077
v -0.00860080 -0.04963169 0.08457785
v -0.00400586 -0.04722908 0.08704259
v -0.00920174 -0.04722908 0.08421162
v -0.01014015 -0.04722908 0.08361205
v -0.01293224 -0.04822326 0.07626807
v 0.00902082 -0.04963169 0.09071236
v -0.00860080 -0.04722908 0.08458081
v -0.00132009 -0.04601950 0.08811029
v -0.00058971 -0.04722908 0.08834953
v 0.00241040 -0.04683141 0.08926808
v 0.00290041 -0.04722908 0.08939803
v 0.00422249 -0.04722908 0.08975098
v 0.00799459 -0.04963169 0.09054549
v 0.00422249 -0.04843039 0.08974212
v -0.00058971 -0.04843039 0.08833919
v -0.00128773 -0.04843039 0.08809995
v -0.00130622 -0.04722908 0.08810586
v -0.02883987 0.02822240 0.05607103
v -0.02817639 0.02822240 0.05861137
v -0.02331676 0.02822240 0.05607103
v -0.03058761 -0.02913955 0.05607103
v -0.02782410 0.02822240 0.05984298
v -0.01852955 0.02822240 0.06717733
v -0.01059327 0.02821451 0.07626718
v -0.02471026 -0.04120993 0.05607103
v -0.02759903 -0.04962764 0.06155499
v -0.02691989 -0.04962764 0.06341922
v -0.02656760 -0.04962764 0.06434441
v -0.02545007 -0.04842061 0.06685905
v -0.02545202 -0.04722935 0.06687289
v -0.02496665 0.02822240 0.06706465
v -0.02503515 0.02822240 0.06692231
v -0.02525239 0.02822240 0.06646169
v -0.02554988 0.02822240 0.06582512
v -0.02663806 0.02822240 0.06332631
v -0.02763621 0.02822240 0.06041431
v -0.02898861 -0.05077947 0.05607103
v -0.02884965 -0.05033768 0.05684203
v -0.02805309 -0.05082680 0.05981531
v -0.02776734 -0.05082680 0.06085319
v -0.02490989 0.02822240 0.06717733
v -0.01878398 0.02821451 0.07626718
v -0.01268939 -0.04482317 0.07626718
v -0.02473962 -0.04241698 0.05607103
v -0.02756380 -0.05082680 0.06145417
v -0.02685922 -0.05082680 0.06341922
v -0.02653433 -0.05082680 0.06426139
v -0.02543832 -0.04962764 0.06682544
v -0.02425424 -0.04722935 0.06920762
v -0.02424446 -0.04842850 0.06918785
v -0.02425229 -0.04602231 0.06920169
v -0.02438537 0.02821451 0.06822707
v -0.02490989 0.02821451 0.06717931
v -0.02888880 -0.05144215 0.05607103
v -0.02881247 -0.05113448 0.05670562
v -0.02894555 -0.05077157 0.05626675
v -0.02770472 -0.05152104 0.06063770
v -0.02430709 0.02821451 0.06837732
v -0.02405070 0.02821451 0.06886364
v -0.02378061 0.02821451 0.06932031
v -0.02355358 0.02821451 0.06970185
v -0.02309365 0.02821451 0.07046889
v -0.02171385 0.02821451 0.07255256
v -0.02127153 0.02821451 0.07315354
v -0.02067068 0.02821451 0.07396012
v -0.02021467 0.02821451 0.07456308
v -0.01961186 0.02821451 0.07533012
v -0.01911474 0.02821451 0.07593110
v -0.01897383 0.02821451 0.07607739
v -0.01908930 -0.04722935 0.07626718
v -0.01273245 -0.04602231 0.07626718
v -0.02478072 -0.04362401 0.05607103
v -0.02648345 -0.05149738 0.06413091
v -0.02539331 -0.05082680 0.06673846
v -0.02417987 -0.05082680 0.06908308
v -0.02422293 -0.04962764 0.06915227
v -0.02291163 -0.04722935 0.07136246
v -0.02291163 -0.04602231 0.07136246
v -0.02288619 -0.04962764 0.07132292
v -0.02289989 -0.04842850 0.07134466
v -0.02781236 -0.05165516 0.05981531
v -0.02864611 -0.05168671 0.05607103
v -0.02682595 -0.05180505 0.06221726
v -0.02661849 -0.05164727 0.06341922
v -0.02251629 -0.04602231 0.07196344
v -0.02191544 -0.04602231 0.07281351
v -0.02145159 -0.04602231 0.07341449
v -0.02085074 -0.04602231 0.07416374
v -0.01963143 0.01768251 0.07535582
v -0.01926740 -0.04722935 0.07608728
v -0.01926544 -0.04842850 0.07608530
v -0.01908343 -0.04842850 0.07626718
v -0.01280682 -0.04722935 0.07626718
v -0.02491772 -0.04722935 0.05607103
v -0.02487075 -0.04603020 0.05607103
v -0.02549313 -0.05171039 0.06582512
v -0.02531502 -0.05153682 0.06658821
v -0.02410941 -0.05152104 0.06896446
v -0.02281965 -0.05135537 0.07122012
v -0.02286270 -0.05055068 0.07128536
v -0.02251629 -0.04722935 0.07196344
v -0.02249084 -0.04962764 0.07192192
v -0.02250259 -0.04842850 0.07194565
v -0.02795523 -0.05178928 0.05861137
v -0.02703732 -0.05215218 0.05981531
v -0.02844452 -0.05185239 0.05607103
v -0.02583563 -0.05210484 0.06341922
v -0.02587477 -0.05182083 0.06456780
v -0.02191544 -0.04722935 0.07281351
v -0.02145159 -0.04722935 0.07341449
v -0.02085074 -0.04722935 0.07416572
v -0.01907560 -0.04925686 0.07626718
v -0.01925957 -0.04962764 0.07607937
v -0.01284596 -0.04760014 0.07626718
v -0.02511344 -0.04960399 0.05607103
v -0.02501166 -0.04858628 0.05607103
v -0.02499796 -0.04842061 0.05607103
v -0.02492946 -0.04741869 0.05607103
v -0.02463393 -0.05216006 0.06582512
v -0.02467699 -0.05184449 0.06700336
v -0.02429339 -0.05169461 0.06822707
v -0.02306233 -0.05165516 0.07041749
v -0.02176474 -0.05158415 0.07262768
v -0.02185868 -0.05082680 0.07274827
v -0.02252607 -0.05090569 0.07174400
v -0.02188999 -0.04962764 0.07278188
v -0.02810789 -0.05186816 0.05741138
v -0.02703732 -0.05227840 0.05861137
v -0.02583563 -0.05227840 0.06221726
v -0.02832709 -0.05191550 0.05607103
v -0.02144376 -0.04842850 0.07339868
v -0.02084096 -0.04842850 0.07415584
v -0.01907169 -0.04962764 0.07626718
v -0.02082726 -0.04962764 0.07414200
v -0.01924587 -0.05040867 0.07606553
v -0.01905407 -0.05015622 0.07626718
v -0.01293599 -0.04822338 0.07626718
v -0.02521129 -0.05030612 0.05607103
v -0.02512518 -0.04969076 0.05607103
v -0.02343028 -0.05213640 0.06822707
v -0.02463393 -0.05230996 0.06462316
v -0.02343224 -0.05230996 0.06702511
v -0.02222858 -0.05228628 0.06943101
v -0.02344985 -0.05180505 0.06939147
v -0.02202308 -0.05176560 0.07183296
v -0.01918911 -0.05121336 0.07600820
v -0.02140070 -0.05082680 0.07334925
v -0.02104646 -0.05184449 0.07303097
v -0.02065894 -0.05165516 0.07393442
v -0.02143006 -0.04962764 0.07338088
v -0.02703732 -0.05236518 0.05741138
v -0.02583563 -0.05234152 0.06101727
v -0.02717237 -0.05234152 0.05607103
v -0.02079790 -0.05082680 0.07410839
v -0.01902667 -0.05055857 0.07626718
v -0.01296339 -0.04839695 0.07626718
v -0.02534829 -0.05091358 0.05607103
v -0.01321586 -0.04961976 0.07626718
v -0.02102689 -0.05222318 0.07183296
v -0.01659784 -0.05234152 0.07626718
v -0.01862350 -0.05231784 0.07423886
v -0.01982715 -0.05230206 0.07303492
v -0.01895621 -0.05105559 0.07626718
v -0.01954140 -0.05170249 0.07520755
v -0.01868221 -0.05152893 0.07626718
v -0.01989565 -0.05191550 0.07429620
v -0.02703732 -0.05237307 0.05620744
v -0.02703732 -0.05236518 0.05607103
v -0.01353488 -0.05082680 0.07626718
v -0.01356424 -0.05088202 0.07626718
v -0.02537569 -0.05096092 0.05607103
v -0.01749030 -0.05209695 0.07626718
v -0.01539614 -0.05219162 0.07626718
v -0.01800308 -0.05195495 0.07626718
v -0.01872135 -0.05194705 0.07554165
v -0.01844540 -0.05174982 0.07626718
v -0.02606461 -0.05192339 0.05607103
v -0.01426490 -0.05174982 0.07626718
v -0.01408289 -0.05164727 0.07626718
v -0.02595697 -0.05186816 0.05607103
v -0.00806573 0.02259227 0.00778043
v -0.00989676 -0.04961289 0.00818330
v -0.00806573 0.02738270 0.00779336
v -0.00805456 0.04144625 0.00790323
v -0.00806573 0.02259227 0.01412727
v -0.00989676 -0.05224916 0.01052512
v -0.00989676 -0.05191066 0.00929497
v -0.00989676 -0.05161318 0.00872836
v -0.00989676 -0.05128493 0.00851939
v -0.00989676 -0.05083358 0.00833626
v -0.00806573 0.03209106 0.00781705
v -0.00806573 0.02969072 0.00780413
v -0.01004004 -0.05081307 0.00842244
v -0.01015355 -0.04961289 0.00835134
v -0.00884726 0.05134509 0.00843321
v -0.00805456 0.05134509 0.00793339
v -0.00805456 0.04144625 0.00942423
v -0.00989676 -0.05066946 0.01381057
v -0.00989676 -0.05104900 0.01367269
v -0.00989676 -0.05150034 0.01325259
v -0.00989676 -0.05179782 0.01290788
v -0.00989676 -0.05216711 0.01175313
v -0.00806573 0.03360923 0.01638723
v -0.01021123 -0.05224916 0.01052512
v -0.01021123 -0.05224916 0.01172728
v -0.01141517 -0.05225942 0.01172728
v -0.01021681 -0.05182860 0.00928635
v -0.01116210 -0.05164395 0.00966552
v -0.01195852 -0.05128493 0.00997360
v -0.01064108 -0.05081307 0.00885763
v -0.01210739 -0.05048482 0.00984865
v -0.01214833 -0.04961289 0.00981849
v -0.00944830 0.05134509 0.00885978
v -0.01081227 0.05189902 0.00992190
v -0.00870026 0.05228882 0.00853016
v -0.00805456 0.05152973 0.00797217
v -0.00805456 0.05155025 0.00963536
v -0.00989676 -0.04966418 0.01396569
v -0.02233249 -0.04961289 0.02978970
v -0.02245158 -0.05035146 0.02978970
v -0.02254090 -0.05085410 0.02978970
v -0.02255579 -0.05090539 0.02978970
v -0.02269721 -0.05157215 0.02944500
v -0.02330755 -0.05181834 0.02978970
v -0.02335035 -0.05183886 0.02978970
v -0.02460081 -0.05227995 0.02978970
v -0.02463244 -0.05230046 0.02975523
v -0.00805456 0.05160154 0.00963536
v -0.00805456 0.05226830 0.00948025
v -0.01902771 0.03360923 0.02978970
v -0.02233063 -0.04958212 0.02978970
v -0.01381746 -0.05205427 0.01292943
v -0.01261539 -0.05203375 0.01172728
v -0.02222828 -0.05226968 0.02494663
v -0.01861647 -0.05222866 0.01893803
v -0.01501954 -0.05206453 0.01413373
v -0.01150449 -0.05187988 0.01043679
v -0.01261539 -0.05163370 0.01083967
v -0.01324992 -0.05144906 0.01109604
v -0.01255212 -0.05086436 0.01032477
v -0.01336901 -0.05081307 0.01099047
v -0.01346949 -0.04961289 0.01090645
v -0.01274936 -0.04961289 0.01030538
v -0.01419521 0.05134509 0.01251148
v -0.01359603 0.05134509 0.01203105
v -0.01213716 0.05216572 0.01103356
v -0.01346763 0.05228882 0.01213230
v -0.01256887 0.05243824 0.01172943
v -0.00805456 0.05236062 0.00826517
v -0.02463244 -0.05229020 0.02978970
v -0.02583452 -0.05211581 0.02978970
v -0.02583452 -0.05211581 0.02975523
v -0.02463244 -0.05224916 0.02855092
v -0.02343222 -0.05224916 0.02614662
v -0.02222828 -0.05223891 0.02374017
v -0.00805456 0.05236062 0.00939407
v -0.02583452 0.05230933 0.02978970
v -0.02519440 0.05208366 0.02924464
v -0.02542142 0.05146818 0.02978970
v -0.01493953 -0.05166447 0.01300483
v -0.01981855 -0.05220814 0.02013372
v -0.01742928 -0.05202350 0.01653373
v -0.01614905 -0.05166447 0.01421345
v -0.01371884 -0.05162344 0.01181561
v -0.01448363 -0.05149008 0.01227018
v -0.01461947 -0.05081307 0.01214092
v -0.01397191 -0.05081307 0.01153984
v -0.01406867 -0.04961289 0.01144936
v -0.01806195 0.05134509 0.01589387
v -0.01490603 0.05134509 0.01311040
v -0.01804706 0.05201185 0.01590895
v -0.01474042 0.05230933 0.01325043
v -0.01384724 0.05243824 0.01288203
v -0.01142447 0.05243824 0.01174667
v -0.00805456 0.05240165 0.00840736
v -0.02666071 -0.05166447 0.02978970
v -0.02463244 -0.05211581 0.02734662
v -0.02588662 -0.05180807 0.02857247
v -0.02343222 -0.05209530 0.02494663
v -0.02102435 -0.05211581 0.02133802
v -0.00805456 0.05238113 0.00927127
v -0.02548469 0.05239140 0.02735093
v -0.02588290 0.05230933 0.02978970
v -0.01570059 -0.05149008 0.01345510
v -0.01861647 -0.05199272 0.01774018
v -0.01734182 -0.05163370 0.01543283
v -0.01688593 -0.05149008 0.01467018
v -0.01584574 -0.05081307 0.01331291
v -0.01522237 -0.05081307 0.01270968
v -0.01532099 -0.04961289 0.01260842
v -0.01472181 -0.04961289 0.01205043
v -0.01919704 0.04893449 0.01715634
v -0.01919146 0.05014492 0.01716281
v -0.01531541 -0.04841273 0.01261058
v -0.01595739 -0.04961289 0.01320950
v -0.01655842 -0.04961289 0.01380411
v -0.01713899 -0.04841273 0.01440519
v -0.01773817 -0.04961289 0.01503642
v -0.01829269 -0.04961289 0.01563750
v -0.02174820 0.05221701 0.02057752
v -0.02063916 0.05229907 0.01926334
v -0.01742370 0.05225804 0.01563750
v -0.02025956 0.05134509 0.01852869
v -0.02074709 0.05134509 0.01912546
v -0.01599646 0.05230933 0.01441596
v -0.01951338 0.05230933 0.01805903
v -0.02103365 0.05238113 0.02016172
v -0.02199940 0.05238113 0.02134017
v -0.02429377 0.05239140 0.02494447
v -0.02697519 -0.05081307 0.02978970
v -0.02650627 -0.05151060 0.02898396
v -0.02551818 -0.05168498 0.02734662
v -0.02468082 -0.05180807 0.02615740
v -0.02344711 -0.05177731 0.02379187
v -0.02234179 -0.05187988 0.02242383
v -0.02104482 -0.05178756 0.02014880
v -0.01990414 -0.05184911 0.01886047
v -0.02532094 0.05217598 0.02656673
v -0.02661605 0.05228882 0.02975523
v -0.02662164 0.05228882 0.02978970
v -0.01644678 -0.05081307 0.01391614
v -0.01947802 -0.05160292 0.01774018
v -0.01852343 -0.05160292 0.01665437
v -0.01805823 -0.05145932 0.01589603
v -0.01703293 -0.05081307 0.01451721
v -0.01889373 -0.04961289 0.01631398
v -0.01940731 -0.04961289 0.01691505
v -0.02000835 -0.04961289 0.01763462
v -0.02050518 -0.04961289 0.01823570
v -0.01714272 -0.04961289 0.01440519
v -0.01818662 -0.05081307 0.01575599
v -0.01878580 -0.05081307 0.01641954
v -0.01931985 -0.05081307 0.01701846
v -0.02134813 0.05134509 0.01989673
v -0.02180960 0.05134509 0.02049781
v -0.02321265 0.05134509 0.02256387
v -0.02411886 0.05217598 0.02418613
v -0.02308611 0.05231959 0.02275776
v -0.02706265 -0.04961289 0.02978970
v -0.02666630 -0.04961289 0.02861987
v -0.02660489 -0.05081307 0.02875559
v -0.02532838 -0.05152087 0.02656027
v -0.02544933 -0.05081307 0.02631897
v -0.02429564 -0.05166447 0.02494663
v -0.02201988 -0.05170550 0.02133802
v -0.02306192 -0.05163370 0.02274699
v -0.02175378 -0.05154137 0.02055598
v -0.02065777 -0.05161318 0.01920948
v -0.02647463 0.05206314 0.02905936
v -0.02536560 0.05134509 0.02647624
v -0.02679655 0.05134509 0.02975523
v -0.02663094 0.05225804 0.02978970
v -0.01922681 -0.05142853 0.01713480
v -0.02047727 -0.05044378 0.01826586
v -0.02198452 -0.04961289 0.02023713
v -0.02036376 -0.05124390 0.01841235
v -0.01998230 -0.05083358 0.01781343
v -0.02258370 -0.04961289 0.02111396
v -0.02381555 0.05134509 0.02350749
v -0.02296888 -0.04961289 0.02171504
v -0.02416352 0.05134509 0.02410857
v -0.02680399 0.05134509 0.02978970
v -0.02649324 0.05134509 0.02901627
v -0.02552376 -0.04601238 0.02615740
v -0.02552562 -0.04721256 0.02615740
v -0.02552562 -0.04961289 0.02616601
v -0.02410211 -0.05150034 0.02422060
v -0.02421562 -0.05081307 0.02403101
v -0.02282374 -0.05141828 0.02194556
v -0.02190078 -0.05081307 0.02035131
v -0.02292236 -0.05060791 0.02178613
v -0.02429377 -0.04480196 0.02390606
v -0.02429191 -0.04961289 0.02389959
v -0.02429564 -0.04721256 0.02390175
v -0.02487993 -0.04601238 0.02494663
v -0.02521487 -0.04601238 0.02555632
v -0.02521115 -0.04721256 0.02555632
v -0.02256509 -0.05093616 0.02136603
v -0.02487807 -0.04721256 0.02494663
v 0.05725840 -0.04963183 0.06409374
v 0.05668541 -0.04963183 0.06558027
v 0.05664835 -0.05082425 0.06550295
v 0.05698758 -0.05082425 0.06462251
v 0.05718713 -0.05081596 0.06409374
v 0.05687641 0.03221435 0.06409374
v 0.05673102 0.03221435 0.06453770
v 0.05547101 -0.04963183 0.06793229
v 0.05543965 -0.05082425 0.06786993
v 0.05561924 0.03210670 0.06701193
v 0.05536838 -0.05150326 0.06773774
v 0.05657138 -0.05150326 0.06534831
v 0.05671392 -0.05165231 0.06462251
v 0.05680799 -0.05172684 0.06409374
v 0.04935624 0.03221435 0.06409374
v 0.05561354 0.03221435 0.06702191
v 0.05419389 -0.04963183 0.07015959
v 0.05416823 -0.05059238 0.07012467
v 0.05435923 0.03221435 0.06926418
v 0.05409696 -0.05138733 0.07001992
v 0.05434213 -0.05166059 0.06921929
v 0.05555083 -0.05168544 0.06702690
v 0.05594993 -0.05182620 0.06577981
v 0.05591287 -0.05212431 0.06462251
v 0.05591287 -0.05219883 0.06409374
v 0.02813841 0.03220607 0.08322910
v 0.03921627 0.03221435 0.07685647
v 0.05253478 -0.04723042 0.06409374
v 0.02813841 -0.04723042 0.08509974
v 0.05378909 -0.04963183 0.07076069
v 0.05304220 0.03221435 0.07142414
v 0.05319044 -0.04963183 0.07164612
v 0.05314198 -0.05082425 0.07157629
v 0.05381189 -0.05092361 0.07056864
v 0.05055068 -0.05147841 0.07490103
v 0.05303080 -0.05156122 0.07140918
v 0.05163395 -0.05110579 0.07355667
v 0.05329306 -0.05174340 0.07063349
v 0.05472982 -0.05180136 0.06817422
v 0.05470987 -0.05214087 0.06702690
v 0.05470987 -0.05233961 0.06582470
v 0.05470987 -0.05235617 0.06462251
v 0.05470987 -0.05229820 0.06409374
v 0.02813841 0.03220607 0.08957181
v 0.04859795 0.03221435 0.07685647
v 0.05256043 -0.04776040 0.06409374
v 0.05259464 -0.04843113 0.06409374
v 0.02813841 -0.04830692 0.08515461
v 0.05260319 0.03221435 0.07202524
v 0.05171947 -0.04963183 0.07366142
v 0.05171662 -0.05031084 0.07365643
v 0.05128047 -0.05075800 0.07413033
v 0.05062195 -0.05082425 0.07498833
v 0.05009742 -0.05082425 0.07558943
v 0.04949307 -0.05082425 0.07626036
v 0.04895143 -0.05083253 0.07685647
v 0.04939330 -0.05151982 0.07614812
v 0.04983801 -0.05169371 0.07535747
v 0.05078729 -0.05166888 0.07424007
v 0.05193328 -0.05164403 0.07275604
v 0.05232382 -0.05182620 0.07182072
v 0.05230672 -0.05219883 0.07063349
v 0.05362089 -0.05192557 0.06954353
v 0.05350687 -0.05230649 0.06822909
v 0.04990072 -0.05231476 0.07303788
v 0.04870057 -0.05232304 0.07424007
v 0.04268843 -0.05233133 0.08025106
v 0.04148828 -0.05233133 0.08145325
v 0.02826669 -0.05238101 0.08746173
v 0.02813841 -0.05236445 0.08746173
v 0.02813841 -0.05189245 0.08615229
v 0.05356959 -0.05183449 0.06409374
v 0.02813841 -0.04963183 0.08952442
v 0.02826669 0.03220607 0.08953689
v 0.04935054 0.03221435 0.07609325
v 0.02832941 0.03220607 0.08951694
v 0.02899077 0.03220607 0.08930493
v 0.03171605 0.03220607 0.08825239
v 0.03426458 0.03220607 0.08713250
v 0.03547043 0.03220607 0.08650646
v 0.03655940 0.03220607 0.08594028
v 0.03874590 0.03220607 0.08462585
v 0.04047058 0.03220607 0.08352841
v 0.04089248 0.03220607 0.08325904
v 0.04374319 0.03220607 0.08117889
v 0.04429337 0.03220607 0.08075239
v 0.04440455 0.03220607 0.08066259
v 0.04567312 0.03220607 0.07962501
v 0.04694169 0.03220607 0.07849016
v 0.04759450 0.03220607 0.07785414
v 0.04815324 0.03220607 0.07730293
v 0.04666517 -0.04963183 0.07943047
v 0.05263740 -0.04891969 0.06409374
v 0.02813841 -0.04951590 0.08524690
v 0.05200170 0.03221435 0.07283086
v 0.05126906 -0.04963183 0.07426252
v 0.05066756 -0.04963183 0.07504320
v 0.05014873 -0.04963183 0.07564430
v 0.04905691 -0.04963183 0.07685647
v 0.04834709 -0.05083253 0.07751244
v 0.04784821 -0.04963183 0.07817589
v 0.04724671 -0.04963183 0.07882937
v 0.04822736 -0.05156122 0.07738025
v 0.04850958 -0.05168544 0.07685647
v 0.04718685 -0.05083253 0.07876452
v 0.04865781 -0.05174340 0.07658710
v 0.04990072 -0.05210774 0.07424007
v 0.05110372 -0.05228993 0.07183568
v 0.04749758 -0.05219883 0.07664446
v 0.04629458 -0.05222368 0.07784417
v 0.03788213 -0.05233133 0.08385515
v 0.03547898 -0.05233961 0.08505734
v 0.03187284 -0.05236445 0.08625954
v 0.04509158 -0.05220711 0.07904886
v 0.04388858 -0.05214915 0.08025106
v 0.04028528 -0.05224024 0.08265544
v 0.03307584 -0.05228993 0.08625954
v 0.02946684 -0.05230649 0.08746173
v 0.02813841 -0.05191729 0.08874125
v 0.02813841 -0.05185933 0.08612236
v 0.02849475 -0.05157778 0.08554620
v 0.05300514 -0.05113062 0.06409374
v 0.02813841 -0.05079112 0.08944710
v 0.02892521 -0.05036881 0.08928249
v 0.02826669 -0.04963183 0.08948950
v 0.02895941 -0.04723042 0.08929496
v 0.05044521 0.03221435 0.07479877
v 0.03187284 -0.04963183 0.08833470
v 0.03187284 -0.04121866 0.08833470
v 0.03256556 -0.04121866 0.08809775
v 0.03519106 -0.04001796 0.08700280
v 0.03757426 -0.04001796 0.08583054
v 0.03978641 -0.04121866 0.08452359
v 0.04039076 -0.04121866 0.08412452
v 0.04134290 -0.04963183 0.08355086
v 0.04339255 -0.04963183 0.08213915
v 0.04474379 -0.04963183 0.08105418
v 0.04534244 -0.04963183 0.08056283
v 0.04606367 -0.04963183 0.07996173
v 0.04600095 -0.05083253 0.07991184
v 0.04660245 -0.05083253 0.07936562
v 0.05272007 -0.04963183 0.06409374
v 0.02813841 -0.04963183 0.08525688
v 0.05153133 0.03221435 0.07343196
v 0.05092983 0.03221435 0.07419767
v 0.04705001 -0.05158606 0.07861237
v 0.04746907 -0.05178481 0.07780925
v 0.04870057 -0.05216571 0.07544227
v 0.04749188 -0.05213259 0.07685647
v 0.04627177 -0.05179308 0.07902641
v 0.03668199 -0.05212431 0.08505734
v 0.03427599 -0.05210774 0.08625954
v 0.04502601 -0.05174340 0.08021614
v 0.04279961 -0.05193385 0.08156299
v 0.04149398 -0.05187589 0.08269535
v 0.03918776 -0.05194213 0.08396489
v 0.03066984 -0.05219883 0.08746173
v 0.02946684 -0.05184277 0.08849682
v 0.02831230 -0.05188417 0.08875372
v 0.02813841 -0.05172684 0.08902808
v 0.02813841 -0.05095673 0.08544394
v 0.02813841 -0.05092361 0.08543646
v 0.05283125 -0.05045161 0.06409374
v 0.02813841 -0.05114719 0.08937477
v 0.02831230 -0.05079112 0.08940221
v 0.02873991 -0.05117203 0.08921265
v 0.03192700 -0.05080768 0.08823493
v 0.03253135 -0.05038537 0.08808528
v 0.02895656 -0.04963183 0.08929246
v 0.03255986 -0.04963183 0.08809526
v 0.03519962 -0.04963183 0.08701278
v 0.03757711 -0.04121866 0.08583304
v 0.03979211 -0.04241935 0.08452608
v 0.04041356 -0.04963183 0.08415195
v 0.03977216 -0.05055098 0.08451112
v 0.04127448 -0.05083253 0.08350846
v 0.04336120 -0.05057582 0.08211171
v 0.04468677 -0.05083253 0.08100929
v 0.04528542 -0.05083253 0.08051294
v 0.04457845 -0.05151154 0.08092198
v 0.04585557 -0.05157778 0.07978963
v 0.03780801 -0.05180136 0.08506981
v 0.03540487 -0.05180136 0.08628448
v 0.03307584 -0.05182620 0.08726968
v 0.04388858 -0.05170199 0.08119635
v 0.04028528 -0.05177652 0.08364314
v 0.04247748 -0.05168544 0.08231873
v 0.04109488 -0.05159435 0.08339123
v 0.03066984 -0.05172684 0.08831225
v 0.03156496 -0.05156951 0.08816509
v 0.03236601 -0.05118031 0.08801045
v 0.03427599 -0.05083253 0.08729961
v 0.03509699 -0.05083253 0.08696539
v 0.03748874 -0.05083253 0.08577567
v 0.03757711 -0.04963183 0.08582804
v 0.03757711 -0.04241935 0.08583304
v 0.03981206 -0.04963183 0.08453606
v 0.03965812 -0.05135421 0.08443629
v 0.04021686 -0.05090705 0.08416692
v 0.04327567 -0.05137905 0.08203938
v 0.03885708 -0.05166888 0.08467324
v 0.03668199 -0.05166059 0.08587044
v 0.03427599 -0.05162747 0.08703772
v 0.03495731 -0.05148669 0.08689805
v 0.03735760 -0.05148669 0.08570084
v 0.02619728 -0.05227406 0.00364759
v 0.02619728 -0.05226573 0.00330824
v 0.02619728 -0.05214902 0.00451003
v 0.02465503 -0.05232407 0.00330824
v 0.02585829 -0.05229073 0.00330824
v 0.02345345 -0.05208234 0.00210644
v 0.02619728 -0.05194896 0.00251524
v 0.00905460 -0.05229073 0.00332758
v 0.00905460 -0.05229906 0.00330824
v 0.02619728 -0.05202398 0.00477905
v 0.00905460 -0.05184060 0.00432893
v 0.01503902 -0.05234908 0.00210644
v 0.01624228 -0.05233241 0.00210644
v 0.01744386 -0.05230740 0.00210644
v 0.01984702 -0.05224905 0.00210644
v 0.02104860 -0.05220738 0.00210644
v 0.02225186 -0.05214902 0.00210644
v 0.02585829 -0.05184894 0.00220403
v 0.02104860 -0.05180726 0.00111652
v 0.02225186 -0.05174890 0.00120883
v 0.02619728 -0.05182393 0.00225062
v 0.01383743 -0.05234074 0.00210644
v 0.00905460 -0.05224905 0.00210644
v 0.01023101 -0.05228240 0.00210644
v 0.01143259 -0.05230740 0.00210644
v 0.02619728 -0.05170722 0.00536016
v 0.00905460 -0.05081529 0.00488718
v 0.01503902 -0.05190729 0.00090377
v 0.01744386 -0.05186561 0.00094421
v 0.01984702 -0.05183226 0.00105234
v 0.02345345 -0.05164887 0.00132048
v 0.01672224 -0.05142381 0.00031034
v 0.01744386 -0.05134879 0.00034287
v 0.01864376 -0.05121541 0.00040001
v 0.02442008 -0.05154052 0.00142158
v 0.02522058 -0.05140713 0.00151741
v 0.02619728 -0.05110705 0.00174951
v 0.01023101 -0.05184060 0.00111564
v 0.01143259 -0.05186561 0.00104003
v 0.01263585 -0.05188228 0.00096618
v 0.00905460 -0.05179892 0.00119124
v 0.02619728 -0.05143214 0.00550523
v 0.02619728 -0.05081529 0.00575403
v 0.00905460 -0.04963162 0.00507093
v 0.01393980 -0.05180726 0.00079563
v 0.01503902 -0.05144882 0.00029363
v 0.01592174 -0.05144882 0.00029188
v 0.01628927 -0.05180726 0.00078860
v 0.01984702 -0.05099035 0.00045100
v 0.01628927 -0.05094867 0.00016704
v 0.01744386 -0.05074861 0.00016440
v 0.01864376 -0.05061523 0.00019957
v 0.02345345 -0.05083197 0.00099519
v 0.02475404 -0.05094033 0.00127301
v 0.02564851 -0.05060690 0.00140048
v 0.02597240 -0.05094033 0.00158862
v 0.02619728 -0.05091532 0.00165104
v 0.01360752 -0.05138213 0.00032265
v 0.01440970 -0.05144049 0.00030243
v 0.01263585 -0.05127376 0.00036573
v 0.00905460 -0.05083197 0.00082552
v 0.01133022 -0.05085697 0.00042287
v 0.02619728 -0.04963162 0.00588853
v 0.00905460 -0.04843125 0.00514126
v 0.01503902 -0.05083197 0.00013451
v 0.01984702 -0.05039017 0.00026023
v 0.02045788 -0.05024012 0.00030154
v 0.01624228 -0.04963162 0.00000000
v 0.01744386 -0.04963162 0.00004660
v 0.01864376 -0.04963162 0.00011341
v 0.02465503 -0.04963162 0.00106025
v 0.02582137 -0.04963162 0.00135125
v 0.02619728 -0.04991503 0.00150071
v 0.01263585 -0.05067359 0.00019781
v 0.01393980 -0.05092366 0.00019253
v 0.01166251 -0.05046519 0.00024704
v 0.00905460 -0.04963162 0.00078508
v 0.01157692 -0.04963162 0.00023473
v 0.00905460 -0.04673909 0.00522038
v 0.00905460 -0.04723090 0.00520016
v 0.02619728 0.03280952 0.00898138
v 0.00905460 0.03280952 0.00825432
v 0.01503902 -0.04963162 0.00000616
v 0.01994436 -0.04969830 0.00024177
v 0.02045788 -0.05014009 0.00030154
v 0.01624228 0.03280952 0.00102773
v 0.01674909 0.03280952 0.00103212
v 0.01744386 0.03280952 0.00103827
v 0.01864376 0.03280952 0.00112355
v 0.01984702 0.03280952 0.00123257
v 0.02035383 0.03280952 0.00128179
v 0.02104860 0.03280952 0.00134949
v 0.02204713 0.03280952 0.00145851
v 0.02585829 0.03280952 0.00219875
v 0.02619728 0.03280952 0.00228051
v 0.02619728 -0.04963162 0.00147081
v 0.01263585 -0.04963162 0.00012132
v 0.01383743 -0.04963162 0.00005275
v 0.00905460 0.03280952 0.00163433
v 0.00920228 0.03280952 0.00157367
v 0.00945569 0.03280952 0.00147170
v 0.01023101 0.03280952 0.00137939
v 0.01383743 0.03280952 0.00111037
v 0.01434425 0.03280952 0.00109278
v 0.01554583 0.03280952 0.00105146
v 0.01073782 0.03280952 0.00133191
v 0.01143259 0.03280952 0.00126685
v 0.01263585 0.03280952 0.00117366
v 0.01314267 0.03280952 0.00114641
v 0.04868158 0.03280952 0.02818855
v 0.04936006 0.03220871 0.06409125
v 0.05338012 0.03280952 0.04606961
v 0.05661059 0.03280952 0.02818855
v 0.05248533 -0.04815734 0.02818855
v 0.05256334 -0.04775679 0.06409125
v 0.05253852 -0.04722275 0.06409125
v 0.05687772 0.03220871 0.06409125
v 0.06024058 0.03280952 0.04606961
v 0.05665432 0.03280952 0.02830100
v 0.05783280 -0.04361792 0.03004764
v 0.05783752 -0.04481953 0.03004061
v 0.05702429 -0.04001308 0.02818855
v 0.05249833 -0.04839933 0.02818855
v 0.05259880 -0.04842436 0.06409125
v 0.05772878 0.03220871 0.06165228
v 0.05725715 -0.04963431 0.06409125
v 0.05775124 -0.04963431 0.06290691
v 0.05801483 -0.04963431 0.06221458
v 0.06024176 0.03280952 0.04578143
v 0.05792381 0.03220871 0.06101267
v 0.05826660 0.03220871 0.05981076
v 0.05897108 0.03220871 0.05706604
v 0.05938598 0.03220871 0.05500311
v 0.05954791 0.03220871 0.05390312
v 0.05956210 0.03220871 0.05380120
v 0.06017320 0.03220871 0.04892678
v 0.06022994 0.03220871 0.04779165
v 0.06023111 0.03210023 0.04779165
v 0.06075712 -0.04963431 0.04658622
v 0.05675361 0.03280952 0.02855755
v 0.05816731 -0.04481953 0.03096138
v 0.05704912 -0.04481953 0.02818855
v 0.05704557 -0.04399342 0.02818855
v 0.05703729 -0.04241631 0.02818855
v 0.05817086 -0.04602114 0.03096138
v 0.05783634 -0.04602114 0.03004061
v 0.05705030 -0.04963431 0.02818855
v 0.05705148 -0.04759825 0.02818855
v 0.05705148 -0.04602114 0.02818855
v 0.05705030 -0.04519503 0.02818855
v 0.05260116 -0.04943405 0.02818855
v 0.05264135 -0.04890834 0.06409125
v 0.05894035 -0.04963431 0.05929063
v 0.05774296 -0.05039366 0.06288582
v 0.05718978 -0.05081923 0.06409125
v 0.05893562 -0.05036029 0.05927657
v 0.06024294 0.03280952 0.04538782
v 0.05937770 -0.04001308 0.05740342
v 0.05938715 0.03210023 0.05500311
v 0.06012829 -0.03279507 0.05323890
v 0.05956327 0.03210023 0.05380120
v 0.06012119 0.02917965 0.04959803
v 0.06021339 -0.03399669 0.05259929
v 0.06033750 -0.03519830 0.05139738
v 0.06042261 -0.04963431 0.05139738
v 0.06053490 -0.04963431 0.05019547
v 0.06063537 -0.04963431 0.04899356
v 0.06072402 -0.04963431 0.04779165
v 0.06074530 -0.04963431 0.04606961
v 0.06023939 0.03280952 0.04418591
v 0.06024176 0.03280952 0.04488176
v 0.06064601 -0.05083593 0.04658622
v 0.06063537 -0.05083593 0.04606961
v 0.06062118 -0.05083593 0.04538782
v 0.05776306 0.03280952 0.03142527
v 0.05801128 0.03280952 0.03216329
v 0.05898527 -0.04481953 0.03369203
v 0.05899472 -0.04842436 0.03366743
v 0.05816731 -0.04722275 0.03096138
v 0.05816140 -0.04842436 0.03096138
v 0.05782570 -0.04963431 0.03006170
v 0.05778788 -0.05053552 0.03016713
v 0.05692973 -0.05083593 0.02818855
v 0.05262835 -0.04963431 0.02818855
v 0.05272291 -0.04963431 0.06409125
v 0.05911884 -0.04963431 0.05860885
v 0.05791081 -0.05081089 0.06227081
v 0.05680916 -0.05172879 0.06409125
v 0.05765786 -0.05119474 0.06271010
v 0.05943326 -0.04963431 0.05740342
v 0.05832215 -0.05083593 0.06101267
v 0.05886470 -0.05116971 0.05906571
v 0.05904201 -0.05079420 0.05864047
v 0.05934342 -0.05083593 0.05740342
v 0.06013301 -0.03399669 0.05326350
v 0.06020511 -0.03279507 0.05259929
v 0.06012001 -0.03100935 0.05320025
v 0.06021930 -0.03519830 0.05259929
v 0.06028785 -0.04963431 0.05259929
v 0.06015193 -0.05044373 0.05337596
v 0.06032687 -0.05083593 0.05139738
v 0.06043561 -0.05083593 0.05019547
v 0.06052899 -0.05083593 0.04899356
v 0.06061291 -0.05083593 0.04779165
v 0.06072757 -0.04963431 0.04538782
v 0.06021102 0.03280952 0.04298400
v 0.06030677 -0.05168707 0.04779165
v 0.06032332 -0.05171210 0.04658622
v 0.06050180 -0.05121143 0.04606961
v 0.06031268 -0.05170375 0.04538782
v 0.06029495 -0.05167872 0.04418591
v 0.06057627 -0.05083593 0.04418591
v 0.05905973 0.03280952 0.03580065
v 0.05919685 -0.04481953 0.03456711
v 0.05921576 -0.04842436 0.03456711
v 0.05921931 -0.04963431 0.03456711
v 0.05899236 -0.04963431 0.03368149
v 0.05815313 -0.04963431 0.03096138
v 0.05838716 -0.05083593 0.03216329
v 0.05796164 -0.05089434 0.03088054
v 0.05768268 -0.05133659 0.03042719
v 0.05896517 -0.05047711 0.03379044
v 0.05683162 -0.05116136 0.02818855
v 0.05279029 -0.05052718 0.02818855
v 0.05283757 -0.05045208 0.06409125
v 0.05783280 -0.05157024 0.06191234
v 0.05591319 -0.05220443 0.06409125
v 0.05692855 -0.05181223 0.06341649
v 0.05799119 -0.05172879 0.06101267
v 0.06016374 -0.04963431 0.05344977
v 0.06013537 -0.03519830 0.05328108
v 0.05898408 -0.05152017 0.05826444
v 0.06008928 -0.05124480 0.05294370
v 0.05956682 -0.05083593 0.05620502
v 0.06019921 -0.05084427 0.05256415
v 0.06013774 -0.05145342 0.05214242
v 0.06017320 -0.05151183 0.05139738
v 0.06022521 -0.05157858 0.05019547
v 0.06026776 -0.05163700 0.04899356
v 0.06067438 -0.04963431 0.04418591
v 0.06015429 0.03280952 0.04213353
v 0.05952072 -0.05213767 0.05019547
v 0.05952072 -0.05221277 0.04899356
v 0.05952072 -0.05226284 0.04779165
v 0.05952072 -0.05228787 0.04658622
v 0.05997698 -0.05195409 0.04606961
v 0.05952072 -0.05227118 0.04538782
v 0.05952072 -0.05224615 0.04418591
v 0.06026067 -0.05162865 0.04298400
v 0.05952072 -0.05219608 0.04298400
v 0.06050062 -0.05083593 0.04298400
v 0.05921458 0.03280952 0.03648244
v 0.05946044 -0.04241631 0.03576902
v 0.05948408 -0.04963431 0.03576902
v 0.05946517 -0.04361792 0.03576902
v 0.05936943 -0.05083593 0.03576902
v 0.05887061 -0.05127818 0.03409619
v 0.05783634 -0.05157024 0.03122847
v 0.05665905 -0.05159528 0.02818855
v 0.05907983 -0.05086096 0.03452494
v 0.05285294 -0.05083593 0.02818855
v 0.05300660 -0.05113633 0.06409125
v 0.05711531 -0.05219608 0.06101267
v 0.05471344 -0.05230456 0.06409125
v 0.05591319 -0.05229622 0.06341649
v 0.05816376 -0.05183727 0.05981076
v 0.05908337 -0.05164534 0.05740342
v 0.05920749 -0.05176216 0.05620502
v 0.05962119 -0.05186230 0.05256415
v 0.05952072 -0.05205422 0.05139738
v 0.06059282 -0.04963431 0.04298400
v 0.05952545 0.03280952 0.03817284
v 0.06048171 -0.04963431 0.04178209
v 0.06034933 -0.04963431 0.04057666
v 0.06020157 -0.04963431 0.03952939
v 0.05831742 -0.05225450 0.05620502
v 0.05831742 -0.05238801 0.05380120
v 0.05831742 -0.05243808 0.05259929
v 0.05831861 -0.05241304 0.04178209
v 0.05831861 -0.05240469 0.04057666
v 0.05831861 -0.05237131 0.03937475
v 0.06019803 -0.05154521 0.04178209
v 0.05952072 -0.05209595 0.04178209
v 0.05962593 -0.05187899 0.04056261
v 0.05831861 -0.05232125 0.03817284
v 0.05831861 -0.05226284 0.03697445
v 0.06014838 -0.05147845 0.04095622
v 0.06038360 -0.05083593 0.04178209
v 0.05932569 0.03280952 0.03697445
v 0.06017675 -0.05052718 0.03966645
v 0.06009519 -0.05132825 0.04015143
v 0.05898881 -0.05152852 0.03489746
v 0.05673470 -0.05167037 0.02855755
v 0.05799355 -0.05172044 0.03216329
v 0.05649238 -0.05172044 0.02818855
v 0.05297705 -0.05126150 0.02818855
v 0.05318627 -0.05157858 0.02818855
v 0.05357397 -0.05183727 0.06409125
v 0.05831742 -0.05213767 0.05740342
v 0.05711531 -0.05232125 0.05981076
v 0.05434701 -0.05220443 0.02818855
v 0.05471344 -0.05229622 0.02818855
v 0.05591319 -0.05234629 0.06221458
v 0.05711531 -0.05237966 0.05860885
v 0.05940016 -0.05189568 0.05380120
v 0.05711649 -0.05233794 0.03456711
v 0.05711649 -0.05230456 0.03336871
v 0.05920749 -0.05177051 0.03697445
v 0.05831861 -0.05214601 0.03576902
v 0.05908574 -0.05164534 0.03576902
v 0.06023230 -0.05088600 0.04056261
v 0.05696046 -0.05182893 0.02975946
v 0.05592856 -0.05204588 0.02818855
v 0.05816849 -0.05184561 0.03336871
v 0.05711649 -0.05218773 0.03216329
v 0.05333166 -0.05170375 0.02818855
v 0.05350778 -0.05181223 0.02818855
v 0.05591319 -0.05227952 0.02975946
v 0.05554677 -0.05219608 0.02818855
v 0.05591319 -0.05213767 0.02855755
v 0.01504323 0.04384625 0.01118691
v 0.01504323 0.04365179 0.01103357
v 0.01384012 0.04363126 0.01105016
v 0.01384012 0.04380412 0.01118691
v 0.01588061 0.04381924 0.01118691
v 0.01624381 0.04363343 0.01104764
v 0.01744691 0.04152461 0.00969069
v 0.01624381 0.04153541 0.00968718
v 0.01504323 0.04153757 0.00968617
v 0.01384012 0.04150192 0.00970628
v 0.01263702 0.04203237 0.01012106
v 0.01263702 0.04356969 0.01109591
v 0.01351980 0.04377387 0.01118691
v 0.01624381 0.04380628 0.01118691
v 0.01712911 0.04377387 0.01118691
v 0.01744691 0.04360858 0.01106474
v 0.01864750 0.04209395 0.01009592
v 0.01864750 0.04149220 0.00970930
v 0.01744691 0.03918567 0.00849060
v 0.01624381 0.03920188 0.00848105
v 0.01504323 0.03920836 0.00847351
v 0.01384012 0.03917271 0.00848910
v 0.01263702 0.03910141 0.00852529
v 0.01263702 0.04143170 0.00974348
v 0.01143391 0.04193730 0.01016932
v 0.01203168 0.04353404 0.01112205
v 0.01263702 0.04368528 0.01118691
v 0.01744691 0.04375875 0.01118691
v 0.01864750 0.04356752 0.01109742
v 0.01925536 0.04353619 0.01112105
v 0.01984808 0.04200752 0.01013011
v 0.01984808 0.04140577 0.00976259
v 0.01864750 0.03914246 0.00851121
v 0.01744691 0.03666309 0.00739508
v 0.01864750 0.03663067 0.00740816
v 0.01744691 0.03400869 0.00627343
v 0.01624381 0.03399249 0.00628247
v 0.01550227 0.03395252 0.00629957
v 0.01143391 0.03812586 0.00822816
v 0.01143391 0.03899554 0.00858009
v 0.01143391 0.04133771 0.00979678
v 0.01155246 0.04300791 0.01084101
v 0.01023333 0.04120915 0.00987219
v 0.01023333 0.04181198 0.01025127
v 0.01023333 0.04274647 0.01085207
v 0.01023333 0.04322506 0.01118691
v 0.01196358 0.04360426 0.01118691
v 0.01841293 0.04369284 0.01118691
v 0.01864750 0.04367232 0.01118691
v 0.01917212 0.04362154 0.01118691
v 0.01931589 0.04359885 0.01118691
v 0.02105118 0.04325207 0.01118691
v 0.02105118 0.04276051 0.01080180
v 0.01973458 0.04300791 0.01080833
v 0.02105118 0.04188436 0.01020049
v 0.02105118 0.04128369 0.00983297
v 0.01984808 0.03904307 0.00855948
v 0.02105118 0.03891343 0.00862434
v 0.02105118 0.03812586 0.00825481
v 0.01984808 0.03649455 0.00745793
v 0.01820106 0.03397304 0.00628851
v 0.01744691 0.03331728 0.00610751
v 0.01624381 0.03331728 0.00611053
v 0.01507854 0.03337670 0.00619349
v 0.01023333 0.03451969 0.00719348
v 0.01023333 0.03536992 0.00744084
v 0.01143391 0.03560327 0.00736090
v 0.01023333 0.03812586 0.00834983
v 0.01023333 0.03884969 0.00865500
v 0.00960277 0.04113677 0.00991543
v 0.00905293 0.04259738 0.01094609
v 0.00905293 0.04295065 0.01118691
v 0.00943630 0.04304356 0.01118691
v 0.02224925 0.04299171 0.01118691
v 0.02224925 0.04262007 0.01090335
v 0.02182803 0.04119078 0.00988627
v 0.02187091 0.03880756 0.00867663
v 0.02057953 0.03636815 0.00750167
v 0.02226186 0.03820689 0.00845440
v 0.01861975 0.03333565 0.00620404
v 0.02100831 0.03578261 0.00735587
v 0.02224925 0.03541745 0.00741872
v 0.02224925 0.03451969 0.00713214
v 0.01956811 0.03294780 0.00626186
v 0.01863236 0.03280952 0.00613819
v 0.01795136 0.03280952 0.00608389
v 0.01744691 0.03280952 0.00605070
v 0.01624381 0.03280952 0.00605221
v 0.01506088 0.03280952 0.00611958
v 0.01384012 0.03294996 0.00625633
v 0.00905293 0.03331728 0.00707131
v 0.00906554 0.03455102 0.00737849
v 0.00949432 0.03519490 0.00749363
v 0.00905293 0.03818204 0.00853434
v 0.00908319 0.03819068 0.00853283
v 0.00951954 0.03875462 0.00870277
v 0.00913364 0.04057823 0.00969723
v 0.00905293 0.04055554 0.00970176
v 0.00905293 0.04105034 0.00998933
v 0.00905293 0.04235431 0.01079526
v 0.00905293 0.04257686 0.01093302
v 0.00905293 0.04048964 0.01118691
v 0.02288737 0.04281453 0.01118691
v 0.02344983 0.04245370 0.01103005
v 0.02412074 0.04235431 0.01110546
v 0.02457474 0.04177417 0.01085207
v 0.02475382 0.04050153 0.01015374
v 0.02441837 0.04008452 0.00983951
v 0.02344983 0.04028114 0.00973896
v 0.02223411 0.04059876 0.00965952
v 0.02344983 0.03790115 0.00853635
v 0.02344983 0.03692345 0.00818392
v 0.02300087 0.03521327 0.00748608
v 0.02341956 0.03454238 0.00736090
v 0.02439314 0.03415670 0.00744335
v 0.02344983 0.03331728 0.00704768
v 0.02395932 0.03280952 0.00704919
v 0.01962865 0.03280952 0.00625432
v 0.01403686 0.03280952 0.00621862
v 0.01384012 0.03280952 0.00624024
v 0.01345422 0.03280952 0.00629052
v 0.00905293 0.03280952 0.00699288
v 0.00905293 0.03454670 0.00737950
v 0.00905293 0.03692345 0.00813213
v 0.00905293 0.03753600 0.00832670
v 0.00905293 0.03868224 0.00876109
v 0.00905293 0.03280952 0.00825581
v 0.03220702 0.03280952 0.01118691
v 0.02344983 0.04265788 0.01118691
v 0.02397950 0.04250231 0.01118691
v 0.02419893 0.04243425 0.01118691
v 0.02489254 0.04216633 0.01118691
v 0.02585604 0.04137660 0.01096922
v 0.02522044 0.03991382 0.00994107
v 0.02439819 0.03769265 0.00863842
v 0.02474121 0.03702068 0.00846697
v 0.02585604 0.03572103 0.00832972
v 0.02519521 0.03386393 0.00756552
v 0.02473869 0.03340371 0.00732621
v 0.02469833 0.03280952 0.00719951
v 0.03482005 0.03280952 0.01118691
v 0.02504892 0.04209395 0.01118691
v 0.02585604 0.04170610 0.01118691
v 0.02655469 0.04118646 0.01108686
v 0.02520026 0.03748846 0.00875606
v 0.02699609 0.04053502 0.01087671
v 0.02585604 0.03970748 0.01004413
v 0.02585604 0.03910681 0.00973092
v 0.02585604 0.03660367 0.00862132
v 0.02694564 0.03563676 0.00861780
v 0.02705914 0.03451969 0.00829000
v 0.02553572 0.03306124 0.00743631
v 0.02817901 0.03444947 0.00859266
v 0.02563660 0.03280952 0.00741520
v 0.03422733 0.03280952 0.01080330
v 0.03410374 0.03331728 0.01084554
v 0.03480744 0.03284085 0.01118691
v 0.02630752 0.04146735 0.01118691
v 0.02664802 0.04128369 0.01118691
v 0.02730128 0.04087532 0.01118691
v 0.02750558 0.04074676 0.01118691
v 0.02798228 0.04013637 0.01100491
v 0.02704905 0.03815935 0.00965299
v 0.02803020 0.03778123 0.00979225
v 0.02585604 0.03720433 0.00885510
v 0.02664297 0.03884753 0.00985761
v 0.02647146 0.03633574 0.00871383
v 0.02772249 0.03517978 0.00869674
v 0.02894577 0.03400221 0.00868869
v 0.02825972 0.03331728 0.00830810
v 0.02883732 0.03280952 0.00839407
v 0.03260301 0.03280952 0.00985309
v 0.03257527 0.03294240 0.00986565
v 0.03387169 0.03426257 0.01099184
v 0.03460818 0.03331728 0.01118691
v 0.03342274 0.03332808 0.01045891
v 0.02814875 0.04032435 0.01118691
v 0.02946283 0.03942875 0.01118691
v 0.03024472 0.03889074 0.01118691
v 0.02946283 0.03903335 0.01095665
v 0.02946283 0.03812586 0.01049763
v 0.02882975 0.03749927 0.00995062
v 0.02836314 0.03702824 0.00960321
v 0.02694564 0.03681217 0.00905570
v 0.02946283 0.03660367 0.00981135
v 0.03006312 0.03632278 0.00991945
v 0.03034813 0.03572103 0.00981086
v 0.03077187 0.03462557 0.00959316
v 0.03157142 0.03429498 0.00978270
v 0.03193210 0.03333240 0.00966706
v 0.02919043 0.03331728 0.00860523
v 0.02935185 0.03280952 0.00855948
v 0.03190435 0.03280952 0.00956350
v 0.03237349 0.03374401 0.01000040
v 0.03301161 0.03333240 0.01022764
v 0.03406591 0.03442787 0.01118691
v 0.03342274 0.03448296 0.01082191
v 0.03281992 0.03572103 0.01092246
v 0.03257022 0.03647619 0.01106323
v 0.03269633 0.03659394 0.01118691
v 0.03325122 0.03572103 0.01118691
v 0.03014383 0.03878919 0.01108837
v 0.03087780 0.03840135 0.01118691
v 0.03059279 0.03809777 0.01090838
v 0.03145035 0.03767860 0.01104161
v 0.02946283 0.03720433 0.01006123
v 0.03054487 0.03680353 0.01030205
v 0.03094843 0.03572103 0.01006022
v 0.03185895 0.03689428 0.01089279
v 0.03220197 0.03722702 0.01118691
v 0.03233313 0.03706821 0.01118691
v 0.03110985 0.03821877 0.01118691
v 0.03159412 0.03782553 0.01118691
v -0.04026202 -0.03541531 0.04418563
v -0.03906093 -0.03538366 0.04538276
v -0.03665875 -0.03528740 0.05139558
v -0.04026202 -0.03540344 0.04538276
v -0.04146569 -0.03534015 0.04418563
v -0.04146569 -0.03531773 0.04298432
v -0.04026202 -0.03539158 0.04298432
v -0.03906093 -0.03530718 0.03937830
v -0.03785984 -0.03529004 0.03937830
v -0.03665875 -0.03528740 0.04057961
v -0.03906093 -0.03538498 0.04418563
v -0.03665875 -0.03530850 0.04658825
v -0.03665875 -0.03529532 0.05019428
v -0.03785984 -0.03529268 0.05139558
v -0.03906093 -0.03532432 0.05019428
v -0.03545637 -0.03521883 0.05019428
v -0.03545637 -0.03519510 0.05139558
v -0.03665875 -0.03522674 0.05259689
v -0.03785984 -0.03523993 0.05259689
v -0.04146569 -0.03531641 0.04538276
v -0.03906093 -0.03529663 0.05139558
v -0.04026202 -0.03531114 0.04899087
v -0.04266678 -0.03506191 0.04418563
v -0.04266678 -0.03504081 0.04298432
v -0.04146569 -0.03526498 0.04178092
v -0.04026202 -0.03533355 0.04057961
v -0.04026202 -0.03527157 0.03937830
v -0.03906093 -0.03524388 0.03817490
v -0.03785984 -0.03523465 0.03817490
v -0.03665875 -0.03525048 0.03937830
v -0.03545637 -0.03517399 0.04057961
v -0.03545637 -0.03519774 0.04178092
v -0.03545637 -0.03521356 0.04298432
v -0.03545637 -0.03522411 0.04418563
v -0.03665875 -0.03529663 0.04178092
v -0.03665875 -0.03530323 0.04298432
v -0.03665875 -0.03530850 0.04538276
v -0.03545637 -0.03523465 0.04658825
v -0.03545637 -0.03522542 0.04899087
v -0.03425399 -0.03499334 0.05019428
v -0.03425399 -0.03501048 0.04778956
v -0.03425399 -0.03500389 0.04899087
v -0.03425399 -0.03495378 0.05139558
v -0.03545637 -0.03510410 0.05259689
v -0.03665875 -0.03503818 0.05379820
v -0.03906093 -0.03519774 0.05259689
v -0.03785984 -0.03503818 0.05379820
v -0.04026202 -0.03526102 0.05019428
v -0.04146569 -0.03525575 0.04658825
v -0.04266678 -0.03503290 0.04538276
v -0.04026202 -0.03516345 0.05139558
v -0.04352599 -0.03474147 0.04422958
v -0.04352599 -0.03474147 0.04418563
v -0.04352599 -0.03472696 0.04298432
v -0.04345116 -0.03468477 0.04178092
v -0.04266678 -0.03496697 0.04178092
v -0.04146569 -0.03519510 0.04057961
v -0.04146569 -0.03506587 0.03937830
v -0.04026202 -0.03513708 0.03817490
v -0.03906093 -0.03501971 0.03697359
v -0.03785984 -0.03501971 0.03697359
v -0.03665875 -0.03515553 0.03817490
v -0.03545637 -0.03510015 0.03937830
v -0.03425399 -0.03490103 0.04057961
v -0.03425399 -0.03494850 0.04178092
v -0.03425399 -0.03497620 0.04298432
v -0.03425399 -0.03499334 0.04418563
v -0.03425399 -0.03500784 0.04538276
v -0.03545637 -0.03523202 0.04538276
v -0.03425399 -0.03501444 0.04658825
v -0.03382955 -0.03489180 0.04899087
v -0.03323093 -0.03473092 0.04899297
v -0.03325673 -0.03472433 0.05019218
v -0.03382955 -0.03489575 0.04828767
v -0.03334059 -0.03470455 0.05139558
v -0.03348508 -0.03466104 0.05237714
v -0.03413917 -0.03479949 0.05270572
v -0.03449137 -0.03470982 0.05379820
v -0.03545637 -0.03490895 0.05379820
v -0.03545637 -0.03469664 0.05452234
v -0.03665875 -0.03475598 0.05458931
v -0.04026202 -0.03500125 0.05259689
v -0.03906093 -0.03494059 0.05379820
v -0.03785984 -0.03474674 0.05456629
v -0.03906093 -0.03468609 0.05449304
v -0.04146569 -0.03509883 0.04899087
v -0.04146569 -0.03518587 0.04778956
v -0.04351954 -0.03471510 0.04538276
v -0.04266678 -0.03494191 0.04658825
v -0.04340472 -0.03466763 0.04658825
v -0.04155987 -0.03480081 0.05146046
v -0.04146569 -0.03498675 0.05019428
v -0.04352599 -0.03471773 0.04515673
v -0.04352599 -0.03471510 0.04279387
v -0.04352599 -0.03464916 0.04178092
v -0.04334151 -0.03463993 0.04089564
v -0.04276741 -0.03480872 0.04052729
v -0.04248101 -0.03475730 0.03937830
v -0.04225395 -0.03467554 0.03840512
v -0.04157406 -0.03481796 0.03807235
v -0.04116768 -0.03469400 0.03697359
v -0.04026202 -0.03489311 0.03697359
v -0.04026202 -0.03467027 0.03622853
v -0.03906093 -0.03472960 0.03609458
v -0.03785984 -0.03473092 0.03610505
v -0.03665875 -0.03466763 0.03624736
v -0.03665875 -0.03490895 0.03697359
v -0.03545637 -0.03496300 0.03817490
v -0.03446944 -0.03472565 0.03817490
v -0.03416497 -0.03477839 0.03933435
v -0.03355088 -0.03464125 0.03970688
v -0.03382955 -0.03478235 0.04057961
v -0.03382955 -0.03480740 0.04114050
v -0.03382955 -0.03483246 0.04178092
v -0.03329802 -0.03471378 0.04273109
v -0.03382955 -0.03484697 0.04230833
v -0.03382955 -0.03486279 0.04298432
v -0.03328641 -0.03471642 0.04298642
v -0.03382955 -0.03487861 0.04418563
v -0.03382955 -0.03489311 0.04538276
v -0.03382955 -0.03489971 0.04658616
v -0.03382955 -0.03489971 0.04658825
v -0.03382955 -0.03489707 0.04778956
v -0.03322577 -0.03473356 0.04778956
v -0.03263103 -0.03447774 0.04899297
v -0.03265554 -0.03446719 0.05019218
v -0.03273940 -0.03443949 0.05139558
v -0.03184923 -0.03391598 0.05259689
v -0.03307096 -0.03443554 0.05270572
v -0.03305032 -0.03423774 0.05380030
v -0.03366054 -0.03459378 0.05317871
v -0.03382955 -0.03466763 0.05301338
v -0.03389018 -0.03452126 0.05379820
v -0.03476229 -0.03463334 0.05443862
v -0.03305032 -0.03318544 0.05547041
v -0.03382955 -0.03318149 0.05552483
v -0.03425399 -0.03317885 0.05555412
v -0.03665875 -0.03400697 0.05504346
v -0.04021171 -0.03474015 0.05378565
v -0.04102060 -0.03465180 0.05337754
v -0.04125024 -0.03472301 0.05259689
v -0.03977823 -0.03463334 0.05443025
v -0.03785984 -0.03400697 0.05497231
v -0.03906093 -0.03400697 0.05485301
v -0.04352599 -0.03471114 0.04537229
v -0.04352599 -0.03460961 0.04658825
v -0.04274935 -0.03479554 0.04777282
v -0.04331184 -0.03462807 0.04736052
v -0.04248101 -0.03476653 0.04899087
v -0.04217654 -0.03465048 0.05110049
v -0.04231200 -0.03470323 0.05019428
v -0.04352599 -0.03452917 0.04074495
v -0.04323443 -0.03456081 0.04009407
v -0.04352599 -0.03390675 0.03733356
v -0.04352599 -0.03383555 0.03698196
v -0.04266678 -0.03419686 0.03697359
v -0.04204753 -0.03458323 0.03760354
v -0.04176887 -0.03450279 0.03697359
v -0.04088643 -0.03461488 0.03636038
v -0.04026202 -0.03427730 0.03562578
v -0.03906093 -0.03431027 0.03549184
v -0.03785984 -0.03427730 0.03550439
v -0.03605369 -0.03460961 0.03636875
v -0.03665875 -0.03419158 0.03564671
v -0.03481648 -0.03342016 0.03515907
v -0.03557506 -0.03472037 0.03700289
v -0.03468875 -0.03466104 0.03742774
v -0.03305032 -0.03417576 0.03817490
v -0.03178343 -0.03367072 0.03820629
v -0.03184923 -0.03388565 0.03937621
v -0.03344638 -0.03467422 0.04057961
v -0.03334575 -0.03469928 0.04178301
v -0.03282326 -0.03450675 0.04273109
v -0.03326189 -0.03472301 0.04418563
v -0.03268522 -0.03445400 0.04298642
v -0.03263748 -0.03447115 0.04538694
v -0.03323867 -0.03472960 0.04538694
v -0.03322577 -0.03473356 0.04658616
v -0.03262458 -0.03447906 0.04778956
v -0.03072296 -0.03364698 0.04658616
v -0.03081972 -0.03363906 0.04899297
v -0.03184923 -0.03408741 0.05019218
v -0.03184923 -0.03402675 0.05139558
v -0.03095260 -0.03359291 0.05139558
v -0.03034754 -0.03304039 0.05379820
v -0.03177698 -0.03368786 0.05379611
v -0.03034754 -0.03298236 0.05413516
v -0.03212918 -0.03358104 0.05466047
v -0.03305032 -0.03375906 0.05487185
v -0.03034754 -0.03256567 0.05497440
v -0.03120288 -0.03223336 0.05562110
v -0.03184923 -0.03237314 0.05567551
v -0.03305032 -0.03258413 0.05571528
v -0.03382955 -0.03258017 0.05568807
v -0.03425399 -0.03257753 0.05567133
v -0.04146569 -0.03280435 0.05490534
v -0.04057939 -0.03451730 0.05417911
v -0.04266678 -0.03391862 0.05379820
v -0.04352599 -0.03359554 0.05379820
v -0.04266678 -0.03420609 0.05259689
v -0.04021171 -0.03407290 0.05466256
v -0.04146569 -0.03376698 0.05462489
v -0.04266678 -0.03355863 0.05451187
v -0.04334280 -0.03343862 0.05442816
v -0.04266678 -0.03280435 0.05476093
v -0.04352599 -0.03455026 0.04712194
v -0.04352599 -0.03385665 0.05263247
v -0.04352599 -0.03446060 0.04032219
v -0.04352599 -0.03435774 0.03976339
v -0.04352599 -0.03405840 0.03814560
v -0.04352599 -0.03359159 0.03612388
v -0.04352599 -0.03356522 0.03605691
v -0.04267065 -0.03370764 0.03571368
v -0.04227201 -0.03347423 0.03511302
v -0.04146569 -0.03357049 0.03505233
v -0.04026202 -0.03367599 0.03502303
v -0.03906093 -0.03370895 0.03503140
v -0.03785984 -0.03367599 0.03504815
v -0.03665875 -0.03359159 0.03507745
v -0.03545637 -0.03347951 0.03512768
v -0.03525253 -0.03449752 0.03662617
v -0.03435075 -0.03368127 0.03574507
v -0.03382955 -0.03362324 0.03592925
v -0.03328512 -0.03356126 0.03612598
v -0.03545637 -0.03280435 0.03500629
v -0.03240784 -0.03222940 0.03515279
v -0.03427463 -0.03432082 0.03700289
v -0.03248396 -0.03338587 0.03640014
v -0.03295098 -0.03376565 0.03687104
v -0.03213950 -0.03357313 0.03720171
v -0.03053332 -0.03302193 0.03820211
v -0.03108935 -0.03350588 0.03937621
v -0.03097195 -0.03358104 0.04057961
v -0.03184923 -0.03398324 0.04057961
v -0.03184923 -0.03404257 0.04178301
v -0.03184923 -0.03407422 0.04273109
v -0.03184923 -0.03408214 0.04298642
v -0.03262458 -0.03447774 0.04658616
v -0.03077715 -0.03364434 0.04538694
v -0.03034754 -0.03346764 0.04658616
v -0.03087778 -0.03362852 0.05019218
v -0.03034754 -0.03314060 0.05259689
v -0.03034754 -0.03154106 0.05578016
v -0.03184923 -0.03160172 0.05587643
v -0.03305032 -0.03160172 0.05587852
v -0.03382955 -0.03223468 0.05574667
v -0.03505257 -0.03239423 0.05562319
v -0.04352599 -0.03160304 0.05476720
v -0.04352599 -0.03352697 0.05399075
v -0.04352599 -0.03318017 0.05448676
v -0.04352599 -0.03280435 0.05461652
v -0.04352599 -0.03339642 0.05429421
v -0.04352599 -0.03323555 0.03550439
v -0.04307317 -0.03332127 0.03527418
v -0.04352599 -0.03287951 0.03508582
v -0.04352599 -0.03264083 0.03494141
v -0.04267065 -0.03287424 0.03493513
v -0.04352599 -0.03196567 0.03473422
v -0.04146569 -0.03280435 0.03484095
v -0.04026202 -0.03280435 0.03484723
v -0.03906093 -0.03280435 0.03487025
v -0.03785984 -0.03280435 0.03490164
v -0.03665875 -0.03280435 0.03494141
v -0.03305032 -0.03160172 0.03504605
v -0.03194469 -0.03150809 0.03511721
v -0.03120804 -0.03104523 0.03515279
v -0.03053332 -0.03149358 0.03588111
v -0.03053332 -0.03159381 0.03594808
v -0.03109839 -0.03231511 0.03622643
v -0.03194469 -0.03251556 0.03580367
v -0.03053332 -0.03252742 0.03704684
v -0.03053332 -0.03301138 0.03817490
v -0.03034754 -0.03328698 0.04273109
v -0.03053332 -0.03329752 0.04057961
v -0.03053332 -0.03334896 0.04137072
v -0.03090874 -0.03361533 0.04178301
v -0.03088165 -0.03362983 0.04273109
v -0.03087520 -0.03363379 0.04298642
v -0.03034754 -0.03345576 0.04617177
v -0.03034754 -0.03342016 0.04778956
v -0.03034754 -0.03336214 0.04899297
v -0.03034754 -0.03329621 0.05019218
v -0.03034754 -0.03119556 0.05586178
v -0.03034754 -0.03040173 0.05601665
v -0.03184923 -0.03040173 0.05602293
v -0.03034754 -0.02769977 0.05606269
v -0.03034754 -0.02657230 0.05584294
v -0.04352599 -0.03074326 0.05455792
v -0.04352599 -0.03160304 0.03468817
v -0.03184923 -0.03040041 0.03506070
v -0.03074360 -0.03028305 0.03512349
v -0.03053332 -0.03014063 0.03513605
v -0.03053332 -0.03067600 0.03536626
v -0.03053332 -0.03337401 0.04178301
v -0.03053332 -0.02919778 0.03512140
v -0.03034754 -0.02248970 0.04273109
v -0.03034754 -0.03010239 0.05604595
v -0.03034754 -0.02980832 0.05606897
v -0.03057460 -0.02919910 0.05606897
v -0.03058879 -0.02913976 0.05606897
v -0.03034754 -0.02802152 0.05606897
v -0.03034754 -0.02631912 0.05572574
v -0.04352599 -0.03013535 0.05395936
v -0.03034754 -0.02519957 0.05507486
v -0.03034754 -0.02478023 0.05474209
v -0.03064685 -0.02919778 0.03511512
v -0.04352599 -0.03075118 0.03484304
v -0.03053332 -0.02849889 0.03515907
v -0.03034754 -0.02245409 0.04283154
v -0.03053332 -0.02800570 0.03534324
v -0.03053332 -0.02791867 0.03537673
v -0.03053332 -0.02653407 0.03601924
v -0.03053332 -0.02607780 0.03634154
v -0.03053332 -0.02552132 0.03689615
v -0.03053332 -0.02539209 0.03704475
v -0.03053332 -0.02495166 0.03765168
v -0.03053332 -0.02459694 0.03818746
v -0.03053332 -0.02413409 0.03907693
v -0.03053332 -0.02398376 0.03939295
v -0.04352599 -0.02797274 0.03815816
v -0.04352599 -0.02701406 0.04050218
v -0.03034754 -0.02397057 0.05380030
v -0.04352599 -0.02967250 0.05336498
v -0.04352599 -0.03051645 0.03491839
v -0.03064685 -0.02850548 0.03515907
v -0.03064685 -0.02790417 0.03538301
v -0.03034754 -0.02240135 0.04298642
v -0.04352599 -0.03000745 0.03535580
v -0.04352599 -0.02994547 0.03541231
v -0.04352599 -0.02955910 0.03583088
v -0.04352599 -0.02866240 0.03705312
v -0.04352599 -0.02669494 0.04178092
v -0.03034754 -0.02354068 0.05304477
v -0.04352599 -0.02830504 0.05128257
v -0.04352599 -0.02912921 0.05259899
v -0.04352599 -0.02956569 0.05321848
v -0.03034754 -0.02215739 0.04418563
v -0.04352599 -0.02650505 0.04298432
v -0.03034754 -0.02331123 0.05263247
v -0.04352599 -0.02781977 0.05028845
v -0.03034754 -0.02198201 0.04538067
v -0.04352599 -0.02642198 0.04418563
v -0.03034754 -0.02277585 0.05141861
v -0.04352599 -0.02699033 0.04774561
v -0.03034754 -0.02194377 0.04658616
v -0.04352599 -0.02650901 0.04531160
v -0.03034754 -0.02243168 0.05019218
v -0.04352599 -0.02670813 0.04658825
v -0.03034754 -0.02230773 0.04931108
v -0.04352599 -0.02651692 0.04538276
v -0.04352599 -0.02666857 0.04636222
v -0.02679101 0.04603291 0.02978970
v -0.02680966 0.05134283 0.02979227
v -0.02663513 0.05226225 0.02979227
v -0.02662713 0.05229324 0.02979227
v -0.02588902 0.05231390 0.02979227
v -0.02540405 0.04603291 0.02978970
v -0.02706147 -0.04961799 0.02978970
v -0.03023242 0.05229324 0.03374373
v -0.02944502 0.05243824 0.03457210
v -0.02583706 0.05231390 0.02979227
v -0.02041713 0.02846058 0.02979227
v -0.02209187 -0.01506218 0.02978970
v -0.02542537 0.05146679 0.02979227
v -0.02697354 -0.05081633 0.02978970
v -0.02769300 -0.05049609 0.03141042
v -0.03053220 -0.03012417 0.03513549
v -0.03402558 0.05178704 0.03920015
v -0.03372181 0.05190068 0.03870107
v -0.03126499 0.05192134 0.03513549
v -0.03023242 0.05174572 0.03374373
v -0.03126499 0.05203497 0.03513549
v -0.03402558 0.05237589 0.03920015
v -0.03402558 0.05243824 0.03929019
v -0.03402558 0.05243824 0.04035523
v -0.03402558 0.05243824 0.04057904
v -0.03402558 0.05243824 0.04155662
v -0.02944502 0.05243824 0.03577349
v -0.02824192 0.05243824 0.03457210
v -0.02704149 0.05243824 0.04538459
v -0.02704149 0.05243824 0.05607103
v -0.02582773 0.05243824 0.05607103
v -0.02519754 0.05213828 0.05607103
v -0.02210253 -0.02197334 0.02978970
v -0.02329497 0.02847091 0.05606846
v -0.02471390 -0.04120889 0.05607103
v -0.02474321 -0.04240723 0.05607103
v -0.02233835 -0.04961799 0.02978970
v -0.02231037 -0.04840931 0.02978970
v -0.02221178 -0.04356426 0.02978970
v -0.02219046 -0.04237625 0.02978970
v -0.02217581 -0.04116757 0.02978970
v -0.02216382 -0.04000021 0.02978970
v -0.02666177 -0.05165311 0.02978970
v -0.02759574 -0.05129154 0.03163937
v -0.02884946 -0.05027915 0.03513292
v -0.02784888 -0.05086799 0.03208957
v -0.02919321 -0.05081633 0.03696973
v -0.03053220 -0.03066136 0.03536702
v -0.03402558 0.05166307 0.03943682
v -0.03053220 -0.03158078 0.03594842
v -0.03009519 -0.05063038 0.04297925
v -0.03018180 -0.04961799 0.04418321
v -0.03021510 -0.04961799 0.04538717
v -0.03372181 0.05215894 0.03870107
v -0.03402558 0.05243824 0.04395682
v -0.03402558 0.05243824 0.04515821
v -0.03184721 0.05243824 0.05259550
v -0.03064545 0.05243824 0.05379688
v -0.03184721 0.05243824 0.05379688
v -0.03064545 0.05243824 0.05499827
v -0.02824192 0.05243824 0.05607103
v -0.02452737 -0.01506218 0.05607103
v -0.02452871 -0.01716962 0.05607103
v -0.02453004 -0.01835764 0.05607103
v -0.02455269 -0.02558904 0.05607103
v -0.02455935 -0.02677706 0.05607103
v -0.02464462 -0.03640516 0.05607103
v -0.02465794 -0.03760352 0.05607103
v -0.02469125 -0.04001055 0.05607103
v -0.02478851 -0.04373989 0.05607103
v -0.02491908 -0.04721096 0.05607103
v -0.02500035 -0.04841964 0.05607103
v -0.02501501 -0.04857460 0.05607103
v -0.02511760 -0.04958700 0.05607103
v -0.02512826 -0.04967997 0.05607103
v -0.02521353 -0.05029980 0.05607103
v -0.02254619 -0.05085766 0.02978970
v -0.02583573 -0.05210766 0.02978970
v -0.02687361 -0.05178741 0.03096279
v -0.02789018 -0.05169444 0.03336814
v -0.02774896 -0.05154981 0.03244716
v -0.02888277 -0.05148782 0.03618767
v -0.02876819 -0.05107460 0.03539018
v -0.02893473 -0.05073369 0.03578635
v -0.02940105 -0.05081633 0.03817627
v -0.03006455 -0.05041344 0.04215860
v -0.03402558 0.05116721 0.04057904
v -0.03008587 -0.05056840 0.04273228
v -0.03002325 -0.05098162 0.04273228
v -0.03000593 -0.05121923 0.04297925
v -0.03002724 -0.05135352 0.04393624
v -0.03010719 -0.05089898 0.04427582
v -0.03014982 -0.05082666 0.04538717
v -0.03014849 -0.05082666 0.04658855
v -0.03020578 -0.04961799 0.04658855
v -0.03402558 0.05022712 0.05025446
v -0.03402558 0.05005150 0.04927174
v -0.03402558 0.05001018 0.04899133
v -0.03402558 0.04991720 0.04811151
v -0.03402558 0.04989654 0.04778994
v -0.03402558 0.04984489 0.04694614
v -0.03402558 0.04983456 0.04658855
v -0.03402558 0.04989654 0.04538459
v -0.03402558 0.05006183 0.04429897
v -0.03402558 0.05008249 0.04418063
v -0.03402558 0.05033043 0.04293037
v -0.03402558 0.05073332 0.04168010
v -0.03402558 0.05243824 0.05019272
v -0.03304898 0.05243824 0.05139411
v -0.03304898 0.05243824 0.05259550
v -0.03402558 0.05243824 0.05259550
v -0.03186853 0.05243824 0.05506259
v -0.03064545 0.05243824 0.05585494
v -0.02987003 0.05240687 0.05607103
v -0.02535209 -0.05089898 0.05607103
v -0.02537873 -0.05096097 0.05607103
v -0.02256618 -0.05088865 0.02978970
v -0.02463663 -0.05226262 0.02978970
v -0.02583573 -0.05223163 0.03096279
v -0.02703749 -0.05215931 0.03336814
v -0.02805539 -0.05181840 0.03456953
v -0.02896804 -0.05158080 0.03696973
v -0.02992998 -0.05081633 0.04176757
v -0.02999127 -0.05113658 0.04272971
v -0.02908395 -0.05170477 0.03817627
v -0.02917588 -0.05178741 0.03937508
v -0.03004457 -0.05141551 0.04473888
v -0.03005389 -0.05144650 0.04538717
v -0.03005656 -0.05144650 0.04658855
v -0.03004856 -0.05142584 0.04725485
v -0.03009519 -0.05083700 0.04770762
v -0.03006855 -0.05043411 0.04899390
v -0.03004856 -0.05026881 0.04965248
v -0.03402558 0.05163208 0.05360137
v -0.03402558 0.05108456 0.05263923
v -0.03402558 0.05096059 0.05238455
v -0.03402558 0.05074365 0.05189319
v -0.03402558 0.05054737 0.05138382
v -0.03402558 0.05028911 0.05056060
v -0.03402558 0.05243824 0.05139411
v -0.03402558 0.05238622 0.05359880
v -0.03316089 0.05243824 0.05391008
v -0.03283847 0.05231390 0.05469985
v -0.03148082 0.05224159 0.05570830
v -0.03044826 0.05131183 0.05607103
v -0.02595963 -0.05185973 0.05607103
v -0.02289793 -0.05128122 0.03025276
v -0.02331362 -0.05181840 0.02978970
v -0.02704015 -0.05234526 0.05607103
v -0.02823926 -0.05243824 0.04538717
v -0.02583573 -0.05231427 0.03216675
v -0.02388519 -0.05202501 0.02978970
v -0.02703749 -0.05235559 0.03577349
v -0.02703749 -0.05226262 0.03456953
v -0.02823792 -0.05206634 0.03696973
v -0.02940505 -0.05190105 0.04297925
v -0.02823792 -0.05216965 0.03817627
v -0.02944235 -0.05194237 0.04538717
v -0.02944235 -0.05194237 0.04658855
v -0.02938107 -0.05192170 0.04899390
v -0.03001792 -0.05125022 0.04805749
v -0.02917322 -0.05180807 0.05259292
v -0.02910927 -0.05175642 0.05379688
v -0.02900668 -0.05165311 0.05500084
v -0.03034567 -0.03152913 0.05578033
v -0.02998195 -0.05103327 0.04899390
v -0.02991000 -0.05073369 0.05011040
v -0.02942237 -0.05082666 0.05379688
v -0.03283847 0.05162175 0.05469985
v -0.03034567 -0.03118823 0.05586265
v -0.03034567 -0.03039277 0.05601443
v -0.03034567 -0.03009318 0.05604531
v -0.03034567 -0.02979359 0.05607103
v -0.03148082 0.05167341 0.05570830
v -0.02606888 -0.05191138 0.05607103
v -0.02335625 -0.05183906 0.02978970
v -0.02717472 -0.05233493 0.05607103
v -0.02823926 -0.05242791 0.04899390
v -0.02823926 -0.05236592 0.04273228
v -0.02703749 -0.05236592 0.03696973
v -0.02823792 -0.05233493 0.04178043
v -0.02823926 -0.05223163 0.05379688
v -0.02823926 -0.05213865 0.05500084
v -0.02890809 -0.05151881 0.05589867
v -0.02844443 -0.05184939 0.05607103
v -0.02922119 -0.05082666 0.05500084
v -0.02898803 -0.05077501 0.05607103
v -0.02832719 -0.05191138 0.05607103
v -0.02864562 -0.05168411 0.05607103
v -0.02888810 -0.05144650 0.05607103
v 0.00905053 0.04359918 0.08127467
v 0.00905053 0.04445634 0.08062923
v 0.00902371 0.04385429 0.08107873
v 0.00782364 0.04372718 0.08098653
v 0.00783034 0.04359918 0.08107297
v 0.00905053 0.04359918 0.07962075
v 0.04937011 0.04436189 0.04659410
v 0.04932989 0.04436189 0.04900295
v 0.04926285 0.04436189 0.05019585
v 0.04916228 0.04436189 0.05119282
v 0.04902149 0.04436189 0.05235690
v 0.04898797 0.04436189 0.05259318
v 0.04878014 0.04436189 0.05387829
v 0.04870639 0.04436189 0.05421253
v 0.04849855 0.04436189 0.05504237
v 0.04812982 0.04436189 0.05620646
v 0.04789517 0.04436189 0.05687494
v 0.04766722 0.04436189 0.05749733
v 0.04724485 0.04436189 0.05852887
v 0.04714429 0.04436189 0.05877091
v 0.04668169 0.04436189 0.05980245
v 0.04654761 0.04436189 0.06009635
v 0.04615876 0.04436189 0.06092044
v 0.04480449 0.04436189 0.06361743
v 0.04423463 0.04436189 0.06461439
v 0.04365136 0.04436189 0.06557678
v 0.04338318 0.04436189 0.06599170
v 0.04292059 0.04436189 0.06667748
v 0.04265912 0.04436189 0.06702901
v 0.04187472 0.04436189 0.06806632
v 0.04070818 0.04436189 0.06959346
v 0.03973605 0.04436189 0.07082094
v 0.03931368 0.04436189 0.07133383
v 0.03897176 0.04436189 0.07173146
v 0.03891142 0.04436189 0.07178333
v 0.02462459 0.04862828 0.07641663
v 0.02330384 0.04862828 0.07670477
v 0.02223786 0.04862828 0.07689494
v 0.02192276 0.04862828 0.07694680
v 0.02105791 0.04862828 0.07707358
v 0.02024669 0.04862828 0.07716003
v 0.01985113 0.04862828 0.07720036
v 0.01864436 0.04862828 0.07727528
v 0.00902371 0.04521463 0.08002414
v 0.00782364 0.04508751 0.07992617
v 0.00782364 0.04432834 0.08052551
v 0.01771917 0.04862828 0.07728104
v 0.00698560 0.04361595 0.08090585
v 0.00697220 0.04359918 0.08091161
v -0.00894378 0.04359918 0.07080941
v -0.01745152 0.04360006 0.05606815
v 0.04935000 0.04436189 0.04608121
v 0.04811641 0.04596763 0.04608121
v 0.04812311 0.04597381 0.04659410
v 0.04811641 0.04596939 0.04900295
v 0.04810971 0.04595880 0.04974635
v 0.04907513 0.04445104 0.05140028
v 0.04840470 0.04513960 0.05259318
v 0.04831083 0.04502307 0.05379761
v 0.04820356 0.04488448 0.05475999
v 0.04796891 0.04458787 0.05620646
v 0.04715099 0.04505574 0.05741089
v 0.04699009 0.04485358 0.05822921
v 0.04680907 0.04464613 0.05903023
v 0.04663476 0.04443162 0.05980245
v 0.04583025 0.04490567 0.06068992
v 0.04450280 0.04595968 0.06164655
v 0.04463018 0.04491979 0.06309878
v 0.04441565 0.04466467 0.06389981
v 0.04420781 0.04439896 0.06461439
v 0.04338318 0.04485270 0.06536356
v 0.04312171 0.04455079 0.06616459
v 0.04232390 0.04499571 0.06672934
v 0.04090260 0.04476530 0.06885006
v 0.03978968 0.04485535 0.07017550
v 0.03947458 0.04451990 0.07097077
v 0.03891142 0.04481033 0.07129925
v 0.03891142 0.04471676 0.07140298
v 0.03348766 0.04862828 0.07175451
v 0.03184511 0.04862828 0.07303962
v 0.03065845 0.04862828 0.07380031
v 0.03005506 0.04862828 0.07412303
v 0.02884829 0.04862828 0.07473965
v 0.02825161 0.04862828 0.07503931
v 0.02743368 0.04862828 0.07537932
v 0.02697109 0.04862828 0.07556373
v 0.02680348 0.04862828 0.07562712
v 0.02585147 0.04862828 0.07598441
v 0.02465811 0.04925063 0.07535050
v 0.02345804 0.04931772 0.07559830
v 0.02345804 0.04871655 0.07655493
v 0.02233843 0.04871567 0.07675087
v 0.02225127 0.04937510 0.07573661
v 0.02105791 0.04940246 0.07582882
v 0.01985113 0.04897167 0.07663561
v 0.01985113 0.04942542 0.07588645
v 0.01864436 0.04901316 0.07663561
v 0.00905053 0.04581756 0.07952277
v 0.00782364 0.04568779 0.07942481
v 0.00661687 0.04552978 0.07929802
v 0.00661687 0.04492773 0.07979363
v 0.01864436 0.04944130 0.07592102
v 0.01745100 0.04943689 0.07592102
v 0.01745100 0.04862828 0.07727528
v 0.00581906 0.04480591 0.07970142
v 0.00421673 0.04391079 0.07992617
v 0.00417651 0.04359918 0.08013363
v 0.00541680 0.04359918 0.08047940
v -0.01115620 0.04359918 0.07080941
v -0.01912089 0.04360006 0.05606815
v 0.04769404 0.04436189 0.04608121
v -0.01056622 0.04604355 0.02978975
v 0.03506987 0.04803859 0.02240184
v 0.03537156 0.04803859 0.02266116
v 0.03573359 0.04803859 0.02298388
v 0.03602188 0.04803859 0.02324897
v 0.03642413 0.04803859 0.02362931
v 0.03679957 0.04803859 0.02398660
v 0.03722194 0.04803859 0.02440153
v 0.03762420 0.04803859 0.02482221
v 0.03800635 0.04803859 0.02523137
v 0.03836838 0.04803859 0.02563477
v 0.03860973 0.04803859 0.02591715
v 0.03891813 0.04803859 0.02629173
v 0.03932038 0.04803859 0.02678733
v 0.03963549 0.04803859 0.02718496
v 0.03999081 0.04803859 0.02764022
v 0.04058750 0.04803859 0.02849312
v 0.04143894 0.04803859 0.02974941
v 0.04196188 0.04803859 0.03056197
v 0.04237084 0.04803859 0.03129384
v 0.04280662 0.04803859 0.03216403
v 0.04330273 0.04803859 0.03338574
v 0.04406702 0.04803859 0.03546612
v 0.04417429 0.04803859 0.03577154
v 0.04455643 0.04803859 0.03698174
v 0.04486483 0.04803859 0.03800751
v 0.04491847 0.04803859 0.03819769
v 0.04524027 0.04803859 0.03937906
v 0.04547492 0.04803859 0.04045671
v 0.04565594 0.04803859 0.04149978
v 0.04570287 0.04803859 0.04178215
v 0.04788176 0.04622098 0.04608121
v 0.04696327 0.04721497 0.04659410
v 0.04696327 0.04722027 0.04779852
v 0.04756666 0.04657409 0.04779852
v 0.04696327 0.04721586 0.04900295
v 0.04692975 0.04718319 0.05019585
v 0.04690293 0.04715053 0.05085281
v 0.04804937 0.04590672 0.05054162
v 0.04847844 0.04523847 0.05140028
v 0.04791528 0.04573988 0.05259318
v 0.04783483 0.04562424 0.05379761
v 0.04708395 0.04615389 0.05500203
v 0.04695657 0.04601442 0.05578577
v 0.04731190 0.04540531 0.05618917
v 0.04680237 0.04584846 0.05658680
v 0.04664147 0.04565690 0.05741089
v 0.04567605 0.04592790 0.05918007
v 0.04465029 0.04611947 0.06100688
v 0.04408714 0.04672063 0.06100688
v 0.04332284 0.04717878 0.06167536
v 0.04381226 0.04646639 0.06206147
v 0.04350386 0.04616978 0.06320827
v 0.04430167 0.04572046 0.06244182
v 0.04395975 0.04542738 0.06355404
v 0.04328262 0.04593497 0.06400354
v 0.04308149 0.04572134 0.06461439
v 0.04267253 0.04532498 0.06579577
v 0.04193506 0.04579726 0.06621646
v 0.03939413 0.04565690 0.06965685
v 0.03903210 0.04529761 0.07057314
v 0.03891142 0.04518285 0.07085551
v 0.03423183 0.04862828 0.07109179
v 0.03177136 0.04923209 0.07173146
v 0.03311892 0.04869978 0.07189282
v 0.03065845 0.04901493 0.07303386
v 0.02847955 0.04943513 0.07342573
v 0.02768174 0.04954988 0.07364471
v 0.02815775 0.04917471 0.07411726
v 0.02947179 0.04869625 0.07430167
v 0.02705824 0.04930713 0.07436506
v 0.02585147 0.04894784 0.07543695
v 0.02426255 0.04957195 0.07488948
v 0.02345804 0.04961786 0.07499897
v 0.02225127 0.04967259 0.07513728
v 0.02105791 0.04970525 0.07522949
v 0.01985113 0.04971937 0.07528711
v 0.00905053 0.04640989 0.07892344
v 0.00782364 0.04632603 0.07881971
v 0.01623752 0.04862828 0.07722342
v 0.00661687 0.04621039 0.07869869
v 0.00541680 0.04605679 0.07854886
v 0.01864436 0.04973262 0.07532169
v 0.01745100 0.04973968 0.07532169
v 0.01623752 0.04972644 0.07528135
v 0.01623752 0.04941482 0.07588645
v 0.00475978 0.04596233 0.07845666
v 0.00502125 0.04466909 0.07956888
v 0.00421673 0.04451195 0.07944786
v 0.00301667 0.04499924 0.07865836
v 0.00328484 0.04370599 0.07976482
v 0.00323120 0.04359918 0.07982244
v -0.01086121 0.04359918 0.07116671
v -0.01192719 0.04360006 0.06994499
v -0.01298647 0.04360006 0.06858497
v -0.01348259 0.04360006 0.06794530
v -0.01450164 0.04360006 0.06656799
v -0.01545365 0.04360006 0.06504660
v -0.01586261 0.04360006 0.06436083
v -0.01675428 0.04360006 0.06271843
v -0.01709620 0.04360006 0.06203842
v -0.01790071 0.04360006 0.06022314
v -0.01815547 0.04360006 0.05954889
v -0.01842365 0.04360006 0.05860379
v -0.01826274 0.04387990 0.05860955
v -0.01887954 0.04395316 0.05606815
v -0.01811525 0.04604355 0.05174028
v -0.01816218 0.04604355 0.05140028
v -0.01832308 0.04604355 0.05019585
v -0.01841024 0.04604355 0.04899719
v -0.01843035 0.04604355 0.04779276
v -0.01841694 0.04604355 0.04659410
v -0.01834990 0.04604355 0.04538967
v -0.01826274 0.04604355 0.04433508
v -0.01811525 0.04604355 0.04289438
v -0.01799457 0.04604355 0.04217402
v -0.01734426 0.04604355 0.03980551
v -0.01722358 0.04604355 0.03937906
v -0.01693529 0.04604355 0.03843396
v -0.01668053 0.04604355 0.03771937
v -0.01607714 0.04604355 0.03613460
v -0.01592965 0.04604355 0.03577731
v -0.01560784 0.04604355 0.03501086
v -0.01531286 0.04604355 0.03438847
v -0.01498435 0.04604355 0.03370270
v -0.01451505 0.04604355 0.03278065
v -0.01442789 0.04604355 0.03261353
v -0.01332168 0.04604355 0.03067723
v -0.01304010 0.04604355 0.03019315
v -0.01278534 0.04604355 0.02978975
v 0.03437262 0.04843937 0.02240184
v 0.03505646 0.04845084 0.02298388
v 0.03172443 0.04803859 0.02240184
v 0.03585427 0.04821250 0.02335270
v 0.03628335 0.04846850 0.02414796
v 0.03708116 0.04822221 0.02454560
v 0.03747001 0.04846938 0.02534087
v 0.03826781 0.04820632 0.02580189
v 0.03860303 0.04843054 0.02660292
v 0.03940755 0.04815688 0.02710428
v 0.03972264 0.04837316 0.02790532
v 0.04105679 0.04846320 0.03008942
v 0.04186131 0.04819219 0.03074638
v 0.04209596 0.04835197 0.03154741
v 0.04223675 0.04845349 0.03216403
v 0.04310160 0.04819573 0.03336846
v 0.04338318 0.04842171 0.03487831
v 0.04414077 0.04806861 0.03577154
v 0.04434189 0.04821779 0.03697597
v 0.04456984 0.04840759 0.03849159
v 0.04541458 0.04811363 0.04058349
v 0.04467711 0.04848968 0.03937906
v 0.04552856 0.04819926 0.04178215
v 0.04560901 0.04824957 0.04298658
v 0.04579002 0.04803859 0.04260047
v 0.04695657 0.04720438 0.04608121
v 0.04569616 0.04835109 0.04586222
v 0.04570287 0.04835286 0.04659410
v 0.04629955 0.04782055 0.04779852
v 0.04629955 0.04781702 0.04900295
v 0.04568946 0.04834668 0.04962533
v 0.04676885 0.04701635 0.05259318
v 0.04723815 0.04631279 0.05379761
v 0.04731860 0.04641519 0.05259318
v 0.04548163 0.04817013 0.05259318
v 0.04615876 0.04756985 0.05259318
v 0.04605819 0.04748422 0.05379761
v 0.04650738 0.04675506 0.05500203
v 0.04576321 0.04721586 0.05580883
v 0.04561571 0.04707020 0.05661562
v 0.04604479 0.04631014 0.05741089
v 0.04584366 0.04610622 0.05837904
v 0.04449610 0.04714877 0.05922041
v 0.04430837 0.04696250 0.06002144
v 0.04348375 0.04733503 0.06100688
v 0.04267253 0.04798298 0.06107603
v 0.04229709 0.04732444 0.06317946
v 0.04310160 0.04697133 0.06248216
v 0.04278650 0.04664471 0.06359438
v 0.04206244 0.04711964 0.06398049
v 0.04223005 0.04607886 0.06542119
v 0.04113724 0.04617067 0.06673511
v 0.03970253 0.04596587 0.06885582
v 0.03891142 0.04589083 0.06996228
v 0.03891142 0.04536558 0.07063077
v 0.03473465 0.04862828 0.07059043
v 0.03437262 0.04871303 0.07073449
v 0.03130876 0.04955606 0.07126467
v 0.03065845 0.04940158 0.07211181
v 0.02998131 0.04948985 0.07237113
v 0.02918350 0.04961256 0.07262470
v 0.02952542 0.04933273 0.07302809
v 0.02815775 0.04966729 0.07302809
v 0.02705824 0.04982001 0.07303386
v 0.02585147 0.04968495 0.07400201
v 0.02465811 0.04972644 0.07431320
v 0.02345804 0.04986591 0.07422676
v 0.02225127 0.04994889 0.07422676
v 0.02105791 0.05000804 0.07422676
v 0.01985113 0.05004246 0.07422676
v 0.00905053 0.04701106 0.07830106
v 0.00782364 0.04692719 0.07820310
v 0.01505086 0.04862828 0.07713121
v 0.00661687 0.04681155 0.07807631
v 0.00541680 0.04665795 0.07793224
v 0.00477989 0.04715495 0.07725223
v 0.01864436 0.05005924 0.07422676
v 0.01745100 0.05006277 0.07422676
v 0.01623752 0.05004423 0.07422676
v 0.01505086 0.05000363 0.07422676
v 0.01505086 0.04969907 0.07521796
v 0.01505086 0.04938922 0.07581729
v 0.00301667 0.04626159 0.07755190
v 0.00203784 0.04608768 0.07737901
v 0.00396197 0.04580167 0.07831835
v 0.00301667 0.04559952 0.07815699
v 0.00221886 0.04482533 0.07850852
v 0.00141434 0.04464613 0.07835293
v 0.00060983 0.04382428 0.07865259
v 0.00060983 0.04359918 0.07880243
v -0.01102211 0.04376160 0.07080941
v -0.01075394 0.04359918 0.07128773
v -0.01043884 0.04436277 0.07080941
v -0.01078746 0.04472293 0.07000262
v -0.01154505 0.04428243 0.06959922
v -0.01229593 0.04384282 0.06919006
v -0.01340884 0.04375984 0.06788767
v -0.01448823 0.04363890 0.06653917
v -0.01509832 0.04424536 0.06476423
v -0.01578216 0.04375719 0.06430897
v -0.01700234 0.04378544 0.06198656
v -0.01716324 0.04416768 0.06096654
v -0.01686825 0.04479973 0.06053433
v -0.01812195 0.04368569 0.05950855
v -0.01780685 0.04448106 0.05860955
v -0.01793423 0.04464613 0.05776242
v -0.01805491 0.04479179 0.05695562
v -0.01817559 0.04492067 0.05606815
v -0.01803480 0.04604355 0.05221860
v -0.01753197 0.04667472 0.05140028
v -0.01762584 0.04676035 0.05019585
v -0.01813536 0.04607356 0.05140028
v -0.01822252 0.04615919 0.05019585
v -0.01826274 0.04620774 0.04899719
v -0.01827615 0.04622010 0.04779276
v -0.01826945 0.04621304 0.04659410
v -0.01823593 0.04617596 0.04538967
v -0.01818229 0.04611947 0.04419101
v -0.01812195 0.04605061 0.04298658
v -0.01750516 0.04665177 0.04298658
v -0.01684814 0.04717613 0.04224318
v -0.01663360 0.04697133 0.04058349
v -0.01707609 0.04621039 0.03937906
v -0.01646599 0.04681155 0.03937906
v -0.01558103 0.04710816 0.03766175
v -0.01545365 0.04698722 0.03697597
v -0.01605703 0.04638694 0.03697597
v -0.01582238 0.04615654 0.03577731
v -0.01519888 0.04675770 0.03577731
v -0.01444800 0.04717348 0.03510306
v -0.01496423 0.04650082 0.03467085
v -0.01466924 0.04618744 0.03336846
v -0.01399882 0.04678860 0.03336846
v -0.01322782 0.04716201 0.03272878
v -0.01374405 0.04648669 0.03228505
v -0.01340884 0.04611947 0.03096537
v -0.01299317 0.04696250 0.03192775
v -0.01219536 0.04729442 0.03124774
v -0.01256410 0.04624128 0.02978975
v 0.00905723 0.05124391 0.02240184
v 0.00905723 0.04996920 0.02240184
v 0.03412456 0.04857796 0.02240184
v 0.03348095 0.04944484 0.02330083
v 0.03395025 0.04967788 0.02410762
v 0.03474806 0.04946073 0.02446492
v 0.03515702 0.04968848 0.02526595
v 0.03787226 0.04864858 0.02618224
v 0.03631687 0.04967082 0.02648190
v 0.03712138 0.04944307 0.02695445
v 0.03784544 0.04921532 0.02735785
v 0.03903210 0.04857266 0.02744429
v 0.03994389 0.04851352 0.02856227
v 0.03822759 0.04941217 0.02830871
v 0.03897847 0.04912086 0.02865448
v 0.04147246 0.04856648 0.03107486
v 0.03851587 0.04956489 0.02910974
v 0.04249822 0.04861768 0.03336846
v 0.03978298 0.04960197 0.03137452
v 0.04096294 0.04959049 0.03377185
v 0.04354409 0.04853206 0.03577154
v 0.04373851 0.04866271 0.03697597
v 0.04277979 0.04926299 0.03697597
v 0.04296752 0.04934861 0.03817464
v 0.04481120 0.04858149 0.04058349
v 0.04397316 0.04926387 0.04178215
v 0.04492517 0.04866271 0.04178215
v 0.04499892 0.04871567 0.04298658
v 0.04601797 0.04803859 0.04557408
v 0.04503914 0.04873863 0.04419101
v 0.04519334 0.04867065 0.04543577
v 0.04508607 0.04875805 0.04659410
v 0.04570287 0.04835109 0.04779852
v 0.04508607 0.04875010 0.04900295
v 0.04517323 0.04864858 0.05008636
v 0.04497210 0.04867771 0.05140028
v 0.04487824 0.04861504 0.05259318
v 0.04666158 0.04691395 0.05379761
v 0.04475757 0.04853471 0.05379761
v 0.04536095 0.04808450 0.05379761
v 0.04590400 0.04734121 0.05500203
v 0.04485813 0.04747363 0.05741089
v 0.04434189 0.04822927 0.05640816
v 0.04415418 0.04807390 0.05741089
v 0.04545481 0.04691042 0.05741089
v 0.04383237 0.04792825 0.05865565
v 0.04308149 0.04816836 0.05980245
v 0.04225687 0.04846673 0.06071874
v 0.04202892 0.04828577 0.06151977
v 0.04181438 0.04813658 0.06220554
v 0.04151939 0.04777465 0.06346760
v 0.04070147 0.04822309 0.06376150
v 0.04122440 0.04740388 0.06461439
v 0.04096964 0.04721056 0.06533475
v 0.04183449 0.04692808 0.06461439
v 0.04066795 0.04697310 0.06613578
v 0.03891142 0.04685569 0.06857921
v 0.03891142 0.04619891 0.06954159
v 0.03541849 0.04862828 0.06985855
v 0.03535145 0.04923297 0.06810666
v 0.03415808 0.04924621 0.06931685
v 0.03295802 0.04925504 0.07051551
v 0.03368878 0.04955165 0.06884429
v 0.03177136 0.04960991 0.07051551
v 0.03065845 0.04980853 0.07062500
v 0.03065845 0.04962580 0.07151247
v 0.02825831 0.04996302 0.07182943
v 0.02952542 0.04973880 0.07191587
v 0.02585147 0.04995860 0.07303386
v 0.02465140 0.05007160 0.07303386
v 0.02345804 0.05013163 0.07303386
v 0.01864436 0.05076722 0.07016398
v 0.01745100 0.05077869 0.07023313
v 0.00905053 0.04753365 0.07770173
v 0.00782364 0.04745862 0.07759800
v 0.00661687 0.04735445 0.07747698
v 0.01384409 0.04936539 0.07573661
v 0.01263732 0.04934420 0.07564441
v 0.01384409 0.04884103 0.07663561
v 0.01384409 0.04862828 0.07699290
v 0.00541680 0.04722645 0.07733291
v 0.00588610 0.04836786 0.07607086
v 0.00508159 0.04826635 0.07596136
v 0.00421673 0.04815159 0.07581153
v 0.00301667 0.04737828 0.07631865
v 0.00397538 0.04702253 0.07710240
v 0.01623752 0.05078045 0.07023313
v 0.01505086 0.05077428 0.07018703
v 0.01384409 0.05075927 0.07010059
v 0.01023718 0.05009984 0.07303386
v 0.00905723 0.05005747 0.07303386
v 0.01384409 0.04995595 0.07422676
v 0.01384409 0.04966994 0.07513728
v 0.00301667 0.04686275 0.07691799
v 0.00168922 0.04658645 0.07668747
v 0.00124003 0.04592702 0.07721765
v -0.00031536 0.04491538 0.07738478
v 0.00060983 0.04442544 0.07818580
v -0.00061035 0.04415443 0.07785156
v -0.00010753 0.04361153 0.07849699
v -0.00011423 0.04359918 0.07849699
v -0.00966114 0.04359918 0.07248639
v -0.00963433 0.04476884 0.07126467
v -0.00991590 0.04502396 0.07063077
v -0.00954047 0.04588995 0.06995652
v -0.01033157 0.04545651 0.06958193
v -0.01110927 0.04502484 0.06920159
v -0.01222888 0.04495245 0.06789919
v -0.01190708 0.04464437 0.06870023
v -0.01302669 0.04456227 0.06739783
v -0.01377087 0.04410059 0.06696562
v -0.01419995 0.04451107 0.06581882
v -0.01440778 0.04473441 0.06520796
v -0.01545365 0.04455786 0.06372692
v -0.01597658 0.04414914 0.06336387
v -0.01651963 0.04416768 0.06231504
v -0.01668723 0.04458610 0.06133536
v -0.01586261 0.04499747 0.06221707
v -0.01527934 0.04559952 0.06221707
v -0.01548717 0.04582021 0.06134112
v -0.01566818 0.04599676 0.06054585
v -0.01641236 0.04554920 0.05980821
v -0.01700904 0.04494804 0.05980821
v -0.01720347 0.04516431 0.05860955
v -0.01741130 0.04533999 0.05741665
v -0.01688837 0.04602236 0.05706512
v -0.01761243 0.04550241 0.05620646
v -0.01741130 0.04604355 0.05500203
v -0.01768617 0.04604355 0.05379761
v -0.01801468 0.04604355 0.05231080
v -0.01716994 0.04630043 0.05500203
v -0.01730403 0.04642843 0.05379761
v -0.01669394 0.04702959 0.05379761
v -0.01685484 0.04718496 0.05223012
v -0.01692859 0.04725646 0.05140028
v -0.01702915 0.04734827 0.05019585
v -0.01767947 0.04680890 0.04899719
v -0.01708279 0.04740565 0.04899719
v -0.01769288 0.04682303 0.04779276
v -0.01768617 0.04681420 0.04659410
v -0.01765265 0.04677712 0.04538967
v -0.01758561 0.04672063 0.04419101
v -0.01698893 0.04731031 0.04419101
v -0.01461561 0.04974144 0.04538967
v -0.01603692 0.04752394 0.04058349
v -0.01397200 0.05034790 0.04538967
v -0.01560114 0.04833079 0.04243335
v -0.01552069 0.04826105 0.04178792
v -0.01586931 0.04736681 0.03937906
v -0.01571511 0.04723881 0.03846278
v -0.01485026 0.04751688 0.03697597
v -0.01460220 0.04730855 0.03577731
v -0.01334180 0.04843495 0.03612884
v -0.01340213 0.04729619 0.03336846
v -0.01424017 0.04700223 0.03430203
v -0.01085450 0.04837669 0.03147825
v -0.01140426 0.04775346 0.03096537
v -0.01118302 0.04738711 0.02978975
v -0.01175288 0.04692719 0.02978975
v 0.00905723 0.05128098 0.02252285
v 0.01384409 0.05199779 0.02417678
v 0.01398488 0.05140369 0.02240184
v -0.01025112 0.04805272 0.02978975
v -0.00972148 0.04841200 0.02978975
v -0.00928570 0.04864417 0.02978975
v -0.00907116 0.04875275 0.02978975
v -0.00736157 0.04960020 0.02978975
v -0.00697272 0.04974144 0.02978975
v -0.00677830 0.04980412 0.02978975
v -0.00300378 0.05089963 0.02978975
v -0.00183053 0.05121742 0.02978975
v 0.03323960 0.04902023 0.02240184
v 0.03268314 0.04964169 0.02298388
v 0.03307869 0.04984473 0.02372152
v 0.03262951 0.05080517 0.02541578
v 0.03431228 0.04988004 0.02490289
v 0.03552576 0.04986944 0.02611308
v 0.03343402 0.05062950 0.02580765
v 0.03379606 0.05079634 0.02660292
v 0.03539838 0.05042205 0.02742124
v 0.03670571 0.04982707 0.02735785
v 0.03742977 0.04962757 0.02775548
v 0.03871700 0.04966817 0.02976670
v 0.03784544 0.04973438 0.02865448
v 0.04208255 0.04954812 0.03635935
v 0.03912596 0.04980942 0.03097113
v 0.03999081 0.04969731 0.03216403
v 0.04034614 0.04979176 0.03337422
v 0.04112384 0.04966994 0.03456712
v 0.04218312 0.04959667 0.03697597
v 0.04236413 0.04968583 0.03817464
v 0.04330944 0.04955783 0.04107333
v 0.04404021 0.04931772 0.04298658
v 0.04336977 0.04958873 0.04178215
v 0.04408043 0.04933979 0.04419101
v 0.04410725 0.04934861 0.04538967
v 0.04508607 0.04875451 0.04779852
v 0.04412066 0.04934950 0.04608121
v 0.04412066 0.04934950 0.04659410
v 0.04408714 0.04934685 0.04900295
v 0.04403350 0.04932566 0.05019585
v 0.04393964 0.04927799 0.05140028
v 0.04377203 0.04923121 0.05249521
v 0.04261219 0.04930801 0.05629290
v 0.04458996 0.04841818 0.05500203
v 0.04518664 0.04794149 0.05500203
v 0.04448939 0.04834491 0.05560136
v 0.04338989 0.04842436 0.05829259
v 0.04323569 0.04829018 0.05908786
v 0.04247811 0.04861151 0.05980245
v 0.04138530 0.04921002 0.05972753
v 0.04156632 0.04871126 0.06107603
v 0.04121100 0.04854618 0.06220554
v 0.04097634 0.04840847 0.06296047
v 0.03989695 0.04847556 0.06431473
v 0.03891142 0.04846585 0.06568628
v 0.03891142 0.04824339 0.06615883
v 0.03891142 0.04779054 0.06701172
v 0.03987014 0.04728825 0.06665443
v 0.03891142 0.04729796 0.06788191
v 0.03891142 0.04692808 0.06846971
v 0.03581405 0.04862828 0.06938024
v 0.03555258 0.04869802 0.06949549
v 0.03603528 0.04951810 0.06638358
v 0.03487544 0.04954724 0.06762834
v 0.03666548 0.04907849 0.06701749
v 0.03415808 0.04959932 0.06810666
v 0.03426535 0.04977852 0.06701749
v 0.03546542 0.04996566 0.06462016
v 0.02945838 0.05000980 0.07062500
v 0.02825831 0.05014134 0.07062500
v 0.02705824 0.05008660 0.07182943
v 0.02289488 0.05074956 0.06884429
v 0.02225127 0.05076810 0.06898836
v 0.02105791 0.05079988 0.06923617
v 0.01943547 0.05075397 0.07007177
v 0.01864436 0.05086785 0.06942634
v 0.01745100 0.05089698 0.06942634
v 0.01623752 0.05090404 0.06942634
v 0.00902371 0.04813305 0.07696985
v 0.00782364 0.04805801 0.07687765
v 0.00661687 0.04795385 0.07675663
v 0.01263732 0.04963551 0.07504508
v 0.01047854 0.04956754 0.07488372
v 0.01144396 0.04930271 0.07555220
v 0.01259709 0.04868213 0.07675087
v 0.01266414 0.04862828 0.07683731
v 0.00661687 0.04843054 0.07615730
v 0.00545703 0.04864417 0.07551186
v 0.00421673 0.04859562 0.07521219
v 0.00321780 0.04846762 0.07501050
v 0.00289599 0.04805007 0.07541966
v 0.00213841 0.04723616 0.07614577
v 0.01505086 0.05089698 0.06942634
v 0.01384409 0.05087314 0.06942634
v 0.01319378 0.05074956 0.07003720
v 0.00782364 0.04999480 0.07303386
v 0.00905723 0.04973880 0.07416913
v 0.01144396 0.04984296 0.07422676
v 0.01263732 0.04990123 0.07422676
v 0.00541680 0.05011750 0.07183519
v 0.00133389 0.04708521 0.07598441
v 0.00060983 0.04634545 0.07648001
v -0.00059024 0.04609739 0.07619764
v -0.00121374 0.04595262 0.07604780
v 0.00060983 0.04576195 0.07707935
v -0.00201825 0.04573546 0.07585187
v -0.00272891 0.04493568 0.07620916
v -0.00179031 0.04449341 0.07702748
v -0.00257471 0.04365479 0.07732715
v -0.00260823 0.04359918 0.07734444
v -0.00882311 0.04398053 0.07287826
v -0.00842085 0.04475824 0.07245181
v -0.00922536 0.04440072 0.07206570
v -0.00846107 0.04359918 0.07358132
v -0.00712692 0.04588995 0.07237113
v -0.00834710 0.04589701 0.07117823
v -0.00873595 0.04618038 0.07037144
v -0.00902423 0.04656791 0.06945515
v -0.00931922 0.04695544 0.06851582
v -0.00986897 0.04615478 0.06914972
v -0.01099530 0.04609916 0.06785886
v -0.01067349 0.04582550 0.06865989
v -0.01179311 0.04575312 0.06735749
v -0.01257080 0.04530820 0.06697715
v -0.01333509 0.04486506 0.06659104
v -0.01359656 0.04512459 0.06581882
v -0.01319430 0.04592967 0.06520796
v -0.01393177 0.04546269 0.06480457
v -0.01426028 0.04579549 0.06376150
v -0.01464913 0.04499394 0.06440693
v -0.01567489 0.04480591 0.06292589
v -0.01448823 0.04601795 0.06296047
v -0.01468265 0.04619362 0.06221707
v -0.01424687 0.04700135 0.06125468
v -0.01442789 0.04715936 0.06045365
v -0.01581568 0.04613800 0.05980821
v -0.01664031 0.04576548 0.05860955
v -0.01676768 0.04588995 0.05786615
v -0.01637884 0.04674446 0.05620646
v -0.01700904 0.04614507 0.05620646
v -0.01566148 0.04718937 0.05695562
v -0.01702915 0.04616184 0.05606815
v -0.01696211 0.04622893 0.05606239
v -0.01655315 0.04690159 0.05500203
v -0.01609726 0.04757073 0.05379761
v -0.01561455 0.04834491 0.05200537
v -0.01567489 0.04839788 0.05140028
v -0.01627157 0.04785763 0.05140028
v -0.01578886 0.04850204 0.05019585
v -0.01638554 0.04794855 0.05019585
v -0.01586261 0.04857708 0.04899719
v -0.01709620 0.04742419 0.04779276
v -0.01466254 0.04979088 0.04779276
v -0.01588942 0.04861151 0.04779276
v -0.01648611 0.04802535 0.04779276
v -0.01708949 0.04741889 0.04659410
v -0.01704927 0.04738270 0.04538967
v -0.01643918 0.04798386 0.04538967
v -0.01584249 0.04856472 0.04538967
v -0.01406586 0.05041058 0.04658833
v -0.01534638 0.04812246 0.04058349
v -0.01346918 0.05094642 0.04658833
v -0.01336861 0.05087403 0.04538967
v -0.01515195 0.04796885 0.03937906
v -0.01444130 0.04836786 0.03868753
v -0.01430051 0.04824957 0.03788073
v -0.01412620 0.04811539 0.03697597
v -0.01352281 0.04856472 0.03697597
v -0.01204116 0.04956489 0.03750039
v -0.01081428 0.04955165 0.03515493
v -0.01129028 0.04914028 0.03468238
v -0.01104222 0.04849586 0.03216979
v -0.01020419 0.04859738 0.03103452
v -0.00980193 0.04847203 0.03005484
v -0.01060645 0.04820985 0.03067723
v 0.00905723 0.05200043 0.02530629
v 0.01203393 0.05195012 0.02435543
v 0.01264402 0.05196777 0.02429203
v 0.01264402 0.05211784 0.02495476
v 0.01384409 0.05217257 0.02495476
v 0.01504416 0.05201191 0.02411339
v 0.01504416 0.05143635 0.02240184
v -0.00852812 0.04960726 0.03136300
v -0.00745543 0.04964875 0.03003179
v -0.00700624 0.04974144 0.02983009
v -0.00780405 0.04974144 0.03089621
v -0.00787110 0.04974144 0.03098842
v -0.00779735 0.05000186 0.03216979
v -0.01260432 0.05119006 0.04538967
v -0.00299708 0.05112297 0.03097113
v -0.00179701 0.05137544 0.03097113
v 0.00110594 0.05196512 0.03138605
v 0.00217863 0.05197660 0.03014128
v 0.00288258 0.05202074 0.02978975
v 0.03268314 0.04928329 0.02240184
v 0.03192556 0.04961521 0.02240184
v 0.03167079 0.04972026 0.02240184
v 0.03177806 0.04976881 0.02256896
v 0.03178477 0.05039645 0.02383677
v 0.03304517 0.05090316 0.02618800
v 0.03133558 0.05076986 0.02430356
v 0.03178477 0.05088903 0.02498934
v 0.03185851 0.05119359 0.02615918
v 0.03422513 0.05088109 0.02742124
v 0.03494919 0.05077781 0.02786497
v 0.03629005 0.05083342 0.03001450
v 0.03667219 0.05022961 0.02856227
v 0.04150599 0.04972732 0.03588104
v 0.03727558 0.05074956 0.03155317
v 0.04027910 0.05002040 0.03456712
v 0.04147916 0.04989769 0.03697597
v 0.04251833 0.04975645 0.03937906
v 0.04147916 0.05002923 0.03817464
v 0.04276639 0.04975557 0.04062959
v 0.04344352 0.04962227 0.04298658
v 0.04267923 0.04987209 0.04178215
v 0.04348375 0.04963816 0.04419101
v 0.04350386 0.04964787 0.04538967
v 0.04351727 0.04964787 0.04608121
v 0.04351727 0.04964875 0.04659410
v 0.04350386 0.04963993 0.04779852
v 0.04348375 0.04962845 0.04900295
v 0.04343011 0.04960903 0.05019585
v 0.04334296 0.04957195 0.05140028
v 0.04328932 0.04954635 0.05202266
v 0.04216971 0.04958343 0.05595290
v 0.04206244 0.04952428 0.05675393
v 0.04268594 0.04903876 0.05741089
v 0.04391953 0.04860091 0.05608544
v 0.04355750 0.04853824 0.05741089
v 0.04277310 0.04870596 0.05865565
v 0.04165348 0.04933802 0.05860955
v 0.04091601 0.04955871 0.05927227
v 0.04027910 0.04899286 0.06220554
v 0.04029251 0.04861857 0.06337539
v 0.03769795 0.04862828 0.06693681
v 0.03664537 0.04862828 0.06835446
v 0.03891142 0.04757514 0.06740359
v 0.03670571 0.04865035 0.06821615
v 0.03635039 0.04961962 0.06558255
v 0.03744989 0.04959932 0.06425710
v 0.03515032 0.04960815 0.06701749
v 0.03787226 0.04893195 0.06581882
v 0.03898517 0.04923385 0.06334658
v 0.03852928 0.04956489 0.06289708
v 0.03557269 0.04972644 0.06591679
v 0.03671912 0.04970790 0.06464321
v 0.03666548 0.04992417 0.06340997
v 0.03666548 0.05007072 0.06220554
v 0.03546542 0.05010779 0.06340997
v 0.03426535 0.05011574 0.06462016
v 0.02945838 0.05014398 0.06942634
v 0.02779571 0.05076280 0.06535780
v 0.02700461 0.05079282 0.06578424
v 0.02656212 0.05075662 0.06650459
v 0.02585147 0.05078575 0.06676392
v 0.02441005 0.05077163 0.06783580
v 0.02335748 0.05079105 0.06822767
v 0.02345804 0.05091905 0.06701749
v 0.02105791 0.05105588 0.06701749
v 0.02105791 0.05092170 0.06821615
v 0.01985113 0.05098084 0.06821615
v 0.01984443 0.05081488 0.06951278
v 0.01864436 0.05102763 0.06821615
v 0.01745100 0.05106117 0.06821615
v 0.01623752 0.05124214 0.06701749
v 0.01623752 0.05107883 0.06821615
v 0.01505086 0.05108148 0.06821615
v 0.00905053 0.04857885 0.07637052
v 0.00782364 0.04851440 0.07627255
v 0.01023718 0.04864152 0.07646272
v 0.00782364 0.04969995 0.07404811
v 0.00968073 0.04953399 0.07482609
v 0.00989527 0.04862828 0.07642815
v 0.01144396 0.04870155 0.07655493
v 0.01014332 0.04929653 0.07533898
v 0.00661687 0.04885074 0.07543695
v 0.00541680 0.04930094 0.07433625
v 0.00431059 0.04920825 0.07412303
v 0.00289599 0.04874127 0.07435354
v 0.00180990 0.04861151 0.07408269
v 0.00241998 0.04833962 0.07483185
v 0.00176967 0.04759545 0.07552339
v 0.01384409 0.05106117 0.06821615
v 0.01263732 0.05101615 0.06821615
v 0.00902371 0.05106471 0.06702325
v 0.00789068 0.05082018 0.06830259
v 0.01273118 0.05082018 0.06948973
v 0.00834658 0.05075044 0.06883853
v 0.00661687 0.04991800 0.07303386
v 0.00421673 0.05002923 0.07183519
v 0.00662357 0.05080959 0.06802598
v 0.00541680 0.05077693 0.06782428
v 0.00113276 0.05075133 0.06645273
v 0.00060983 0.04743125 0.07520643
v -0.00030196 0.04726353 0.07498745
v 0.00060983 0.04694661 0.07581153
v -0.00065728 0.04675594 0.07540813
v -0.00168304 0.04627836 0.07544847
v -0.00299708 0.04609651 0.07500473
v -0.00360047 0.04594556 0.07483761
v -0.00353342 0.04470175 0.07599594
v -0.00305071 0.04417739 0.07667019
v -0.00328536 0.04359918 0.07700443
v -0.00779735 0.04443250 0.07332200
v -0.00716044 0.04470704 0.07359861
v -0.00779735 0.04501513 0.07272266
v -0.00707999 0.04359918 0.07472812
v -0.00779735 0.04383134 0.07392133
v -0.00673807 0.04545386 0.07314911
v -0.00581288 0.04581844 0.07350064
v -0.00632241 0.04615654 0.07269385
v -0.00664421 0.04657409 0.07186977
v -0.00754259 0.04618920 0.07157010
v -0.00695261 0.04698987 0.07098230
v -0.00814597 0.04698104 0.06974906
v -0.00967455 0.04719644 0.06771479
v -0.00851471 0.04721939 0.06895379
v -0.01017067 0.04652818 0.06818734
v -0.01139755 0.04632603 0.06697715
v -0.01210150 0.04602766 0.06655070
v -0.01055281 0.04695809 0.06702325
v -0.01080087 0.04714082 0.06641239
v -0.01297306 0.04572575 0.06581882
v -0.01346247 0.04617067 0.06440693
v -0.01237638 0.04625011 0.06581882
v -0.01269818 0.04661911 0.06475270
v -0.01375746 0.04649552 0.06332353
v -0.01325464 0.04718496 0.06289708
v -0.01401893 0.04679301 0.06221707
v -0.01342225 0.04732267 0.06221707
v -0.01295965 0.04813393 0.06101264
v -0.01329487 0.04840759 0.05942787
v -0.01455527 0.04726882 0.05980821
v -0.01515195 0.04673917 0.05980821
v -0.01538660 0.04693690 0.05860955
v -0.01603021 0.04633574 0.05860955
v -0.01633191 0.04682479 0.05606815
v -0.01477651 0.04745862 0.05860955
v -0.01403904 0.04805801 0.05860955
v -0.01450164 0.04841818 0.05589527
v -0.01524581 0.04804654 0.05500203
v -0.01577545 0.04729001 0.05620646
v -0.01594976 0.04744537 0.05500203
v -0.01541342 0.04817013 0.05379761
v -0.01450834 0.04962845 0.04999415
v -0.01459550 0.04971584 0.04899719
v -0.01519888 0.04917824 0.04899719
v -0.01400552 0.05039116 0.04779276
v -0.01474970 0.04974144 0.04658833
v -0.01648611 0.04802005 0.04659410
v -0.01455527 0.04845437 0.03937906
v -0.01340213 0.05088551 0.04779276
v -0.01260432 0.05130305 0.04658833
v -0.01325464 0.05078575 0.04466356
v -0.01098859 0.04963286 0.03577731
v -0.00979523 0.04963904 0.03362778
v -0.01020419 0.04895932 0.03216979
v 0.00905723 0.05212491 0.02615918
v 0.01143725 0.05224849 0.02615918
v 0.01264402 0.05231029 0.02615918
v 0.01384409 0.05235266 0.02615918
v 0.01504416 0.05219552 0.02495476
v 0.01623752 0.05201632 0.02409610
v 0.01518495 0.05143812 0.02240184
v -0.00876947 0.04969995 0.03216979
v -0.01261773 0.05093494 0.04422558
v -0.01140426 0.05141516 0.04538967
v 0.00087800 0.05199691 0.03216979
v 0.00180990 0.05211343 0.03216979
v 0.00178978 0.05201544 0.03097689
v 0.00301667 0.05214432 0.03097113
v 0.00418321 0.05214786 0.02978975
v 0.03081264 0.04998950 0.02240184
v 0.03065845 0.05057654 0.02347372
v 0.03306529 0.05117240 0.02735785
v 0.03065845 0.05085902 0.02407305
v 0.03065845 0.05114151 0.02495476
v 0.03185851 0.05137985 0.02735785
v 0.03065845 0.05138250 0.02615918
v 0.02891533 0.05195630 0.02791684
v 0.03426535 0.05112120 0.02856227
v 0.03519725 0.05086079 0.02856227
v 0.03556598 0.05097643 0.02968026
v 0.03546542 0.05120330 0.03096537
v 0.03668560 0.05088021 0.03108062
v 0.03740296 0.05079370 0.03216403
v 0.03761750 0.05085991 0.03336846
v 0.03847565 0.05074868 0.03516645
v 0.04147916 0.05011485 0.03937906
v 0.04267923 0.04992153 0.04298658
v 0.04267923 0.04993742 0.04419101
v 0.04267923 0.04994448 0.04538967
v 0.04268594 0.04994095 0.04608121
v 0.04268594 0.04993918 0.04659410
v 0.04268594 0.04992241 0.04779852
v 0.04268594 0.04990299 0.04900295
v 0.04268594 0.04986680 0.05019585
v 0.04268594 0.04980324 0.05140028
v 0.04274627 0.04970172 0.05249521
v 0.04246470 0.04968671 0.05379761
v 0.04147916 0.04987386 0.05500203
v 0.04159314 0.04972467 0.05629290
v 0.04130485 0.04967700 0.05741089
v 0.04027910 0.04979706 0.05860955
v 0.04026569 0.04965228 0.05972753
v 0.03985673 0.04960197 0.06069569
v 0.03785214 0.04966288 0.06334658
v 0.03875723 0.04963110 0.06220554
v 0.03787226 0.04985091 0.06220554
v 0.03787226 0.05001245 0.06100688
v 0.03787226 0.05011838 0.05980821
v 0.03666548 0.05016958 0.06100688
v 0.03256917 0.05075927 0.05935295
v 0.02825831 0.05089080 0.06340997
v 0.02822479 0.05079370 0.06453371
v 0.02705824 0.05090934 0.06462016
v 0.02585147 0.05101086 0.06462016
v 0.02585147 0.05088639 0.06581882
v 0.02465140 0.05097466 0.06581882
v 0.02475197 0.05082724 0.06712122
v 0.02345804 0.05104882 0.06581882
v 0.02105791 0.05118211 0.06581882
v 0.01985113 0.05112209 0.06701749
v 0.02225127 0.05111591 0.06581882
v 0.01864436 0.05117770 0.06701749
v 0.01745100 0.05121742 0.06701749
v 0.01623752 0.05136749 0.06581882
v 0.01505086 0.05125009 0.06701749
v 0.01745100 0.05134631 0.06581882
v 0.01384409 0.05123243 0.06701749
v 0.00661687 0.04964875 0.07390404
v 0.00661687 0.04936362 0.07450337
v 0.00541680 0.04958784 0.07373692
v 0.00477319 0.04955165 0.07364471
v 0.00301667 0.04934773 0.07324708
v -0.00008071 0.04956313 0.07127044
v -0.00052320 0.04921002 0.07173723
v -0.00059024 0.04860621 0.07287826
v 0.00081766 0.04846497 0.07382912
v 0.00001315 0.04833697 0.07363319
v 0.00180990 0.04823722 0.07468202
v 0.01263732 0.05119182 0.06701749
v 0.00782364 0.05101792 0.06702325
v 0.00905723 0.05123773 0.06581882
v 0.00541680 0.04982266 0.07303386
v 0.00181660 0.05004158 0.07063077
v 0.00301667 0.04987651 0.07183519
v 0.00431059 0.04968848 0.07306267
v 0.00662357 0.05096231 0.06702325
v 0.00060983 0.05100203 0.06461439
v 0.00068357 0.05081400 0.06585340
v -0.00059024 0.05077957 0.06542695
v -0.00179031 0.04742596 0.07401353
v -0.00267527 0.04725911 0.07378302
v -0.00179031 0.04695279 0.07461286
v 0.00049585 0.04808979 0.07423252
v -0.00304401 0.04674623 0.07420370
v -0.00347308 0.04707638 0.07355827
v -0.00407647 0.04622628 0.07420370
v -0.00501507 0.04607533 0.07378302
v -0.00440498 0.04567897 0.07458405
v -0.00500166 0.04487830 0.07496439
v -0.00419715 0.04447664 0.07580576
v -0.00419715 0.04387548 0.07630713
v -0.00493462 0.04359918 0.07611120
v -0.00674478 0.04425683 0.07434777
v -0.00635593 0.04501601 0.07390980
v -0.00642297 0.04359918 0.07517186
v -0.00633581 0.04380574 0.07506813
v -0.00579947 0.04460641 0.07471083
v -0.00540392 0.04534705 0.07424405
v -0.00533688 0.04651671 0.07299352
v -0.00566539 0.04695544 0.07217520
v -0.00615480 0.04723881 0.07137417
v -0.00734146 0.04723351 0.07018127
v -0.00939297 0.04822133 0.06619340
v -0.00995613 0.04739153 0.06702325
v -0.00859516 0.04844908 0.06663138
v -0.01191378 0.04706667 0.06509271
v -0.01110927 0.04736857 0.06561712
v -0.01300658 0.04697221 0.06369811
v -0.01220207 0.04730325 0.06429168
v -0.01259762 0.04746127 0.06334658
v -0.01192719 0.04826811 0.06268386
v -0.01214843 0.04844731 0.06188282
v -0.01236297 0.04859032 0.06101264
v -0.01344236 0.04851175 0.05860955
v -0.01268477 0.04869272 0.05982550
v -0.01201435 0.04955077 0.05803903
v -0.01273171 0.04925593 0.05740512
v -0.01464243 0.04852588 0.05500203
v -0.01365019 0.04865388 0.05740512
v -0.01397200 0.04925857 0.05379761
v -0.01481003 0.04865565 0.05379761
v -0.01325464 0.04957195 0.05453525
v -0.01328146 0.05079546 0.04858803
v -0.01260432 0.05115740 0.04779276
v -0.00372114 0.05076545 0.06296623
v -0.01140426 0.05149196 0.04658833
v 0.00905723 0.05225202 0.02735785
v 0.01264402 0.05241357 0.02735785
v 0.01023718 0.05230940 0.02735785
v 0.01143725 0.05236325 0.02735785
v 0.01384409 0.05243824 0.02735785
v 0.01504416 0.05236855 0.02615918
v 0.01623752 0.05237649 0.02615918
v 0.01623752 0.05220259 0.02495476
v 0.01623752 0.05144694 0.02240184
v 0.01744429 0.05220347 0.02495476
v 0.01744429 0.05201632 0.02409610
v 0.00180990 0.05218317 0.03337422
v 0.00301667 0.05222642 0.03216979
v 0.00421673 0.05224143 0.03097113
v 0.00538328 0.05222995 0.02978975
v 0.02974666 0.05029405 0.02240184
v 0.02910976 0.05080605 0.02303574
v 0.03306529 0.05134807 0.02856227
v 0.02948520 0.05097025 0.02368118
v 0.02825831 0.05119977 0.02375033
v 0.02945838 0.05132865 0.02495476
v 0.02763481 0.05193158 0.02677580
v 0.02916339 0.05198631 0.02856227
v 0.03026289 0.05198013 0.03002603
v 0.03426535 0.05129334 0.02976670
v 0.02825831 0.05199426 0.02763446
v 0.02825831 0.05208959 0.02856227
v 0.03546542 0.05130129 0.03216403
v 0.03667219 0.05111855 0.03336846
v 0.03667219 0.05101615 0.03216403
v 0.03792589 0.05086873 0.03468814
v 0.03787226 0.05093053 0.03577154
v 0.03852258 0.05076192 0.03577154
v 0.03862985 0.05078399 0.03697597
v 0.04147916 0.05016252 0.04058349
v 0.03869689 0.05079458 0.03817464
v 0.04147916 0.05018812 0.04178215
v 0.04147916 0.05020313 0.04298658
v 0.03873041 0.05079282 0.03937906
v 0.04147916 0.05020136 0.04419101
v 0.04147916 0.05019254 0.04607544
v 0.04147916 0.05017929 0.04779852
v 0.04147916 0.05016870 0.04900295
v 0.04147916 0.05014928 0.05019585
v 0.04147916 0.05011927 0.05140028
v 0.04147916 0.05006277 0.05259318
v 0.04147916 0.04997361 0.05379761
v 0.04027910 0.05003629 0.05620646
v 0.04027910 0.04992506 0.05741089
v 0.03907903 0.04991358 0.05980245
v 0.03914608 0.04972291 0.06106451
v 0.03891142 0.04966906 0.06175028
v 0.03907903 0.05003364 0.05860955
v 0.03546542 0.05104175 0.05140028
v 0.03426535 0.05128452 0.05019585
v 0.03426535 0.05119535 0.05140028
v 0.03907903 0.05012192 0.05741089
v 0.03283734 0.05078928 0.05860955
v 0.03185851 0.05089786 0.05860955
v 0.03065845 0.05102586 0.05860955
v 0.02825831 0.05098791 0.06220554
v 0.02705824 0.05101615 0.06340997
v 0.02585147 0.05111944 0.06340997
v 0.02465140 0.05120948 0.06340997
v 0.02465140 0.05110002 0.06462016
v 0.02345804 0.05117329 0.06462016
v 0.01985113 0.05124567 0.06581882
v 0.01864436 0.05130305 0.06581882
v 0.01623752 0.05219817 0.05379761
v 0.01384409 0.05197483 0.05718614
v 0.01505086 0.05137279 0.06581882
v 0.01745100 0.05218758 0.05379761
v 0.01384409 0.05136484 0.06581882
v 0.01985113 0.05135072 0.06462016
v 0.02105791 0.05196071 0.05575696
v 0.01985113 0.05204899 0.05500203
v 0.01985113 0.05213461 0.05379761
v 0.01864436 0.05216374 0.05379761
v 0.01263732 0.05134189 0.06581882
v 0.01144396 0.05131188 0.06581882
v 0.01023718 0.05127480 0.06581882
v 0.00301667 0.04962315 0.07264775
v 0.00232613 0.04956048 0.07246910
v 0.00060983 0.04963022 0.07144908
v -0.00040252 0.04965582 0.07080941
v -0.00153555 0.04962051 0.07023889
v -0.00299708 0.04902464 0.07063077
v -0.00299708 0.04856295 0.07162197
v -0.00189758 0.04871655 0.07194469
v -0.00156907 0.04846232 0.07262470
v -0.00059024 0.04823368 0.07347759
v 0.00782364 0.05118741 0.06581882
v 0.00782364 0.05133395 0.06461439
v 0.00662357 0.05128893 0.06461439
v -0.00122044 0.05075044 0.06523678
v -0.00059024 0.05001598 0.06942634
v 0.00060983 0.04988357 0.07063077
v 0.00188364 0.04970172 0.07186401
v 0.00662357 0.05113180 0.06581882
v 0.00181660 0.05106206 0.06461439
v 0.00060983 0.05116181 0.06341573
v -0.00059024 0.05108060 0.06341573
v -0.00059024 0.05090934 0.06461439
v -0.00189758 0.04807832 0.07302809
v -0.00236688 0.04832373 0.07241723
v -0.00304401 0.04757691 0.07310877
v -0.00419715 0.04734297 0.07271690
v -0.00487428 0.04718319 0.07248639
v -0.00419715 0.04689541 0.07332200
v -0.00535028 0.04411559 0.07541390
v -0.00558494 0.04359918 0.07570780
v -0.00657046 0.04743743 0.07059619
v -0.00531676 0.04739859 0.07179485
v -0.00457929 0.04823104 0.07105721
v -0.00504189 0.04846497 0.07025042
v -0.00583970 0.04824251 0.06987007
v -0.00622855 0.04846497 0.06906328
v -0.00741520 0.04845791 0.06785886
v -0.00973489 0.04842789 0.06539237
v -0.01026453 0.04779760 0.06590526
v -0.00781076 0.04864152 0.06702901
v -0.00775042 0.04921532 0.06577272
v -0.00899742 0.04862034 0.06580153
v -0.01138414 0.04773757 0.06459134
v -0.01053940 0.04816659 0.06488525
v -0.01086121 0.04837493 0.06408422
v -0.01167913 0.04810833 0.06341573
v -0.01108245 0.04852058 0.06341573
v -0.01147800 0.04870420 0.06225741
v -0.01131710 0.04919678 0.06095501
v -0.01163891 0.04933273 0.05980821
v -0.01086121 0.04957019 0.06052280
v -0.01102882 0.04964875 0.05980821
v -0.01020419 0.04994536 0.05980821
v -0.00899742 0.05006630 0.06101264
v -0.00779735 0.05014310 0.06221707
v -0.00299708 0.05094818 0.06221707
v -0.00659728 0.05018283 0.06341573
v -0.00659728 0.04999215 0.06461439
v -0.00539051 0.05000627 0.06581882
v -0.00256801 0.05076986 0.06416489
v -0.00298367 0.05082106 0.06339268
v -0.00179031 0.05110355 0.06221707
v -0.00122044 0.05195277 0.05203419
v -0.00509552 0.05196777 0.04730292
v -0.00545755 0.05197483 0.04649037
v -0.00600060 0.05194923 0.04602358
v -0.00600060 0.05194923 0.04598324
v 0.00180990 0.05234560 0.03698174
v 0.00060983 0.05223437 0.03698174
v 0.00180990 0.05229881 0.03577731
v 0.00180990 0.05224143 0.03457288
v 0.00905723 0.05233853 0.02856227
v 0.01264402 0.05243824 0.02856227
v 0.01023718 0.05238797 0.02856227
v 0.01143725 0.05243652 0.02856227
v 0.01384409 0.05243824 0.02856227
v 0.01504416 0.05243824 0.02735785
v 0.01744429 0.05238091 0.02615918
v 0.01744429 0.05144518 0.02240184
v 0.01864436 0.05237296 0.02615918
v 0.01864436 0.05219200 0.02495476
v 0.01864436 0.05201014 0.02411339
v 0.01864436 0.05143635 0.02240184
v 0.00301667 0.05228292 0.03337422
v 0.00421673 0.05242681 0.03457288
v 0.00421673 0.05230675 0.03216979
v 0.00541680 0.05237649 0.03216979
v 0.00541680 0.05230852 0.03097113
v 0.00659005 0.05229440 0.02978975
v 0.02947849 0.05036909 0.02240184
v 0.02825831 0.05066040 0.02240184
v 0.02825831 0.05088727 0.02283981
v 0.02699791 0.05093229 0.02248828
v 0.02586488 0.05108501 0.02255167
v 0.02465811 0.05120683 0.02255167
v 0.02705824 0.05131982 0.02375033
v 0.02538217 0.05196248 0.02550222
v 0.02683700 0.05198631 0.02652224
v 0.02954553 0.05203663 0.02968602
v 0.02825831 0.05218317 0.02976670
v 0.02945838 0.05212667 0.03096537
v 0.03050425 0.05200661 0.03096537
v 0.02716551 0.05205781 0.02724835
v 0.02705824 0.05221142 0.02856227
v 0.03546542 0.05134542 0.03336846
v 0.03667219 0.05117152 0.03456712
v 0.03124172 0.05193246 0.03163385
v 0.03134899 0.05196159 0.03243488
v 0.03787226 0.05095524 0.03697597
v 0.03667219 0.05119889 0.03577154
v 0.03667219 0.05119800 0.03697597
v 0.03864325 0.05077251 0.04538967
v 0.03857621 0.05076103 0.04659410
v 0.03850917 0.05075133 0.04735479
v 0.03774488 0.05081842 0.04900295
v 0.03758398 0.05079370 0.05019585
v 0.03546542 0.05112120 0.05019585
v 0.04027910 0.05011838 0.05500203
v 0.03426535 0.05134013 0.04900295
v 0.02892874 0.05195453 0.04733750
v 0.02787617 0.05196512 0.04900295
v 0.02766833 0.05195012 0.04960228
v 0.03306529 0.05132071 0.05140028
v 0.03546542 0.05117770 0.04900295
v 0.03065845 0.05111855 0.05740512
v 0.02945838 0.05114680 0.05860955
v 0.02705824 0.05110620 0.06220554
v 0.02585147 0.05120948 0.06220554
v 0.02465140 0.05130305 0.06220554
v 0.02345804 0.05128275 0.06340997
v 0.02225127 0.05123596 0.06462016
v 0.02105791 0.05129687 0.06462016
v 0.01623752 0.05227674 0.05259318
v 0.01505086 0.05220259 0.05379761
v 0.01384409 0.05220700 0.05379761
v 0.01263732 0.05220965 0.05379761
v 0.01263732 0.05197572 0.05719766
v 0.01144396 0.05197307 0.05714580
v 0.01864436 0.05224408 0.05259318
v 0.01745100 0.05226526 0.05259318
v 0.01023718 0.05196689 0.05706512
v 0.00905723 0.05196159 0.05694410
v 0.00828624 0.05195365 0.05686342
v 0.02225127 0.05133924 0.06340997
v 0.02166799 0.05195012 0.05560713
v 0.01985113 0.05221760 0.05259318
v 0.00905723 0.05136396 0.06462016
v -0.00052320 0.04969024 0.07063077
v -0.00187746 0.04976969 0.06951854
v -0.00299708 0.04965317 0.06914396
v -0.00367421 0.04957019 0.06889040
v -0.00233336 0.04950045 0.06998533
v -0.00418374 0.04861857 0.07064229
v -0.00378148 0.04842083 0.07136264
v 0.00541680 0.05123420 0.06461439
v 0.00541680 0.05136396 0.06341573
v 0.00421673 0.05132159 0.06341573
v 0.00181660 0.05122007 0.06341573
v -0.00168974 0.05080253 0.06458558
v -0.00299708 0.05017047 0.06702325
v -0.00179031 0.05010161 0.06822191
v -0.00299708 0.04992506 0.06822191
v 0.00060983 0.05127569 0.06221707
v -0.00059024 0.05120772 0.06221707
v -0.00179031 0.05096672 0.06341573
v -0.00299708 0.04819661 0.07222130
v -0.00418374 0.04795826 0.07179485
v -0.00412340 0.04921267 0.06934566
v -0.00494132 0.04959137 0.06774936
v -0.00573243 0.04942806 0.06738054
v -0.00661740 0.04865565 0.06824496
v -0.00892367 0.04919236 0.06455100
v -0.01016396 0.04856914 0.06453371
v -0.00656376 0.04922856 0.06699443
v -0.00811916 0.04941482 0.06490253
v -0.00614139 0.04960020 0.06657375
v -0.00731464 0.04959137 0.06534627
v -0.01020419 0.04899463 0.06341573
v -0.01022430 0.04934685 0.06231504
v -0.01063997 0.04943777 0.06132383
v -0.00983545 0.04963904 0.06198656
v -0.01022430 0.04971673 0.06095501
v -0.00910469 0.04980412 0.06231504
v -0.00779735 0.04995507 0.06341573
v -0.00775042 0.04968406 0.06455100
v -0.00656376 0.04970437 0.06577272
v -0.00535699 0.04970702 0.06699443
v -0.00419715 0.04999215 0.06702325
v -0.00059024 0.05130129 0.06101264
v -0.00059694 0.05197660 0.05230504
v -0.00059694 0.05204634 0.05140028
v -0.00059694 0.05212049 0.05019585
v -0.00059694 0.05218052 0.04899719
v -0.00059694 0.05223172 0.04779276
v -0.00059694 0.05227409 0.04658833
v -0.00059694 0.05229616 0.04538967
v 0.00060983 0.05237826 0.04419101
v 0.00060983 0.05238091 0.04298658
v 0.00060983 0.05237120 0.04178792
v 0.00060983 0.05234736 0.04058349
v 0.00060983 0.05231558 0.03938483
v 0.00180990 0.05237826 0.03818616
v 0.00301667 0.05243387 0.03698174
v 0.00301667 0.05239238 0.03577731
v 0.00662357 0.05243122 0.03216979
v 0.00662357 0.05243824 0.03337422
v 0.00541680 0.05243824 0.03457288
v 0.00662357 0.05243824 0.03457288
v 0.01384409 0.05243824 0.02976670
v 0.01504416 0.05243824 0.02856227
v 0.00662357 0.05243824 0.03577731
v 0.01623752 0.05243824 0.02735785
v 0.01744429 0.05243824 0.02735785
v 0.01864436 0.05243824 0.02735785
v 0.01984443 0.05243824 0.02735785
v 0.01984443 0.05235531 0.02615918
v 0.01984443 0.05217434 0.02495476
v 0.01984443 0.05199955 0.02414796
v 0.01984443 0.05142222 0.02240184
v 0.00421673 0.05243824 0.03577731
v 0.02693086 0.05090669 0.02240184
v 0.02586488 0.05103293 0.02240184
v 0.02465811 0.05115563 0.02240184
v 0.02345804 0.05124214 0.02240184
v 0.02345804 0.05128981 0.02255167
v 0.02178867 0.05195983 0.02431509
v 0.02221775 0.05206134 0.02487984
v 0.02465811 0.05198984 0.02538121
v 0.02345804 0.05220523 0.02615918
v 0.02465811 0.05211961 0.02615918
v 0.02581124 0.05202162 0.02613613
v 0.02586488 0.05219111 0.02735785
v 0.02825831 0.05224672 0.03096537
v 0.02705824 0.05229528 0.02976670
v 0.02945838 0.05216904 0.03216403
v 0.03076571 0.05201897 0.03208911
v 0.02586488 0.05231117 0.02856227
v 0.03144955 0.05197307 0.03336846
v 0.03154341 0.05198543 0.03456712
v 0.03065845 0.05206488 0.03336846
v 0.03155012 0.05198808 0.03577154
v 0.03546542 0.05132159 0.04178215
v 0.03546542 0.05130570 0.04298658
v 0.03150319 0.05198190 0.03697597
v 0.03546542 0.05126686 0.04538967
v 0.03546542 0.05124479 0.04659410
v 0.03546542 0.05121389 0.04779852
v 0.03127524 0.05195100 0.04004179
v 0.03028971 0.05197042 0.04298658
v 0.03014892 0.05195806 0.04386829
v 0.02916339 0.05197395 0.04608121
v 0.02870750 0.05201014 0.04608121
v 0.02825831 0.05202868 0.04659410
v 0.02705824 0.05207723 0.04779852
v 0.02830524 0.05198631 0.04775818
v 0.02705824 0.05202427 0.04900295
v 0.02825831 0.05125892 0.05860955
v 0.02945838 0.05123684 0.05740512
v 0.02585147 0.05210813 0.04900295
v 0.02585147 0.05204192 0.05019585
v 0.02535535 0.05195806 0.05211487
v 0.02585147 0.05129511 0.06100688
v 0.02705824 0.05127745 0.05980821
v 0.02418210 0.05195894 0.05334234
v 0.02295522 0.05195453 0.05448914
v 0.01623752 0.05234383 0.05140028
v 0.01505086 0.05228115 0.05259318
v 0.01384409 0.05228469 0.05259318
v 0.01263732 0.05228733 0.05259318
v 0.01144396 0.05220612 0.05379761
v 0.01864436 0.05230852 0.05140028
v 0.01745100 0.05233147 0.05140028
v 0.01985113 0.05228380 0.05140028
v 0.01023718 0.05227056 0.05259318
v 0.00905723 0.05225202 0.05259318
v 0.00782364 0.05222731 0.05259318
v 0.00421673 0.05223172 0.05140028
v 0.00301667 0.05220435 0.05140028
v 0.00301667 0.05211608 0.05259318
v 0.00180990 0.05207900 0.05259318
v 0.02105791 0.05217346 0.05259318
v 0.02105791 0.05209401 0.05379761
v 0.02213730 0.05196954 0.05493288
v 0.02105791 0.05224055 0.05140028
v -0.00412340 0.04967877 0.06818157
v 0.00181660 0.05132953 0.06221707
v 0.00084448 0.05197131 0.05343455
v 0.00050926 0.05201191 0.05269691
v -0.00933934 0.04941835 0.06341573
v -0.00846778 0.04957284 0.06410151
v -0.00958069 0.04951634 0.06278758
v -0.00873595 0.04966994 0.06341573
v 0.00060983 0.05211343 0.05140028
v 0.00060983 0.05219200 0.05019585
v 0.00060983 0.05225026 0.04899719
v 0.00060983 0.05229440 0.04779276
v 0.00060983 0.05233412 0.04658833
v 0.00060983 0.05236237 0.04538967
v 0.00180990 0.05243824 0.04419101
v 0.00180990 0.05243824 0.04298658
v 0.00180990 0.05243824 0.04178792
v 0.00180990 0.05242681 0.04058349
v 0.00180990 0.05240386 0.03938483
v 0.00301667 0.05243824 0.03818616
v 0.00541680 0.05243824 0.03577731
v 0.01384409 0.05243824 0.03096537
v 0.01504416 0.05243824 0.02976670
v 0.01623752 0.05243824 0.02976670
v 0.01744429 0.05243824 0.02976670
v 0.01744429 0.05243824 0.02856227
v 0.00662357 0.05243824 0.03698174
v 0.00782364 0.05243824 0.03577731
v 0.00541680 0.05243824 0.03698174
v 0.01864436 0.05243824 0.02856227
v 0.01984443 0.05243824 0.02856227
v 0.02104450 0.05243824 0.02856227
v 0.02225127 0.05243824 0.02856227
v 0.02104450 0.05242328 0.02735785
v 0.02104450 0.05233147 0.02615918
v 0.02104450 0.05214344 0.02495476
v 0.02104450 0.05197925 0.02423441
v 0.02104450 0.05137632 0.02240184
v 0.02225127 0.05227939 0.02615918
v 0.02345804 0.05203486 0.02517951
v 0.02465811 0.05228115 0.02735785
v 0.02825831 0.05227939 0.03216403
v 0.02705824 0.05234471 0.03096537
v 0.02586488 0.05238267 0.02976670
v 0.02945838 0.05219200 0.03336846
v 0.02465811 0.05238267 0.02856227
v 0.03065845 0.05208165 0.03456712
v 0.03065845 0.05207812 0.03577154
v 0.03065845 0.05206134 0.03697597
v 0.03142274 0.05197219 0.03817464
v 0.03132887 0.05195894 0.03937906
v 0.03065845 0.05203928 0.03817464
v 0.03065845 0.05201632 0.03937906
v 0.03045732 0.05198543 0.04178215
v 0.02945838 0.05206841 0.04178215
v 0.02945838 0.05203928 0.04298658
v 0.02955224 0.05199602 0.04423711
v 0.02825831 0.05213373 0.04298658
v 0.02825831 0.05204369 0.04608121
v 0.02705824 0.05211696 0.04659410
v 0.02585147 0.05220259 0.04659410
v 0.02585147 0.05216198 0.04779852
v 0.02465140 0.05217875 0.04900295
v 0.02465140 0.05211696 0.05019585
v 0.02465140 0.05204811 0.05140028
v 0.02345804 0.05211696 0.05140028
v 0.02345804 0.05204546 0.05259318
v 0.02339770 0.05197748 0.05376879
v 0.01623752 0.05239856 0.05019585
v 0.01505086 0.05234560 0.05140028
v 0.01745100 0.05238797 0.05019585
v 0.01384409 0.05234736 0.05140028
v 0.01263732 0.05234824 0.05140028
v 0.01144396 0.05234560 0.05140028
v 0.01144396 0.05228380 0.05259318
v 0.01864436 0.05236413 0.05019585
v 0.02105791 0.05229440 0.05019585
v 0.01985113 0.05233500 0.05019585
v 0.01023718 0.05233589 0.05140028
v 0.00902371 0.05232000 0.05140028
v 0.00782364 0.05230058 0.05140028
v 0.00662357 0.05227851 0.05140028
v 0.00541680 0.05225555 0.05140028
v 0.00421673 0.05230587 0.05019585
v 0.00301667 0.05227851 0.05019585
v 0.00180990 0.05224320 0.05019585
v 0.00180990 0.05216463 0.05140028
v 0.02225127 0.05203574 0.05379761
v 0.02225127 0.05211078 0.05259318
v 0.02225127 0.05218052 0.05140028
v 0.02345804 0.05218140 0.05019585
v 0.02225127 0.05224055 0.05019585
v 0.00180990 0.05230146 0.04899719
v 0.00180990 0.05234295 0.04779276
v 0.00180990 0.05238267 0.04658833
v 0.00180990 0.05241710 0.04538967
v 0.00301667 0.05243824 0.04419101
v 0.00301667 0.05243824 0.04298658
v 0.00301667 0.05243824 0.04178792
v 0.00541680 0.05243824 0.03818616
v 0.01384409 0.05243824 0.03216403
v 0.01504416 0.05243824 0.03096537
v 0.01504416 0.05243824 0.03216403
v 0.01744429 0.05243824 0.03096537
v 0.01864436 0.05243824 0.02976670
v 0.00662357 0.05243824 0.03818616
v 0.00782364 0.05243824 0.03818616
v 0.00782364 0.05243824 0.03698174
v 0.00905723 0.05243824 0.03577154
v 0.01984443 0.05243824 0.02976670
v 0.02225127 0.05243824 0.02976670
v 0.02345804 0.05243824 0.02976670
v 0.02345804 0.05243122 0.02856227
v 0.02225127 0.05239326 0.02735785
v 0.02345804 0.05234648 0.02735785
v 0.02825831 0.05228998 0.03336846
v 0.02705824 0.05236149 0.03216403
v 0.02586488 0.05242240 0.03096537
v 0.02465811 0.05243824 0.02976670
v 0.02945838 0.05219288 0.03456712
v 0.02945838 0.05217787 0.03577154
v 0.02825831 0.05216463 0.04178215
v 0.02705824 0.05225379 0.04178215
v 0.02705824 0.05222201 0.04298658
v 0.02586488 0.05230763 0.04298658
v 0.02465140 0.05226526 0.04659410
v 0.02465140 0.05222819 0.04779852
v 0.02345804 0.05223702 0.04900295
v 0.01623752 0.05243740 0.04900295
v 0.01505086 0.05239944 0.05019585
v 0.01745100 0.05242858 0.04900295
v 0.01864436 0.05240827 0.04900295
v 0.01384409 0.05239768 0.05019585
v 0.01263732 0.05239503 0.05019585
v 0.01144396 0.05239238 0.05019585
v 0.02105791 0.05233677 0.04900295
v 0.01985113 0.05237826 0.04900295
v 0.02225127 0.05228910 0.04900295
v 0.01023718 0.05238267 0.05019585
v 0.00662357 0.05234030 0.05019585
v 0.00541680 0.05232441 0.05019585
v 0.00301667 0.05233412 0.04899719
v 0.00301667 0.05237384 0.04779276
v 0.00301667 0.05241092 0.04658833
v 0.00301667 0.05243824 0.04538967
v 0.00662357 0.05243824 0.04178792
v 0.00662357 0.05243824 0.03938483
v 0.01384409 0.05243824 0.03336846
v 0.01504416 0.05243824 0.03336846
v 0.01744429 0.05243824 0.03456712
v 0.01864436 0.05243824 0.03096537
v 0.00782364 0.05243824 0.03938483
v 0.00902371 0.05243824 0.03698174
v 0.00905723 0.05243824 0.03937906
v 0.00905723 0.05243824 0.03817464
v 0.01023718 0.05243824 0.03577154
v 0.01984443 0.05243824 0.03096537
v 0.02225127 0.05243824 0.03096537
v 0.02345804 0.05243824 0.03096537
v 0.02465811 0.05243824 0.03096537
v 0.02825831 0.05228204 0.03456712
v 0.02705824 0.05235619 0.03336846
v 0.02586488 0.05242593 0.03216403
v 0.02586488 0.05233324 0.04178215
v 0.02465811 0.05236590 0.04298658
v 0.02465811 0.05233324 0.04419101
v 0.01623752 0.05243824 0.04779852
v 0.01023718 0.05243824 0.04058349
v 0.00905723 0.05243824 0.04175910
v 0.00782364 0.05243824 0.04178792
v 0.01505086 0.05243564 0.04900295
v 0.01745100 0.05243824 0.04779852
v 0.01864436 0.05243211 0.04779852
v 0.01985113 0.05240121 0.04779852
v 0.00421673 0.05235266 0.04899719
v 0.00782364 0.05243824 0.04058349
v 0.01623752 0.05243824 0.03456712
v 0.01744429 0.05243824 0.03577154
v 0.01864436 0.05243824 0.03577154
v 0.01864436 0.05243824 0.03456712
v 0.00902371 0.05243824 0.04058349
v 0.01504416 0.05243824 0.03697597
v 0.01023718 0.05243824 0.03937906
v 0.01984443 0.05243824 0.03577154
v 0.02465811 0.05243824 0.03216403
v 0.02705824 0.05234471 0.03456712
v 0.02465811 0.05240121 0.04058349
v 0.02465811 0.05238885 0.04178215
v 0.01143725 0.05243824 0.04058349
v 0.01744429 0.05243824 0.03697597
v 0.01143725 0.05243824 0.03937906
v 0.00905723 0.05243824 0.04058349
v 0.01864436 0.05243824 0.03697597
v 0.01984443 0.05243824 0.03697597
v 0.01623752 0.05243824 0.03697597
v 0.02104450 0.05243824 0.03577154
v 0.02225127 0.05243824 0.03577154
v 0.02345804 0.05243824 0.03697597
v 0.02225127 0.05243824 0.03697597
v 0.02104450 0.05243824 0.03697597
v 0.00905107 -0.04962060 0.00078633
v 0.00905107 -0.05082165 0.00082967
v 0.00902511 -0.05082165 0.00083165
v 0.00782327 -0.04962060 0.00089271
v 0.00905293 0.05076486 0.00156644
v 0.00905293 0.05013867 0.00156644
v 0.00905293 0.04773656 0.00157038
v 0.00905293 0.04533445 0.00157826
v 0.00905293 0.04144386 0.00159993
v 0.00905107 -0.05178660 0.00119412
v 0.00902511 -0.05178660 0.00119609
v 0.00782327 -0.05169421 0.00129262
v 0.00782327 -0.05082165 0.00097545
v 0.00661957 -0.04962060 0.00110153
v 0.00541774 0.05133972 0.00227366
v 0.00905293 0.05133972 0.00157236
v 0.00905293 0.04144386 0.00287844
v 0.00905107 -0.05228961 0.00331184
v 0.00905107 -0.05223828 0.00211016
v 0.00902511 -0.05223828 0.00211016
v 0.00782327 -0.05217669 0.00211016
v 0.00661957 -0.05203297 0.00211016
v 0.00661957 -0.05152997 0.00142460
v 0.00421590 -0.05178660 0.00236231
v 0.00599269 -0.05143758 0.00150340
v 0.00661957 -0.05082165 0.00120200
v 0.00553458 -0.04962060 0.00137339
v 0.00361498 0.05194538 0.00270903
v 0.00905293 0.05165795 0.00159796
v 0.00905293 0.05017973 0.00285480
v 0.00905107 0.04144386 0.01179847
v 0.00905107 -0.04962060 0.00507496
v 0.00905107 -0.05080112 0.00489175
v 0.00905107 -0.05183793 0.00433228
v 0.00782327 -0.05237173 0.00331184
v -0.00989458 -0.05180713 0.01290165
v -0.00989458 -0.05216643 0.01174922
v 0.00661957 -0.05240253 0.00331184
v 0.00541774 -0.05233067 0.00331184
v 0.00421590 -0.05224855 0.00331184
v 0.00301406 -0.05212536 0.00331184
v 0.00060853 -0.05177634 0.00356793
v 0.00301406 -0.05162236 0.00254158
v 0.00226105 -0.05149917 0.00265978
v 0.00184004 -0.05073953 0.00257901
v 0.00572561 -0.05082165 0.00142657
v 0.00116308 -0.05029812 0.00269327
v 0.00116308 -0.04995936 0.00269327
v 0.00170650 -0.04958980 0.00252976
v 0.00060853 0.05133972 0.00367628
v 0.00000761 0.05194538 0.00390874
v 0.00060853 0.05220201 0.00379448
v 0.00421404 0.05214042 0.00263416
v 0.00541774 0.05234573 0.00249233
v 0.00905293 0.05214042 0.00204317
v 0.00905293 0.05133972 0.00285086
v 0.00905293 0.05210963 0.00277797
v -0.00806400 0.04144386 0.02091155
v -0.00989458 -0.04965140 0.01396149
v -0.00989458 -0.05066767 0.01380389
v -0.00989458 -0.05105776 0.01366599
v -0.00969798 -0.05123227 0.01344339
v -0.00989458 -0.05151970 0.01324836
v -0.00900433 -0.05225881 0.01052193
v -0.00659880 -0.05228961 0.00932024
v -0.00989458 -0.05224855 0.01052193
v 0.00301406 -0.05240253 0.00451352
v 0.00181222 -0.05237173 0.00451352
v 0.00060853 -0.05224855 0.00451352
v -0.00058775 -0.05204324 0.00451352
v -0.00168387 -0.05175581 0.00449776
v -0.00058775 -0.05158130 0.00378266
v -0.00121278 -0.05143758 0.00390283
v 0.00145797 -0.05109882 0.00281541
v -0.00140567 -0.05082165 0.00382009
v -0.00156146 -0.04962060 0.00375705
v -0.00267798 0.05133972 0.00499419
v -0.00258339 0.05215069 0.00503359
v -0.00178959 0.05237653 0.00487600
v 0.00181036 0.05243824 0.00360930
v 0.00541774 0.05234573 0.00308726
v 0.00905293 0.05215069 0.00205893
v 0.00905293 0.05211989 0.00276616
v -0.00805102 0.05236626 0.00938919
v -0.00989458 0.02259657 0.01551186
v -0.00780063 -0.05229988 0.00932024
v -0.00900433 -0.05217669 0.00932024
v -0.00659880 -0.05227935 0.00812053
v -0.00989458 -0.05192005 0.00929463
v -0.00058775 -0.05236147 0.00571520
v -0.00178959 -0.05227935 0.00571520
v -0.00299143 -0.05208430 0.00571520
v -0.00413762 -0.05178660 0.00567974
v -0.00299143 -0.05163262 0.00490751
v -0.00369992 -0.05148891 0.00506708
v -0.00393175 -0.05082165 0.00495479
v -0.00408755 -0.04962060 0.00487993
v -0.00507053 0.05133972 0.00615253
v -0.00497780 0.05207883 0.00620769
v -0.00419512 0.05230467 0.00603827
v -0.00771532 0.05239706 0.00812250
v -0.00659880 0.05229440 0.00729511
v 0.00181036 0.05243824 0.00424166
v -0.00805102 0.05239706 0.00840618
v 0.00782141 0.05220201 0.00289617
v 0.00905293 0.05215069 0.00206879
v -0.00790635 0.05237653 0.00927099
v -0.00805102 0.05238679 0.00926903
v -0.00989458 0.02259657 0.00902672
v -0.00900433 -0.05174554 0.00831359
v -0.00791933 -0.05190979 0.00800036
v -0.00539696 -0.05210483 0.00691885
v -0.00989458 -0.05162236 0.00872728
v -0.00539696 -0.05165315 0.00607964
v -0.00609988 -0.05148891 0.00626285
v -0.00629648 -0.05082165 0.00615647
v -0.00642260 -0.04962060 0.00608752
v -0.00728503 0.05133972 0.00746453
v -0.00725721 0.05204803 0.00748226
v -0.00863895 -0.04962060 0.00737194
v -0.00805102 0.05235600 0.00826237
v -0.00662662 0.05240732 0.00814220
v -0.00989458 -0.04962060 0.00818160
v -0.00805102 0.05153476 0.00797081
v -0.00805102 0.05133972 0.00793338
v -0.00654130 -0.05177634 0.00690309
v -0.00980926 -0.05157103 0.00857559
v -0.00759847 -0.05163262 0.00729511
v -0.00989458 -0.05129386 0.00851847
v -0.00840155 -0.05142731 0.00752166
v -0.00857960 -0.05062661 0.00740937
v -0.00788780 0.05133972 0.00783094
v -0.00923987 -0.04962060 0.00775215
v -0.00989458 -0.05084218 0.00833132
v -0.00898764 -0.05094484 0.00776397
v 0.05704986 -0.04638842 0.02818854
v 0.05677203 -0.04722210 0.02737784
v 0.05677203 -0.04601790 0.02738307
v 0.05704382 -0.04399031 0.02818854
v 0.05704382 -0.04962021 0.02818854
v 0.05677203 -0.04842630 0.02737784
v 0.05562146 -0.04481369 0.02494572
v 0.05561844 -0.04241558 0.02494572
v 0.05561240 -0.04000718 0.02494833
v 0.05676901 -0.04481369 0.02738830
v 0.05675391 -0.04000718 0.02740399
v 0.05675089 -0.03880298 0.02741183
v 0.05660594 0.03280072 0.02818854
v 0.05676901 -0.04962021 0.02739353
v 0.05692605 -0.05083470 0.02818854
v 0.05562146 -0.04722210 0.02494572
v 0.05531041 -0.04149957 0.02434423
v 0.05555502 -0.04114962 0.02482542
v 0.05530739 -0.04069676 0.02434423
v 0.05560636 -0.03760907 0.02495880
v 0.05559730 -0.03399646 0.02498233
v 0.05569393 0.03280072 0.02614870
v 0.05624355 0.03280072 0.02734384
v 0.05635831 0.03280072 0.02759751
v 0.05651232 0.03280072 0.02794272
v 0.05376725 0.05134748 0.02239853
v 0.05341393 0.05239730 0.02239853
v 0.05243850 0.05243824 0.02239853
v 0.04867876 0.03280072 0.02818854
v 0.05560334 -0.04962021 0.02496664
v 0.05555502 -0.04837484 0.02482803
v 0.05669050 -0.05083470 0.02756613
v 0.05682639 -0.05115377 0.02818854
v 0.05657574 -0.05150371 0.02780150
v 0.05531041 -0.04794256 0.02434423
v 0.05504164 -0.04114962 0.02386042
v 0.05535873 0.03280072 0.02544522
v 0.05320556 0.05134748 0.02144399
v 0.05310590 0.05229438 0.02160875
v 0.05435311 -0.03158806 0.02271235
v 0.05437123 -0.03880298 0.02268097
v 0.05068396 0.05228409 0.01804164
v 0.04629607 0.05243824 0.01412932
v 0.04509416 0.05243824 0.01292896
v 0.03458498 0.05225321 0.00644853
v 0.03359144 0.05134748 0.00604318
v 0.02620180 0.03280072 0.00898265
v 0.02620180 -0.04963050 0.00589150
v 0.05248078 -0.04815870 0.02818854
v 0.05436519 -0.04962021 0.02268882
v 0.05530135 -0.04873507 0.02434946
v 0.05551274 -0.05083470 0.02514709
v 0.05427762 -0.05083470 0.02284311
v 0.05665728 -0.05158605 0.02818854
v 0.05557918 -0.05168897 0.02614870
v 0.05538591 -0.05152429 0.02538507
v 0.05497520 -0.04722210 0.02374274
v 0.05437123 -0.04842630 0.02267574
v 0.05437425 -0.04722210 0.02267312
v 0.05437425 -0.04120109 0.02267312
v 0.05183755 0.04893908 0.01934138
v 0.05182849 0.05014328 0.01935969
v 0.05078965 0.05134748 0.01789780
v 0.05173790 0.05201649 0.01949568
v 0.05303342 -0.04722210 0.02053914
v 0.05264084 -0.04722210 0.01993503
v 0.04960284 0.05231497 0.01677327
v 0.05035781 0.05134748 0.01729893
v 0.04811706 0.05199590 0.01470990
v 0.04273262 0.05243824 0.01046807
v 0.03788571 0.05240759 0.00719648
v 0.03547887 0.05230467 0.00604318
v 0.03441285 0.05225321 0.00604318
v 0.04739833 0.05226350 0.01423393
v 0.04619944 0.05229438 0.01302049
v 0.04509416 0.05230467 0.01201626
v 0.02620180 0.03280072 0.00228255
v 0.02620180 -0.05081412 0.00575813
v 0.05259554 -0.04942466 0.02818854
v 0.05249286 -0.04839542 0.02818854
v 0.05302739 -0.04962021 0.02054960
v 0.05298209 -0.05050535 0.02061759
v 0.05416588 -0.05149341 0.02303663
v 0.05285525 -0.05130815 0.02079542
v 0.05648816 -0.05170955 0.02818854
v 0.05595667 -0.05183306 0.02738045
v 0.05475173 -0.05183306 0.02497187
v 0.05435915 -0.05166838 0.02374535
v 0.05303342 -0.04842630 0.02053914
v 0.05141477 0.04893908 0.01873989
v 0.05080777 0.05014328 0.01789780
v 0.05203988 -0.04722210 0.01903802
v 0.05264084 -0.04842630 0.01994026
v 0.05203988 -0.04842630 0.01903802
v 0.04758556 0.05220175 0.01435685
v 0.04975384 0.05134748 0.01659283
v 0.05055108 -0.04722210 0.01706617
v 0.05006488 -0.04722210 0.01646730
v 0.04946392 -0.04722210 0.01574027
v 0.04943675 -0.03399646 0.01577166
v 0.04812612 0.05134748 0.01469682
v 0.04696347 0.05134748 0.01345984
v 0.04693931 0.05205766 0.01348337
v 0.04365972 0.05231497 0.01082896
v 0.04235815 0.05228409 0.00974628
v 0.04266316 0.05243824 0.01033992
v 0.04140387 0.05242818 0.00933570
v 0.03871316 0.05223263 0.00739000
v 0.03633953 0.05211941 0.00620270
v 0.03562382 0.05227379 0.00604318
v 0.04573739 0.05204736 0.01228823
v 0.02706548 0.03280072 0.00249176
v 0.02620180 -0.04963050 0.00147184
v 0.03635463 0.05134748 0.00604318
v 0.02620180 -0.05143166 0.00550969
v 0.05297000 -0.05125669 0.02818854
v 0.05284619 -0.05083470 0.02818854
v 0.05278579 -0.05052594 0.02818854
v 0.05262272 -0.04962021 0.02818854
v 0.05263178 -0.04962021 0.01994811
v 0.05203082 -0.04962021 0.01905371
v 0.05192211 -0.05083470 0.01921585
v 0.05313006 -0.05163750 0.02159305
v 0.05178017 -0.05150371 0.01942246
v 0.05592345 -0.05203890 0.02818854
v 0.05470644 -0.05216241 0.02614870
v 0.05351963 -0.05179189 0.02259990
v 0.05350452 -0.05212124 0.02374535
v 0.05055108 -0.04842630 0.01707140
v 0.05157784 -0.04962021 0.01845484
v 0.05006186 -0.04842630 0.01646730
v 0.04891733 -0.04722210 0.01514140
v 0.04946090 -0.04842630 0.01574289
v 0.04892035 -0.04842630 0.01514140
v 0.04831939 -0.04842630 0.01449807
v 0.04635647 0.05134748 0.01285835
v 0.04774561 -0.04842630 0.01389657
v 0.04714466 -0.04842630 0.01327939
v 0.04654068 -0.04842630 0.01267790
v 0.04309198 0.05134748 0.01007841
v 0.04094485 0.05204736 0.00868190
v 0.03883093 0.05134748 0.00732724
v 0.03650260 0.05134748 0.00610594
v 0.04575552 0.05134748 0.01226993
v 0.04444791 0.05134748 0.01117417
v 0.04384695 0.05134748 0.01068251
v 0.02779327 0.03280072 0.00267744
v 0.02946931 -0.04963050 0.00243161
v 0.03017596 -0.05037155 0.00267221
v 0.02620180 -0.04990840 0.00150323
v 0.03646637 0.05022562 0.00604318
v 0.03067122 0.03280072 0.00359537
v 0.02620180 -0.05170955 0.00536323
v 0.05317838 -0.05157575 0.02818854
v 0.05051786 -0.05027892 0.01711063
v 0.05147819 -0.05083470 0.01861436
v 0.05239321 -0.05189481 0.02125047
v 0.05109466 -0.05175072 0.01898310
v 0.05068698 -0.05158605 0.01810179
v 0.04923441 -0.05127728 0.01599918
v 0.05036989 -0.05108172 0.01729893
v 0.05554294 -0.05219329 0.02818854
v 0.05470644 -0.05231680 0.02735169
v 0.05230261 -0.05227563 0.02253975
v 0.05110070 -0.05213154 0.02013378
v 0.05053599 -0.04962021 0.01708710
v 0.05004676 -0.04962021 0.01648560
v 0.04944581 -0.04962021 0.01576120
v 0.04890826 -0.04962021 0.01515709
v 0.04830731 -0.04962021 0.01450329
v 0.04773958 -0.04962021 0.01390442
v 0.04713862 -0.04962021 0.01328201
v 0.04654370 -0.04962021 0.01268051
v 0.04594275 -0.04962021 0.01209994
v 0.04249103 0.05134748 0.00965998
v 0.04335169 -0.04962021 0.00986919
v 0.04151258 -0.04963050 0.00845699
v 0.04138877 -0.04963050 0.00836285
v 0.04052810 -0.04963050 0.00776135
v 0.04157298 0.05134748 0.00905849
v 0.04097203 0.05134748 0.00866621
v 0.03943189 0.05134748 0.00769598
v 0.03653582 0.05014328 0.00607195
v 0.03992715 -0.04963050 0.00736385
v 0.03777095 -0.04963050 0.00605626
v 0.04525723 -0.04962021 0.01149845
v 0.03018502 -0.04963050 0.00266960
v 0.02944817 -0.05079354 0.00255453
v 0.02620180 -0.05091704 0.00165229
v 0.03292707 -0.04963050 0.00371305
v 0.03275493 -0.05083470 0.00378628
v 0.03253750 -0.05146254 0.00388565
v 0.02983773 -0.05117435 0.00281082
v 0.03647241 0.05014328 0.00604318
v 0.03139297 0.03280072 0.00386473
v 0.02620180 -0.05201832 0.00478005
v 0.05434103 -0.05219329 0.02818854
v 0.05350150 -0.05180218 0.02818854
v 0.05332635 -0.05169925 0.02818854
v 0.04988067 -0.05078324 0.01655621
v 0.04938843 -0.05048476 0.01582396
v 0.04994107 -0.05184335 0.01771474
v 0.04956660 -0.05164780 0.01680204
v 0.04807478 -0.05138020 0.01475697
v 0.05470644 -0.05228592 0.02818854
v 0.02826739 -0.05232709 0.00451068
v 0.04869990 -0.05226533 0.01773566
v 0.04989879 -0.05223447 0.01893341
v 0.04822880 -0.05057739 0.01458698
v 0.04642895 -0.05083470 0.01281127
v 0.04582799 -0.05083470 0.01220455
v 0.04460192 -0.05054652 0.01103033
v 0.04333659 -0.05035096 0.00988488
v 0.04127703 -0.05083470 0.00844391
v 0.03985467 -0.05060827 0.00741092
v 0.03542149 -0.04963050 0.00485327
v 0.03761392 -0.05083470 0.00614256
v 0.03526446 -0.05083470 0.00492650
v 0.02903445 -0.05149341 0.00265652
v 0.02826739 -0.05161692 0.00254145
v 0.02620180 -0.05109202 0.00175167
v 0.03501985 -0.05151400 0.00504679
v 0.03427695 -0.05166838 0.00487942
v 0.03187615 -0.05159633 0.00375490
v 0.02620180 -0.05214183 0.00451068
v 0.04877842 -0.05188452 0.01645422
v 0.04843415 -0.05166838 0.01555199
v 0.04769730 -0.05091704 0.01416332
v 0.04689703 -0.05143166 0.01352783
v 0.02620180 -0.05227563 0.00365029
v 0.02620180 -0.05226533 0.00331031
v 0.02946931 -0.05230651 0.00451068
v 0.03547887 -0.05227563 0.00691665
v 0.03788269 -0.05225505 0.00812225
v 0.04149145 -0.05223447 0.01052299
v 0.04509114 -0.05201832 0.01292896
v 0.04629607 -0.05200803 0.01413194
v 0.04701178 -0.05083470 0.01341276
v 0.04571022 -0.05144195 0.01231177
v 0.04445696 -0.05134932 0.01115586
v 0.04503679 -0.05089646 0.01152460
v 0.04317956 -0.05116406 0.01002087
v 0.04151258 -0.05083470 0.00862175
v 0.04107168 -0.05156546 0.00859560
v 0.03967952 -0.05141107 0.00752337
v 0.04026840 -0.05093763 0.00777966
v 0.03739045 -0.05149341 0.00625763
v 0.03067122 -0.05176101 0.00355091
v 0.02706548 -0.05176101 0.00237147
v 0.02620180 -0.05182276 0.00225117
v 0.03668078 -0.05166838 0.00607195
v 0.03544263 -0.05181248 0.00567705
v 0.03299351 -0.05177131 0.00448715
v 0.04717788 -0.05161692 0.01413194
v 0.02706548 -0.05219329 0.00331031
v 0.02620180 -0.05194627 0.00251530
v 0.03067122 -0.05219329 0.00451068
v 0.03307806 -0.05226533 0.00571628
v 0.03427695 -0.05210066 0.00571628
v 0.03668078 -0.05210066 0.00691665
v 0.04028953 -0.05217271 0.00932262
v 0.04274167 -0.05186393 0.01046284
v 0.04365670 -0.05166838 0.01081589
v 0.04509114 -0.05162721 0.01203718
v 0.04618434 -0.05158605 0.01305187
v 0.04237929 -0.05162721 0.00968874
v 0.04151258 -0.05181248 0.00931477
v 0.04028953 -0.05173014 0.00833147
v 0.03887925 -0.05163750 0.00728801
v 0.03187615 -0.05203890 0.00451068
v 0.02826739 -0.05208008 0.00331031
v 0.03782833 -0.05178159 0.00689834
v 0.04151258 -0.05182276 0.00933308
v -0.02329304 0.02847631 0.05607103
v -0.01518431 0.04604260 0.05607103
v -0.02452802 0.02847631 0.05607103
v -0.02041258 0.02847631 0.02979198
v -0.00806627 0.03362253 0.01639087
v -0.01714534 0.04604260 0.05607103
v -0.00805270 0.04773495 0.02979198
v -0.00805270 0.04925441 0.02979198
v -0.02450766 0.02864514 0.05607103
v -0.02529308 0.02847631 0.05136253
v -0.02188844 0.02847631 0.02979198
v -0.00806627 0.03362253 0.01495820
v -0.00805270 0.04144966 0.02090217
v -0.01763729 0.04551781 0.05607103
v -0.01742185 0.04604260 0.05500055
v -0.01777640 0.04566630 0.05500055
v -0.00805270 0.04880081 0.02855650
v -0.00908071 0.04875199 0.02979198
v -0.01735399 0.04604260 0.03980056
v -0.01799862 0.04604260 0.04216688
v -0.01813094 0.04604260 0.04297980
v -0.01825478 0.04604260 0.04418308
v -0.01835656 0.04604260 0.04538636
v -0.01842441 0.04604260 0.04658562
v -0.01843629 0.04604260 0.04778890
v -0.01841254 0.04604260 0.04898816
v -0.01832433 0.04604260 0.05019145
v -0.01816826 0.04604260 0.05139875
v -0.01811737 0.04604260 0.05173277
v -0.01803933 0.04604260 0.05221972
v -0.01802237 0.04604260 0.05230826
v -0.01769497 0.04604260 0.05379727
v -0.02434481 0.02971303 0.05607103
v -0.02454328 0.02971303 0.05500055
v -0.02525237 0.02921265 0.05094803
v -0.02538299 0.02849665 0.05057778
v -0.02538299 0.02847631 0.05059791
v -0.02183585 0.02875498 0.02979198
v -0.01812755 0.03362253 0.02538128
v -0.01789514 0.03362253 0.02503519
v -0.01757113 0.03362253 0.02455629
v -0.01669919 0.03362253 0.02330874
v -0.01666696 0.03362253 0.02326850
v -0.01579501 0.03362253 0.02219399
v -0.01487557 0.03362253 0.02110742
v -0.01449049 0.03362253 0.02066071
v -0.01420380 0.03362253 0.02034681
v -0.01333695 0.03362253 0.01941316
v -0.01299937 0.03362253 0.01907109
v -0.01248706 0.03362253 0.01855597
v -0.01214100 0.03362253 0.01821793
v -0.01123004 0.03362253 0.01735671
v -0.01090603 0.03362253 0.01705086
v -0.00991534 0.03362253 0.01615746
v -0.00930633 0.03362253 0.01563831
v -0.00848189 0.03362253 0.01495820
v -0.02301993 0.02847631 0.03223879
v -0.00806627 0.03459278 0.01495820
v -0.00805270 0.04144966 0.01884170
v -0.01811737 0.04498285 0.05607103
v -0.01791210 0.04582089 0.05379727
v -0.01830736 0.04506624 0.05500055
v -0.00805270 0.04851604 0.02781602
v -0.00867867 0.04849366 0.02855650
v -0.00929107 0.04864215 0.02979198
v -0.01695365 0.04604260 0.03846044
v -0.01723016 0.04604260 0.03937397
v -0.01768479 0.04554018 0.03937397
v -0.01784764 0.04573952 0.04057726
v -0.01806648 0.04598565 0.04220712
v -0.01919288 0.04471028 0.04252504
v -0.01925395 0.04477130 0.04332589
v -0.01878914 0.04542831 0.04418308
v -0.01884172 0.04548933 0.04538636
v -0.01887565 0.04552595 0.04658562
v -0.01888244 0.04553408 0.04778890
v -0.01887056 0.04551781 0.04898816
v -0.01882476 0.04546289 0.05019145
v -0.01883324 0.04524931 0.05148327
v -0.01807666 0.04599378 0.05227606
v -0.01798675 0.04590632 0.05307691
v -0.02412597 0.03086839 0.05607103
v -0.02431597 0.03091517 0.05500055
v -0.02451445 0.03091517 0.05379727
v -0.02447373 0.03331945 0.05019145
v -0.02529478 0.02944453 0.05019145
v -0.02538299 0.02882414 0.05019145
v -0.02443471 0.03211731 0.05259801
v -0.02538299 0.02847631 0.04203407
v -0.02292323 0.02971303 0.03254061
v -0.02177648 0.02971303 0.03006161
v -0.02162550 0.02971303 0.02979198
v -0.02154068 0.03006289 0.02979198
v -0.02132863 0.03093348 0.02979198
v -0.01840575 0.03362253 0.02586420
v -0.01805969 0.03403138 0.02548592
v -0.01697061 0.03452159 0.02413373
v -0.01653125 0.03452159 0.02353410
v -0.01592903 0.03452159 0.02276142
v -0.01556261 0.03380763 0.02199277
v -0.01442942 0.03395611 0.02072510
v -0.01326061 0.03402528 0.01949365
v -0.01206126 0.03402934 0.01829439
v -0.01083817 0.03398053 0.01711123
v -0.00959302 0.03388289 0.01595624
v -0.00840725 0.03380153 0.01495820
v -0.02303520 0.02847631 0.03227501
v -0.02303350 0.02851089 0.03228306
v -0.00806627 0.03573593 0.01542502
v -0.00810020 0.03452159 0.01495820
v -0.00884492 0.03452159 0.01557392
v -0.00860742 0.03551015 0.01576709
v -0.00806627 0.03601257 0.01554575
v -0.00806627 0.03657601 0.01579526
v -0.00806627 0.03709266 0.01603270
v -0.00806627 0.03818496 0.01657599
v -0.00806627 0.03842295 0.01669672
v -0.00806627 0.03895995 0.01702269
v -0.00806627 0.03938710 0.01733257
v -0.00806627 0.04076214 0.01833061
v -0.00806627 0.04098589 0.01849561
v -0.00805270 0.04167544 0.01901475
v -0.01817674 0.04491572 0.05607103
v -0.01842950 0.04522083 0.05379727
v -0.01903003 0.04449060 0.05379727
v -0.01890788 0.04430143 0.05500055
v -0.00805270 0.04845095 0.02766309
v -0.00954383 0.04828212 0.02924467
v -0.00972704 0.04840823 0.02979198
v -0.00843100 0.04835738 0.02792468
v -0.01807496 0.04479978 0.03860130
v -0.01668901 0.04604260 0.03771191
v -0.01679079 0.04590835 0.03763545
v -0.01818522 0.04494013 0.03937397
v -0.01835147 0.04513744 0.04057726
v -0.01843459 0.04541407 0.04179261
v -0.01910467 0.04459637 0.04177651
v -0.02025142 0.04329050 0.04297980
v -0.01958305 0.04424041 0.04294760
v -0.01956099 0.04399632 0.04177651
v -0.01929975 0.04482826 0.04418308
v -0.01934725 0.04488725 0.04538636
v -0.01937609 0.04492386 0.04658562
v -0.01938287 0.04493199 0.04778890
v -0.01936930 0.04491572 0.04898816
v -0.01932519 0.04486284 0.05019145
v -0.01926921 0.04479164 0.05114119
v -0.01920984 0.04472452 0.05194607
v -0.02410561 0.03096806 0.05607103
v -0.02404624 0.03159048 0.05568067
v -0.02403437 0.03272550 0.05440897
v -0.02425829 0.03211731 0.05379727
v -0.02416329 0.03456431 0.05016328
v -0.02405303 0.03519080 0.04974072
v -0.02456025 0.03331945 0.04898816
v -0.02532023 0.02979846 0.04893182
v -0.02431936 0.03331945 0.05139071
v -0.02405472 0.03400087 0.05215936
v -0.02538299 0.02939978 0.04894792
v -0.02415481 0.03336013 0.05257387
v -0.02408186 0.03292687 0.05379727
v -0.02538299 0.02870820 0.04203407
v -0.02538130 0.02847631 0.04177249
v -0.02322010 0.02971303 0.03336561
v -0.02284859 0.03041072 0.03271769
v -0.02190879 0.03093348 0.03089063
v -0.02167978 0.03054701 0.03025076
v -0.02070945 0.03319740 0.02979198
v -0.01940662 0.03362253 0.02762285
v -0.01931671 0.03418393 0.02778382
v -0.01827852 0.03446667 0.02614189
v -0.01814451 0.03543082 0.02653627
v -0.01790023 0.03483280 0.02573543
v -0.01707748 0.03563830 0.02495470
v -0.01684338 0.03518267 0.02431483
v -0.01620893 0.03570542 0.02375947
v -0.01574243 0.03542675 0.02298679
v -0.01542011 0.03452159 0.02216180
v -0.01376105 0.03438937 0.02020193
v -0.01424960 0.03474941 0.02090217
v -0.01308419 0.03482467 0.01967877
v -0.01257357 0.03442599 0.01897853
v -0.01188314 0.03483077 0.01846743
v -0.01136235 0.03440565 0.01778732
v -0.01065666 0.03478195 0.01728025
v -0.00944713 0.03452159 0.01608099
v -0.02340670 0.02847631 0.03336561
v -0.02340161 0.02851089 0.03336561
v -0.00840046 0.03631158 0.01594417
v -0.00982543 0.03572373 0.01694220
v -0.00900777 0.03583560 0.01626611
v -0.00822743 0.03692587 0.01608904
v -0.00863626 0.03792257 0.01693013
v -0.00840555 0.03872399 0.01714342
v -0.00853278 0.04007869 0.01823000
v -0.00814770 0.03932608 0.01735671
v -0.00819181 0.04088011 0.01851975
v -0.00805270 0.04234261 0.01953389
v -0.00865153 0.04140897 0.01932060
v -0.00829698 0.04221040 0.01963852
v -0.01888414 0.04394954 0.05607103
v -0.01947278 0.04389055 0.05379727
v -0.01933877 0.04370138 0.05500055
v -0.01925225 0.04357323 0.05571689
v -0.00805270 0.04818042 0.02708359
v -0.00927749 0.04812346 0.02855650
v -0.00984239 0.04730780 0.02763492
v -0.01091111 0.04721626 0.02900320
v -0.01021220 0.04802989 0.02969137
v -0.01010024 0.04815397 0.02979198
v -0.01561520 0.04604260 0.03500755
v -0.01572207 0.04604260 0.03524498
v -0.01594260 0.04604260 0.03576815
v -0.01608170 0.04604260 0.03612632
v -0.01640571 0.04604260 0.03696741
v -0.01659062 0.04604260 0.03745033
v -0.00811377 0.04816211 0.02712383
v -0.00898741 0.04773495 0.02737736
v -0.01929466 0.04363019 0.03972409
v -0.01895369 0.04438686 0.04057726
v -0.01793585 0.04464112 0.03780045
v -0.01825817 0.04385597 0.03696741
v -0.01667035 0.04577410 0.03696741
v -0.01719284 0.04517202 0.03696741
v -0.02018187 0.04315218 0.04203407
v -0.02064329 0.04269044 0.04297980
v -0.02070775 0.04279011 0.04418308
v -0.02034981 0.04346949 0.04538636
v -0.01940832 0.04378681 0.04057726
v -0.02015982 0.04311556 0.04177651
v -0.02040240 0.04351831 0.04658562
v -0.01995965 0.04413260 0.04778890
v -0.02040070 0.04351628 0.04778890
v -0.02036847 0.04349187 0.04898816
v -0.02031758 0.04342067 0.05019145
v -0.01959831 0.04424855 0.05148327
v -0.01958474 0.04404514 0.05259801
v -0.02322519 0.03452159 0.05607103
v -0.02328287 0.03572373 0.05379727
v -0.02305386 0.03702757 0.05267447
v -0.02327269 0.03692587 0.05139071
v -0.02300466 0.03818496 0.05015925
v -0.02285029 0.03876874 0.04973669
v -0.02312001 0.03812394 0.04898816
v -0.02407169 0.03525793 0.04898816
v -0.02426508 0.03452159 0.04898816
v -0.02429900 0.03452159 0.04778890
v -0.02432445 0.03452159 0.04658562
v -0.02458400 0.03331945 0.04778890
v -0.02526594 0.03046564 0.04658562
v -0.02525068 0.03038834 0.04778890
v -0.02523711 0.03033139 0.04848914
v -0.02538299 0.02969879 0.04780500
v -0.02538299 0.02904789 0.04242041
v -0.02528969 0.02944250 0.04203005
v -0.02537282 0.02847631 0.04168798
v -0.02298261 0.03085415 0.03335756
v -0.02418704 0.02847631 0.03568766
v -0.02410901 0.02971303 0.03612229
v -0.02404624 0.03039038 0.03631949
v -0.02290288 0.03182033 0.03374792
v -0.02186978 0.03329707 0.03213415
v -0.02178496 0.03211731 0.03125282
v -0.02068909 0.03326656 0.02979198
v -0.02167639 0.03288212 0.03147014
v -0.02064668 0.03340285 0.02979198
v -0.02054660 0.03427343 0.03012600
v -0.01936082 0.03572373 0.02890662
v -0.01694347 0.03659838 0.02536116
v -0.01923868 0.03636040 0.02912796
v -0.01817505 0.03692587 0.02768724
v -0.01667205 0.03598409 0.02455629
v -0.01556261 0.03622818 0.02320008
v -0.01456853 0.03572373 0.02176741
v -0.01404265 0.03572373 0.02116778
v -0.01344212 0.03572373 0.02049974
v -0.01227501 0.03572373 0.01927633
v -0.01287553 0.03572373 0.01990011
v -0.01107058 0.03572373 0.01809317
v -0.01167110 0.03572373 0.01867268
v -0.01042425 0.03572373 0.01749354
v -0.00965070 0.03639904 0.01709915
v -0.00902473 0.03685061 0.01675708
v -0.00943695 0.03720047 0.01729635
v -0.00982543 0.03812801 0.01813744
v -0.00963882 0.03877077 0.01831049
v -0.00933347 0.03956813 0.01859219
v -0.00899250 0.04050584 0.01895438
v -0.00805270 0.04278401 0.01989608
v -0.00945222 0.04093097 0.01968682
v -0.00924526 0.04144966 0.01990413
v -0.00909259 0.04183003 0.02006511
v -0.00953535 0.04224905 0.02081364
v -0.00873465 0.04269248 0.02043937
v -0.00836993 0.04349390 0.02077742
v -0.00805270 0.04318879 0.02023413
v -0.01945242 0.04309522 0.05607103
v -0.02018526 0.04312777 0.05259801
v -0.02046517 0.04239957 0.05340288
v -0.00805270 0.04787937 0.02647993
v -0.01064309 0.04701082 0.02820236
v -0.00867358 0.04731390 0.02614993
v -0.00842421 0.04715320 0.02553018
v -0.00954383 0.04707998 0.02683408
v -0.00977454 0.04607108 0.02534104
v -0.01086701 0.04598565 0.02667310
v -0.01142682 0.04655315 0.02853638
v -0.01175083 0.04691522 0.02975978
v -0.01176100 0.04692336 0.02979198
v -0.01115031 0.04739933 0.02975978
v -0.01025292 0.04804820 0.02979198
v -0.01532003 0.04604260 0.03438377
v -0.01549645 0.04580868 0.03423889
v -0.01567796 0.04599582 0.03504376
v -0.01643625 0.04550967 0.03576815
v -0.01904020 0.04328643 0.03817069
v -0.01945582 0.04268434 0.03817069
v -0.02050249 0.04124828 0.03853288
v -0.02062124 0.04143745 0.03937397
v -0.02045329 0.04237516 0.04105615
v -0.01779336 0.04445602 0.03696741
v -0.01931671 0.04247076 0.03728533
v -0.01811398 0.04365663 0.03613034
v -0.01697061 0.04490759 0.03576815
v -0.02026330 0.04302606 0.04203005
v -0.02056186 0.04255009 0.04203005
v -0.02184942 0.04031871 0.04177651
v -0.02186978 0.04060348 0.04309248
v -0.02162889 0.04113031 0.04356735
v -0.02130827 0.04177104 0.04418308
v -0.02075016 0.04286741 0.04538636
v -0.02053811 0.04251348 0.04177651
v -0.02076882 0.04291622 0.04658562
v -0.02076712 0.04291622 0.04778890
v -0.02074677 0.04288978 0.04898816
v -0.02070266 0.04282062 0.05019145
v -0.02025991 0.04329253 0.05139071
v -0.02318108 0.03467414 0.05607103
v -0.02303689 0.03580306 0.05505689
v -0.02288761 0.03648447 0.05469068
v -0.02296904 0.03672043 0.05379727
v -0.02288252 0.03766830 0.05232436
v -0.02295038 0.03785748 0.05139071
v -0.02201736 0.04052618 0.04898816
v -0.02257547 0.03940947 0.04898816
v -0.02286895 0.03881146 0.04898816
v -0.02188844 0.03940337 0.05381337
v -0.02174424 0.04016615 0.05259801
v -0.02184264 0.04036142 0.05139071
v -0.02187656 0.04061568 0.05017535
v -0.02164755 0.04116488 0.04976084
v -0.02315564 0.03812394 0.04778890
v -0.02408865 0.03531691 0.04778890
v -0.02410052 0.03535352 0.04658562
v -0.02432954 0.03452159 0.04538636
v -0.02526594 0.03046360 0.04538636
v -0.02538299 0.02989406 0.04658562
v -0.02538299 0.02971303 0.04773256
v -0.02538299 0.02937741 0.04299590
v -0.02445846 0.03331945 0.04177651
v -0.02453650 0.03211731 0.04057726
v -0.02434820 0.03211731 0.03937397
v -0.02458400 0.03091517 0.03937397
v -0.02528800 0.02943640 0.04201395
v -0.02532532 0.02847631 0.04136603
v -0.02535416 0.02860649 0.04167993
v -0.02532023 0.02978829 0.04299992
v -0.02419383 0.02849665 0.03571986
v -0.02452462 0.02847631 0.03696741
v -0.02451953 0.02851089 0.03696741
v -0.02432784 0.02971303 0.03696741
v -0.02321162 0.03331945 0.03576815
v -0.02306743 0.03218037 0.03449243
v -0.02412428 0.03084194 0.03701972
v -0.02405981 0.03163930 0.03745033
v -0.02292323 0.03331945 0.03489889
v -0.02283841 0.03395611 0.03513633
v -0.02174764 0.03427343 0.03251244
v -0.02060258 0.03572373 0.03122465
v -0.01803255 0.03755236 0.02793272
v -0.01699775 0.03787782 0.02644774
v -0.01673651 0.03739981 0.02564689
v -0.01567627 0.03764186 0.02427056
v -0.01585269 0.03692587 0.02402910
v -0.01941171 0.03682823 0.02981210
v -0.01939305 0.03684654 0.02979198
v -0.01906226 0.03716182 0.02944588
v -0.01876878 0.03682823 0.02866113
v -0.02047026 0.03643159 0.03147818
v -0.01456174 0.03780459 0.02297069
v -0.01422416 0.03714758 0.02216985
v -0.01442603 0.03634819 0.02193643
v -0.01538449 0.03692587 0.02342947
v -0.01327418 0.03643769 0.02068083
v -0.01209180 0.03647023 0.01946145
v -0.01088567 0.03646007 0.01827024
v -0.01066684 0.03726149 0.01847951
v -0.01042425 0.03812801 0.01871695
v -0.01103325 0.03812801 0.01931658
v -0.01084665 0.03877891 0.01950572
v -0.01010024 0.03917352 0.01904694
v -0.00976096 0.04013158 0.01939304
v -0.00986444 0.04144966 0.02049169
v -0.01028854 0.04183206 0.02126034
v -0.00991534 0.04271078 0.02161851
v -0.00958963 0.04351221 0.02196863
v -0.00805270 0.04363629 0.02063657
v -0.00878724 0.04388445 0.02158229
v -0.00834618 0.04468384 0.02200485
v -0.00805270 0.04408785 0.02110339
v -0.01948805 0.04303420 0.05607103
v -0.02053641 0.04252772 0.05259801
v -0.02062802 0.04269248 0.05139071
v -0.02070097 0.04180562 0.05380129
v -0.02061615 0.04149237 0.05500055
v -0.00805270 0.04772478 0.02617810
v -0.01110111 0.04617685 0.02735322
v -0.00805270 0.04725694 0.02527665
v -0.00808833 0.04691115 0.02472934
v -0.00893313 0.04649213 0.02503116
v -0.00927240 0.04689488 0.02614993
v -0.01057693 0.04572325 0.02587225
v -0.00944204 0.04579851 0.02453617
v -0.01023426 0.04536119 0.02491446
v -0.01134030 0.04526965 0.02625054
v -0.01209519 0.04481605 0.02663286
v -0.01170163 0.04564799 0.02735322
v -0.01194252 0.04587174 0.02806553
v -0.01218680 0.04609142 0.02886638
v -0.01304687 0.04604260 0.03019441
v -0.01333016 0.04604260 0.03067331
v -0.01443621 0.04604260 0.03261305
v -0.01115709 0.04740747 0.02979198
v -0.01499262 0.04604260 0.03370365
v -0.01617331 0.04528186 0.03468157
v -0.01482468 0.04604260 0.03336561
v -0.01527931 0.04558697 0.03336561
v -0.01585099 0.04498488 0.03336561
v -0.01683829 0.04475503 0.03512828
v -0.02165434 0.03997088 0.03987299
v -0.02049910 0.04004614 0.03617059
v -0.02062632 0.04025362 0.03696741
v -0.02166451 0.03879112 0.03744228
v -0.02176969 0.03897011 0.03817069
v -0.01945242 0.04147610 0.03576815
v -0.01699436 0.04375020 0.03357487
v -0.01778827 0.04321727 0.03456889
v -0.01821576 0.04261518 0.03456889
v -0.01930145 0.04124828 0.03496328
v -0.02173237 0.04010513 0.04057726
v -0.02282993 0.03872602 0.04237614
v -0.02164925 0.04116895 0.04418308
v -0.02135068 0.04182596 0.04538636
v -0.02136765 0.04070518 0.04057726
v -0.02136934 0.04185850 0.04658562
v -0.02136934 0.04185240 0.04778890
v -0.02134899 0.04180969 0.04898816
v -0.02293341 0.03545116 0.05607103
v -0.02179174 0.03907792 0.05500055
v -0.02192236 0.03818903 0.05607103
v -0.02186978 0.03832328 0.05607103
v -0.02166960 0.04120760 0.04898816
v -0.02169166 0.04125032 0.04778890
v -0.02205808 0.04052618 0.04778890
v -0.02259413 0.03944812 0.04778890
v -0.02288761 0.03884807 0.04778890
v -0.02166960 0.04001360 0.05342301
v -0.02317599 0.03812394 0.04658562
v -0.02410392 0.03535963 0.04538636
v -0.02431597 0.03452159 0.04418308
v -0.02459417 0.03331945 0.04418308
v -0.02525237 0.03040462 0.04418308
v -0.02538299 0.02986355 0.04512478
v -0.02538299 0.02988796 0.04538636
v -0.02538299 0.02947301 0.04328967
v -0.02415481 0.03454803 0.04183688
v -0.02408356 0.03411071 0.04057726
v -0.02427695 0.03331945 0.04057726
v -0.02524219 0.03035580 0.04341845
v -0.02448221 0.03331945 0.04203005
v -0.02404624 0.03517046 0.04227956
v -0.02410901 0.03326453 0.03948666
v -0.02405812 0.03282517 0.03864959
v -0.02437025 0.03091517 0.03817069
v -0.02457551 0.02971303 0.03817069
v -0.02538299 0.02971710 0.04413076
v -0.02293511 0.03442192 0.03585266
v -0.02322010 0.03452159 0.03696741
v -0.02413276 0.03207053 0.03821898
v -0.02284859 0.03517860 0.03631144
v -0.02176460 0.03549998 0.03361109
v -0.02193254 0.03461312 0.03327305
v -0.02157969 0.03507486 0.03281025
v -0.02063141 0.03687095 0.03220257
v -0.01741337 0.03811580 0.02736529
v -0.01915895 0.03737336 0.02979198
v -0.01928448 0.03764796 0.03025076
v -0.01819540 0.03802224 0.02863296
v -0.01782898 0.03835175 0.02828687
v -0.01677213 0.03867924 0.02679785
v -0.01574412 0.03892740 0.02536116
v -0.01546591 0.03844329 0.02455629
v -0.01501298 0.03812394 0.02374739
v -0.02004616 0.03687095 0.03103148
v -0.02029892 0.03723301 0.03182830
v -0.01434630 0.03860601 0.02322825
v -0.01388658 0.03825616 0.02246362
v -0.01342516 0.03790833 0.02171107
v -0.01375087 0.03679162 0.02142131
v -0.01257697 0.03685467 0.02018181
v -0.01304008 0.03725742 0.02090217
v -0.01187127 0.03727166 0.01968682
v -0.01163208 0.03812801 0.01993633
v -0.01203073 0.03875450 0.02072510
v -0.01129789 0.03916539 0.02026230
v -0.01094674 0.04011734 0.02060035
v -0.01055996 0.03957830 0.01979950
v -0.01021051 0.04052415 0.02014157
v -0.01066175 0.04091876 0.02090620
v -0.01103156 0.04141304 0.02170704
v -0.01071603 0.04221447 0.02204911
v -0.01107227 0.04264976 0.02284996
v -0.01074148 0.04345119 0.02322423
v -0.00993909 0.04387631 0.02276948
v -0.00954383 0.04467570 0.02321618
v -0.00916553 0.04427905 0.02238314
v -0.00874313 0.04502149 0.02280569
v -0.00805270 0.04517608 0.02229460
v -0.00805270 0.04480995 0.02186802
v -0.02050758 0.04128286 0.05595835
v -0.02040240 0.04141711 0.05607103
v -0.00805270 0.04692336 0.02470921
v -0.00805270 0.04638636 0.02388422
v -0.00863965 0.04610973 0.02410154
v -0.01101120 0.04492182 0.02529275
v -0.00826136 0.04582292 0.02330069
v -0.00909259 0.04541000 0.02365886
v -0.00989328 0.04499912 0.02401703
v -0.01069567 0.04462282 0.02449190
v -0.01181190 0.04453942 0.02582799
v -0.01254474 0.04406751 0.02625054
v -0.01326909 0.04359764 0.02666908
v -0.01292982 0.04443568 0.02735322
v -0.01315204 0.04467367 0.02805748
v -0.01232760 0.04504794 0.02735322
v -0.01267027 0.04539373 0.02846394
v -0.01306892 0.04579444 0.02979198
v -0.01323347 0.04595310 0.03033124
v -0.01448880 0.04600599 0.03263720
v -0.01452442 0.04604260 0.03277805
v -0.01666865 0.04455162 0.03432340
v -0.01567796 0.04479774 0.03265732
v -0.01652107 0.04414481 0.03325293
v -0.02188844 0.03936269 0.03943031
v -0.02045160 0.03876874 0.03390890
v -0.02057204 0.03896605 0.03456889
v -0.02151693 0.03855720 0.03664546
v -0.02173915 0.03775577 0.03603778
v -0.02185960 0.03814428 0.03701570
v -0.02285707 0.03759305 0.03985690
v -0.01681454 0.04352848 0.03277403
v -0.01744899 0.04296504 0.03330927
v -0.01807156 0.04240364 0.03384853
v -0.01790532 0.04215955 0.03304768
v -0.01817674 0.04135812 0.03242793
v -0.01912502 0.04101030 0.03416243
v -0.01936082 0.04014581 0.03336561
v -0.02263824 0.03835583 0.04057726
v -0.02292323 0.03775577 0.04057726
v -0.02293680 0.03831107 0.04203005
v -0.02308778 0.03812394 0.04297980
v -0.02284520 0.03875857 0.04297980
v -0.02198852 0.04052618 0.04418308
v -0.02167978 0.04122590 0.04538636
v -0.02169674 0.04125642 0.04658562
v -0.02179344 0.03851245 0.05607103
v -0.02169166 0.03886638 0.05586981
v -0.02206656 0.04052618 0.04658562
v -0.02259753 0.03946439 0.04658562
v -0.02289609 0.03886434 0.04658562
v -0.02316582 0.03812394 0.04538636
v -0.02409544 0.03532912 0.04418308
v -0.02427186 0.03452159 0.04297980
v -0.02456703 0.03331945 0.04297980
v -0.02538299 0.02972524 0.04416698
v -0.02322858 0.03692587 0.04057726
v -0.02403437 0.03392967 0.03996153
v -0.02297752 0.03814631 0.04189725
v -0.02406999 0.03524979 0.04297980
v -0.02308100 0.03581933 0.03808618
v -0.02293511 0.03543285 0.03696741
v -0.02193085 0.03700926 0.03569169
v -0.02176290 0.03666551 0.03479425
v -0.02234307 0.03692587 0.03696741
v -0.02160005 0.03630141 0.03399341
v -0.02109283 0.03692587 0.03336561
v -0.02048892 0.03765000 0.03262915
v -0.01946430 0.03807919 0.03100331
v -0.01908092 0.03844939 0.03062905
v -0.01881458 0.03807919 0.02979198
v -0.01805630 0.03878908 0.02909174
v -0.01702659 0.03905961 0.02759871
v -0.01548627 0.03972679 0.02575957
v -0.01507575 0.03941355 0.02486617
v -0.01466352 0.03910030 0.02402910
v -0.02006312 0.03807919 0.03220257
v -0.01415291 0.03942982 0.02367496
v -0.01350659 0.03932608 0.02280569
v -0.01320293 0.03870772 0.02196058
v -0.01228519 0.03860195 0.02090217
v -0.01221055 0.03812801 0.02053998
v -0.01211046 0.03887655 0.02090217
v -0.01174913 0.03955186 0.02102693
v -0.01212064 0.04007665 0.02183180
v -0.01183395 0.04087808 0.02214972
v -0.01218680 0.04135609 0.02294655
v -0.01202564 0.04144966 0.02284594
v -0.01187466 0.04215751 0.02331276
v -0.01147940 0.04301183 0.02367093
v -0.01188484 0.04337592 0.02450800
v -0.01108245 0.04382139 0.02402910
v -0.01031738 0.04424855 0.02362264
v -0.00805270 0.04535305 0.02250789
v -0.02058222 0.04107335 0.05607103
v -0.00805270 0.04590225 0.02319203
v -0.00805270 0.04559103 0.02280167
v -0.01144717 0.04417938 0.02490238
v -0.01219528 0.04373596 0.02530884
v -0.01299767 0.04326609 0.02586823
v -0.01331829 0.04246262 0.02540945
v -0.01351677 0.04289182 0.02622237
v -0.01462451 0.04261111 0.02761883
v -0.01432085 0.04341051 0.02811382
v -0.01348454 0.04383359 0.02735322
v -0.01385604 0.04418549 0.02848809
v -0.01419193 0.04449873 0.02954247
v -0.01442773 0.04474486 0.03034332
v -0.01339123 0.04491572 0.02885833
v -0.01371355 0.04523100 0.02993686
v -0.01401550 0.04553001 0.03096307
v -0.01426487 0.04578427 0.03183635
v -0.01497396 0.04528999 0.03224684
v -0.01460415 0.04492996 0.03096307
v -0.01545913 0.04455976 0.03185647
v -0.01600537 0.04414888 0.03221867
v -0.02061106 0.03807919 0.03345012
v -0.01923189 0.03993834 0.03274988
v -0.01942359 0.03927116 0.03227501
v -0.02028196 0.03845142 0.03310402
v -0.02291136 0.03654550 0.03843227
v -0.02299788 0.03693807 0.03942227
v -0.01581028 0.04375833 0.03122867
v -0.01665848 0.04331084 0.03216635
v -0.01709105 0.04270875 0.03216635
v -0.01773229 0.04174867 0.03208184
v -0.01797657 0.04108149 0.03162708
v -0.01860932 0.04050991 0.03218647
v -0.02313528 0.03812394 0.04418308
v -0.02286895 0.03880739 0.04418308
v -0.02256699 0.03940744 0.04418308
v -0.02203941 0.04052618 0.04538636
v -0.02071963 0.04078655 0.05607103
v -0.02258735 0.03944405 0.04538636
v -0.02288591 0.03884604 0.04538636
v -0.02337278 0.03572373 0.03937397
v -0.01929296 0.03883587 0.03143392
v -0.01741676 0.03932404 0.02856053
v -0.01819031 0.03919590 0.02979198
v -0.01803085 0.03994240 0.03034332
v -0.01787648 0.03969628 0.02979198
v -0.01700115 0.04021090 0.02883016
v -0.01573564 0.04010513 0.02656042
v -0.01546591 0.04090656 0.02699505
v -0.01507744 0.04060755 0.02606542
v -0.01468558 0.04030854 0.02517202
v -0.01439040 0.03989969 0.02437117
v -0.01298580 0.04080485 0.02342544
v -0.01326909 0.04000343 0.02308337
v -0.01255322 0.04044075 0.02261655
v -0.01331659 0.04126252 0.02423032
v -0.01259732 0.04170798 0.02377154
v -0.01300955 0.04206394 0.02460861
v -0.01220885 0.04257450 0.02411361
v -0.01260241 0.04292029 0.02495872
v -0.01356257 0.04168968 0.02498287
v -0.01371185 0.04144966 0.02495068
v -0.01439210 0.04110997 0.02557043
v -0.01466522 0.04147406 0.02637128
v -0.01436157 0.04227549 0.02681798
v -0.01504521 0.04176901 0.02730895
v -0.01570850 0.04126252 0.02779590
v -0.01542520 0.04206394 0.02829492
v -0.01498923 0.04289385 0.02860479
v -0.01557279 0.04348373 0.03042380
v -0.01455326 0.04369731 0.02891467
v -0.01904190 0.03963526 0.03194903
v -0.01624456 0.04296097 0.03092282
v -0.01690106 0.04243822 0.03142184
v -0.01697061 0.04133371 0.03010185
v -0.01780014 0.04080282 0.03096307
v -0.01819201 0.04020276 0.03096307
v -0.01737774 0.04046923 0.02979198
v -0.01687901 0.04120963 0.02979198
v -0.01565252 0.04237719 0.02909576
v -0.01585099 0.04263755 0.02979198
v -0.01668053 0.04213514 0.03062100
v -0.01085672 0.02822240 0.08291787
v -0.01085672 0.02842393 0.08292050
v -0.01210350 0.02850891 0.08211278
v -0.01210159 0.02822240 0.08211015
v -0.01085672 0.02822240 0.07605093
v -0.01085480 0.03704119 0.07452231
v -0.01085672 0.03692221 0.08294944
v -0.01211118 0.02971324 0.08211541
v -0.01256194 0.02822240 0.08179706
v -0.01085480 0.03704119 0.07354884
v -0.02331305 0.02822240 0.05607103
v -0.01746084 0.04359700 0.05607366
v -0.01085480 0.04359700 0.06865253
v -0.01085480 0.03908806 0.07452231
v -0.01085672 0.03704119 0.08294944
v -0.01212652 0.03704119 0.08212594
v -0.01271347 0.03091514 0.08170760
v -0.01270388 0.02822240 0.08169971
v -0.02883726 0.02822240 0.05607103
v -0.02097293 0.03704119 0.05607103
v -0.02703806 0.05243824 0.05607630
v -0.02582580 0.05243824 0.05607630
v -0.02519665 0.05214384 0.05607630
v -0.02177663 0.05229924 0.07081259
v -0.01085480 0.04359700 0.07118619
v -0.01085480 0.03932844 0.07438813
v -0.01858486 0.04359943 0.07650873
v -0.01085480 0.04024140 0.07385930
v -0.01085480 0.04053277 0.07368039
v -0.01085480 0.04089941 0.07344886
v -0.01085480 0.04164483 0.07288845
v -0.01085480 0.04214744 0.07248328
v -0.01085480 0.04227613 0.07237541
v -0.01085480 0.04293171 0.07179396
v -0.01085480 0.04350231 0.07128091
v -0.01085480 0.04358244 0.07120198
v -0.02218902 0.05230410 0.07081259
v -0.01272690 0.03704119 0.08171550
v -0.01272690 0.03692221 0.08171550
v -0.01354594 0.03091514 0.08110773
v -0.01354210 0.02971324 0.08110510
v -0.01353635 0.02850891 0.08109984
v -0.01353635 0.02822240 0.08109721
v -0.03045041 0.05131344 0.05607630
v -0.02883726 0.02850891 0.05607103
v -0.02817359 0.02822240 0.05861522
v -0.02881616 0.03704119 0.05607103
v -0.02824072 0.05243824 0.05607630
v -0.02703806 0.05243824 0.05621048
v -0.02583539 0.05243824 0.05981759
v -0.02583539 0.05243824 0.05861522
v -0.02583539 0.05243824 0.05741285
v -0.02583539 0.05243824 0.05621048
v -0.02583539 0.05243824 0.06101996
v -0.02583539 0.05243824 0.06222234
v -0.01912961 0.04359943 0.07594569
v -0.01913537 0.03452084 0.07595095
v -0.01793845 0.03692221 0.07715069
v -0.01793845 0.03704119 0.07715069
v -0.01671469 0.03704119 0.07832676
v -0.01611431 0.03704119 0.07889505
v -0.01545831 0.03704119 0.07949755
v -0.01479080 0.03704119 0.08008164
v -0.01415782 0.03704119 0.08062626
v -0.01355745 0.03704119 0.08111563
v -0.02288147 0.05134743 0.07081259
v -0.02302149 0.05229681 0.07033374
v -0.01415782 0.03692221 0.08062626
v -0.01414439 0.02971324 0.08061310
v -0.01413864 0.02850891 0.08061047
v -0.01413672 0.02822240 0.08060784
v -0.02987113 0.05241093 0.05607630
v -0.02782065 0.02822240 0.05984390
v -0.02763267 0.02822240 0.06041483
v -0.02663525 0.02822240 0.06333262
v -0.02554767 0.02822240 0.06582682
v -0.02525036 0.02822240 0.06646616
v -0.02525228 0.02850891 0.06647142
v -0.02503361 0.02822240 0.06692658
v -0.02496456 0.02822240 0.06707129
v -0.02528489 0.05134743 0.06652404
v -0.02526762 0.05205401 0.06648984
v -0.02703806 0.05243824 0.05861522
v -0.02703806 0.05243824 0.05741285
v -0.02565125 0.05243824 0.06462445
v -0.01961490 0.04359943 0.07534582
v -0.01962832 0.03572274 0.07534845
v -0.01913345 0.03331894 0.07595095
v -0.01962832 0.03452084 0.07534845
v -0.01778117 0.02822240 0.07727435
v -0.01670701 0.03211704 0.07832149
v -0.01671469 0.03692221 0.07832676
v -0.01792311 0.02822240 0.07713754
v -0.01611431 0.03692221 0.07889505
v -0.01545831 0.03692221 0.07949755
v -0.01544680 0.03091514 0.07948966
v -0.01483684 0.02822240 0.08000797
v -0.02170182 0.04359943 0.07253327
v -0.02126449 0.04359943 0.07313577
v -0.02066220 0.04359943 0.07395138
v -0.02021527 0.04359943 0.07455126
v -0.02311740 0.05134743 0.07048371
v -0.02404769 0.05199573 0.06885512
v -0.02541340 0.05229924 0.06582682
v -0.02421265 0.05225796 0.06822894
v -0.02438336 0.02822240 0.06823156
v -0.02439487 0.03211704 0.06823156
v -0.02439871 0.03452084 0.06823156
v -0.02439871 0.03572274 0.06823156
v -0.02439679 0.05014554 0.06822894
v -0.02497223 0.05134743 0.06712391
v -0.02063534 0.03704119 0.07402768
v -0.02022486 0.03572274 0.07457230
v -0.01962641 0.03331894 0.07534845
v -0.01913153 0.03211704 0.07594832
v -0.02022486 0.03331894 0.07457230
v -0.01669742 0.02822240 0.07831360
v -0.01610664 0.03211704 0.07889242
v -0.01897424 0.02822240 0.07607461
v -0.01609705 0.02850891 0.07888453
v -0.01544297 0.02971324 0.07948703
v -0.01543721 0.02822240 0.07948440
v -0.02168264 0.03704119 0.07262009
v -0.02127791 0.03704119 0.07316471
v -0.02371777 0.05134743 0.06947077
v -0.02405728 0.03211704 0.06887616
v -0.02369668 0.03091514 0.06947867
v -0.02309630 0.03211704 0.07047582
v -0.02309630 0.03331894 0.07047845
v -0.02172676 0.03452084 0.07256484
v -0.02172676 0.03572274 0.07256484
v -0.02405728 0.05134743 0.06886827
v -0.02439487 0.05134743 0.06822894
v -0.02404961 0.02822240 0.06886827
v -0.02405153 0.02850891 0.06886827
v -0.02405728 0.03572274 0.06887616
v -0.02405728 0.05014554 0.06887090
v -0.02067754 0.03452084 0.07396980
v -0.02022294 0.03211704 0.07456967
v -0.02021719 0.02971324 0.07456441
v -0.01962257 0.03091514 0.07534056
v -0.01911810 0.02822240 0.07592727
v -0.01961490 0.02822240 0.07533003
v -0.02127600 0.03211704 0.07316471
v -0.02067179 0.02971324 0.07396191
v -0.01609705 0.02822240 0.07888190
v -0.02369476 0.02822240 0.06947077
v -0.02309438 0.02822240 0.07046793
v -0.02172484 0.03331894 0.07256484
v -0.02066987 0.02822240 0.07395665
v -0.02021335 0.02850891 0.07456178
v -0.02021143 0.02822240 0.07456178
v -0.02172292 0.03211704 0.07256221
v -0.02127024 0.02822240 0.07315156
v -0.02171141 0.02822240 0.07254906
v -0.02171333 0.02850891 0.07254906
v -0.02171525 0.02971324 0.07255695
v -0.00900488 0.05243824 0.08389747
v -0.00860165 0.05224125 0.08459156
v -0.00779832 0.05243824 0.08481689
v -0.00539769 0.05243824 0.08604009
v -0.00059332 0.05243394 0.08833159
v 0.00301386 0.05243824 0.08959102
v 0.00782136 0.05243824 0.09081020
v 0.00782136 0.05243824 0.09022274
v -0.00781707 0.05243824 0.08382907
v -0.02102674 0.05239112 0.07188471
v -0.01259331 0.05243824 0.08147319
v -0.01140863 0.05242204 0.08243083
v -0.01018331 0.05134682 0.08365203
v -0.00929558 0.05134682 0.08425357
v -0.00869542 0.05134682 0.08465393
v -0.00649173 0.05134682 0.08591335
v -0.00633544 0.05228883 0.08583086
v -0.01218070 0.05221508 0.08216930
v -0.00394419 0.05229359 0.08703999
v -0.00146855 0.05222936 0.08817467
v 0.00181042 0.05230310 0.08943208
v 0.00662104 0.05243824 0.09072570
v 0.00905292 0.05134682 0.09137150
v 0.00905292 0.05236733 0.09093896
v 0.00902479 0.05236971 0.09093493
v 0.00902479 0.05236971 0.09032132
v -0.02142372 0.05230072 0.07094919
v -0.02177381 0.05230072 0.07082044
v -0.02218642 0.05230310 0.07082044
v -0.02189572 0.05232927 0.07183843
v -0.02100174 0.05236733 0.07296708
v -0.01948260 0.05231737 0.07518414
v -0.01835105 0.05230548 0.07640936
v -0.01718200 0.05230072 0.07761044
v -0.01476887 0.05231737 0.07995022
v -0.01288714 0.05243394 0.08135047
v -0.01351230 0.05231261 0.08108893
v -0.01001139 0.02822478 0.08352528
v -0.01225572 0.05134682 0.08222160
v -0.00906427 0.02822478 0.08412682
v -0.00846724 0.02822478 0.08449700
v -0.00779832 0.02822478 0.08488328
v -0.00680431 0.02822478 0.08544660
v -0.00620103 0.02822478 0.08576246
v -0.00411299 0.05134682 0.08712448
v -0.01365608 0.05134682 0.08119958
v -0.01288714 0.05134682 0.08178100
v -0.00159046 0.05134682 0.08822497
v 0.00112275 0.05206522 0.08930130
v 0.00567705 0.05225552 0.09060297
v 0.00662104 0.05134682 0.09099328
v 0.00905292 0.04052799 0.09116428
v 0.00662104 0.05014314 0.09099328
v 0.00782136 0.04293059 0.09106973
v 0.00782136 0.04172929 0.09105162
v 0.00902167 0.03932669 0.09113813
v 0.00905292 0.05236733 0.09032333
v -0.01085223 0.03908881 0.07452828
v -0.02133620 0.05144197 0.07082044
v -0.02288035 0.05134682 0.07082044
v -0.02168317 0.05210328 0.07251844
v -0.02058288 0.05226266 0.07385431
v -0.01912625 0.05134682 0.07596072
v -0.01796345 0.05134682 0.07719197
v -0.01736330 0.05134682 0.07779351
v -0.01675064 0.05134682 0.07839506
v -0.01554407 0.05134682 0.07953779
v -0.01494079 0.05134682 0.08010111
v -0.01425624 0.05134682 0.08070064
v -0.01272459 0.03704065 0.08171663
v -0.01085223 0.02822478 0.08292173
v -0.00379728 0.02822478 0.08696153
v -0.01423749 0.04894184 0.08069460
v -0.01415621 0.03704065 0.08063023
v -0.01361232 0.03704065 0.08107283
v 0.00109461 0.05134682 0.08931338
v -0.00299395 0.02822478 0.08731159
v 0.00181042 0.05134682 0.08958498
v 0.00533321 0.05133017 0.09063919
v 0.00475806 0.05091863 0.09048629
v 0.00541761 0.05014314 0.09067741
v 0.00905292 0.02822478 0.09092688
v 0.00662104 0.04894184 0.09097115
v 0.00782136 0.04052799 0.09102345
v 0.00902167 0.02822478 0.09092286
v 0.00662104 0.04774054 0.09094499
v 0.00661792 0.04293059 0.09083635
v 0.00905292 0.05134682 0.09017445
v -0.01085223 0.03704065 0.07452828
v -0.02128306 0.04362758 0.07082044
v -0.02131432 0.05134682 0.07082044
v -0.00140916 0.03700259 0.08134846
v -0.02287410 0.04894184 0.07082044
v -0.02171130 0.05014552 0.07255465
v -0.02171130 0.05134682 0.07255666
v -0.02126431 0.05134682 0.07315821
v -0.02021403 0.05134682 0.07456248
v -0.01961075 0.05134682 0.07536118
v -0.01913250 0.05014552 0.07596474
v -0.01796345 0.05014552 0.07719197
v -0.01676627 0.05014552 0.07839103
v -0.01553470 0.05014552 0.07955388
v -0.01492829 0.04894184 0.08009306
v -0.01085223 0.02822478 0.08136254
v -0.01485327 0.03704065 0.08002868
v -0.01545343 0.03704065 0.07950158
v -0.01604733 0.03704065 0.07895838
v -0.01671000 0.03704065 0.07833068
v -0.01793219 0.03704065 0.07715777
v -0.01857924 0.03704065 0.07650191
v -0.00053393 0.02822478 0.08826721
v 0.00231368 0.02822478 0.08929728
v 0.00301386 0.04172929 0.08978013
v 0.00475181 0.05014314 0.09048629
v 0.00561453 0.04293059 0.09057682
v 0.00478932 0.04916069 0.09047623
v 0.00905292 0.02822478 0.09001350
v 0.00692737 0.02822478 0.09053256
v 0.00761505 0.02822478 0.09066937
v 0.00782136 0.02822478 0.09070961
v 0.00616780 0.04359665 0.09073576
v 0.00905292 0.04052799 0.08991694
v -0.01183999 0.03704065 0.07452828
v -0.02128306 0.04359903 0.07082044
v -0.00140916 0.03194286 0.08134846
v -0.00140916 0.02822478 0.08205461
v -0.00177801 0.02822478 0.08183935
v -0.00276576 0.02822478 0.08134846
v 0.00905292 0.03932669 0.08988877
v 0.00905292 0.03449770 0.08979018
v 0.00905292 0.03329640 0.08977610
v 0.00905292 0.02971391 0.08975599
v 0.00905292 0.02848645 0.08974995
v -0.02285534 0.04533794 0.07082044
v -0.02169879 0.04359903 0.07253856
v -0.02170504 0.04653924 0.07254862
v -0.02099236 0.04359903 0.07350827
v -0.02066102 0.04359903 0.07395892
v -0.02066415 0.04894184 0.07396094
v -0.02021403 0.05014552 0.07456248
v -0.01961075 0.05014552 0.07536320
v -0.01934193 0.04359903 0.07568509
v -0.01912938 0.04774292 0.07596072
v -0.01961075 0.04774292 0.07536118
v -0.01961075 0.04413664 0.07535314
v -0.01857924 0.03711677 0.07650392
v -0.01857924 0.03704065 0.07454236
v -0.00541958 0.02822478 0.08134846
v -0.01960763 0.04359903 0.07535113
v -0.01994209 0.04359903 0.07491456
v -0.02284284 0.04359903 0.07082044
v 0.00284819 0.02822478 0.08945421
v 0.00301386 0.02822478 0.08950249
v 0.00904355 0.02822478 0.08974794
v -0.02021403 0.04653924 0.07456047
v -0.01912313 0.04359903 0.07595267
v 0.02346088 0.05243824 0.09016708
v 0.00905293 0.05236765 0.09032295
v 0.02346088 0.05243824 0.09078858
v 0.05232829 0.05243824 0.07184386
v 0.00905293 0.05134758 0.09017498
v 0.00905293 0.05236765 0.09094050
v 0.05143129 0.05236169 0.07184386
v 0.05142699 0.05235177 0.07184386
v 0.01504444 0.05237956 0.09183229
v 0.01624618 0.05238551 0.09183821
v 0.01744791 0.05234384 0.09181454
v 0.01864965 0.05223865 0.09176324
v 0.01985138 0.05208584 0.09170997
v 0.02052951 0.05198264 0.09167840
v 0.02647810 0.05196280 0.09047290
v 0.02826353 0.05243824 0.08956926
v 0.04510500 0.05243824 0.07904530
v 0.04622090 0.05237956 0.07898611
v 0.04743551 0.05237757 0.07778850
v 0.05195060 0.05231208 0.07275341
v 0.05283474 0.05173457 0.07184386
v 0.00905293 0.04050390 0.08991651
v 0.05120381 0.05134758 0.07184386
v 0.04006630 0.03777313 0.07603648
v 0.00905293 0.05134758 0.09137062
v 0.01048643 0.05204615 0.09169813
v 0.01143923 0.05215927 0.09173365
v 0.01263668 0.05226644 0.09177508
v 0.01383841 0.05234185 0.09181059
v 0.01504444 0.05134758 0.09198422
v 0.01624618 0.05134758 0.09200000
v 0.01744791 0.05134758 0.09195067
v 0.02053380 0.05134758 0.09168038
v 0.02465404 0.05014493 0.09089710
v 0.02465404 0.05134758 0.09087737
v 0.01864965 0.05134758 0.09185005
v 0.02649527 0.05134758 0.09047882
v 0.02946527 0.05134758 0.08954559
v 0.03014340 0.05205409 0.08929699
v 0.02946527 0.05228231 0.08940945
v 0.03186445 0.05241727 0.08832233
v 0.03667569 0.05240139 0.08595276
v 0.04147404 0.05237360 0.08266772
v 0.04237964 0.05230613 0.08227707
v 0.04498054 0.05228231 0.08017385
v 0.04577455 0.05211958 0.07972204
v 0.04699344 0.05216324 0.07854416
v 0.04819518 0.05215927 0.07734655
v 0.05074458 0.05225651 0.07424302
v 0.05051711 0.05199852 0.07486254
v 0.05267594 0.05134758 0.07214375
v 0.05289912 0.05134758 0.07184386
v 0.00905293 0.03930323 0.08988889
v 0.05120381 0.05133766 0.07184386
v 0.04006630 0.03233939 0.07603648
v 0.00905293 0.03221436 0.08977051
v 0.00905293 0.03329595 0.08977643
v 0.00905293 0.03449661 0.08979024
v 0.00905293 0.03569926 0.08981392
v 0.00905293 0.04055550 0.09116345
v 0.00979972 0.05134758 0.09159553
v 0.01040488 0.05134758 0.09170405
v 0.01143923 0.05134758 0.09178297
v 0.01263668 0.05134758 0.09186781
v 0.01383841 0.05134758 0.09193884
v 0.01504444 0.04293103 0.09185203
v 0.01624618 0.04293103 0.09188556
v 0.01744791 0.04533632 0.09187373
v 0.01744791 0.05014493 0.09193686
v 0.02048230 0.05048826 0.09167446
v 0.02346088 0.04173235 0.09100364
v 0.02465404 0.04894228 0.09087539
v 0.02585577 0.05014493 0.09063074
v 0.01977413 0.04894228 0.09171786
v 0.02648668 0.05014493 0.09047685
v 0.02946527 0.05014493 0.08952783
v 0.03006614 0.04589795 0.08926740
v 0.03013052 0.04894228 0.08929107
v 0.03015198 0.05014493 0.08930094
v 0.03017344 0.05134758 0.08930883
v 0.03281296 0.05134758 0.08820790
v 0.03270137 0.05220888 0.08816252
v 0.03515206 0.05227437 0.08701621
v 0.03744394 0.05220293 0.08576335
v 0.04106631 0.05224262 0.08338786
v 0.04580888 0.05134758 0.07975755
v 0.04640545 0.05134758 0.07919327
v 0.04704066 0.05134758 0.07859151
v 0.04450414 0.05198066 0.08086243
v 0.04764581 0.05134758 0.07799566
v 0.04824239 0.05134758 0.07739390
v 0.04884326 0.05134758 0.07674676
v 0.04943125 0.05014493 0.07618642
v 0.05052570 0.05134758 0.07487241
v 0.05207507 0.05134758 0.07290928
v 0.05051711 0.04533831 0.07486254
v 0.05206220 0.04653897 0.07289941
v 0.05266306 0.04653897 0.07212599
v 0.05287337 0.04710457 0.07184386
v 0.05122098 0.04435793 0.07184386
v 0.04010922 0.03221436 0.07603648
v 0.00905293 0.03221436 0.09099772
v 0.00905293 0.03331976 0.09102337
v 0.01057227 0.05014493 0.09169221
v 0.01202722 0.04347678 0.09167051
v 0.01256801 0.04301835 0.09170405
v 0.01384271 0.04293103 0.09179086
v 0.01504444 0.04173235 0.09182637
v 0.01624618 0.04173235 0.09185992
v 0.01744791 0.04173235 0.09181454
v 0.01744791 0.04293103 0.09183821
v 0.01744791 0.04435793 0.09185992
v 0.01767538 0.04435793 0.09184019
v 0.01958099 0.04653897 0.09170010
v 0.01930202 0.04322276 0.09167446
v 0.02225486 0.03221436 0.09100956
v 0.02346088 0.04052970 0.09097404
v 0.02465404 0.04173235 0.09073728
v 0.02579998 0.04774162 0.09059523
v 0.02596736 0.04899388 0.09058142
v 0.02646522 0.04943049 0.09047093
v 0.02939231 0.04293103 0.08942918
v 0.02934939 0.04173235 0.08941537
v 0.02898887 0.03221436 0.08930488
v 0.03170994 0.03221436 0.08825130
v 0.03186874 0.04293103 0.08844071
v 0.03186874 0.04413169 0.08846834
v 0.03275717 0.04894228 0.08819014
v 0.03279151 0.05014493 0.08819803
v 0.03528081 0.05134758 0.08708526
v 0.03752119 0.05134758 0.08580676
v 0.03968432 0.05195287 0.08445723
v 0.04115215 0.05134758 0.08345297
v 0.04580459 0.04894228 0.07974966
v 0.04640545 0.05014493 0.07919130
v 0.04511358 0.05134758 0.08035734
v 0.04510930 0.05014493 0.08035537
v 0.04704066 0.05014493 0.07858954
v 0.04451272 0.05134758 0.08086637
v 0.04763723 0.04894228 0.07799172
v 0.04824239 0.05014493 0.07739390
v 0.04884326 0.05014493 0.07678819
v 0.04989907 0.04435793 0.07559255
v 0.05002354 0.04774162 0.07547023
v 0.05003212 0.05014493 0.07547023
v 0.04940979 0.04435793 0.07616472
v 0.05052140 0.04774162 0.07486846
v 0.05001066 0.04435793 0.07546036
v 0.05051282 0.04435793 0.07485860
v 0.05205361 0.04435793 0.07289152
v 0.05265448 0.04435793 0.07211613
v 0.05285620 0.04435793 0.07184386
v 0.04206633 0.03221436 0.07603648
v 0.01023750 0.03221436 0.09112991
v 0.01074394 0.04894228 0.09167840
v 0.01286415 0.04173235 0.09169813
v 0.01384271 0.04173235 0.09176324
v 0.01551226 0.03607434 0.09167643
v 0.01425044 0.03836255 0.09168235
v 0.01624618 0.03590764 0.09168235
v 0.01697580 0.03601877 0.09168038
v 0.01744791 0.04052970 0.09177902
v 0.01806166 0.03868604 0.09167051
v 0.01835780 0.04052970 0.09169813
v 0.01853806 0.04173235 0.09171589
v 0.01876124 0.04286554 0.09171983
v 0.02115184 0.03221436 0.09113583
v 0.02346088 0.03221436 0.09075701
v 0.02441798 0.03221436 0.09054984
v 0.02465404 0.04052970 0.09070769
v 0.02547808 0.04052970 0.09052025
v 0.02553817 0.04173235 0.09053406
v 0.02826353 0.03221436 0.08953573
v 0.02826353 0.04173235 0.08975473
v 0.02832791 0.03221436 0.08951600
v 0.03260266 0.04293103 0.08812306
v 0.03425075 0.03221436 0.08713261
v 0.03427222 0.03932705 0.08729638
v 0.03514347 0.04435991 0.08701029
v 0.03525935 0.05014493 0.08707342
v 0.03655122 0.03221436 0.08594487
v 0.03740531 0.04533632 0.08573770
v 0.03793751 0.04173235 0.08533522
v 0.03810060 0.05014493 0.08542992
v 0.03812206 0.05134758 0.08544176
v 0.03968432 0.05189929 0.08445723
v 0.03919933 0.05143689 0.08476305
v 0.04112640 0.04894228 0.08343324
v 0.04374447 0.03221436 0.08118008
v 0.04449555 0.04812861 0.08085454
v 0.04450414 0.04894228 0.08085848
v 0.04580029 0.04774162 0.07974571
v 0.04510500 0.04894228 0.08035142
v 0.04703636 0.04894228 0.07858559
v 0.04703207 0.04774162 0.07857967
v 0.04753423 0.03812837 0.07799961
v 0.04882180 0.04435793 0.07676648
v 0.04823810 0.04894228 0.07738995
v 0.04753423 0.03221436 0.07791674
v 0.04753423 0.03692572 0.07798580
v 0.04753423 0.03221436 0.07604832
v 0.01306158 0.04074800 0.09168235
v 0.01624618 0.03221436 0.09135286
v 0.01372682 0.04042055 0.09171589
v 0.01744791 0.03221436 0.09130353
v 0.02105312 0.03221436 0.09114569
v 0.01749083 0.03822363 0.09170602
v 0.03546107 0.03221436 0.08650915
v 0.03487308 0.03377820 0.08686626
v 0.03499325 0.03813036 0.08692742
v 0.03508339 0.04173235 0.08697675
v 0.03511343 0.04293103 0.08699253
v 0.03733235 0.04173235 0.08569825
v 0.03874009 0.03221436 0.08462888
v 0.03891607 0.04173235 0.08473542
v 0.03901907 0.04774162 0.08480053
v 0.03892036 0.04880138 0.08488537
v 0.03892036 0.05014493 0.08491299
v 0.04095043 0.03572506 0.08330105
v 0.04100193 0.03932904 0.08333854
v 0.04107060 0.04435793 0.08338786
v 0.04108348 0.04533831 0.08339773
v 0.03905770 0.05014493 0.08482618
v 0.04434533 0.03221436 0.08071248
v 0.04089035 0.03221436 0.08325765
v 0.04569300 0.03395680 0.07964904
v 0.04570158 0.03475659 0.07965496
v 0.04571017 0.03572506 0.07966284
v 0.04571875 0.03692572 0.07967271
v 0.04497625 0.04773368 0.08044415
v 0.04695052 0.03331778 0.07850075
v 0.04697628 0.03692572 0.07852443
v 0.04694194 0.03221436 0.07849286
v 0.04046974 0.03221436 0.08352795
v 0.04567583 0.03221436 0.07962536
v -0.04988131 0.05134866 0.05520886
v -0.04867962 0.05134866 0.05509820
v -0.03402787 0.05239250 0.05360203
v -0.04747793 0.05243824 0.05478170
v -0.04867962 0.05243824 0.05486359
v -0.04988131 0.05240624 0.05480162
v -0.05112978 0.05140022 0.05485252
v -0.05234379 0.05020285 0.05485031
v -0.05348638 0.04774165 0.05516681
v -0.05588976 0.04293611 0.05517123
v -0.03402787 0.05163626 0.05360425
v -0.03402787 0.05243824 0.05259721
v -0.04747793 0.05243824 0.05380123
v -0.04867962 0.05243824 0.05380123
v -0.04988131 0.05243824 0.05380123
v -0.05075795 0.05218625 0.05461792
v -0.05198181 0.05103471 0.05464226
v -0.05313917 0.04983963 0.05462899
v -0.05352085 0.04895735 0.05482154
v -0.05469053 0.04654198 0.05506278
v -0.05588976 0.04413807 0.05513139
v -0.05709391 0.04139385 0.05506942
v -0.05611630 0.04139385 0.05493442
v -0.03402787 0.05109085 0.05263926
v -0.05586267 0.04139385 0.05485031
v -0.05530122 0.04139385 0.05437003
v -0.03402787 0.05243824 0.05139541
v -0.04747793 0.05243824 0.05259943
v -0.04867962 0.05243824 0.03456800
v -0.04988131 0.05243824 0.05259943
v -0.05108300 0.05243824 0.05019361
v -0.05108300 0.05243824 0.05139541
v -0.05108300 0.05243824 0.05259943
v -0.05112978 0.05233750 0.05376360
v -0.05155826 0.05183678 0.05413985
v -0.05278457 0.05064055 0.05418191
v -0.05425960 0.04856548 0.05457587
v -0.05467083 0.04765686 0.05471752
v -0.05593162 0.04531481 0.05480383
v -0.05676147 0.04413807 0.05468874
v -0.05713824 0.04286049 0.05478613
v -0.05709391 0.04173415 0.05504065
v -0.05734754 0.04139385 0.05495655
v -0.03402787 0.05097054 0.05238695
v -0.05502297 0.04139385 0.05392738
v -0.03402787 0.05029681 0.05056323
v -0.03402787 0.05056149 0.05139541
v -0.03402787 0.05074597 0.05189561
v -0.03402787 0.05243824 0.05019361
v -0.04747793 0.05243824 0.03576980
v -0.03425442 0.05243824 0.04899181
v -0.04387286 0.05243824 0.04899181
v -0.04387286 0.05243824 0.04298281
v -0.03402787 0.05243824 0.04275706
v -0.03402787 0.05243824 0.04155526
v -0.04747793 0.05243824 0.03456800
v -0.04867962 0.05243824 0.03336398
v -0.04988131 0.05243824 0.03456800
v -0.04988131 0.05243824 0.03576980
v -0.05108300 0.05243824 0.04178101
v -0.05108300 0.05243824 0.04298281
v -0.05108300 0.05243824 0.04418240
v -0.05108300 0.05243824 0.04538420
v -0.05108300 0.05243824 0.04658821
v -0.05108300 0.05243824 0.04778780
v -0.05108300 0.05243824 0.04899181
v -0.05228469 0.05243824 0.04778780
v -0.05220343 0.05240395 0.05019361
v -0.05207045 0.05230541 0.05139541
v -0.05188577 0.05213583 0.05259943
v -0.05174294 0.05200407 0.05333865
v -0.05226499 0.05132918 0.05375917
v -0.05295695 0.05082159 0.05337849
v -0.05344944 0.05010546 0.05371712
v -0.05394193 0.04936641 0.05405354
v -0.05532585 0.04720082 0.05444528
v -0.05551792 0.04654198 0.05462013
v -0.05657679 0.04489774 0.05450726
v -0.05772184 0.04240904 0.05444086
v -0.05782773 0.04173415 0.05456923
v -0.05787451 0.04139385 0.05462013
v -0.05406506 0.04139385 0.05238031
v -0.03402787 0.05023035 0.05025558
v -0.05395425 0.04139385 0.05219661
v -0.05345683 0.04139385 0.05135557
v -0.05301851 0.04139385 0.05050790
v -0.05284613 0.04139385 0.05014049
v -0.03402787 0.05243824 0.04899181
v -0.03425442 0.05243824 0.04418240
v -0.03402787 0.05243824 0.04395886
v -0.03402787 0.05243824 0.04057921
v -0.04758382 0.05240739 0.03335734
v -0.03402787 0.05243824 0.04035346
v -0.03402787 0.05243824 0.03928888
v -0.04867962 0.05199719 0.03274648
v -0.04933217 0.05198344 0.03274648
v -0.04979266 0.05227104 0.03337284
v -0.04805415 0.05197886 0.03275534
v -0.05064222 0.05207511 0.03377786
v -0.05086137 0.05224698 0.03456800
v -0.05117164 0.05236729 0.03573881
v -0.05108300 0.05243824 0.03697160
v -0.05108300 0.05243824 0.03817340
v -0.05108300 0.05243824 0.03937520
v -0.05108300 0.05243824 0.04057921
v -0.05228469 0.05243824 0.04298281
v -0.05228469 0.05243824 0.04418240
v -0.05228469 0.05243824 0.04538420
v -0.05228469 0.05243824 0.04658821
v -0.05299881 0.05205219 0.04658821
v -0.05296926 0.05202698 0.04778780
v -0.05239550 0.05237416 0.04905378
v -0.05292493 0.05198573 0.04869523
v -0.05286830 0.05192959 0.04949644
v -0.05280427 0.05186542 0.05019361
v -0.05267130 0.05173709 0.05139541
v -0.05248661 0.05156178 0.05259943
v -0.05309238 0.05096138 0.05259943
v -0.05369323 0.05029681 0.05259943
v -0.05410939 0.04956922 0.05325234
v -0.05438518 0.04895735 0.05371270
v -0.05504513 0.04800289 0.05380123
v -0.05545883 0.04740248 0.05380123
v -0.05606705 0.04643657 0.05370384
v -0.05636009 0.04569866 0.05404026
v -0.05668021 0.04531481 0.05370384
v -0.05721950 0.04413807 0.05380123
v -0.05759379 0.04327986 0.05380123
v -0.05782773 0.04267945 0.05380123
v -0.05810353 0.04173415 0.05380123
v -0.05817986 0.04139385 0.05380123
v -0.03402787 0.05005733 0.04927290
v -0.05274763 0.04139385 0.04991917
v -0.05239057 0.04139385 0.04899181
v -0.03402787 0.05237760 0.03919814
v -0.05342482 0.04650302 0.03264467
v -0.05227484 0.04894475 0.03267787
v -0.05063975 0.05085138 0.03272656
v -0.05144006 0.05053857 0.03287928
v -0.05013494 0.05165230 0.03297666
v -0.04805415 0.05193188 0.03275534
v -0.05190054 0.05094648 0.03368048
v -0.05146222 0.05175428 0.03456800
v -0.05162967 0.05189063 0.03531608
v -0.05177249 0.05202354 0.03611728
v -0.05191778 0.05214156 0.03697160
v -0.05208277 0.05227562 0.03817340
v -0.05220589 0.05237302 0.03937520
v -0.05228469 0.05243824 0.04178101
v -0.05298896 0.05204188 0.04298281
v -0.05300127 0.05205334 0.04418240
v -0.05300373 0.05205334 0.04538420
v -0.05360458 0.05149762 0.04538420
v -0.05359965 0.05148272 0.04658821
v -0.05357010 0.05144605 0.04778780
v -0.05413647 0.05079753 0.04868196
v -0.05405767 0.05072305 0.04948316
v -0.05398872 0.05064513 0.05019361
v -0.05326229 0.05113554 0.05139541
v -0.05386560 0.05049618 0.05139541
v -0.05421281 0.04969640 0.05259943
v -0.05533324 0.04840278 0.05214349
v -0.05519534 0.04823320 0.05294469
v -0.05559919 0.04779665 0.05256623
v -0.05624435 0.04673333 0.05259943
v -0.05650537 0.04596564 0.05323906
v -0.05768490 0.04352162 0.05317266
v -0.05798040 0.04304611 0.05270345
v -0.05889891 0.04139385 0.05077127
v -0.03402787 0.05001952 0.04899181
v -0.05229946 0.04139385 0.04870851
v -0.05205322 0.04139385 0.04790510
v -0.03402787 0.05179782 0.03919814
v -0.05588976 0.04293611 0.03259820
v -0.05477179 0.04541679 0.03262476
v -0.05186606 0.04973765 0.03270886
v -0.05346668 0.04769467 0.03266238
v -0.05305052 0.04854486 0.03269779
v -0.05266883 0.04934693 0.03289256
v -0.05520519 0.04209738 0.03270001
v -0.05593408 0.04139385 0.03262697
v -0.05307268 0.04975484 0.03369597
v -0.05272793 0.05058440 0.03456800
v -0.05212709 0.05115387 0.03456800
v -0.05285845 0.05072190 0.03522534
v -0.05299881 0.05086398 0.03602654
v -0.05251862 0.05161563 0.03697160
v -0.05268607 0.05176574 0.03817340
v -0.05280673 0.05187459 0.03937520
v -0.05287322 0.05193303 0.04009008
v -0.05239550 0.05235125 0.04052609
v -0.05295202 0.05200750 0.04178101
v -0.05358980 0.05149189 0.04298281
v -0.05360458 0.05150105 0.04418240
v -0.05422758 0.05089950 0.04418240
v -0.05422512 0.05089721 0.04538420
v -0.05421035 0.05088117 0.04658821
v -0.05417834 0.05084565 0.04778780
v -0.05525197 0.04951880 0.04800912
v -0.05518795 0.04944432 0.04899181
v -0.05509930 0.04930797 0.05019361
v -0.05449600 0.05004358 0.05019361
v -0.05438025 0.04989463 0.05139541
v -0.05498110 0.04913266 0.05139541
v -0.05542435 0.04853226 0.05139541
v -0.05646844 0.04712749 0.05074914
v -0.05638471 0.04700374 0.05139541
v -0.05674670 0.04640219 0.05139541
v -0.05659895 0.04613178 0.05259943
v -0.05778586 0.04375307 0.05237146
v -0.05785728 0.04414724 0.05130024
v -0.05888413 0.04232425 0.04953185
v -0.05896047 0.04139385 0.05047912
v -0.03402787 0.04992671 0.04811536
v -0.05159519 0.04139385 0.04619646
v -0.03402787 0.05166949 0.03943496
v -0.05530122 0.04139385 0.03296781
v -0.05551053 0.04139385 0.03280624
v -0.05586267 0.04402005 0.03266017
v -0.05678117 0.04139385 0.03263582
v -0.05672946 0.04173415 0.03263803
v -0.05544159 0.04506847 0.03268009
v -0.05439996 0.04654198 0.03266017
v -0.05416356 0.04726270 0.03271993
v -0.05385328 0.04806476 0.03297666
v -0.05346175 0.04891496 0.03333521
v -0.05419311 0.04848299 0.03377786
v -0.05388284 0.04930453 0.03456800
v -0.05327953 0.04998400 0.03456800
v -0.05402812 0.04948557 0.03532051
v -0.05351347 0.05017649 0.03567463
v -0.05416356 0.04963109 0.03612171
v -0.05374494 0.05037358 0.03697160
v -0.05314163 0.05101523 0.03697160
v -0.05329923 0.05116419 0.03817340
v -0.05408968 0.05075055 0.03995950
v -0.05291262 0.05197313 0.04089128
v -0.05412416 0.05078607 0.04057921
v -0.05338296 0.05148959 0.04052609
v -0.05355286 0.05145064 0.04178101
v -0.05422020 0.05089034 0.04298281
v -0.05482843 0.05017649 0.04418240
v -0.05482597 0.05017535 0.04538420
v -0.05481119 0.05016045 0.04658821
v -0.05529137 0.04954630 0.04720571
v -0.05561150 0.04904902 0.04767935
v -0.05564597 0.04884392 0.04899181
v -0.05555240 0.04870642 0.05019361
v -0.05620495 0.04768779 0.05028657
v -0.05655955 0.04725009 0.04994794
v -0.05682057 0.04665312 0.05028657
v -0.05745097 0.04547981 0.05019361
v -0.05770461 0.04475681 0.05083546
v -0.05807398 0.04413807 0.05019361
v -0.05891122 0.04237581 0.04873065
v -0.05902449 0.04184759 0.04907592
v -0.05898263 0.04150155 0.05019361
v -0.05783512 0.04503753 0.04899181
v -0.05819956 0.04413807 0.04899181
v -0.05899741 0.04139385 0.05019361
v -0.03402787 0.04989921 0.04779001
v -0.05150901 0.04139385 0.04572061
v -0.03402787 0.05116992 0.04057921
v -0.05500819 0.04139385 0.03341710
v -0.03402787 0.05073451 0.04167920
v -0.05656940 0.04293611 0.03271329
v -0.05649553 0.04354110 0.03276198
v -0.05695109 0.04139385 0.03272435
v -0.05522735 0.04586939 0.03279960
v -0.05442212 0.04769467 0.03337284
v -0.05550561 0.04630824 0.03360080
v -0.05526429 0.04710916 0.03402132
v -0.05500819 0.04773362 0.03448168
v -0.05435563 0.04870413 0.03456800
v -0.05513624 0.04814841 0.03576980
v -0.05449107 0.04902839 0.03574103
v -0.05428422 0.04977317 0.03697160
v -0.05536032 0.04844517 0.03729252
v -0.05390007 0.05054774 0.03817340
v -0.05400842 0.05066576 0.03915830
v -0.05442704 0.04994733 0.03817340
v -0.05443690 0.05021774 0.03948586
v -0.05512146 0.04933776 0.03937520
v -0.05518056 0.04944088 0.04057921
v -0.05529137 0.04954745 0.04236531
v -0.05418326 0.05084909 0.04178101
v -0.05482104 0.05016275 0.04298281
v -0.05531354 0.04957495 0.04418240
v -0.05531354 0.04957380 0.04538420
v -0.05530122 0.04956005 0.04658821
v -0.05630345 0.04807508 0.04658821
v -0.05629114 0.04803497 0.04778780
v -0.05624682 0.04795935 0.04899181
v -0.05662358 0.04735780 0.04899181
v -0.05776124 0.04487826 0.05019361
v -0.05786220 0.04510628 0.04778780
v -0.05892846 0.04241935 0.04778780
v -0.05911068 0.04173415 0.04778780
v -0.05916486 0.04139385 0.04778780
v -0.05909590 0.04139385 0.04904714
v -0.05666790 0.04743457 0.04778780
v -0.03402787 0.04985452 0.04694676
v -0.05147207 0.04139385 0.04550150
v -0.05145483 0.04139385 0.04538420
v -0.05141790 0.04139385 0.04511197
v -0.05131201 0.04139385 0.04418240
v -0.05347899 0.04139385 0.03581185
v -0.03402787 0.05033347 0.04293412
v -0.05302343 0.04139385 0.03661084
v -0.05742388 0.04139385 0.03323562
v -0.05776617 0.04139385 0.03374466
v -0.05777602 0.04142708 0.03377344
v -0.05765782 0.04222800 0.03407223
v -0.05664081 0.04402005 0.03344366
v -0.05652508 0.04479920 0.03389517
v -0.05663835 0.04502149 0.03456800
v -0.05540957 0.04732686 0.03482474
v -0.05554994 0.04754686 0.03576980
v -0.05502789 0.04918537 0.03817340
v -0.05545883 0.04858382 0.03817340
v -0.05664574 0.04621657 0.03697160
v -0.05649306 0.04714353 0.03877319
v -0.05556717 0.04873736 0.03937520
v -0.05563612 0.04884048 0.04057921
v -0.05530122 0.04956234 0.04298281
v -0.05560165 0.04903756 0.04189389
v -0.05628129 0.04801435 0.04178101
v -0.05630099 0.04807393 0.04298281
v -0.05630591 0.04808997 0.04418240
v -0.05630591 0.04809112 0.04538420
v -0.05669745 0.04749071 0.04538420
v -0.05668760 0.04747467 0.04658821
v -0.05787451 0.04514065 0.04658821
v -0.05893092 0.04243424 0.04658821
v -0.05912792 0.04173415 0.04658821
v -0.05918455 0.04139385 0.04658821
v -0.03402787 0.04983963 0.04658821
v -0.05130708 0.04139385 0.04371761
v -0.03402787 0.05008827 0.04418240
v -0.05227237 0.04139385 0.03825086
v -0.05244229 0.04139385 0.03783034
v -0.05271809 0.04139385 0.03720178
v -0.05778094 0.04139385 0.03376680
v -0.05779325 0.04139385 0.03380221
v -0.05789914 0.04179030 0.03451045
v -0.05778094 0.04257289 0.03487343
v -0.05702250 0.04413807 0.03456800
v -0.05655216 0.04604470 0.03613941
v -0.05641181 0.04585679 0.03533821
v -0.05772430 0.04360756 0.03623237
v -0.05677379 0.04540992 0.03575430
v -0.05616801 0.04780925 0.03937520
v -0.05768737 0.04473504 0.03879311
v -0.05671223 0.04657979 0.03829291
v -0.05688213 0.04654198 0.03937520
v -0.05653000 0.04720999 0.03937520
v -0.05623697 0.04792383 0.04057921
v -0.05665067 0.04741394 0.04178101
v -0.05668760 0.04747238 0.04298281
v -0.05669745 0.04748842 0.04418240
v -0.05787451 0.04514982 0.04538420
v -0.05892353 0.04241477 0.04538420
v -0.05786959 0.04513836 0.04418240
v -0.05911068 0.04173415 0.04538420
v -0.05891614 0.04239070 0.04418240
v -0.05916732 0.04139385 0.04538420
v -0.03402787 0.04990150 0.04538641
v -0.05130462 0.04139385 0.04298281
v -0.05140804 0.04139385 0.04178101
v -0.05190547 0.04139385 0.03937520
v -0.05799517 0.04139385 0.03452816
v -0.05819218 0.04173415 0.03576980
v -0.05786713 0.04295903 0.03580742
v -0.05809368 0.04293611 0.03697160
v -0.05779079 0.04376683 0.03697160
v -0.05788929 0.04401088 0.03817340
v -0.05793115 0.04425494 0.03926675
v -0.05773169 0.04482326 0.03959431
v -0.05749037 0.04527013 0.03926675
v -0.05777355 0.04491951 0.04057921
v -0.05782034 0.04502607 0.04178101
v -0.05659649 0.04732228 0.04057921
v -0.05785482 0.04510513 0.04298281
v -0.05909098 0.04173415 0.04418240
v -0.05890630 0.04236435 0.04333029
v -0.05914762 0.04139385 0.04418240
v -0.05145483 0.04139385 0.04138041
v -0.05152871 0.04139385 0.04077840
v -0.05162474 0.04139385 0.04036231
v -0.05881518 0.04139385 0.03846555
v -0.05825866 0.04293611 0.03817340
v -0.05895062 0.04139385 0.03937520
v -0.05897524 0.04139385 0.03964079
v -0.05809121 0.04413807 0.04057921
v -0.05817248 0.04413807 0.04178101
v -0.05903188 0.04184186 0.04295183
v -0.05903680 0.04163791 0.04178101
v -0.05908606 0.04139385 0.04204660
v -0.05886690 0.04231508 0.04252688
v -0.05900726 0.04151072 0.04057921
v -0.05902449 0.04139385 0.04057921
v -0.05907621 0.04139385 0.04178101
v -0.05903188 0.04139385 0.04072086
v 0.05128135 0.03221435 0.06304829
v 0.05114113 0.03279342 0.06304829
v 0.04983880 0.03221435 0.06304829
v 0.05181642 0.03221435 0.06188318
v 0.05073058 0.03439625 0.06304829
v 0.04326877 0.04436043 0.06304829
v 0.05348108 0.03221435 0.04606859
v 0.05214285 0.03221435 0.06101392
v 0.05188597 0.03326309 0.06101725
v 0.05173566 0.03282552 0.06168706
v 0.05061167 0.03484214 0.06304829
v 0.04510506 0.04436043 0.06304829
v 0.04770076 0.04436043 0.04606859
v 0.05472397 0.03221435 0.04606859
v 0.05302117 0.03221435 0.05849921
v 0.05195327 0.03457698 0.05988371
v 0.05178726 0.03421432 0.06061835
v 0.05071599 0.03569230 0.06223056
v 0.05054998 0.03527138 0.06291533
v 0.05051633 0.03515248 0.06304829
v 0.04535970 0.04404652 0.06304829
v 0.04594412 0.04384201 0.06221726
v 0.04630083 0.04414165 0.06102223
v 0.04616622 0.04436043 0.06092916
v 0.04935645 0.04436043 0.04606859
v 0.05461516 0.03279698 0.04606859
v 0.05452317 0.03331660 0.04658882
v 0.05472733 0.03221435 0.04658882
v 0.05330721 0.03221435 0.05740557
v 0.05304361 0.03328806 0.05738562
v 0.05295162 0.03408829 0.05696844
v 0.05294713 0.03286833 0.05815018
v 0.05171546 0.03754602 0.05804048
v 0.05197795 0.03582904 0.05871860
v 0.05181642 0.03549968 0.05952969
v 0.05079564 0.03699074 0.06109536
v 0.05059933 0.03663403 0.06183997
v 0.04992517 0.03694437 0.06304829
v 0.05044117 0.03539623 0.06304829
v 0.04561209 0.04373143 0.06304829
v 0.04676523 0.04336282 0.06134966
v 0.04696378 0.04361728 0.06054854
v 0.04655883 0.04436043 0.06009978
v 0.04936991 0.04436043 0.04658882
v 0.04936991 0.04434378 0.04606859
v 0.05451308 0.03331660 0.04606859
v 0.05424274 0.03439268 0.04658882
v 0.05447382 0.03331660 0.04779216
v 0.05470041 0.03221435 0.04779216
v 0.05354951 0.03221435 0.05620555
v 0.05330721 0.03331660 0.05620555
v 0.05206320 0.03692415 0.05740723
v 0.05301892 0.03450088 0.05614738
v 0.05292919 0.03519647 0.05570860
v 0.05180072 0.03692415 0.05831804
v 0.05180296 0.03773270 0.05740723
v 0.05072721 0.03912388 0.05861057
v 0.05059261 0.03888132 0.05945158
v 0.05079900 0.03817741 0.05983551
v 0.05064533 0.03781118 0.06074965
v 0.05044117 0.03743544 0.06155077
v 0.04971092 0.03755316 0.06304829
v 0.04573099 0.04357804 0.06304829
v 0.04575903 0.04361490 0.06294026
v 0.04706922 0.04256141 0.06196130
v 0.04805075 0.04228674 0.06033912
v 0.04823471 0.04251741 0.05953800
v 0.04712643 0.04382774 0.05981225
v 0.04669456 0.04436043 0.05981225
v 0.04936206 0.04436043 0.04729852
v 0.04964810 0.04401085 0.04658882
v 0.04964137 0.04400253 0.04606859
v 0.05423713 0.03437366 0.04606859
v 0.05346538 0.03692415 0.04606859
v 0.05347098 0.03692415 0.04658882
v 0.05345416 0.03692415 0.04779216
v 0.05421582 0.03430350 0.04779216
v 0.05416534 0.03412039 0.04899383
v 0.05437511 0.03331660 0.04899383
v 0.05463759 0.03221435 0.04899383
v 0.05376600 0.03221435 0.05511856
v 0.05424162 0.03221435 0.05253737
v 0.05324103 0.03451872 0.05500388
v 0.05231447 0.03692415 0.05620555
v 0.05299761 0.03545806 0.05500388
v 0.05191513 0.03815957 0.05614406
v 0.05173004 0.03876836 0.05570195
v 0.05036825 0.03972435 0.05861057
v 0.05060831 0.04011079 0.05715792
v 0.04941590 0.04130816 0.05861057
v 0.04930821 0.04114050 0.05922720
v 0.04951910 0.04050199 0.05970255
v 0.04940132 0.04008344 0.06063331
v 0.04946750 0.03899666 0.06197958
v 0.05041200 0.03861141 0.06025269
v 0.04972438 0.03822972 0.06231532
v 0.04954490 0.03795030 0.06304829
v 0.04583082 0.04344725 0.06304829
v 0.04751119 0.04174810 0.06223887
v 0.04647695 0.04259589 0.06304829
v 0.04685497 0.04229387 0.06276242
v 0.04724534 0.04154715 0.06304829
v 0.04831659 0.04144965 0.06101392
v 0.04914107 0.04088486 0.06002831
v 0.04868789 0.04171362 0.05978399
v 0.04901320 0.04190981 0.05861057
v 0.04841307 0.04277187 0.05861057
v 0.04810010 0.04353405 0.05800890
v 0.04797896 0.04337233 0.05861057
v 0.04733732 0.04419991 0.05862553
v 0.04714886 0.04436043 0.05877345
v 0.04935645 0.04436043 0.04779216
v 0.04964025 0.04400253 0.04779216
v 0.05024935 0.04312264 0.04658882
v 0.04990161 0.04362085 0.04606859
v 0.05326458 0.03750798 0.04606859
v 0.05311876 0.03795267 0.04658882
v 0.05310418 0.03793603 0.04779216
v 0.05306155 0.03785518 0.04899383
v 0.05338124 0.03692415 0.04899383
v 0.05325224 0.03692415 0.05019551
v 0.05412608 0.03397533 0.04971850
v 0.05452991 0.03221435 0.05019219
v 0.05438745 0.03221435 0.05139885
v 0.05329151 0.03572203 0.05260053
v 0.05295610 0.03650085 0.05355123
v 0.05309072 0.03582548 0.05389195
v 0.05287197 0.03629515 0.05435235
v 0.05214509 0.03812628 0.05500388
v 0.05073058 0.04033076 0.05620555
v 0.05179959 0.03890272 0.05500388
v 0.05057241 0.04125346 0.05469307
v 0.04958416 0.04279208 0.05500388
v 0.04942039 0.04251979 0.05620555
v 0.04932504 0.04236759 0.05687537
v 0.04956397 0.04174691 0.05732911
v 0.04918370 0.04215951 0.05767649
v 0.04814945 0.04120114 0.06171698
v 0.04823134 0.04012387 0.06304829
v 0.04896496 0.03896812 0.06304829
v 0.04926671 0.03869702 0.06278070
v 0.04920277 0.03857692 0.06304829
v 0.04795316 0.04091696 0.06251809
v 0.04678318 0.04219043 0.06304829
v 0.04746520 0.04123325 0.06304829
v 0.04825602 0.04374807 0.05720778
v 0.04783088 0.04414403 0.05752856
v 0.04725207 0.04436043 0.05852913
v 0.04934186 0.04436043 0.04852679
v 0.04933177 0.04436043 0.04899383
v 0.04962566 0.04398707 0.04899383
v 0.05024150 0.04310599 0.04779216
v 0.05061728 0.04252217 0.04658882
v 0.05040640 0.04285748 0.04606859
v 0.05024262 0.04311669 0.04606859
v 0.05311315 0.03793960 0.04606859
v 0.05190279 0.04028558 0.04606859
v 0.05191065 0.04029390 0.04658882
v 0.05190055 0.04027607 0.04779216
v 0.05186690 0.04022850 0.04899383
v 0.05181081 0.04012981 0.05019551
v 0.05200711 0.03944611 0.05151519
v 0.05299649 0.03771962 0.05019551
v 0.05294377 0.03760547 0.05109469
v 0.05307501 0.03701690 0.05145702
v 0.05301668 0.03672321 0.05260053
v 0.05190167 0.03910010 0.05380220
v 0.05065430 0.04139852 0.05380220
v 0.04929812 0.04353286 0.05439556
v 0.04902441 0.04312145 0.05620555
v 0.04842429 0.04398350 0.05620555
v 0.04814273 0.04436043 0.05620555
v 0.04790268 0.04436043 0.05687703
v 0.04767048 0.04436043 0.05749865
v 0.04757288 0.04436043 0.05774463
v 0.04929251 0.04436043 0.04980825
v 0.04958752 0.04393832 0.05019551
v 0.05022692 0.04308340 0.04899383
v 0.05059373 0.04248174 0.04899383
v 0.05060607 0.04250552 0.04779216
v 0.05061504 0.04251622 0.04606859
v 0.05054998 0.04240921 0.05019551
v 0.05147878 0.04073147 0.05019551
v 0.05075750 0.04180517 0.05130744
v 0.05147317 0.04046393 0.05151519
v 0.05175472 0.04001923 0.05119109
v 0.05197907 0.03925349 0.05260053
v 0.05170313 0.03992649 0.05199387
v 0.05073955 0.04154953 0.05260053
v 0.04936766 0.04363154 0.05359444
v 0.04899637 0.04407387 0.05391855
v 0.04879109 0.04436043 0.05388364
v 0.04871818 0.04436043 0.05421938
v 0.04850841 0.04436043 0.05504044
v 0.04857235 0.04424628 0.05510028
v 0.04926783 0.04436043 0.05019551
v 0.04917024 0.04436043 0.05119275
v 0.04951910 0.04384676 0.05139885
v 0.05018877 0.04300968 0.05019551
v 0.05050959 0.04234262 0.05084538
v 0.04944170 0.04373856 0.05260053
v 0.04900983 0.04434022 0.05260053
v 0.04898852 0.04436043 0.05263875
v 0.04914668 0.04436043 0.05139885
v 0.04902441 0.04436043 0.05236451
v 0.04899413 0.04436043 0.05260053
v 0.04753685 0.03221436 0.07791316
v 0.04815871 0.03221436 0.07730275
v 0.04758287 0.03692741 0.07793820
v 0.04753685 0.03701739 0.07798203
v 0.04753685 0.03221436 0.07604124
v 0.04879424 0.03692741 0.07672677
v 0.04819353 0.03692741 0.07733405
v 0.04820099 0.03812917 0.07734344
v 0.04935267 0.03221436 0.07608819
v 0.04937754 0.03572365 0.07611637
v 0.04939495 0.03812917 0.07613515
v 0.04759033 0.03812917 0.07794446
v 0.04753685 0.03823315 0.07799768
v 0.04753685 0.04435991 0.07617271
v 0.05891678 0.04612556 0.04607172
v 0.05891180 0.04413396 0.04607172
v 0.05890433 0.03932693 0.04607172
v 0.05890433 0.03812717 0.04607172
v 0.05891802 0.03372205 0.04607172
v 0.05892299 0.03221436 0.04607172
v 0.04880171 0.03812917 0.07673617
v 0.04880667 0.03932693 0.07674243
v 0.04882409 0.04435991 0.07676121
v 0.04822213 0.04435991 0.07736536
v 0.04753685 0.04435991 0.07804776
v 0.05050309 0.03768126 0.07483607
v 0.05009516 0.03810117 0.07532127
v 0.05044713 0.03221436 0.07479225
v 0.05000064 0.03932693 0.07544648
v 0.04939992 0.03932693 0.07614141
v 0.05143090 0.05235431 0.07184037
v 0.05894040 0.05180242 0.04723306
v 0.05894911 0.05014676 0.04607172
v 0.05893792 0.04894500 0.04607172
v 0.06024132 0.03221436 0.04607172
v 0.04941485 0.04413196 0.07616019
v 0.04941609 0.04435991 0.07616019
v 0.05289972 0.05134851 0.07184037
v 0.05283877 0.05173643 0.07184037
v 0.05233383 0.05243824 0.07184037
v 0.05143587 0.05236231 0.07184037
v 0.05050683 0.03847910 0.07483920
v 0.05093466 0.03221436 0.07419436
v 0.05201171 0.03331813 0.07283581
v 0.05201917 0.03451989 0.07284520
v 0.05203285 0.03692741 0.07285772
v 0.05204405 0.03932693 0.07287024
v 0.05051056 0.03932693 0.07484233
v 0.05001680 0.04435991 0.07545587
v 0.05889688 0.05204837 0.04803442
v 0.05974260 0.05209436 0.04688247
v 0.05938814 0.05142250 0.04607172
v 0.06023883 0.03221436 0.04659135
v 0.06024257 0.05014676 0.04607172
v 0.05205897 0.04413196 0.07288589
v 0.05205275 0.04173244 0.07287963
v 0.05287609 0.04653948 0.07184037
v 0.05312483 0.05134851 0.07153673
v 0.05051802 0.04435991 0.07485485
v 0.05305394 0.05226033 0.07143656
v 0.05233756 0.05243824 0.07183724
v 0.05231393 0.05243824 0.07070094
v 0.05865808 0.05243824 0.05139950
v 0.05875509 0.05241430 0.05019746
v 0.05884464 0.05222834 0.04899542
v 0.05200425 0.03221436 0.07282642
v 0.05261988 0.03451989 0.07204384
v 0.05263356 0.03692741 0.07206262
v 0.05264973 0.04052869 0.07208767
v 0.05265346 0.04173244 0.07209706
v 0.05941301 0.05216035 0.04769635
v 0.06016422 0.05209436 0.04688247
v 0.05970155 0.05142250 0.04607172
v 0.06023013 0.03221436 0.04779339
v 0.06021521 0.05090660 0.04607172
v 0.06022018 0.05134851 0.04779339
v 0.06023759 0.05014676 0.04659135
v 0.05286365 0.04467985 0.07184037
v 0.05310120 0.04293220 0.07150230
v 0.05310866 0.04533772 0.07151169
v 0.05311861 0.04894500 0.07152734
v 0.05439092 0.03812917 0.06931109
v 0.05441455 0.05014676 0.06935491
v 0.05441704 0.05134851 0.06935804
v 0.05534236 0.05204037 0.06767707
v 0.05431630 0.05230632 0.06918587
v 0.05327905 0.05243824 0.07062894
v 0.05831855 0.05243824 0.05621077
v 0.05936326 0.05243824 0.05139950
v 0.05944287 0.05241430 0.05019746
v 0.05260496 0.03221436 0.07202193
v 0.05304523 0.03221436 0.07142091
v 0.05307384 0.03692741 0.07145847
v 0.05308005 0.03812917 0.07146786
v 0.05309622 0.04173244 0.07149604
v 0.06017541 0.05213836 0.04779339
v 0.06019655 0.05141450 0.04607172
v 0.06017168 0.03221436 0.04892969
v 0.06015178 0.05205637 0.04877317
v 0.06016173 0.05134851 0.04890464
v 0.05438719 0.03692741 0.06930482
v 0.05498914 0.03692741 0.06825617
v 0.05501899 0.05134851 0.06830000
v 0.05535480 0.05134851 0.06770211
v 0.05570552 0.05134851 0.06702596
v 0.05653383 0.05201238 0.06526048
v 0.05551150 0.05229032 0.06702596
v 0.05684973 0.05239630 0.06341673
v 0.05802877 0.05243824 0.05981375
v 0.05918168 0.05243824 0.05500560
v 0.05927248 0.05243824 0.05380670
v 0.05932595 0.05243824 0.05260153
v 0.05436108 0.03221436 0.06926100
v 0.05436729 0.03331813 0.06927352
v 0.05438222 0.03572365 0.06929543
v 0.05960704 0.05134851 0.05380670
v 0.05956226 0.03221436 0.05380357
v 0.05906851 0.05233631 0.05621077
v 0.05498417 0.03572365 0.06824678
v 0.05532246 0.03572365 0.06764264
v 0.05532495 0.03692741 0.06765203
v 0.05533490 0.04173244 0.06767081
v 0.05565329 0.03692741 0.06702284
v 0.05626395 0.05134851 0.06587714
v 0.05654005 0.05134851 0.06527613
v 0.05682362 0.05134851 0.06461876
v 0.05776386 0.05209836 0.06177019
v 0.05667188 0.05226433 0.06461876
v 0.05787704 0.05232032 0.06101579
v 0.05561473 0.03221436 0.06701971
v 0.05531251 0.03379604 0.06762698
v 0.05497795 0.03451989 0.06823739
v 0.05943913 0.05134851 0.05500560
v 0.05898020 0.05214035 0.05713734
v 0.05938565 0.03221436 0.05500560
v 0.05556374 0.03336612 0.06714179
v 0.05563588 0.03451989 0.06702284
v 0.05564582 0.03572365 0.06702284
v 0.05676143 0.03932693 0.06460311
v 0.05778500 0.05134851 0.06184218
v 0.05803250 0.05134851 0.06101579
v 0.05673282 0.03221436 0.06453738
v 0.05900881 0.05134851 0.05729072
v 0.05897026 0.03221436 0.05706847
v 0.05674775 0.03572365 0.06457494
v 0.05775018 0.03932693 0.06172949
v 0.05796783 0.03932693 0.06101891
v 0.05798151 0.04173244 0.06101891
v 0.05826507 0.03221436 0.05981375
v 0.05772779 0.03221436 0.06165750
v 0.05796036 0.03812717 0.06101891
v 0.05792305 0.03221436 0.06101891
v 0.05790688 0.03221436 0.06107213
v -0.04352949 -0.03474170 0.04422849
v -0.04356229 -0.03472963 0.04418528
v -0.04352949 -0.03474170 0.04418528
v -0.04352949 -0.03471755 0.04515437
v -0.04595056 -0.03355415 0.04418528
v -0.04594678 -0.03355069 0.04298370
v -0.04354337 -0.03472272 0.04298370
v -0.04352949 -0.03472790 0.04298370
v -0.04352949 -0.03471063 0.04538481
v -0.04655236 -0.03321410 0.04418528
v -0.04654731 -0.03321238 0.04298370
v -0.04589631 -0.03352652 0.04538481
v -0.04584963 -0.03350064 0.04178006
v -0.04507373 -0.03388901 0.04178006
v -0.04405432 -0.03439649 0.04178006
v -0.04352949 -0.03464849 0.04178006
v -0.04352949 -0.03471582 0.04279235
v -0.04352949 -0.03461052 0.04658845
v -0.04400891 -0.03437923 0.04658845
v -0.04743298 -0.03261341 0.04418528
v -0.04743172 -0.03261169 0.04298370
v -0.04649685 -0.03318303 0.04538481
v -0.04738377 -0.03258062 0.04538481
v -0.04734466 -0.03255301 0.04178006
v -0.04645143 -0.03315369 0.04178006
v -0.04507373 -0.03383722 0.04658845
v -0.04578150 -0.03346611 0.04658845
v -0.04573860 -0.03344195 0.04095294
v -0.04516456 -0.03369742 0.04056201
v -0.04352949 -0.03452940 0.04074307
v -0.04352949 -0.03455184 0.04712340
v -0.04397736 -0.03367498 0.05265192
v -0.04444795 -0.03338844 0.05308811
v -0.04939229 -0.03109617 0.04418528
v -0.04940239 -0.03110480 0.04298370
v -0.04934940 -0.03105992 0.04207222
v -0.04638204 -0.03311054 0.04658845
v -0.04729042 -0.03250985 0.04658845
v -0.04789221 -0.03204379 0.04658845
v -0.04929136 -0.03100986 0.04603292
v -0.04933047 -0.03104266 0.04538481
v -0.04781021 -0.03199029 0.04057847
v -0.04720841 -0.03244944 0.04057847
v -0.04704313 -0.03232688 0.03937689
v -0.04489457 -0.03364736 0.03937689
v -0.04379443 -0.03436887 0.04052703
v -0.04352949 -0.03446035 0.04032128
v -0.04352949 -0.03385794 0.05263340
v -0.04360897 -0.03356622 0.05380001
v -0.04420951 -0.03323999 0.05380001
v -0.04517718 -0.03264276 0.05390700
v -0.04589379 -0.03235623 0.05357780
v -0.04606537 -0.03246670 0.05259843
v -0.04498541 -0.03312434 0.05265192
v -0.04999283 -0.03046441 0.04418528
v -0.05048109 -0.02979985 0.04598148
v -0.05000292 -0.03045923 0.04298370
v -0.05049874 -0.02982229 0.04226357
v -0.05042305 -0.02974290 0.04146114
v -0.04974303 -0.03029870 0.04057847
v -0.04925730 -0.03097534 0.04127185
v -0.04856845 -0.03138960 0.04057847
v -0.04776605 -0.03195749 0.04779003
v -0.04694346 -0.03225439 0.04992778
v -0.04850663 -0.03135681 0.04779003
v -0.04837920 -0.03125324 0.04899162
v -0.04815084 -0.03106510 0.05113966
v -0.04898100 -0.03074231 0.04899162
v -0.04962822 -0.03014163 0.04899162
v -0.04764367 -0.03186256 0.03937689
v -0.04692328 -0.03223885 0.03863001
v -0.04603131 -0.03243908 0.03697166
v -0.04634293 -0.03251157 0.03820616
v -0.04527937 -0.03316232 0.03817325
v -0.04467884 -0.03352652 0.03817325
v -0.04393573 -0.03366461 0.03698606
v -0.04387139 -0.03391491 0.03817325
v -0.04352949 -0.03405817 0.03814444
v -0.04352949 -0.03359557 0.05380001
v -0.04352949 -0.03352652 0.05399136
v -0.04352949 -0.03339707 0.05429587
v -0.04564777 -0.03217671 0.05438023
v -0.04628742 -0.03189018 0.05390700
v -0.04714028 -0.03123081 0.05380001
v -0.04739513 -0.03143103 0.05259843
v -0.04666590 -0.03203344 0.05259843
v -0.05052650 -0.02986200 0.04418528
v -0.05050379 -0.02983092 0.04517906
v -0.05145885 -0.02827916 0.04658845
v -0.05187266 -0.02767847 0.04658845
v -0.05191051 -0.02774407 0.04538481
v -0.05043062 -0.02974290 0.04658845
v -0.05078261 -0.02902139 0.04779003
v -0.05138315 -0.02816696 0.04779003
v -0.05180075 -0.02756628 0.04779003
v -0.05052272 -0.02985682 0.04298370
v -0.05191177 -0.02775614 0.04298370
v -0.05186257 -0.02767847 0.04178006
v -0.05146768 -0.02828088 0.04178006
v -0.05139325 -0.02816351 0.04057847
v -0.05079145 -0.02903520 0.04057847
v -0.05034230 -0.02963588 0.04057847
v -0.04960803 -0.03014680 0.03937689
v -0.04916899 -0.03089939 0.04057847
v -0.04839308 -0.03126188 0.03937689
v -0.04799693 -0.03092010 0.05259843
v -0.05022749 -0.02948571 0.04899162
v -0.05033473 -0.02962380 0.04779003
v -0.04949196 -0.03001389 0.05019320
v -0.04819374 -0.03109789 0.03817325
v -0.04808777 -0.03100986 0.03754571
v -0.04752003 -0.03133091 0.03707659
v -0.04678955 -0.03212148 0.03782758
v -0.04663184 -0.03200755 0.03697166
v -0.04499172 -0.03307256 0.03698606
v -0.04453627 -0.03344368 0.03739757
v -0.04583701 -0.03231480 0.03614249
v -0.04437857 -0.03333666 0.03659514
v -0.04352949 -0.03383550 0.03698195
v -0.04352949 -0.03390628 0.03733378
v -0.04357743 -0.03355760 0.03607459
v -0.04352949 -0.03359212 0.03612191
v -0.04352949 -0.03317958 0.05448722
v -0.04484663 -0.03240111 0.05450779
v -0.04692202 -0.03104438 0.05442549
v -0.04774208 -0.03065601 0.05380001
v -0.05191934 -0.02776650 0.04418528
v -0.05279113 -0.02610081 0.04658845
v -0.05269525 -0.02586778 0.04899162
v -0.05283150 -0.02615432 0.04538481
v -0.05069303 -0.02888502 0.04899162
v -0.05168216 -0.02739366 0.04958418
v -0.05173640 -0.02747133 0.04878381
v -0.05204298 -0.02691380 0.04910684
v -0.05283529 -0.02615776 0.04418528
v -0.05281763 -0.02614051 0.04298370
v -0.05310149 -0.02545524 0.04178006
v -0.05271039 -0.02592129 0.04057847
v -0.05179066 -0.02756110 0.04057847
v -0.05173136 -0.02746789 0.03975753
v -0.05067159 -0.02885223 0.03937689
v -0.05020731 -0.02945291 0.03937689
v -0.04899488 -0.03074749 0.03937689
v -0.04943266 -0.02996038 0.03817325
v -0.04858611 -0.03031942 0.05259843
v -0.04937337 -0.02989652 0.05116023
v -0.05009124 -0.02933208 0.05019320
v -0.05051010 -0.02863300 0.05090716
v -0.05058454 -0.02873139 0.05019320
v -0.04879428 -0.03056107 0.03817325
v -0.04794898 -0.03088558 0.03674534
v -0.04711126 -0.03119282 0.03577008
v -0.04691950 -0.03103403 0.03513225
v -0.04552160 -0.03210249 0.03534212
v -0.04510148 -0.03255473 0.03575362
v -0.04393573 -0.03315887 0.03571247
v -0.04352949 -0.03323481 0.03550466
v -0.04352949 -0.03356622 0.03605401
v -0.04352949 -0.03280501 0.05461684
v -0.04379569 -0.03280329 0.05457158
v -0.04517718 -0.03170721 0.05460450
v -0.04627606 -0.03131365 0.05449751
v -0.04738504 -0.03029870 0.05448516
v -0.04810543 -0.02982920 0.05441726
v -0.04831738 -0.03005359 0.05380001
v -0.04918665 -0.02969283 0.05259843
v -0.05313051 -0.02550184 0.04658845
v -0.05307878 -0.02539311 0.04779003
v -0.05201523 -0.02669631 0.05019320
v -0.05295388 -0.02512900 0.04994219
v -0.05301949 -0.02526709 0.04899162
v -0.05315448 -0.02555535 0.04538481
v -0.05073341 -0.02774579 0.05259843
v -0.05188023 -0.02648918 0.05139684
v -0.05315196 -0.02555881 0.04418528
v -0.05314186 -0.02553983 0.04298370
v -0.05423696 -0.02292650 0.04178006
v -0.05418271 -0.02279704 0.04057847
v -0.05303967 -0.02532060 0.04057847
v -0.05265361 -0.02575731 0.03937689
v -0.05200640 -0.02687756 0.03936454
v -0.05194710 -0.02659965 0.03817325
v -0.05152950 -0.02720034 0.03817325
v -0.05055930 -0.02869860 0.03847776
v -0.05009502 -0.02913876 0.03811564
v -0.04932164 -0.02984301 0.03745723
v -0.04967868 -0.02909215 0.05259843
v -0.05027922 -0.02834820 0.05259843
v -0.04917151 -0.02968076 0.03665686
v -0.04836658 -0.03008294 0.03577008
v -0.04771180 -0.03068363 0.03577008
v -0.04817103 -0.02989134 0.03507464
v -0.04738251 -0.03033496 0.03491415
v -0.04627606 -0.03125151 0.03497176
v -0.04472047 -0.03234760 0.03504172
v -0.04352949 -0.03288096 0.03508493
v -0.04352949 -0.03160364 0.05476704
v -0.04387139 -0.03160364 0.05476704
v -0.04627606 -0.03040054 0.05462507
v -0.04836154 -0.02919917 0.05448105
v -0.04747839 -0.02919917 0.05460244
v -0.04948061 -0.02773888 0.05448105
v -0.04923207 -0.02854153 0.05437405
v -0.04896082 -0.02924060 0.05390494
v -0.04950079 -0.02886776 0.05357163
v -0.05426724 -0.02299553 0.04658845
v -0.05416252 -0.02275560 0.04899162
v -0.05421804 -0.02287989 0.04779003
v -0.05264983 -0.02555535 0.05028373
v -0.05285295 -0.02497021 0.05074461
v -0.05308131 -0.02420726 0.05139684
v -0.05318097 -0.02449898 0.05028373
v -0.05411963 -0.02265722 0.04975289
v -0.05428869 -0.02304559 0.04538481
v -0.05060094 -0.02756110 0.05342143
v -0.05137936 -0.02674810 0.05264987
v -0.05176668 -0.02631829 0.05228157
v -0.05428490 -0.02303869 0.04418528
v -0.05427355 -0.02301107 0.04298370
v -0.05531818 -0.02025792 0.04178006
v -0.05453092 -0.02198749 0.04057847
v -0.05435177 -0.02209451 0.03929870
v -0.05413224 -0.02268311 0.03964848
v -0.05296271 -0.02515490 0.03937689
v -0.05290720 -0.02503579 0.03866087
v -0.05179696 -0.02636318 0.03697166
v -0.05138189 -0.02696559 0.03697166
v -0.05043692 -0.02856051 0.03767533
v -0.05032464 -0.02840862 0.03697166
v -0.04965976 -0.02924750 0.03702310
v -0.04949953 -0.02885741 0.03577008
v -0.04896712 -0.02945809 0.03577008
v -0.04933678 -0.02866063 0.03510345
v -0.04861513 -0.02911632 0.03486683
v -0.04868073 -0.02799607 0.03431542
v -0.04747839 -0.02919917 0.03437303
v -0.04627606 -0.03040054 0.03454998
v -0.04510148 -0.03166233 0.03482157
v -0.04387139 -0.03254783 0.03494296
v -0.04352949 -0.03264104 0.03494090
v -0.05340933 -0.01711123 0.05451397
v -0.04352949 -0.03074231 0.05455923
v -0.05283150 -0.01750133 0.05444195
v -0.05429878 -0.01711123 0.05451191
v -0.05321252 -0.01958302 0.05452014
v -0.04877031 -0.02808238 0.05454483
v -0.04988181 -0.02674464 0.05451602
v -0.05054290 -0.02631139 0.05443578
v -0.05028048 -0.02711231 0.05422386
v -0.05534594 -0.02033387 0.04658845
v -0.05449686 -0.02198749 0.04899162
v -0.05200513 -0.02567791 0.05264987
v -0.05420920 -0.02166470 0.05139684
v -0.05430635 -0.02204272 0.05017057
v -0.05296902 -0.02396733 0.05231655
v -0.05536360 -0.02038220 0.04538481
v -0.05536107 -0.02037531 0.04418528
v -0.05164305 -0.02613360 0.05308400
v -0.05080532 -0.02674464 0.05381441
v -0.05186762 -0.02533441 0.05348933
v -0.05535098 -0.02034941 0.04298370
v -0.05555915 -0.01958302 0.04178006
v -0.05529295 -0.02018715 0.04116692
v -0.05562602 -0.01958302 0.04298370
v -0.05542416 -0.01935517 0.03937689
v -0.05430131 -0.02184422 0.03817325
v -0.05419533 -0.02161637 0.03697166
v -0.05310402 -0.02444374 0.03822674
v -0.05302327 -0.02407608 0.03697166
v -0.05293369 -0.02388448 0.03622890
v -0.05170234 -0.02621990 0.03632560
v -0.05078135 -0.02780621 0.03697166
v -0.05061734 -0.02758008 0.03604373
v -0.05015306 -0.02798744 0.03569395
v -0.05044450 -0.02735051 0.03524335
v -0.05073215 -0.02654959 0.03487506
v -0.04959541 -0.02799607 0.03484831
v -0.05020479 -0.02595236 0.03407469
v -0.04940364 -0.02641150 0.03393478
v -0.04387139 -0.03160364 0.03465285
v -0.04352949 -0.03196612 0.03473309
v -0.05338157 -0.01711123 0.05450574
v -0.04352949 -0.03013473 0.05396050
v -0.05255773 -0.01711123 0.05392346
v -0.05428743 -0.01717855 0.05450985
v -0.05433285 -0.01711123 0.05449339
v -0.05301823 -0.02078439 0.05447076
v -0.05069303 -0.02559333 0.05448310
v -0.05290216 -0.02142823 0.05441315
v -0.05150300 -0.02467159 0.05429176
v -0.05561467 -0.01958302 0.04658845
v -0.05565125 -0.01958302 0.04538481
v -0.05531440 -0.02024757 0.04747935
v -0.05546075 -0.01946564 0.04899162
v -0.05285926 -0.02374294 0.05311692
v -0.05453849 -0.02078439 0.05139684
v -0.05530809 -0.01903067 0.05087012
v -0.05537243 -0.01922053 0.05019320
v -0.05412341 -0.02146621 0.05212520
v -0.05318097 -0.02328034 0.05266838
v -0.05564495 -0.01958302 0.04418528
v -0.05304220 -0.02294030 0.05345641
v -0.05638552 -0.01711123 0.04298370
v -0.05636407 -0.01711123 0.04262363
v -0.05630730 -0.01711123 0.04167512
v -0.05583671 -0.01837992 0.04057847
v -0.05574588 -0.01837992 0.03937689
v -0.05544434 -0.01964861 0.04068958
v -0.05640697 -0.01711123 0.04418528
v -0.05559574 -0.01837992 0.03817325
v -0.05534341 -0.01913078 0.03817325
v -0.05451831 -0.02078439 0.03697166
v -0.05412468 -0.02146275 0.03625771
v -0.05376511 -0.02191326 0.03582151
v -0.05312799 -0.02320267 0.03580505
v -0.05279618 -0.02361176 0.03542853
v -0.05255521 -0.02432809 0.03580505
v -0.05189916 -0.02556744 0.03586266
v -0.05153328 -0.02594718 0.03552523
v -0.05107531 -0.02678434 0.03578448
v -0.05177678 -0.02514800 0.03503143
v -0.05163674 -0.02377919 0.03396976
v -0.05058202 -0.02515144 0.03391832
v -0.05348755 -0.01837992 0.03375372
v -0.04919296 -0.02641150 0.03393478
v -0.04352949 -0.03160364 0.03468989
v -0.05253881 -0.01711123 0.05389260
v -0.04352949 -0.02967040 0.05336588
v -0.05415874 -0.01800535 0.05445018
v -0.05496114 -0.01711123 0.05382882
v -0.05396193 -0.01880627 0.05434319
v -0.05431266 -0.01958302 0.05356340
v -0.05317845 -0.02189255 0.05383499
v -0.05268263 -0.02223087 0.05425884
v -0.05637795 -0.01711123 0.04658845
v -0.05639688 -0.01711123 0.04606790
v -0.05548472 -0.01968831 0.04784353
v -0.05580643 -0.01837992 0.04899162
v -0.05641706 -0.01711123 0.04538481
v -0.05565251 -0.01837992 0.05019320
v -0.05416505 -0.02038738 0.05334325
v -0.05400482 -0.02118830 0.05292557
v -0.05426976 -0.02078612 0.05255522
v -0.05535477 -0.01796738 0.05225277
v -0.05543047 -0.01837301 0.05132072
v -0.05630604 -0.01711123 0.04166278
v -0.05594017 -0.01711123 0.03816913
v -0.05581400 -0.01711123 0.03697166
v -0.05579508 -0.01717855 0.03697166
v -0.05542542 -0.01839718 0.03707865
v -0.05529421 -0.01899097 0.03755188
v -0.05537243 -0.01800708 0.03606842
v -0.05426598 -0.02076886 0.03582151
v -0.05399347 -0.02115723 0.03545734
v -0.05299804 -0.02281085 0.03497588
v -0.05294000 -0.02149900 0.03392449
v -0.05307878 -0.02078439 0.03384219
v -0.05442242 -0.01717855 0.03375166
v -0.05444008 -0.01711123 0.03375166
v -0.05343582 -0.01711123 0.03376195
v -0.05341943 -0.01717855 0.03376195
v -0.05253628 -0.01958302 0.03379281
v -0.04919296 -0.02603349 0.03393478
v -0.04352949 -0.03075095 0.03484420
v -0.05186635 -0.01711123 0.05263546
v -0.04352949 -0.02956511 0.05321979
v -0.05448172 -0.01839545 0.05388643
v -0.05508604 -0.01711123 0.05365804
v -0.05525384 -0.01766359 0.05305314
v -0.05627071 -0.01711123 0.04783118
v -0.05614203 -0.01711123 0.04891343
v -0.05599694 -0.01711123 0.05008621
v -0.05578246 -0.01717855 0.05139684
v -0.05580391 -0.01711123 0.05139067
v -0.05581526 -0.01711123 0.05131660
v -0.05598180 -0.01711123 0.05019320
v -0.05550112 -0.01722860 0.05263135
v -0.05580265 -0.01711123 0.03690376
v -0.05553266 -0.01725104 0.03570835
v -0.05525384 -0.01769983 0.03526599
v -0.05415874 -0.02035631 0.03503143
v -0.05316836 -0.02193398 0.03457055
v -0.05409440 -0.01899441 0.03396153
v -0.05420669 -0.01837992 0.03387306
v -0.05507468 -0.01711123 0.03447179
v -0.05291225 -0.01711123 0.03399239
v -0.05282520 -0.01758073 0.03391421
v -0.04352949 -0.03051619 0.03491827
v -0.05184995 -0.01711123 0.05260254
v -0.04352949 -0.02912841 0.05260049
v -0.05546200 -0.01711123 0.05287208
v -0.05553645 -0.01711123 0.05262723
v -0.05556168 -0.01711123 0.05251407
v -0.05557555 -0.01711123 0.03571453
v -0.05547967 -0.01711123 0.03539561
v -0.05536234 -0.01711123 0.03501291
v -0.05426850 -0.01947082 0.03460553
v -0.05519202 -0.01711123 0.03468989
v -0.05251231 -0.01711123 0.03451294
v -0.04352949 -0.03000699 0.03535446
v -0.05135035 -0.01711123 0.05154087
v -0.04352949 -0.02830332 0.05128368
v -0.05131881 -0.01711123 0.05147297
v -0.05186635 -0.01711123 0.03549437
v -0.04352949 -0.02994485 0.03541001
v -0.05082424 -0.01711123 0.05025287
v -0.04352949 -0.02781828 0.05028990
v -0.05033221 -0.01711123 0.04887434
v -0.05155978 -0.01711123 0.03606019
v -0.04352949 -0.02955820 0.03582974
v -0.04352949 -0.02698803 0.04774683
v -0.05002185 -0.01711123 0.04778386
v -0.05154085 -0.01711123 0.03609516
v -0.05152571 -0.01711123 0.03612603
v -0.04352949 -0.02866063 0.03705190
v -0.04352949 -0.02670667 0.04658845
v -0.04979097 -0.01711123 0.04658845
v -0.05113461 -0.01711123 0.03697166
v -0.05040791 -0.01711123 0.03858475
v -0.04352949 -0.02797018 0.03815679
v -0.04352949 -0.02666697 0.04636418
v -0.04962317 -0.01711123 0.04550620
v -0.05017577 -0.01711123 0.03927813
v -0.04352949 -0.02701219 0.04050234
v -0.04352949 -0.02651508 0.04538481
v -0.04960551 -0.01711123 0.04534983
v -0.04986162 -0.01711123 0.04057641
v -0.04964966 -0.01711123 0.04178006
v -0.04352949 -0.02669287 0.04178006
v -0.04352949 -0.02650817 0.04531074
v -0.04950206 -0.01711123 0.04418528
v -0.04952224 -0.01711123 0.04287876
v -0.04352949 -0.02650299 0.04298370
v -0.04352949 -0.02642531 0.04425318
v -0.04352949 -0.02642013 0.04418528
v -0.04950206 -0.01711123 0.04413179
v 0.02572892 0.04177118 0.01118801
v 0.02586180 0.04170691 0.01118801
v 0.02572892 0.03904162 0.01118801
v 0.02572892 0.04200683 0.01134848
v 0.02586180 0.04197826 0.01137238
v 0.02631135 0.04147127 0.01118801
v 0.02774199 0.04236922 0.01230107
v 0.03220920 0.03280952 0.01118801
v 0.05337475 0.03281130 0.04606859
v 0.02572892 0.04964745 0.02240401
v 0.02572892 0.04300296 0.01205866
v 0.02576850 0.04295119 0.01203476
v 0.02706343 0.04253524 0.01217816
v 0.02665346 0.04128561 0.01118801
v 0.02854213 0.04215500 0.01245130
v 0.02610779 0.04336536 0.01246154
v 0.02706343 0.04313150 0.01263567
v 0.02825657 0.04292263 0.01292930
v 0.03482167 0.03280952 0.01118801
v 0.05210244 0.03280952 0.03697970
v 0.05461313 0.03281130 0.04606859
v 0.04372218 0.04803720 0.04606859
v 0.02572892 0.05104703 0.02240401
v 0.02572892 0.04407765 0.01296003
v 0.02751298 0.04075362 0.01118801
v 0.02922070 0.04135523 0.01218840
v 0.02946950 0.04269412 0.01324001
v 0.03032619 0.04246562 0.01342097
v 0.03070505 0.04180153 0.01312050
v 0.02706343 0.04385450 0.01323659
v 0.02797101 0.04366884 0.01340389
v 0.03481037 0.03284344 0.01118801
v 0.03627776 0.03280952 0.01218157
v 0.05210244 0.03280952 0.03267767
v 0.05451135 0.03331830 0.04606859
v 0.05459899 0.03281130 0.04538231
v 0.04603495 0.04803720 0.04606859
v 0.02586180 0.05103275 0.02240401
v 0.02586180 0.05081139 0.02180309
v 0.02572892 0.05081853 0.02178602
v 0.02572892 0.04525230 0.01410383
v 0.02617281 0.04462749 0.01363607
v 0.02815479 0.04032696 0.01118801
v 0.03002084 0.04109995 0.01236594
v 0.03066830 0.04026805 0.01212694
v 0.02877115 0.04348139 0.01358485
v 0.03129032 0.04354566 0.01472182
v 0.03112633 0.04224247 0.01360534
v 0.03187275 0.04137130 0.01336633
v 0.03066830 0.04086966 0.01249569
v 0.02706343 0.04445611 0.01380678
v 0.02802755 0.04487741 0.01459208
v 0.02883052 0.04471496 0.01475255
v 0.02946950 0.04457572 0.01488570
v 0.03066830 0.04369740 0.01458866
v 0.03460963 0.03331651 0.01118801
v 0.03470576 0.03331651 0.01125288
v 0.03622687 0.03307551 0.01221913
v 0.03772819 0.03280952 0.01325708
v 0.05193845 0.03280952 0.03218601
v 0.05293651 0.03281130 0.03507110
v 0.05302698 0.03281130 0.03538180
v 0.05314573 0.03281130 0.03579152
v 0.05331820 0.03281130 0.03646072
v 0.05342847 0.03281130 0.03696946
v 0.05364617 0.03281130 0.03818495
v 0.05413813 0.03281130 0.04096761
v 0.05425405 0.03281130 0.04177680
v 0.05434170 0.03281130 0.04243576
v 0.05440673 0.03281130 0.04297523
v 0.05448307 0.03281130 0.04367516
v 0.05457638 0.03281130 0.04487358
v 0.05449720 0.03331830 0.04538231
v 0.05422861 0.03435014 0.04538231
v 0.05423426 0.03437513 0.04606859
v 0.04695666 0.04720173 0.04606859
v 0.04602364 0.04803720 0.04557010
v 0.02693620 0.05090779 0.02240401
v 0.02655733 0.05076140 0.02191235
v 0.02586180 0.05050612 0.02120218
v 0.02572892 0.05054897 0.02125339
v 0.02572892 0.04536656 0.01421650
v 0.02616433 0.04583071 0.01484473
v 0.02706343 0.04566111 0.01501203
v 0.02883900 0.04592354 0.01594756
v 0.02946950 0.03943079 0.01118801
v 0.03136948 0.04001634 0.01228058
v 0.03060044 0.03924513 0.01152944
v 0.03025268 0.03889167 0.01118801
v 0.03267572 0.04247276 0.01461597
v 0.03176531 0.04289407 0.01445892
v 0.03066830 0.04429901 0.01515202
v 0.03132424 0.04476495 0.01590658
v 0.03212439 0.04452573 0.01613876
v 0.03276054 0.04372418 0.01575976
v 0.03209328 0.04327431 0.01496082
v 0.03187275 0.04197112 0.01379995
v 0.03247780 0.04114101 0.01352681
v 0.03181338 0.04046085 0.01276883
v 0.02946950 0.04518447 0.01549004
v 0.03066830 0.04491490 0.01575294
v 0.03406960 0.03442869 0.01118801
v 0.03530516 0.03452152 0.01203134
v 0.03558789 0.03341291 0.01188453
v 0.03606006 0.03387706 0.01235570
v 0.03740304 0.03418412 0.01343804
v 0.03758683 0.03331651 0.01330147
v 0.03891003 0.03281130 0.01414821
v 0.03968472 0.03281130 0.01473206
v 0.03891003 0.03280952 0.01414821
v 0.05182536 0.03280952 0.03187531
v 0.05175467 0.03410557 0.03262304
v 0.05189039 0.03451081 0.03335712
v 0.05177729 0.03535699 0.03374976
v 0.05191583 0.03574794 0.03453847
v 0.05294216 0.03405201 0.03623879
v 0.05303547 0.03325939 0.03581200
v 0.05331255 0.03331830 0.03696946
v 0.05321076 0.03451973 0.03817129
v 0.05306091 0.03577294 0.03937313
v 0.05293934 0.03643703 0.03977602
v 0.05299871 0.03665839 0.04057497
v 0.05307788 0.03700293 0.04173242
v 0.05413248 0.03401810 0.04337811
v 0.05440390 0.03331830 0.04418048
v 0.05417772 0.03417519 0.04418048
v 0.05338606 0.03692617 0.04418048
v 0.05345392 0.03692617 0.04538231
v 0.05345957 0.03692617 0.04606859
v 0.04788403 0.04621809 0.04606859
v 0.04811588 0.04595924 0.04568619
v 0.04694252 0.04718745 0.04538231
v 0.04691425 0.04715889 0.04451166
v 0.04583421 0.04803720 0.04297523
v 0.04579462 0.04803720 0.04258599
v 0.04570698 0.04803720 0.04177680
v 0.04566456 0.04803720 0.04149342
v 0.02826788 0.05066143 0.02240401
v 0.02706343 0.04980633 0.02031104
v 0.02572892 0.04973670 0.01972719
v 0.02572892 0.04628236 0.01518275
v 0.02706343 0.04623416 0.01561295
v 0.02803887 0.04606814 0.01579391
v 0.02836118 0.04656799 0.01650067
v 0.02868067 0.04706427 0.01721085
v 0.02946950 0.04691967 0.01738498
v 0.03066830 0.04608242 0.01697526
v 0.03129314 0.04595032 0.01712208
v 0.03066830 0.04551651 0.01637434
v 0.03181338 0.03930048 0.01208939
v 0.03159850 0.03782412 0.01118801
v 0.03111502 0.03822043 0.01118801
v 0.03095103 0.03848286 0.01125971
v 0.03217245 0.03967894 0.01248203
v 0.03088318 0.03840431 0.01118801
v 0.03297824 0.04166407 0.01418577
v 0.03311961 0.04296369 0.01530566
v 0.03347586 0.04217820 0.01485156
v 0.03209328 0.04573074 0.01735766
v 0.03279164 0.04492918 0.01693770
v 0.03359178 0.04467926 0.01718695
v 0.03317616 0.04420440 0.01647336
v 0.03356068 0.04345283 0.01600560
v 0.03395085 0.04138379 0.01455793
v 0.03328077 0.04074112 0.01375557
v 0.03261352 0.03887739 0.01224303
v 0.03325533 0.03572474 0.01118801
v 0.03399609 0.03692796 0.01212011
v 0.03506766 0.03543018 0.01220206
v 0.03590738 0.03452152 0.01245813
v 0.03676124 0.03455901 0.01310002
v 0.03641630 0.03572474 0.01327756
v 0.03854530 0.03524452 0.01468426
v 0.03871776 0.03452152 0.01454769
v 0.03953487 0.03354859 0.01485156
v 0.04025585 0.03323975 0.01535688
v 0.03976954 0.03281130 0.01480376
v 0.04099096 0.03281130 0.01584513
v 0.04161580 0.03281130 0.01639483
v 0.04225760 0.03281130 0.01696843
v 0.04344792 0.03281130 0.01817027
v 0.04679268 0.03280952 0.02240401
v 0.05175467 0.03280952 0.03168752
v 0.05051064 0.03514991 0.03033545
v 0.05064353 0.03561941 0.03101490
v 0.05054740 0.03644774 0.03145193
v 0.05068594 0.03687797 0.03219967
v 0.05178295 0.03655664 0.03492087
v 0.05191018 0.03694224 0.03576420
v 0.05291106 0.03514633 0.03753623
v 0.05300719 0.03448224 0.03706847
v 0.05297326 0.03535163 0.03817129
v 0.05294499 0.03760990 0.04210458
v 0.05220705 0.03692617 0.03696946
v 0.05210527 0.03720823 0.03696946
v 0.05186777 0.03785804 0.03696946
v 0.05326448 0.03692617 0.04297523
v 0.05299588 0.03771880 0.04297523
v 0.05305809 0.03783840 0.04418048
v 0.05310332 0.03792231 0.04538231
v 0.05326448 0.03750993 0.04606859
v 0.04812153 0.04596102 0.04606859
v 0.04963982 0.04400088 0.04606859
v 0.04963134 0.04399017 0.04538231
v 0.04913938 0.04454715 0.04418048
v 0.04911110 0.04449717 0.04297523
v 0.04808478 0.04592889 0.04488382
v 0.04688033 0.04712676 0.04370930
v 0.04684922 0.04709105 0.04297523
v 0.04617914 0.04759626 0.04177680
v 0.04608867 0.04751057 0.04057497
v 0.04547796 0.04803720 0.04044522
v 0.04532811 0.04803720 0.03974529
v 0.04524329 0.04803720 0.03937313
v 0.04492945 0.04803720 0.03819178
v 0.04456472 0.04803720 0.03697970
v 0.04418586 0.04803720 0.03576762
v 0.04330655 0.04803720 0.03337760
v 0.02948647 0.05036688 0.02240401
v 0.02941295 0.04980811 0.02131485
v 0.02897472 0.04957961 0.02068661
v 0.02826788 0.04967065 0.02053980
v 0.02572892 0.04942787 0.01922188
v 0.02572892 0.04704107 0.01604657
v 0.02586180 0.04702143 0.01607047
v 0.02706343 0.04683577 0.01629581
v 0.02787770 0.04720709 0.01705038
v 0.02827353 0.04757841 0.01766154
v 0.02946950 0.04742667 0.01798931
v 0.03035729 0.04725707 0.01819758
v 0.03115743 0.04707855 0.01839561
v 0.03187275 0.04691253 0.01860730
v 0.03275771 0.04609492 0.01816003
v 0.03186144 0.03809726 0.01146115
v 0.03225444 0.03727964 0.01123239
v 0.03220638 0.03722965 0.01118801
v 0.03427317 0.04259415 0.01570514
v 0.03491498 0.04236208 0.01591000
v 0.03356068 0.04586819 0.01841268
v 0.03427317 0.04444183 0.01742253
v 0.03496022 0.04360100 0.01707428
v 0.03427317 0.04384022 0.01684210
v 0.03427317 0.04503451 0.01802345
v 0.03496870 0.04480065 0.01826928
v 0.03427317 0.04319576 0.01624118
v 0.03421945 0.04046799 0.01416870
v 0.03538149 0.04164443 0.01571197
v 0.03475099 0.04099105 0.01482083
v 0.03368508 0.03993957 0.01352340
v 0.03303762 0.03806691 0.01206548
v 0.03341366 0.03843287 0.01249569
v 0.03269834 0.03659412 0.01118801
v 0.03301500 0.03689939 0.01150212
v 0.03375859 0.03762954 0.01227375
v 0.03594413 0.03731534 0.01362924
v 0.03619577 0.03651201 0.01344828
v 0.03747656 0.03692796 0.01458183
v 0.03833324 0.03604786 0.01485156
v 0.03891003 0.03557478 0.01511105
v 0.03984305 0.03542661 0.01580074
v 0.03931999 0.03452152 0.01502569
v 0.04005227 0.03452152 0.01562661
v 0.04207666 0.03389670 0.01714939
v 0.04096833 0.03293091 0.01586561
v 0.04327545 0.03389670 0.01834781
v 0.04340551 0.03309515 0.01821807
v 0.04403318 0.03281130 0.01880875
v 0.04679550 0.03281130 0.02240401
v 0.04708955 0.03280952 0.02285129
v 0.04458452 0.03281130 0.01942674
v 0.04513019 0.03281130 0.02010960
v 0.04548079 0.03281130 0.02055687
v 0.04565043 0.03281130 0.02078222
v 0.04584269 0.03281130 0.02104170
v 0.04607736 0.03281130 0.02136606
v 0.04668807 0.03281130 0.02224695
v 0.05166420 0.03280952 0.03147583
v 0.05076227 0.03333436 0.02970039
v 0.05060677 0.03451973 0.03012035
v 0.04933729 0.03522845 0.02788398
v 0.04951259 0.03566583 0.02856684
v 0.04939101 0.03656913 0.02896632
v 0.04957761 0.03695474 0.02971746
v 0.04941646 0.03776521 0.03009304
v 0.05043996 0.03695830 0.03168752
v 0.05055588 0.03763489 0.03262645
v 0.05176599 0.03765453 0.03616368
v 0.05210527 0.03693152 0.03655291
v 0.05182819 0.03897557 0.03937313
v 0.05192997 0.03918087 0.04057497
v 0.05198369 0.03942544 0.04173242
v 0.05174337 0.04001812 0.04210458
v 0.05196956 0.03819723 0.03816788
v 0.05066049 0.04024841 0.03696946
v 0.05179709 0.04011274 0.04297523
v 0.05185363 0.04021449 0.04418048
v 0.05189039 0.04028055 0.04538231
v 0.05311180 0.03794195 0.04606859
v 0.04989711 0.04362064 0.04606859
v 0.05023073 0.04310472 0.04538231
v 0.04956348 0.04389913 0.04297523
v 0.04950128 0.04381344 0.04177680
v 0.04904607 0.04441148 0.04177680
v 0.04844385 0.04515233 0.04177680
v 0.04850888 0.04523624 0.04297523
v 0.04798865 0.04583785 0.04297523
v 0.04733270 0.04642339 0.04177680
v 0.04678137 0.04702500 0.04177680
v 0.04669089 0.04693395 0.04057497
v 0.04597557 0.04740167 0.03937313
v 0.04528570 0.04800328 0.03937313
v 0.04583421 0.04726600 0.03817129
v 0.04573242 0.04717495 0.03744063
v 0.04486442 0.04746237 0.03576762
v 0.04465520 0.04728385 0.03456237
v 0.04453079 0.04717495 0.03385902
v 0.04438943 0.04704642 0.03305324
v 0.04360342 0.04740525 0.03216211
v 0.04320760 0.04803720 0.03312494
v 0.04289094 0.04803720 0.03234648
v 0.04281176 0.04803720 0.03216211
v 0.02975507 0.05029368 0.02240401
v 0.03066830 0.04967779 0.02172798
v 0.02941295 0.04912081 0.02022910
v 0.02946950 0.04849778 0.01933455
v 0.02826788 0.04928327 0.01993888
v 0.03133555 0.04957068 0.02190552
v 0.03066830 0.04928505 0.02112706
v 0.02586180 0.04859061 0.01799956
v 0.02572892 0.04859597 0.01796541
v 0.02572892 0.04813896 0.01737474
v 0.02706343 0.04734098 0.01689332
v 0.02765717 0.04833712 0.01834099
v 0.02826788 0.04823714 0.01846731
v 0.02946950 0.04802828 0.01873363
v 0.03015089 0.04837460 0.01949843
v 0.03065416 0.04773729 0.01894532
v 0.03095103 0.04821572 0.01970671
v 0.03187275 0.04740167 0.01920822
v 0.03262765 0.04721423 0.01944039
v 0.03309417 0.04655371 0.01892825
v 0.03233926 0.03707077 0.01118801
v 0.03624666 0.04247276 0.01700258
v 0.03571512 0.04198362 0.01620363
v 0.03612791 0.04118385 0.01589975
v 0.03342779 0.04701429 0.01970671
v 0.03427317 0.04616097 0.01927309
v 0.03491498 0.04596460 0.01950868
v 0.03427317 0.04563612 0.01867217
v 0.03577167 0.04450431 0.01856633
v 0.03628624 0.04370276 0.01817710
v 0.03576035 0.04327431 0.01737474
v 0.03534474 0.04524874 0.01903750
v 0.03628342 0.04489348 0.01936869
v 0.03509876 0.04018950 0.01458183
v 0.03549459 0.04056796 0.01508032
v 0.03429862 0.03815260 0.01292247
v 0.03514117 0.03787589 0.01334585
v 0.03620425 0.03889881 0.01463987
v 0.03663401 0.03801692 0.01449306
v 0.03728996 0.03754385 0.01472523
v 0.03662835 0.03691724 0.01395018
v 0.03807878 0.03692796 0.01505300
v 0.03883369 0.03692796 0.01565051
v 0.03891003 0.03657627 0.01555491
v 0.03909097 0.03573723 0.01532615
v 0.03963383 0.03622816 0.01599194
v 0.04090048 0.03635491 0.01712208
v 0.04105881 0.03572474 0.01698209
v 0.04194094 0.03452152 0.01726889
v 0.04256579 0.03452152 0.01786981
v 0.04316519 0.03452152 0.01846048
v 0.04371652 0.03452152 0.01906140
v 0.04431875 0.03452152 0.01972719
v 0.04443466 0.03377888 0.01958721
v 0.04456190 0.03297733 0.01945405
v 0.04601798 0.03332008 0.02147873
v 0.04584269 0.03452152 0.02172456
v 0.04692274 0.03401096 0.02310394
v 0.04836751 0.03331830 0.02510473
v 0.04791514 0.03280952 0.02416580
v 0.04482201 0.03452152 0.02032811
v 0.04558540 0.03332008 0.02087782
v 0.05073117 0.03280952 0.02930433
v 0.05056436 0.03294520 0.02903119
v 0.04944756 0.03451973 0.02767571
v 0.04810174 0.03513919 0.02554176
v 0.04828269 0.03561227 0.02618707
v 0.04817808 0.03653343 0.02660703
v 0.04839013 0.03693152 0.02732062
v 0.04823463 0.03779913 0.02769961
v 0.04921006 0.03737247 0.02929067
v 0.04823463 0.03900235 0.02888096
v 0.04821766 0.04017879 0.03009304
v 0.04939384 0.03892559 0.03134267
v 0.05037493 0.03725108 0.03182409
v 0.04945887 0.03909161 0.03168752
v 0.04954651 0.03932904 0.03218942
v 0.04935708 0.04005026 0.03261280
v 0.05035797 0.03843823 0.03315909
v 0.05065484 0.03807227 0.03348345
v 0.05055870 0.04004847 0.03618416
v 0.05050216 0.03873100 0.03396145
v 0.05060394 0.03892916 0.03456237
v 0.04930054 0.04113565 0.03395804
v 0.05174619 0.03881669 0.03857077
v 0.05053891 0.04119992 0.03859467
v 0.05061808 0.04133738 0.03937313
v 0.05072552 0.04152125 0.04057497
v 0.05076227 0.04180153 0.04185533
v 0.05147760 0.04071256 0.04297523
v 0.05076227 0.04059296 0.03818495
v 0.04953803 0.04174440 0.03585981
v 0.05051347 0.04234958 0.04230602
v 0.05091213 0.04172834 0.04297523
v 0.05057850 0.04245670 0.04418048
v 0.05060960 0.04250489 0.04538231
v 0.05190170 0.04028769 0.04606859
v 0.05023922 0.04311364 0.04606859
v 0.05019963 0.04305473 0.04418048
v 0.05016288 0.04299046 0.04297523
v 0.04941080 0.04368848 0.04057497
v 0.04895560 0.04428830 0.04057497
v 0.04835337 0.04505236 0.04057497
v 0.04793493 0.04575751 0.04177680
v 0.04785859 0.04565040 0.04057497
v 0.04725919 0.04633234 0.04057497
v 0.04715175 0.04621809 0.03937313
v 0.04657780 0.04681970 0.03937313
v 0.04643360 0.04667153 0.03817129
v 0.04692557 0.04597352 0.03745770
v 0.04627244 0.04651443 0.03704799
v 0.04561085 0.04705892 0.03664168
v 0.04546665 0.04691967 0.03576762
v 0.04525459 0.04671437 0.03456237
v 0.04586531 0.04611277 0.03456237
v 0.04573808 0.04598423 0.03383853
v 0.04482767 0.04627522 0.03216211
v 0.04420565 0.04687683 0.03216211
v 0.04285135 0.04800864 0.03216211
v 0.04349599 0.04731598 0.03168752
v 0.04237353 0.04803720 0.03128463
v 0.03066830 0.05003305 0.02240401
v 0.03081815 0.04998842 0.02240401
v 0.02826788 0.04868166 0.01906823
v 0.02685420 0.04845851 0.01818392
v 0.03188689 0.04895658 0.02133533
v 0.03163808 0.04851028 0.02050907
v 0.03060044 0.04863346 0.02011984
v 0.03168049 0.04972064 0.02240401
v 0.03213569 0.04940109 0.02217867
v 0.02717935 0.04801757 0.01776397
v 0.03197171 0.04805327 0.02011984
v 0.03243822 0.04831034 0.02076514
v 0.03708638 0.04336714 0.01848439
v 0.03754441 0.04256559 0.01812247
v 0.03704397 0.04209966 0.01732011
v 0.03637955 0.04053226 0.01570172
v 0.03590172 0.03970036 0.01485839
v 0.03743415 0.04130525 0.01701282
v 0.03398195 0.04731956 0.02050566
v 0.03434103 0.04680006 0.02011984
v 0.03307437 0.04815324 0.02098707
v 0.03478492 0.04707141 0.02081295
v 0.03538149 0.04621095 0.02019154
v 0.03621273 0.04603065 0.02062857
v 0.03571512 0.04569503 0.01982621
v 0.03668490 0.04414191 0.01892825
v 0.03664815 0.04531657 0.02017105
v 0.03708638 0.04458286 0.01971354
v 0.03756703 0.04378131 0.01928675
v 0.03671883 0.03938616 0.01529884
v 0.03700439 0.03834183 0.01493692
v 0.03781018 0.03802049 0.01538761
v 0.03859902 0.03769737 0.01584171
v 0.03943591 0.03692617 0.01615241
v 0.04067995 0.03715646 0.01731669
v 0.04141789 0.03679764 0.01779811
v 0.04214452 0.03643524 0.01828636
v 0.04166104 0.03572474 0.01752155
v 0.04231415 0.03572474 0.01812247
v 0.04291638 0.03572474 0.01870632
v 0.04349882 0.03572474 0.01930723
v 0.04464955 0.03551051 0.02054321
v 0.04542141 0.03452152 0.02112365
v 0.04572959 0.03522310 0.02188504
v 0.04678420 0.03481251 0.02329515
v 0.04717154 0.03445547 0.02371852
v 0.04782183 0.03451973 0.02478379
v 0.04842123 0.03280952 0.02498523
v 0.04819504 0.03451973 0.02538470
v 0.04937122 0.03280952 0.02662751
v 0.05058133 0.03280952 0.02899021
v 0.04958327 0.03331830 0.02729330
v 0.04702452 0.03572295 0.02414531
v 0.04763523 0.03561227 0.02506376
v 0.04795471 0.03594074 0.02580808
v 0.04799995 0.03733676 0.02690066
v 0.04710934 0.03682263 0.02498864
v 0.04776246 0.03693152 0.02618707
v 0.04702735 0.04018950 0.02772692
v 0.04697928 0.03768488 0.02541543
v 0.04700473 0.03893808 0.02656947
v 0.04703017 0.04137130 0.02889461
v 0.04819504 0.04130525 0.03132902
v 0.04915634 0.04085181 0.03315567
v 0.05009220 0.03921479 0.03348345
v 0.04939667 0.04129454 0.03456237
v 0.04902063 0.04189793 0.03456237
v 0.04917613 0.04215143 0.03552179
v 0.04931185 0.04235315 0.03632415
v 0.04824593 0.04146413 0.03168752
v 0.04831945 0.04171763 0.03226112
v 0.04811022 0.04235137 0.03272888
v 0.04939667 0.04248883 0.03696946
v 0.04954086 0.04272447 0.03817129
v 0.04934012 0.04359743 0.03976236
v 0.05053609 0.04238886 0.04297523
v 0.05040320 0.04285301 0.04606859
v 0.05061243 0.04251382 0.04606859
v 0.04824311 0.04492026 0.03937313
v 0.04775398 0.04552187 0.03937313
v 0.04701887 0.04607171 0.03817129
v 0.04815263 0.04480422 0.03852979
v 0.04803954 0.04469175 0.03773085
v 0.04794624 0.04456500 0.03696946
v 0.04680964 0.04584499 0.03665534
v 0.04606605 0.04632163 0.03576762
v 0.04666827 0.04567361 0.03576762
v 0.04559671 0.04582713 0.03303959
v 0.04542707 0.04563791 0.03216211
v 0.04472588 0.04617168 0.03168752
v 0.04443184 0.04645731 0.03168752
v 0.04410104 0.04676436 0.03168752
v 0.04340834 0.04724279 0.03131536
v 0.04277219 0.04788725 0.03168752
v 0.04265344 0.04771765 0.03102856
v 0.04212472 0.04803720 0.03083053
v 0.04196356 0.04803720 0.03055397
v 0.03307437 0.04858704 0.02158799
v 0.04144616 0.04803720 0.02974136
v 0.04059795 0.04803720 0.02848831
v 0.04000421 0.04803720 0.02763815
v 0.03964796 0.04803720 0.02718063
v 0.03932847 0.04803720 0.02678116
v 0.03862163 0.04803720 0.02591392
v 0.03193495 0.04961531 0.02240401
v 0.03268703 0.04928327 0.02240401
v 0.03324684 0.04902084 0.02240401
v 0.03795721 0.04299582 0.01887020
v 0.03834455 0.04219070 0.01845366
v 0.03788935 0.04174976 0.01773324
v 0.03697894 0.04053226 0.01617973
v 0.03723340 0.03987352 0.01598511
v 0.03752745 0.03907019 0.01573928
v 0.03869515 0.04139093 0.01814637
v 0.03823429 0.04079647 0.01734401
v 0.03379535 0.04841031 0.02184748
v 0.03429013 0.04775157 0.02133192
v 0.03526840 0.04738025 0.02161531
v 0.03559354 0.04691075 0.02126705
v 0.03607137 0.04712854 0.02195332
v 0.03744828 0.04606100 0.02178261
v 0.03701287 0.04573966 0.02098025
v 0.03753310 0.04493633 0.02051590
v 0.03833607 0.04461321 0.02087782
v 0.03836717 0.04342427 0.01964867
v 0.03833042 0.03849892 0.01606364
v 0.03987980 0.03780984 0.01696843
v 0.04113232 0.03789553 0.01811564
v 0.04193246 0.03723679 0.01848097
v 0.04263930 0.03683691 0.01897946
v 0.04334331 0.03643882 0.01947795
v 0.04417172 0.03583721 0.02014374
v 0.04447990 0.03631207 0.02074807
v 0.04511041 0.03576758 0.02131826
v 0.04557409 0.03602465 0.02211380
v 0.04690577 0.03635491 0.02432968
v 0.04953521 0.03280952 0.02693821
v 0.04973030 0.03280952 0.02732062
v 0.04672482 0.03715646 0.02461307
v 0.04679550 0.04098748 0.02809567
v 0.04578614 0.04128918 0.02660703
v 0.04552602 0.04082681 0.02580808
v 0.04563912 0.03745459 0.02320296
v 0.04586814 0.03812761 0.02409068
v 0.04578048 0.04246205 0.02780886
v 0.04678985 0.04216928 0.02935896
v 0.04805367 0.04178725 0.03168752
v 0.04698776 0.04246740 0.03016132
v 0.04821766 0.04251382 0.03336395
v 0.04885381 0.04282266 0.03585981
v 0.04822897 0.04371525 0.03576762
v 0.04901497 0.04309044 0.03696946
v 0.04795754 0.04210322 0.03192652
v 0.04716023 0.04272090 0.03095686
v 0.04749386 0.04293155 0.03215869
v 0.04703865 0.04372953 0.03239428
v 0.04811870 0.04356173 0.03510524
v 0.04914503 0.04332608 0.03817129
v 0.04841558 0.04396340 0.03696946
v 0.04777660 0.04431686 0.03576762
v 0.04717720 0.04507200 0.03576762
v 0.04701321 0.04488098 0.03481844
v 0.04594164 0.04503451 0.03216211
v 0.04563912 0.04516840 0.03168752
v 0.04462975 0.04608063 0.03125732
v 0.04392292 0.04657156 0.03088857
v 0.04320477 0.04706249 0.03051641
v 0.04238201 0.04736954 0.02975502
v 0.04216148 0.04719816 0.02904143
v 0.04109556 0.04729278 0.02767912
v 0.04025867 0.04772301 0.02738890
v 0.03999007 0.04735169 0.02638510
v 0.03913904 0.04778013 0.02609147
v 0.03966210 0.04711247 0.02558273
v 0.03837848 0.04803720 0.02563053
v 0.03781867 0.04803720 0.02500913
v 0.03723340 0.04803720 0.02440138
v 0.03412898 0.04857633 0.02240401
v 0.03878845 0.04262272 0.01925602
v 0.03959142 0.04222819 0.01962818
v 0.03891003 0.04192828 0.01875412
v 0.03852550 0.03999491 0.01709818
v 0.03891003 0.04159266 0.01849463
v 0.03993070 0.04143021 0.01930723
v 0.03949811 0.04086966 0.01850487
v 0.03891003 0.04048227 0.01773665
v 0.03438344 0.04843887 0.02240401
v 0.03459549 0.04818180 0.02218208
v 0.03563030 0.04771408 0.02240401
v 0.03667924 0.04692503 0.02223330
v 0.03603461 0.04803720 0.02324393
v 0.03668207 0.04735169 0.02283763
v 0.03730691 0.04715532 0.02312785
v 0.03768578 0.04635198 0.02240401
v 0.03865556 0.04607171 0.02297079
v 0.03824842 0.04576108 0.02216843
v 0.03788935 0.04534871 0.02133192
v 0.03874321 0.04495775 0.02168018
v 0.03891003 0.04467033 0.02151288
v 0.03916731 0.04421154 0.02125339
v 0.03959424 0.04344569 0.02083001
v 0.03879128 0.04381165 0.02045103
v 0.03891003 0.04316720 0.01990474
v 0.03891003 0.04274411 0.01948478
v 0.03875452 0.03932904 0.01690356
v 0.04086372 0.03869887 0.01836147
v 0.04160449 0.03830434 0.01882240
v 0.04233678 0.03790981 0.01928333
v 0.04313691 0.03723858 0.01971012
v 0.04432440 0.03692796 0.02095635
v 0.04476829 0.03692796 0.02155726
v 0.04584551 0.03665125 0.02291957
v 0.04553733 0.04208894 0.02700650
v 0.04472305 0.04149269 0.02521740
v 0.04513302 0.04179082 0.02609830
v 0.04509627 0.04053583 0.02494426
v 0.04442901 0.04104818 0.02441504
v 0.04457886 0.03767417 0.02182017
v 0.04550058 0.04326360 0.02830052
v 0.04593882 0.04289228 0.02864196
v 0.04511606 0.04296726 0.02731379
v 0.04572111 0.04357065 0.02909947
v 0.04587661 0.04377595 0.02975502
v 0.04674178 0.04332251 0.03095686
v 0.04686901 0.04351531 0.03159192
v 0.04697646 0.04341713 0.03168752
v 0.04681530 0.04364206 0.03168752
v 0.04578048 0.04484350 0.03135975
v 0.04660042 0.04413121 0.03205968
v 0.04584834 0.04492204 0.03168752
v 0.04675309 0.04455965 0.03336395
v 0.04721113 0.04396161 0.03336395
v 0.04749386 0.04413834 0.03455895
v 0.04511323 0.04536299 0.03090906
v 0.04443750 0.04588426 0.03045837
v 0.04364584 0.04627700 0.02975502
v 0.04298424 0.04687683 0.02975502
v 0.04267040 0.04652693 0.02859074
v 0.04189570 0.04699287 0.02824248
v 0.04149139 0.04676972 0.02731038
v 0.04078739 0.04705892 0.02688017
v 0.04034632 0.04688397 0.02605391
v 0.04098530 0.04601994 0.02543933
v 0.03850571 0.04715175 0.02432968
v 0.03877997 0.04734812 0.02495109
v 0.03662835 0.04803720 0.02381071
v 0.03999007 0.04264414 0.02043054
v 0.04078739 0.04222105 0.02084367
v 0.04035480 0.04182652 0.02006180
v 0.03891003 0.04033946 0.01764788
v 0.03978650 0.04006811 0.01825221
v 0.04111253 0.04142128 0.02049883
v 0.04072801 0.04090536 0.01969988
v 0.04025585 0.04048763 0.01896239
v 0.04064319 0.03932904 0.01856633
v 0.03574339 0.04803720 0.02298103
v 0.03538149 0.04803720 0.02265667
v 0.03556810 0.04779620 0.02246888
v 0.03777908 0.04646624 0.02264984
v 0.03810706 0.04687326 0.02353073
v 0.03898071 0.04646088 0.02386192
v 0.03982891 0.04605028 0.02419652
v 0.03945570 0.04573966 0.02339416
v 0.03904856 0.04528979 0.02240401
v 0.03954618 0.04461142 0.02209331
v 0.03997876 0.04380987 0.02163238
v 0.04077890 0.04341891 0.02205917
v 0.04038307 0.04303153 0.02123973
v 0.04100509 0.04010381 0.01941991
v 0.04207100 0.03871136 0.01955306
v 0.04277784 0.03826864 0.02003448
v 0.04347619 0.03782591 0.02051248
v 0.04473437 0.04267270 0.02639192
v 0.04445446 0.04229424 0.02558956
v 0.04335462 0.04123205 0.02305615
v 0.04390595 0.03815260 0.02132168
v 0.04305209 0.04073398 0.02225378
v 0.04469761 0.04378845 0.02762449
v 0.04443750 0.04347425 0.02682213
v 0.04539880 0.04437578 0.02975502
v 0.04559671 0.04462213 0.03056080
v 0.04504820 0.04408122 0.02863171
v 0.04459865 0.04485956 0.02896290
v 0.04610563 0.04418654 0.03096027
v 0.04479940 0.04508807 0.02975502
v 0.04425089 0.04568968 0.02975502
v 0.04341965 0.04606456 0.02893900
v 0.04317367 0.04582535 0.02814005
v 0.04230850 0.04613419 0.02735818
v 0.04209645 0.04594496 0.02674360
v 0.04142919 0.04618417 0.02626901
v 0.04178544 0.04565933 0.02594124
v 0.04220671 0.04485778 0.02539495
v 0.04143485 0.04528265 0.02501596
v 0.04107860 0.04490598 0.02413507
v 0.04062623 0.04570574 0.02464038
v 0.04115494 0.04261736 0.02164604
v 0.04195508 0.04216928 0.02210014
v 0.04153663 0.04179796 0.02129095
v 0.04191550 0.04086966 0.02093927
v 0.04146029 0.04048763 0.02017105
v 0.04026998 0.04532371 0.02376632
v 0.03991656 0.04493811 0.02289909
v 0.04019082 0.04427937 0.02240401
v 0.04071670 0.04458107 0.02333612
v 0.04031522 0.04416334 0.02240401
v 0.04113798 0.04378131 0.02286495
v 0.04140657 0.04307080 0.02240401
v 0.04193812 0.04336179 0.02332929
v 0.04217279 0.04006811 0.02064223
v 0.04225195 0.04136951 0.02173822
v 0.04337724 0.04244598 0.02423067
v 0.04335745 0.04362064 0.02545299
v 0.04266475 0.04170156 0.02257814
v 0.04307471 0.04203360 0.02342830
v 0.04436681 0.04459178 0.02816395
v 0.04414911 0.04416691 0.02727623
v 0.04354688 0.04406515 0.02626560
v 0.04329524 0.04474531 0.02674018
v 0.04389464 0.04534156 0.02855318
v 0.04350164 0.04495953 0.02735818
v 0.04291072 0.04555936 0.02735818
v 0.04255448 0.04520410 0.02634071
v 0.04263365 0.04407586 0.02502279
v 0.04225760 0.04372775 0.02413165
v 0.04187874 0.04452752 0.02459258
v 0.04300968 0.04442041 0.02594124
v 0.04151119 0.04295655 0.02240401
v 0.04163276 0.04282266 0.02240401
v 0.04227740 0.04256023 0.02290250
v 0.04306058 0.04324753 0.02465404
v -0.05593460 0.04138571 0.03262689
v -0.05617919 0.04052675 0.03262689
v -0.05691959 0.04052675 0.03262689
v -0.05678297 0.04138571 0.03263791
v -0.05551481 0.04138571 0.03280761
v -0.05343795 -0.01710378 0.03376188
v -0.05469288 -0.01476741 0.03363406
v -0.05889400 0.02053588 0.03276353
v -0.05890061 0.02053588 0.03276353
v -0.05890942 0.02129176 0.03275913
v -0.05894578 0.02489367 0.03274150
v -0.05896341 0.02846695 0.03272386
v -0.05791120 0.03571658 0.03267318
v -0.05785942 0.03691912 0.03267318
v -0.05779552 0.03812167 0.03269521
v -0.05695265 0.04138571 0.03272607
v -0.05773712 0.03901498 0.03273268
v -0.05764787 0.03981668 0.03279218
v -0.05530217 0.04138571 0.03296849
v -0.05541125 0.04128837 0.03286491
v -0.05291350 -0.01710378 0.03399329
v -0.05444278 -0.01710378 0.03375086
v -0.05589163 -0.01115977 0.03357015
v -0.05589163 -0.00995722 0.03350623
v -0.05949888 0.01888667 0.03329466
v -0.05938098 0.02011785 0.03316684
v -0.05709478 -0.00514704 0.03343130
v -0.05829573 0.00085995 0.03346216
v -0.05924216 0.00567013 0.03354590
v -0.05928734 0.00686695 0.03351725
v -0.05932480 0.00806950 0.03349301
v -0.05939310 0.01047458 0.03345114
v -0.05942395 0.01167713 0.03343130
v -0.05950990 0.02129176 0.03325720
v -0.05893586 0.02369685 0.03274811
v -0.05896120 0.02729876 0.03273048
v -0.05895349 0.02970958 0.03273048
v -0.05952311 0.02248858 0.03325940
v -0.06015664 0.02129176 0.03385665
v -0.06015554 0.02248858 0.03386105
v -0.05893146 0.03091212 0.03274370
v -0.05891162 0.03171382 0.03275472
v -0.05742531 0.04138571 0.03323736
v -0.05752117 0.04052675 0.03294205
v -0.05908130 0.03451403 0.03358998
v -0.05898214 0.03571658 0.03377731
v -0.05892154 0.03643810 0.03391174
v -0.05798062 0.03938147 0.03326161
v -0.05788586 0.04052675 0.03354370
v -0.05778119 0.04138571 0.03376849
v -0.05776797 0.04138571 0.03374645
v -0.05500910 0.04138571 0.03342028
v -0.05186790 -0.01710378 0.03549632
v -0.05251355 -0.01710378 0.03451339
v -0.05507741 -0.01710378 0.03447373
v -0.05518318 -0.01635362 0.03412111
v -0.05535065 -0.01555192 0.03390513
v -0.05546744 -0.01476741 0.03380816
v -0.05565364 -0.01356486 0.03370678
v -0.05691739 -0.00876041 0.03362965
v -0.05709478 -0.00635531 0.03350403
v -0.06015114 0.02008349 0.03386546
v -0.05944489 0.01287395 0.03341588
v -0.05810402 -0.00274196 0.03357235
v -0.05819216 -0.00154514 0.03354149
v -0.05918597 0.00446759 0.03358337
v -0.06002443 0.01167713 0.03426656
v -0.06004757 0.01287395 0.03417621
v -0.06009384 0.01601774 0.03398888
v -0.06010816 0.01681944 0.03394921
v -0.06012138 0.01767840 0.03392056
v -0.06013791 0.01888667 0.03388970
v -0.06014563 0.02369685 0.03387428
v -0.06032191 0.02129176 0.03456849
v -0.06031310 0.02248858 0.03456849
v -0.05934683 0.03091212 0.03336739
v -0.05918376 0.03211467 0.03325720
v -0.05917054 0.03331721 0.03345334
v -0.06012359 0.02489367 0.03391835
v -0.06010596 0.02562092 0.03395362
v -0.05982170 0.03091212 0.03456849
v -0.05968177 0.03211467 0.03456849
v -0.05953964 0.03331721 0.03456849
v -0.05937768 0.03451403 0.03456849
v -0.05918927 0.03571658 0.03456849
v -0.05899536 0.03686758 0.03459714
v -0.05884111 0.03723980 0.03421367
v -0.05779331 0.04138571 0.03380596
v -0.05348202 0.04138571 0.03581147
v -0.05154288 -0.01710378 0.03609576
v -0.05302698 0.04138571 0.03661367
v -0.05301597 0.04138571 0.03663350
v -0.05536167 -0.01710378 0.03501367
v -0.05540133 -0.01689190 0.03492111
v -0.05553465 -0.01595850 0.03453984
v -0.05639955 -0.01270017 0.03414535
v -0.05652846 -0.01189275 0.03392497
v -0.05662542 -0.01115977 0.03382800
v -0.05677746 -0.00995722 0.03370678
v -0.05800265 -0.00395023 0.03363626
v -0.06030759 0.02008349 0.03456849
v -0.05911656 0.00326504 0.03365389
v -0.05974347 0.00567013 0.03456849
v -0.05983823 0.00686695 0.03456849
v -0.05999468 0.01047458 0.03438557
v -0.06014232 0.01047458 0.03498722
v -0.06016987 0.01167713 0.03486822
v -0.06019080 0.01287395 0.03477786
v -0.06025801 0.01767840 0.03456849
v -0.06028334 0.01888667 0.03456849
v -0.06028555 0.02369685 0.03456849
v -0.06046184 0.02008349 0.03576959
v -0.06047506 0.02129176 0.03576959
v -0.06046184 0.02248858 0.03576959
v -0.06008503 0.02642262 0.03403736
v -0.06005858 0.02729876 0.03420486
v -0.06024479 0.02489367 0.03456849
v -0.06018418 0.02605040 0.03449136
v -0.06012029 0.03053418 0.03623020
v -0.06013571 0.03185125 0.03729907
v -0.05993519 0.02970958 0.03456849
v -0.05940302 0.03571658 0.03577180
v -0.05920800 0.03691912 0.03577180
v -0.05893256 0.03769791 0.03501587
v -0.05874746 0.03811021 0.03459714
v -0.05820538 0.04052675 0.03456849
v -0.05799604 0.04138571 0.03453103
v -0.05113522 -0.01710378 0.03697070
v -0.05272179 0.04138571 0.03720210
v -0.05548066 -0.01710378 0.03539714
v -0.05644032 -0.01403442 0.03531780
v -0.05657363 -0.01323846 0.03494535
v -0.05667941 -0.01232223 0.03455527
v -0.05698680 -0.01115977 0.03456849
v -0.05762364 -0.00786709 0.03414315
v -0.05771729 -0.00706539 0.03393819
v -0.05778229 -0.00635531 0.03386105
v -0.05789027 -0.00514704 0.03373543
v -0.05891823 0.00010407 0.03393158
v -0.05896561 0.00085995 0.03385885
v -0.05903723 0.00206250 0.03374866
v -0.06033513 0.01287395 0.03576959
v -0.06038141 0.01527331 0.03576959
v -0.06044421 0.01888667 0.03576959
v -0.05962889 0.00446759 0.03456849
v -0.05995281 0.00567013 0.03576959
v -0.06005418 0.00677533 0.03576959
v -0.06008062 0.00806950 0.03532662
v -0.05949667 0.00085995 0.03576959
v -0.06009825 0.00869367 0.03517896
v -0.05990764 0.00806950 0.03456849
v -0.06029547 0.01167713 0.03576959
v -0.06042658 0.02369685 0.03576959
v -0.06039023 0.02489367 0.03576959
v -0.06052354 0.01767840 0.03697290
v -0.06054117 0.01888667 0.03697290
v -0.06055219 0.02008349 0.03697290
v -0.06055219 0.02129176 0.03697290
v -0.06053896 0.02248858 0.03697290
v -0.06051472 0.02369685 0.03697290
v -0.06044531 0.02970958 0.03817620
v -0.06016436 0.02729876 0.03480651
v -0.06034615 0.02609621 0.03576959
v -0.06018198 0.03092357 0.03692882
v -0.06030318 0.02970958 0.03697290
v -0.06018418 0.03219484 0.03809687
v -0.06013130 0.03300226 0.03844507
v -0.05939751 0.03691912 0.03697290
v -0.05892485 0.04121965 0.03862579
v -0.05899646 0.03811021 0.03580045
v -0.05884331 0.03849961 0.03541698
v -0.05881577 0.04138571 0.03846711
v -0.05040914 -0.01710378 0.03858392
v -0.05244414 0.04138571 0.03783240
v -0.05557542 -0.01710378 0.03571670
v -0.05655711 -0.01437229 0.03612001
v -0.05668822 -0.01361067 0.03574094
v -0.05767763 -0.00929869 0.03522744
v -0.05728098 -0.00995722 0.03456849
v -0.05754431 -0.00884058 0.03455306
v -0.05776687 -0.00849699 0.03494315
v -0.05784399 -0.00750060 0.03455306
v -0.05807317 -0.00635531 0.03456849
v -0.05828691 -0.00514704 0.03456849
v -0.05849625 -0.00395023 0.03456849
v -0.05879263 -0.00154514 0.03426877
v -0.05885764 -0.00069763 0.03407703
v -0.05922894 0.00085995 0.03456849
v -0.05937328 0.00206250 0.03456849
v -0.05950549 0.00326504 0.03456849
v -0.06039904 0.01167713 0.03697290
v -0.06043429 0.01287395 0.03697290
v -0.06046184 0.01407649 0.03697290
v -0.06048387 0.01527331 0.03697290
v -0.06009384 0.00631722 0.03640430
v -0.06012029 0.00711891 0.03617069
v -0.06014673 0.00806950 0.03592607
v -0.05936556 -0.00033687 0.03576959
v -0.05940853 -0.00154514 0.03697290
v -0.05952752 -0.00033687 0.03697290
v -0.06010486 0.00499442 0.03751725
v -0.06017317 0.00916324 0.03565499
v -0.06024589 0.01047458 0.03576959
v -0.06035496 0.01047458 0.03697290
v -0.06056651 0.01527331 0.03817400
v -0.06059956 0.01767840 0.03817400
v -0.06061168 0.01888667 0.03817400
v -0.06061829 0.02008349 0.03817400
v -0.06061168 0.02129176 0.03817400
v -0.06060177 0.02248858 0.03817400
v -0.06058193 0.02369685 0.03817400
v -0.06052243 0.02970958 0.03937731
v -0.06029988 0.03211467 0.03937731
v -0.06016546 0.03336875 0.03936188
v -0.06011588 0.03403301 0.03975196
v -0.05952201 0.03691912 0.03817620
v -0.05896561 0.04135708 0.03937731
v -0.05895019 0.04138571 0.03937731
v -0.05017776 -0.01710378 0.03927813
v -0.05227667 0.04138571 0.03825114
v -0.05580239 -0.01710378 0.03690678
v -0.05663644 -0.01461279 0.03697290
v -0.05694604 -0.01356486 0.03697290
v -0.05766110 -0.01048978 0.03647262
v -0.05702096 -0.01236232 0.03576959
v -0.05759829 -0.01003740 0.03568585
v -0.05776687 -0.00968808 0.03602965
v -0.05787705 -0.00884058 0.03568585
v -0.05815580 -0.00755214 0.03576959
v -0.05886204 -0.00315426 0.03530238
v -0.05892925 -0.00235256 0.03505995
v -0.05872102 -0.00274768 0.03462359
v -0.05898765 -0.00154514 0.03487042
v -0.05905155 -0.00031396 0.03451339
v -0.06043981 0.01047458 0.03817400
v -0.06048277 0.01167713 0.03817400
v -0.06051692 0.01287395 0.03817400
v -0.06054668 0.01407649 0.03817400
v -0.06016436 0.00677533 0.03687373
v -0.06012800 0.00567013 0.03725499
v -0.06024258 0.00806950 0.03697290
v -0.06030097 0.00927204 0.03697290
v -0.05920580 -0.00154514 0.03576959
v -0.05924657 -0.00274196 0.03697290
v -0.05940412 -0.00274196 0.03817400
v -0.06011478 0.00247480 0.03978061
v -0.06011147 0.00369452 0.03863681
v -0.06013351 0.00454203 0.03821147
v -0.06038912 0.00927204 0.03817400
v -0.06061168 0.01407649 0.03937731
v -0.06062821 0.01527331 0.03937731
v -0.06065465 0.01767840 0.03937731
v -0.06066457 0.01888667 0.03937731
v -0.06067338 0.02008349 0.03937731
v -0.06066897 0.02129176 0.03937731
v -0.06065355 0.02248858 0.03937731
v -0.06063702 0.02369685 0.03937731
v -0.06058193 0.02970958 0.04057841
v -0.06047726 0.03091212 0.04057841
v -0.06036929 0.03211467 0.04057841
v -0.06024258 0.03331721 0.04057841
v -0.06013791 0.03421626 0.04057841
v -0.06010155 0.03512675 0.04234149
v -0.05897553 0.04138571 0.03963956
v -0.04986265 -0.01710378 0.04057841
v -0.05190867 0.04138571 0.03937731
v -0.05162771 0.04138571 0.04036243
v -0.05581340 -0.01710378 0.03697290
v -0.05671246 -0.01488193 0.03807483
v -0.05769745 -0.01177250 0.03875802
v -0.05774042 -0.01074747 0.03727483
v -0.05785061 -0.01003740 0.03691339
v -0.05813817 -0.00876041 0.03697290
v -0.05888628 -0.00451714 0.03640430
v -0.05880365 -0.00404758 0.03572992
v -0.05895680 -0.00371545 0.03610238
v -0.05902401 -0.00274768 0.03572992
v -0.06046514 0.00927204 0.03937731
v -0.06051142 0.01047458 0.03937731
v -0.06055109 0.01167713 0.03937731
v -0.06058634 0.01287395 0.03937731
v -0.06020182 0.00567013 0.03817400
v -0.06027013 0.00686695 0.03817400
v -0.06033183 0.00806950 0.03817400
v -0.05903723 -0.00404758 0.03687152
v -0.05923555 -0.00395023 0.03817400
v -0.05937328 -0.00395023 0.03937731
v -0.05951430 -0.00274196 0.03937731
v -0.06010266 0.00143259 0.04112717
v -0.06012910 0.00206822 0.04066656
v -0.06020843 0.00326504 0.04058061
v -0.06021394 0.00446759 0.03937731
v -0.06013901 0.00328222 0.03937951
v -0.06064143 0.01287395 0.04058061
v -0.06066457 0.01407649 0.04058061
v -0.06067779 0.01527331 0.04058061
v -0.06069872 0.01767840 0.04058061
v -0.06071415 0.02008349 0.04058061
v -0.06070754 0.01888667 0.04058061
v -0.06070864 0.02129176 0.04058061
v -0.06069431 0.02248858 0.04058061
v -0.06067779 0.02369685 0.04058061
v -0.06066016 0.02489367 0.04058061
v -0.06061719 0.02970958 0.04178171
v -0.06052023 0.03091212 0.04178171
v -0.06041556 0.03211467 0.04178171
v -0.06029326 0.03331721 0.04178171
v -0.06015114 0.03456557 0.04187648
v -0.06032852 0.03331721 0.04298281
v -0.06018859 0.03451403 0.04298281
v -0.06010816 0.03517829 0.04298281
v -0.05926419 0.04052675 0.04298281
v -0.05921682 0.04052675 0.04178171
v -0.05903392 0.04138571 0.04072166
v -0.04964891 -0.01710378 0.04178171
v -0.05153186 0.04138571 0.04077896
v -0.05630590 -0.01710378 0.04166270
v -0.05652626 -0.01667430 0.04199769
v -0.05648549 -0.01656550 0.04119549
v -0.05660228 -0.01571226 0.03937731
v -0.05654609 -0.01552901 0.03840761
v -0.05690858 -0.01476741 0.03937731
v -0.05773161 -0.01189275 0.03937731
v -0.05791341 -0.01115977 0.03937731
v -0.05805443 -0.00995722 0.03817400
v -0.05778340 -0.01115405 0.03828419
v -0.05893146 -0.00593156 0.03853323
v -0.05895680 -0.00484355 0.03720651
v -0.06040785 0.00806950 0.03937731
v -0.06046955 0.00806950 0.04058061
v -0.06052464 0.00927204 0.04058061
v -0.06056651 0.01047458 0.04058061
v -0.06028225 0.00567013 0.03937731
v -0.06034505 0.00686695 0.03937731
v -0.05901740 -0.00520431 0.03814755
v -0.05917495 -0.00514704 0.03937731
v -0.05927521 -0.00514704 0.04058061
v -0.05946472 -0.00395023 0.04058061
v -0.06011918 0.00125507 0.04178171
v -0.06017868 0.00206250 0.04178171
v -0.06032742 0.00446759 0.04178171
v -0.06027784 0.00446759 0.04058061
v -0.06025580 0.00326504 0.04178171
v -0.06061388 0.01047458 0.04178171
v -0.06068220 0.01287395 0.04178171
v -0.06070534 0.01407649 0.04178171
v -0.06071415 0.01527331 0.04178171
v -0.06073619 0.02008349 0.04178171
v -0.06072847 0.01767840 0.04178171
v -0.06073287 0.01888667 0.04178171
v -0.06073067 0.02129176 0.04178171
v -0.06070534 0.02369685 0.04178171
v -0.06069101 0.02489367 0.04178171
v -0.06063592 0.02970958 0.04298281
v -0.06054117 0.03091212 0.04298281
v -0.06044531 0.03211467 0.04298281
v -0.06034505 0.03331721 0.04418392
v -0.06020512 0.03451403 0.04418392
v -0.06011588 0.03523556 0.04418392
v -0.05931047 0.04052675 0.04538502
v -0.05929174 0.04052675 0.04418392
v -0.05914851 0.04138571 0.04418392
v -0.05908791 0.04138571 0.04204618
v -0.05907799 0.04138571 0.04178171
v -0.04952110 -0.01710378 0.04287923
v -0.05145584 0.04138571 0.04138061
v -0.05638633 -0.01710378 0.04298281
v -0.05679620 -0.01596995 0.04298281
v -0.05668381 -0.01609021 0.04167152
v -0.05665627 -0.01588405 0.04058061
v -0.05655050 -0.01674874 0.04298281
v -0.05700223 -0.01476741 0.04058061
v -0.05778340 -0.01209317 0.04058061
v -0.05801918 -0.01115977 0.04058061
v -0.05819216 -0.00995722 0.03937731
v -0.05889841 -0.00695659 0.03997014
v -0.05896341 -0.00633814 0.03949191
v -0.06040675 0.00686695 0.04058061
v -0.06045743 0.00686695 0.04178171
v -0.06051913 0.00806950 0.04178171
v -0.06057422 0.00927204 0.04178171
v -0.05935013 -0.00514704 0.04178171
v -0.05905045 -0.00635531 0.04058061
v -0.05912757 -0.00635531 0.04178171
v -0.05951651 -0.00395023 0.04178171
v -0.06013791 0.00103174 0.04298281
v -0.06021504 0.00206250 0.04298281
v -0.06036598 0.00446759 0.04298281
v -0.06039463 0.00567013 0.04178171
v -0.06029106 0.00326504 0.04298281
v -0.06064584 0.01047458 0.04298281
v -0.06070864 0.01287395 0.04298281
v -0.06072847 0.01407649 0.04298281
v -0.06073619 0.01527331 0.04298281
v -0.06075050 0.02008349 0.04298281
v -0.06074940 0.01888667 0.04298281
v -0.06074500 0.01767840 0.04298281
v -0.06074389 0.02129176 0.04298281
v -0.06071965 0.02369685 0.04298281
v -0.06070754 0.02489367 0.04298281
v -0.06064363 0.02970958 0.04418392
v -0.06056210 0.03091212 0.04538502
v -0.06045743 0.03211467 0.04418392
v -0.06035386 0.03331721 0.04538502
v -0.06021063 0.03451403 0.04538502
v -0.06011697 0.03524701 0.04538502
v -0.05932369 0.04052675 0.04658612
v -0.05918376 0.04138571 0.04658612
v -0.05916834 0.04138571 0.04538502
v -0.04950127 -0.01710378 0.04418171
v -0.05140956 0.04138571 0.04178171
v -0.05130599 0.04138571 0.04298281
v -0.05655931 -0.01678310 0.04418171
v -0.05640727 -0.01710378 0.04418171
v -0.05681603 -0.01596995 0.04418171
v -0.05770186 -0.01298649 0.04338392
v -0.05782526 -0.01225351 0.04178171
v -0.05810181 -0.01115977 0.04178171
v -0.05891823 -0.00706539 0.04058061
v -0.06049379 0.00686695 0.04298281
v -0.06055219 0.00806950 0.04298281
v -0.06060618 0.00927204 0.04298281
v -0.05940192 -0.00514704 0.04298281
v -0.05898324 -0.00742043 0.04298281
v -0.05895680 -0.00726581 0.04178171
v -0.05954515 -0.00395023 0.04298281
v -0.06014232 0.00098593 0.04418171
v -0.06022385 0.00206250 0.04418171
v -0.06030428 0.00326504 0.04418171
v -0.06037590 0.00446759 0.04418171
v -0.06043099 0.00567013 0.04298281
v -0.06061168 0.00927204 0.04418171
v -0.06065024 0.01047458 0.04418171
v -0.06068329 0.01167713 0.04418171
v -0.06071415 0.01287395 0.04418171
v -0.06073178 0.01407649 0.04418171
v -0.06075491 0.01888667 0.04418171
v -0.06073949 0.01527331 0.04418171
v -0.06075712 0.02008349 0.04418171
v -0.06074830 0.02129176 0.04418171
v -0.06072186 0.02369685 0.04418171
v -0.06070864 0.02489367 0.04418171
v -0.06064253 0.02970958 0.04538502
v -0.06056761 0.03091212 0.04658612
v -0.06046625 0.03211467 0.04538502
v -0.06046293 0.03211467 0.04658612
v -0.06034725 0.03331721 0.04658612
v -0.06020512 0.03451403 0.04658612
v -0.06011257 0.03521838 0.04658612
v -0.06010706 0.03516684 0.04737290
v -0.05929725 0.04052675 0.04778942
v -0.05916393 0.04138571 0.04778942
v -0.04960483 -0.01710378 0.04534976
v -0.05130930 0.04138571 0.04371670
v -0.05131371 0.04138571 0.04418392
v -0.05656372 -0.01679455 0.04538502
v -0.05682484 -0.01596995 0.04538502
v -0.05641608 -0.01710378 0.04538502
v -0.05770407 -0.01299795 0.04418171
v -0.05787264 -0.01236232 0.04418171
v -0.05816241 -0.01115977 0.04298281
v -0.05782526 -0.01247112 0.04298281
v -0.06044090 0.00567013 0.04418171
v -0.06050261 0.00686695 0.04418171
v -0.06056210 0.00806950 0.04418171
v -0.05919258 -0.00635531 0.04418171
v -0.05941074 -0.00514704 0.04418171
v -0.05898985 -0.00744906 0.04418171
v -0.05817894 -0.01115977 0.04418171
v -0.06013681 0.00103174 0.04538502
v -0.06021945 0.00206250 0.04538502
v -0.05954295 -0.00395023 0.04538502
v -0.06030318 0.00326504 0.04538502
v -0.06037259 0.00446759 0.04538502
v -0.06060727 0.00927204 0.04538502
v -0.06055990 0.00806950 0.04538502
v -0.06064584 0.01047458 0.04538502
v -0.06068220 0.01167713 0.04538502
v -0.06071194 0.01287395 0.04538502
v -0.06072737 0.01407649 0.04538502
v -0.06075381 0.01888667 0.04538502
v -0.06074830 0.01767840 0.04538502
v -0.06075491 0.02008349 0.04538502
v -0.06074610 0.02129176 0.04538502
v -0.06070534 0.02489367 0.04538502
v -0.06063812 0.02970958 0.04658612
v -0.06054337 0.03091212 0.04778942
v -0.06061829 0.02970958 0.04778942
v -0.06043209 0.03211467 0.04778942
v -0.06031750 0.03331721 0.04778942
v -0.06016656 0.03460565 0.04778061
v -0.06015333 0.03430215 0.04899053
v -0.05923114 0.04052675 0.04899053
v -0.05909672 0.04138571 0.04904562
v -0.04962246 -0.01710378 0.04550403
v -0.05142058 0.04138571 0.04511174
v -0.05639735 -0.01710378 0.04606601
v -0.05654609 -0.01673729 0.04658612
v -0.05678958 -0.01596995 0.04658612
v -0.05769966 -0.01298649 0.04605719
v -0.05770407 -0.01299222 0.04538502
v -0.05786823 -0.01236232 0.04538502
v -0.06049820 0.00686695 0.04538502
v -0.05918156 -0.00635531 0.04538502
v -0.05898544 -0.00742615 0.04538502
v -0.05939971 -0.00514704 0.04538502
v -0.05817233 -0.01115977 0.04538502
v -0.06012469 0.00118063 0.04658612
v -0.05951651 -0.00395023 0.04658612
v -0.06019521 0.00206250 0.04658612
v -0.06027894 0.00326504 0.04658612
v -0.06035056 0.00446759 0.04658612
v -0.06041667 0.00567013 0.04658612
v -0.06048057 0.00686695 0.04658612
v -0.06058854 0.00927204 0.04658612
v -0.06062821 0.01047458 0.04658612
v -0.06053786 0.00806950 0.04658612
v -0.06066457 0.01167713 0.04658612
v -0.06069542 0.01287395 0.04658612
v -0.06070973 0.01407649 0.04658612
v -0.06071855 0.01527331 0.04658612
v -0.06073508 0.01767840 0.04658612
v -0.06074169 0.01888667 0.04658612
v -0.06074500 0.02008349 0.04658612
v -0.06073619 0.02129176 0.04658612
v -0.06070864 0.02369685 0.04658612
v -0.06049269 0.03091212 0.04899053
v -0.06057642 0.02970958 0.04899053
v -0.06070973 0.02129176 0.04778722
v -0.06067779 0.02129176 0.04899053
v -0.06063702 0.02129176 0.05019383
v -0.06037920 0.03211467 0.04899053
v -0.06026462 0.03331721 0.04899053
v -0.06012359 0.03409028 0.04979273
v -0.05899756 0.04138571 0.05019383
v -0.04979104 -0.01710378 0.04658612
v -0.05145694 0.04138571 0.04538502
v -0.05147457 0.04138571 0.04550182
v -0.05637752 -0.01710378 0.04658612
v -0.05626954 -0.01710378 0.04783130
v -0.05651524 -0.01663994 0.04745664
v -0.05666508 -0.01607302 0.04783130
v -0.05779221 -0.01213899 0.04778722
v -0.05781204 -0.01243676 0.04650898
v -0.05812715 -0.01115977 0.04658612
v -0.05695375 -0.01476741 0.04899053
v -0.05913639 -0.00635531 0.04658612
v -0.05896120 -0.00730590 0.04658612
v -0.05935234 -0.00514704 0.04658612
v -0.06011037 0.00136388 0.04737730
v -0.05945591 -0.00395023 0.04778722
v -0.06014232 0.00202814 0.04778281
v -0.06022826 0.00326504 0.04778722
v -0.06030318 0.00446759 0.04778722
v -0.06037480 0.00567013 0.04778722
v -0.06043981 0.00686695 0.04778722
v -0.06054668 0.00927204 0.04778722
v -0.06059075 0.01047458 0.04778722
v -0.06049710 0.00806950 0.04778722
v -0.06059185 0.01167713 0.04899053
v -0.06062930 0.01167713 0.04778722
v -0.06066016 0.01287395 0.04778722
v -0.06068220 0.01407649 0.04778722
v -0.06069211 0.01527331 0.04778722
v -0.06070092 0.01648158 0.04778722
v -0.06070864 0.01767840 0.04778722
v -0.06071415 0.01888667 0.04778722
v -0.06071525 0.02008349 0.04778722
v -0.06040675 0.03091212 0.05019383
v -0.06048938 0.02970958 0.05019383
v -0.06056100 0.02248858 0.05139714
v -0.06053786 0.02369685 0.05139714
v -0.06068220 0.02008349 0.04899053
v -0.06064143 0.02008349 0.05019383
v -0.06057091 0.02129176 0.05139714
v -0.06028886 0.03211467 0.05019383
v -0.06016656 0.03331149 0.05019383
v -0.06012248 0.03291063 0.05098061
v -0.05950218 0.03571658 0.05259603
v -0.05933030 0.03691912 0.05259603
v -0.05949337 0.03691912 0.05139493
v -0.05896010 0.04138571 0.05047813
v -0.05002241 -0.01710378 0.04778061
v -0.05151203 0.04138571 0.04572221
v -0.05159797 0.04138571 0.04619604
v -0.05614173 -0.01710378 0.04891339
v -0.05663203 -0.01581534 0.04899053
v -0.05599740 -0.01710378 0.05008364
v -0.05773161 -0.01190420 0.04899053
v -0.05791781 -0.01115977 0.04899053
v -0.05803681 -0.01115977 0.04778722
v -0.05678407 -0.01476741 0.05019383
v -0.05769525 -0.01176677 0.04959879
v -0.05892705 -0.00711120 0.04755361
v -0.05902181 -0.00646412 0.04788860
v -0.05926860 -0.00514704 0.04778722
v -0.06012029 0.00240608 0.04869301
v -0.05951210 -0.00274196 0.04899053
v -0.05936115 -0.00395023 0.04899053
v -0.06015223 0.00319632 0.04905223
v -0.06023817 0.00446759 0.04899053
v -0.06031310 0.00567013 0.04899053
v -0.06038582 0.00686695 0.04899053
v -0.06044862 0.00806950 0.04899053
v -0.06049929 0.00927204 0.04899053
v -0.06054778 0.01047458 0.04899053
v -0.06053896 0.01167713 0.05019383
v -0.06057422 0.01287395 0.05019383
v -0.06062380 0.01287395 0.04899053
v -0.06064584 0.01407649 0.04899053
v -0.06066346 0.01527331 0.04899053
v -0.06067338 0.01648158 0.04899053
v -0.06067779 0.01767840 0.04899053
v -0.06028004 0.03091212 0.05139493
v -0.06036047 0.02970958 0.05139493
v -0.06042438 0.02369685 0.05259603
v -0.06045302 0.02248858 0.05259603
v -0.06057422 0.02008349 0.05139714
v -0.06063592 0.01767840 0.05019383
v -0.06045743 0.02129176 0.05259603
v -0.06016325 0.03209749 0.05138832
v -0.06011918 0.03168519 0.05209796
v -0.06006299 0.03248688 0.05178281
v -0.05948455 0.03451403 0.05379934
v -0.05931818 0.03571658 0.05379934
v -0.05912867 0.03691912 0.05379934
v -0.05892485 0.04123110 0.05089906
v -0.05889950 0.04138571 0.05076904
v -0.05033311 -0.01710378 0.04887372
v -0.05205631 0.04138571 0.04790402
v -0.05654609 -0.01554047 0.05019383
v -0.05598198 -0.01710378 0.05019383
v -0.05580239 -0.01710378 0.05139052
v -0.05805003 -0.00995722 0.05019383
v -0.05820097 -0.00995722 0.04899053
v -0.05649431 -0.01536868 0.05079769
v -0.05690637 -0.01356486 0.05139714
v -0.05778229 -0.01113687 0.05007703
v -0.05897663 -0.00616635 0.04899053
v -0.05916283 -0.00514704 0.04899053
v -0.05940412 -0.00274196 0.05019383
v -0.05953634 -0.00154514 0.05019383
v -0.06012359 0.00355136 0.04986766
v -0.05922233 -0.00395023 0.05019383
v -0.06023597 0.00567013 0.05019383
v -0.06030979 0.00686695 0.05019383
v -0.06038031 0.00806950 0.05019383
v -0.06043981 0.00927204 0.05019383
v -0.06049159 0.01047458 0.05019383
v -0.06045302 0.01167713 0.05139714
v -0.06049159 0.01287395 0.05139714
v -0.06059626 0.01407649 0.05019383
v -0.06061609 0.01527331 0.05019383
v -0.06062930 0.01648158 0.05019383
v -0.06015664 0.03091212 0.05230292
v -0.06019631 0.02970958 0.05249025
v -0.06037590 0.02489367 0.05259603
v -0.06022055 0.02369685 0.05371119
v -0.06019631 0.02489367 0.05362523
v -0.06016987 0.02609621 0.05352827
v -0.06023817 0.02248858 0.05374645
v -0.06057091 0.01888667 0.05139714
v -0.06024148 0.02129176 0.05372000
v -0.06045302 0.02008349 0.05259603
v -0.05975229 0.03211467 0.05379934
v -0.05962448 0.03331721 0.05379934
v -0.06004205 0.03091212 0.05290457
v -0.05896671 0.03691912 0.05451119
v -0.05891272 0.03760056 0.05442523
v -0.05818114 0.04138571 0.05379934
v -0.05082561 -0.01710378 0.05025113
v -0.05230311 0.04138571 0.04870843
v -0.05239346 0.04138571 0.04899053
v -0.05556109 -0.01710378 0.05251449
v -0.05773602 -0.01071884 0.05098722
v -0.05783077 -0.00996868 0.05139273
v -0.05809300 -0.00876041 0.05139714
v -0.05892925 -0.00591438 0.04980375
v -0.05653066 -0.01428639 0.05214204
v -0.05658906 -0.01472159 0.05127592
v -0.05553685 -0.01710378 0.05262689
v -0.05664305 -0.01355341 0.05256518
v -0.05695595 -0.01236232 0.05259603
v -0.05900858 -0.00518140 0.05020044
v -0.05922012 -0.00274196 0.05139714
v -0.05939751 -0.00154514 0.05139714
v -0.06011697 0.00481690 0.05093653
v -0.06015223 0.00443323 0.05023791
v -0.05952311 -0.00033687 0.05139714
v -0.05894357 -0.00479773 0.05104232
v -0.05901740 -0.00396741 0.05142358
v -0.06027233 0.00806950 0.05139714
v -0.06033954 0.00927204 0.05139714
v -0.06039904 0.01047458 0.05139714
v -0.06029547 0.01167713 0.05259603
v -0.06033513 0.01287395 0.05259603
v -0.06035937 0.01407649 0.05259603
v -0.06038141 0.01527331 0.05259603
v -0.06051142 0.01407649 0.05139714
v -0.06053015 0.01527331 0.05139714
v -0.06054778 0.01648158 0.05139714
v -0.06056100 0.01767840 0.05139714
v -0.05994400 0.02970958 0.05379934
v -0.06014122 0.02729876 0.05340705
v -0.06007181 0.02369685 0.05431284
v -0.06004977 0.02489367 0.05422689
v -0.06002884 0.02609621 0.05412992
v -0.06001121 0.02729876 0.05400871
v -0.06008062 0.02248858 0.05434810
v -0.06006740 0.02129176 0.05431945
v -0.06043650 0.01888667 0.05259603
v -0.06040014 0.01648158 0.05259603
v -0.06019300 0.01527331 0.05349741
v -0.05986577 0.03091212 0.05379934
v -0.05914961 0.03451403 0.05472716
v -0.05906257 0.03571658 0.05464121
v -0.05813046 0.03932421 0.05483736
v -0.05799273 0.04052675 0.05474259
v -0.05787374 0.04138571 0.05461697
v -0.05132032 -0.01710378 0.05147207
v -0.05275044 0.04138571 0.04991835
v -0.05774704 -0.00957355 0.05223460
v -0.05783628 -0.00878331 0.05262028
v -0.05809079 -0.00755214 0.05259603
v -0.05546304 -0.01710378 0.05287152
v -0.05641388 -0.01394853 0.05294424
v -0.05654609 -0.01314683 0.05331890
v -0.05766110 -0.00919561 0.05303460
v -0.05893697 -0.00357801 0.05217069
v -0.05917054 -0.00154514 0.05259603
v -0.05933692 -0.00033687 0.05259603
v -0.05947574 0.00085995 0.05259603
v -0.05960134 0.00206250 0.05259603
v -0.05994841 0.00567013 0.05259603
v -0.06006740 0.00567013 0.05176738
v -0.06009384 0.00635157 0.05195030
v -0.06014563 0.00567013 0.05116573
v -0.05984043 0.00446759 0.05259603
v -0.05885764 -0.00437971 0.05184232
v -0.06012138 0.00714754 0.05214424
v -0.06015114 0.00806950 0.05232716
v -0.06024038 0.01047458 0.05259603
v -0.06010266 0.00981605 0.05320871
v -0.06012029 0.01047458 0.05326160
v -0.06014673 0.01167713 0.05334314
v -0.06016546 0.01287395 0.05340485
v -0.06017978 0.01407649 0.05345333
v -0.05936336 0.02970958 0.05483515
v -0.05932259 0.03091212 0.05482854
v -0.05926970 0.03211467 0.05480209
v -0.05921461 0.03331721 0.05476904
v -0.05948014 0.02248858 0.05480209
v -0.05946913 0.02369685 0.05480871
v -0.05942836 0.02609621 0.05482634
v -0.05941074 0.02729876 0.05483295
v -0.05939310 0.02846695 0.05483515
v -0.05930716 0.01167713 0.05470953
v -0.05935454 0.01407649 0.05474479
v -0.05937438 0.01527331 0.05475802
v -0.05946693 0.02129176 0.05479328
v -0.05997485 0.01527331 0.05409906
v -0.05927521 0.01047458 0.05469190
v -0.05829682 0.03571658 0.05506215
v -0.05829682 0.03691912 0.05496518
v -0.05709368 0.04052675 0.05514149
v -0.05709368 0.04138571 0.05506656
v -0.05734819 0.04138571 0.05495416
v -0.05132913 -0.01710378 0.05149190
v -0.05284849 0.04138571 0.05013873
v -0.05774483 -0.00839392 0.05332551
v -0.05884662 -0.00304545 0.05297289
v -0.05877170 -0.00396741 0.05258061
v -0.05508842 -0.01710378 0.05365609
v -0.05538150 -0.01685754 0.05337840
v -0.05665847 -0.01236232 0.05353488
v -0.05551922 -0.01596995 0.05361422
v -0.05899426 -0.00267896 0.05258061
v -0.05891383 -0.00223803 0.05323956
v -0.05905596 -0.00033687 0.05355912
v -0.05897002 -0.00154514 0.05336738
v -0.05913418 0.00085995 0.05371559
v -0.05935454 0.00326504 0.05379934
v -0.06003545 0.00679823 0.05256518
v -0.05946693 0.00446759 0.05379934
v -0.06005638 0.00806950 0.05292882
v -0.06017096 0.00935793 0.05265333
v -0.06008282 0.00901435 0.05309190
v -0.05988120 0.00935793 0.05368474
v -0.05987789 0.01047458 0.05386325
v -0.05957049 0.00567013 0.05379934
v -0.05966084 0.00686695 0.05379934
v -0.05974788 0.00806950 0.05379934
v -0.05990984 0.01167713 0.05394479
v -0.05993519 0.01287395 0.05400650
v -0.05995502 0.01407649 0.05405499
v -0.05829682 0.03451403 0.05509080
v -0.05802138 -0.00154514 0.05460154
v -0.05923775 0.00927204 0.05466545
v -0.05611639 0.04138571 0.05493212
v -0.05369687 -0.01596995 0.05454865
v -0.05341040 -0.01710378 0.05451119
v -0.05185027 -0.01710378 0.05260044
v -0.05301817 0.04138571 0.05050017
v -0.05783077 -0.00755214 0.05352606
v -0.05677085 -0.01114832 0.05387647
v -0.05759609 -0.00665882 0.05431063
v -0.05496172 -0.01710378 0.05382799
v -0.05523937 -0.01528278 0.05437234
v -0.05639073 -0.01154917 0.05432386
v -0.05790680 -0.00629805 0.05386546
v -0.05771068 -0.00585139 0.05441642
v -0.05888298 0.00151276 0.05438997
v -0.05916614 0.00197087 0.05391394
v -0.05893697 0.00231446 0.05444066
v -0.05898324 0.00326504 0.05448254
v -0.05903723 0.00446759 0.05452661
v -0.05589163 -0.00995722 0.05458832
v -0.05449897 -0.01596995 0.05454865
v -0.05794646 -0.00274196 0.05457510
v -0.05674661 -0.00876041 0.05455526
v -0.05687662 -0.00755214 0.05457289
v -0.05586408 0.04138571 0.05484837
v -0.05338176 -0.01710378 0.05450457
v -0.05294986 -0.01669721 0.05436353
v -0.05430175 -0.01710378 0.05451119
v -0.05186790 -0.01710378 0.05263570
v -0.05346219 0.04138571 0.05135526
v -0.05653507 -0.01074175 0.05443625
v -0.05433480 -0.01710378 0.05449135
v -0.05509944 -0.01596995 0.05421366
v -0.05537049 -0.01448108 0.05446050
v -0.05661991 -0.00995722 0.05449355
v -0.05776246 -0.00514704 0.05446050
v -0.05785281 -0.00395023 0.05452441
v -0.05566025 -0.01236232 0.05456187
v -0.05549609 -0.01356486 0.05452441
v -0.05530217 0.04138571 0.05436793
v -0.05255872 -0.01710378 0.05392055
v -0.05254110 -0.01710378 0.05389190
v -0.05395579 0.04138571 0.05219493
v -0.05502673 0.04138571 0.05392496
v -0.05406817 0.04138571 0.05238006
v 0.00905135 0.05236830 0.02978970
v 0.00905135 0.05239968 0.02978970
v 0.00904804 0.05125280 0.02978970
v 0.02572557 0.04964689 0.02239925
v 0.00905135 0.05239838 0.02975717
v 0.00902490 0.05239968 0.02978970
v 0.02572557 0.05104617 0.02239925
v 0.02465429 0.05115471 0.02239925
v 0.02345076 0.05124103 0.02239925
v 0.02572557 0.03903980 0.01118727
v -0.00805270 0.04773628 0.02978970
v 0.00905135 0.05233953 0.02855158
v 0.02104700 0.05137572 0.02239925
v 0.00899183 0.05239838 0.02978970
v 0.02572557 0.05081862 0.02178306
v 0.02465429 0.05088009 0.02163762
v 0.02345076 0.05093501 0.02149793
v 0.02104700 0.05107887 0.02134101
v 0.01984677 0.05115079 0.02134101
v 0.02572557 0.04177167 0.01118727
v -0.00805270 0.04145258 0.02089896
v -0.00805270 0.04145258 0.01883989
v 0.00905135 0.04049270 0.01118727
v 0.00905135 0.04145258 0.01024003
v -0.00805270 0.04925326 0.02978970
v 0.00905135 0.05225060 0.02732686
v 0.00782467 0.05228330 0.02855158
v 0.00659138 0.05229637 0.02978970
v 0.00782467 0.05235130 0.02978970
v 0.01984677 0.05142280 0.02239925
v 0.02572557 0.05054792 0.02124916
v 0.02345076 0.04977635 0.01913842
v 0.02177441 0.05075978 0.02071334
v 0.02104700 0.05079508 0.02063679
v 0.01984677 0.05083693 0.02054686
v 0.01864324 0.05085263 0.02050667
v 0.01864324 0.05117694 0.02134101
v 0.02504776 0.04209468 0.01118727
v 0.02492211 0.04220714 0.01122172
v 0.02572557 0.04201229 0.01134802
v -0.00805270 0.04167882 0.01901403
v -0.00783779 0.04177298 0.01890496
v -0.00751045 0.04145258 0.01838445
v 0.00678646 0.04145258 0.01076245
v 0.00778169 0.04145258 0.01051942
v 0.00823797 0.04145258 0.01041608
v -0.00708723 0.04145258 0.01804382
v -0.00662433 0.04145258 0.01768406
v -0.00567209 0.04145258 0.01695305
v -0.00535798 0.04145258 0.01671576
v -0.00511661 0.04145258 0.01653588
v -0.00450493 0.04145258 0.01609766
v -0.00395606 0.04145258 0.01573790
v -0.00388663 0.04145258 0.01569388
v -0.00307986 0.04145258 0.01520208
v -0.00204826 0.04145258 0.01459546
v -0.00146964 0.04145258 0.01426440
v -0.00071909 0.04145258 0.01383766
v -0.00033885 0.04145258 0.01362333
v 0.00015380 0.04145258 0.01335351
v 0.00093742 0.04145258 0.01295164
v 0.00166483 0.04145258 0.01259954
v 0.00203184 0.04145258 0.01243497
v 0.00277579 0.04145258 0.01212496
v 0.00301715 0.04145258 0.01203310
v 0.00316264 0.04145258 0.01198143
v 0.00556970 0.04145258 0.01113561
v 0.00622106 0.04145258 0.01092702
v 0.00662445 0.04145258 0.01080838
v 0.00905135 0.04168144 0.01037972
v 0.01196099 0.04360643 0.01118727
v 0.01263219 0.04368620 0.01118727
v 0.01351831 0.04377643 0.01118727
v 0.01383572 0.04380651 0.01118727
v 0.01503595 0.04384836 0.01118727
v 0.01587908 0.04382221 0.01118727
v 0.01623948 0.04380913 0.01118727
v 0.01712560 0.04377643 0.01118727
v 0.01744301 0.04376074 0.01118727
v 0.01840849 0.04369536 0.01118727
v 0.01864324 0.04367574 0.01118727
v 0.01916896 0.04362343 0.01118727
v 0.01931114 0.04360120 0.01118727
v 0.02104700 0.04325464 0.01118727
v 0.02225053 0.04299310 0.01118727
v 0.02345076 0.04265962 0.01118727
v 0.02397978 0.04250400 0.01118727
v 0.02419801 0.04243600 0.01118727
v 0.02489235 0.04216791 0.01118727
v 0.00810241 0.04245562 0.01104375
v -0.00771545 0.04942326 0.02978970
v -0.00805270 0.04922057 0.02969785
v 0.00905135 0.05212506 0.02614997
v 0.00782467 0.05218783 0.02735173
v 0.00662445 0.05221660 0.02855158
v 0.00538785 0.05223229 0.02978970
v 0.01744301 0.05119525 0.02134101
v 0.01864324 0.05143588 0.02239925
v 0.00905135 0.05200082 0.02529840
v 0.02572557 0.04973712 0.01972591
v 0.02465429 0.04969004 0.01929534
v 0.02168183 0.04954881 0.01832895
v 0.02214804 0.04978812 0.01886860
v 0.02104700 0.05050215 0.02003591
v 0.01984677 0.04963904 0.01817586
v 0.01864324 0.04967435 0.01811271
v 0.01744301 0.04969527 0.01807253
v 0.01744301 0.05086309 0.02047988
v 0.01623948 0.05087486 0.02045691
v 0.02530235 0.04355543 0.01231058
v 0.02572557 0.04300748 0.01205606
v -0.00805270 0.04234446 0.01953454
v -0.00749061 0.04264785 0.01929151
v -0.00700788 0.04213391 0.01849161
v 0.00662445 0.04155197 0.01086387
v -0.00654167 0.04167228 0.01778357
v -0.00568201 0.04201229 0.01737596
v -0.00532822 0.04166051 0.01684589
v -0.00488186 0.04241769 0.01706978
v -0.00364526 0.04357635 0.01710040
v -0.00347663 0.04223853 0.01601346
v -0.00298067 0.04172328 0.01533794
v -0.00119521 0.04233923 0.01472558
v -0.00167464 0.04165920 0.01452465
v -0.00058353 0.04170759 0.01393717
v 0.00031912 0.04209076 0.01369796
v 0.00111928 0.04240854 0.01347790
v 0.00067291 0.04170759 0.01324826
v 0.00181362 0.04263347 0.01332098
v 0.00301715 0.04212999 0.01247133
v 0.00364206 0.04232092 0.01234311
v 0.00301715 0.04152843 0.01207903
v 0.00444222 0.04253277 0.01219576
v 0.00542091 0.04278124 0.01202736
v 0.00905135 0.04257985 0.01093468
v 0.01062851 0.04477947 0.01229336
v 0.01143196 0.04485009 0.01223212
v 0.01263219 0.04417268 0.01156809
v 0.01022843 0.04322849 0.01118727
v 0.01022843 0.04335011 0.01127339
v 0.00905135 0.04399352 0.01194507
v 0.01383572 0.04423545 0.01152599
v 0.01503595 0.04425507 0.01151068
v 0.01623948 0.04423676 0.01152982
v 0.01744301 0.04421191 0.01155469
v 0.01864324 0.04417007 0.01160253
v 0.01744301 0.04492987 0.01215749
v 0.01864324 0.04487755 0.01220341
v 0.01961202 0.04480693 0.01226656
v 0.02104700 0.04407591 0.01187427
v 0.02225053 0.04395298 0.01196612
v 0.02104700 0.04336319 0.01127339
v 0.02225053 0.04322326 0.01136524
v 0.02345076 0.04305587 0.01149155
v 0.02465429 0.04364697 0.01223021
v 0.00902490 0.04259554 0.01094999
v 0.00730226 0.04230392 0.01116623
v 0.00602929 0.04353320 0.01232971
v 0.00682944 0.04368489 0.01221298
v 0.00782467 0.04384967 0.01208668
v 0.00902490 0.04319711 0.01135950
v 0.00905135 0.04295256 0.01118727
v -0.00805270 0.04888186 0.02877165
v -0.00736166 0.04959981 0.02978970
v 0.00902490 0.05200082 0.02530032
v 0.00810241 0.05197336 0.02542853
v 0.00775193 0.05203482 0.02605620
v 0.00662445 0.05210152 0.02735173
v 0.00542091 0.05213029 0.02855158
v 0.00421738 0.05214729 0.02975717
v 0.00421738 0.05214991 0.02978970
v 0.01623948 0.05120702 0.02134101
v 0.01744301 0.05144373 0.02239925
v 0.01623948 0.05144765 0.02239925
v 0.01517813 0.05143849 0.02239925
v 0.02572557 0.04942719 0.01922071
v 0.02554702 0.04961027 0.01943312
v 0.02465429 0.04930949 0.01869446
v 0.02225053 0.04853531 0.01687459
v 0.02104700 0.04922449 0.01766875
v 0.02104700 0.04958411 0.01826963
v 0.02104700 0.04994113 0.01893749
v 0.01984677 0.04928726 0.01757307
v 0.01864324 0.04932257 0.01751183
v 0.01503595 0.04842938 0.01581444
v 0.01623948 0.04970312 0.01804956
v 0.01503595 0.04970181 0.01803425
v 0.01503595 0.05086832 0.02046839
v 0.02465429 0.04424722 0.01279473
v 0.02536517 0.04477947 0.01348938
v 0.02572557 0.04407853 0.01295739
v -0.00805270 0.04301664 0.02008376
v -0.00711368 0.04344950 0.01961300
v -0.00666070 0.04299833 0.01888965
v -0.00620442 0.04254585 0.01817778
v 0.00662445 0.04215353 0.01125808
v -0.00444872 0.04321934 0.01738362
v -0.00580434 0.04334750 0.01848587
v -0.00366179 0.04478601 0.01828877
v -0.00299390 0.04439369 0.01747547
v -0.00299390 0.04379213 0.01690330
v -0.00137376 0.04366135 0.01582592
v -0.00217721 0.04336711 0.01605938
v -0.00267318 0.04256547 0.01576469
v -0.00500089 0.04370190 0.01818543
v -0.00446194 0.04450354 0.01857007
v 0.00012405 0.04344950 0.01480213
v 0.00062001 0.04292902 0.01413236
v 0.00181362 0.04323372 0.01375920
v 0.00092420 0.04372936 0.01456675
v 0.00334118 0.04369013 0.01340900
v 0.00297086 0.04301010 0.01309134
v 0.00411158 0.04293425 0.01259188
v 0.00542091 0.04338281 0.01243688
v 0.00943159 0.04304672 0.01118727
v 0.00947788 0.04596952 0.01349895
v 0.01022843 0.04603098 0.01343771
v 0.00902490 0.04400791 0.01196039
v 0.00905135 0.04460162 0.01243879
v 0.01143196 0.04545035 0.01275263
v 0.01263219 0.04492594 0.01216897
v 0.00905135 0.04318795 0.01134802
v 0.00905135 0.04320103 0.01135759
v 0.01383572 0.04497563 0.01212687
v 0.01503595 0.04499263 0.01211156
v 0.01623948 0.04496517 0.01213070
v 0.01744301 0.04553012 0.01270479
v 0.01623948 0.04556543 0.01266843
v 0.01864324 0.04547650 0.01275645
v 0.01984677 0.04602183 0.01344536
v 0.02056426 0.04595906 0.01350851
v 0.02104700 0.04467747 0.01239287
v 0.02225053 0.04455323 0.01250768
v 0.02345076 0.04379997 0.01209434
v 0.02345076 0.04440154 0.01264929
v 0.00542753 0.04421061 0.01309708
v 0.00583091 0.04481217 0.01346450
v 0.00650872 0.04410598 0.01265695
v 0.00421738 0.04389152 0.01324635
v 0.00782467 0.04445123 0.01256509
v -0.00805270 0.04879947 0.02855158
v -0.00649869 0.04916041 0.02744933
v -0.00692852 0.04975804 0.02978970
v -0.00628047 0.04965473 0.02855158
v -0.00602918 0.04955927 0.02791434
v 0.00902490 0.05128811 0.02254086
v 0.00782467 0.05122664 0.02254086
v 0.01503595 0.05119002 0.02134101
v 0.00730226 0.05191190 0.02559310
v 0.00591026 0.05196028 0.02667431
v 0.00662445 0.05199297 0.02642553
v 0.00542091 0.05127895 0.02374454
v 0.00547382 0.05200474 0.02735939
v 0.00461415 0.05197336 0.02776508
v 0.00421407 0.05202044 0.02853244
v 0.00337425 0.05198121 0.02892091
v 0.00299070 0.05202567 0.02973803
v 0.00299401 0.05203090 0.02978970
v 0.02572557 0.04859546 0.01796536
v 0.02415172 0.04836792 0.01710423
v 0.02345076 0.04843200 0.01701620
v 0.02225053 0.04806975 0.01627371
v 0.02104700 0.04816522 0.01614359
v 0.02104700 0.04862293 0.01674447
v 0.01984677 0.04868570 0.01663730
v 0.01856389 0.04864908 0.01643637
v 0.01744301 0.04836792 0.01590055
v 0.01623948 0.04839930 0.01585845
v 0.01503595 0.04796382 0.01521165
v 0.01383572 0.04843069 0.01581253
v 0.01383572 0.04969135 0.01804382
v 0.01263219 0.04966781 0.01808784
v 0.01143196 0.04999605 0.01893749
v 0.01383572 0.05083301 0.02053537
v 0.00902490 0.05093893 0.02143861
v 0.00905135 0.05094025 0.02143861
v 0.02465429 0.04487625 0.01339752
v 0.02345076 0.04503056 0.01325017
v 0.02465429 0.04547650 0.01399266
v 0.02535525 0.04597344 0.01469497
v 0.02572557 0.04536926 0.01421464
v 0.02572557 0.04525418 0.01409982
v 0.02572557 0.04411252 0.01298992
v -0.00805270 0.04319057 0.02023110
v -0.00670369 0.04422761 0.02004931
v -0.00631023 0.04379736 0.01928960
v -0.00805270 0.04363912 0.02063105
v -0.00756335 0.04385752 0.02040907
v -0.00365518 0.04597867 0.01949436
v -0.00299390 0.04560466 0.01867915
v -0.00299390 0.04500310 0.01807827
v -0.00405856 0.04524634 0.01903317
v -0.00222681 0.04463824 0.01723627
v -0.00180028 0.04415045 0.01652823
v 0.00004800 0.04471539 0.01595988
v -0.00541088 0.04415045 0.01892792
v -0.00501742 0.04490502 0.01936997
v 0.00084815 0.04495863 0.01572259
v 0.00160201 0.04453100 0.01492077
v 0.00192935 0.04413345 0.01443088
v 0.00240547 0.04474417 0.01472558
v 0.00301715 0.04490109 0.01458397
v 0.00421738 0.04449308 0.01374580
v 0.00957376 0.04715041 0.01471984
v 0.00905135 0.04592375 0.01354678
v 0.00905135 0.04662993 0.01428927
v 0.01022843 0.04663124 0.01406729
v 0.01143196 0.04671755 0.01398118
v 0.01143196 0.04611729 0.01335351
v 0.01263219 0.04552489 0.01269139
v 0.01383572 0.04557458 0.01264738
v 0.01503595 0.04559158 0.01263972
v 0.01744301 0.04615914 0.01330567
v 0.01864324 0.04610814 0.01335734
v 0.01623948 0.04619576 0.01327122
v 0.01503595 0.04622584 0.01323869
v 0.01864324 0.04670970 0.01400606
v 0.01958887 0.04719226 0.01467200
v 0.01992943 0.04671624 0.01421464
v 0.02038903 0.04712556 0.01474281
v 0.02104700 0.04706671 0.01480596
v 0.02136442 0.04588059 0.01358697
v 0.02225053 0.04518226 0.01310856
v 0.00502745 0.04465916 0.01360802
v 0.00535478 0.04536273 0.01411131
v 0.00568212 0.04605975 0.01461076
v 0.00662445 0.04556281 0.01385871
v 0.00662445 0.04496125 0.01333820
v 0.00782467 0.04516264 0.01316789
v 0.00867773 0.04588190 0.01358888
v -0.00805270 0.04851700 0.02781483
v -0.00570515 0.04941149 0.02711253
v -0.00534145 0.04921926 0.02618824
v -0.00659127 0.04860592 0.02618824
v -0.00774521 0.04852746 0.02745124
v -0.00678304 0.04980382 0.02978970
v -0.00668385 0.04980905 0.02967871
v -0.00539766 0.04993982 0.02855158
v -0.00534145 0.04967173 0.02744933
v -0.00490169 0.04958935 0.02661498
v 0.00782467 0.05090363 0.02155917
v 0.00662445 0.05109587 0.02254086
v 0.00421738 0.05137441 0.02494630
v 0.00301715 0.05120310 0.02494630
v 0.00421738 0.05111156 0.02374454
v 0.00181362 0.05125018 0.02614997
v 0.00061339 0.05126457 0.02735173
v -0.00058683 0.05126064 0.02855158
v 0.00288490 0.05201913 0.02978970
v 0.00294441 0.05202567 0.02978970
v 0.02572557 0.04813906 0.01737405
v 0.02495187 0.04825153 0.01723627
v 0.02345076 0.04734265 0.01569771
v 0.02225053 0.04746819 0.01553888
v 0.02520977 0.04712033 0.01595031
v 0.02440962 0.04723018 0.01582975
v 0.02104700 0.04756365 0.01540492
v 0.01984677 0.04823453 0.01603642
v 0.01891106 0.04829207 0.01597136
v 0.01811091 0.04834830 0.01592543
v 0.01744301 0.04789451 0.01529967
v 0.01623948 0.04792982 0.01525566
v 0.01503595 0.04736357 0.01447490
v 0.01383572 0.04796382 0.01521165
v 0.01744301 0.04729426 0.01455144
v 0.01623948 0.04732957 0.01451125
v 0.01263219 0.04792721 0.01526332
v 0.01263219 0.04839276 0.01586419
v 0.01263219 0.04879032 0.01653397
v 0.01263219 0.04934088 0.01748696
v 0.01143196 0.04931995 0.01755202
v 0.01143196 0.04963643 0.01815481
v 0.01022843 0.04992674 0.01893749
v 0.02345076 0.04563082 0.01383383
v 0.02225053 0.04577859 0.01368457
v 0.02465429 0.04606760 0.01459354
v 0.02572557 0.04704056 0.01604408
v 0.02572557 0.04628207 0.01518103
v -0.00709715 0.04465916 0.02082242
v -0.00581757 0.04459901 0.01968955
v -0.00805270 0.04409030 0.02109798
v -0.00352292 0.04708895 0.02078989
v -0.00306994 0.04680778 0.02012394
v -0.00299390 0.04616175 0.01928003
v -0.00223012 0.04584267 0.01843612
v -0.00445533 0.04570666 0.01980245
v -0.00496452 0.04605583 0.02060235
v -0.00411146 0.04624284 0.02017370
v -0.00419412 0.04689017 0.02104631
v -0.00142335 0.04488148 0.01699324
v -0.00539104 0.04533788 0.02014308
v 0.00156233 0.04575897 0.01611488
v 0.00004139 0.04591721 0.01715590
v 0.00198225 0.04525157 0.01541449
v 0.00236249 0.04596429 0.01590629
v 0.00301715 0.04550265 0.01515041
v 0.00421738 0.04577728 0.01488824
v 0.00421738 0.04517833 0.01434668
v 0.01100213 0.04831430 0.01595414
v 0.01022843 0.04719487 0.01466817
v 0.00905135 0.04709287 0.01477725
v 0.00782467 0.04747473 0.01552931
v 0.00782467 0.04807629 0.01628328
v 0.00905135 0.04797952 0.01587950
v 0.00902490 0.04817568 0.01613402
v 0.00905135 0.04817830 0.01613210
v 0.00877361 0.04706148 0.01480787
v 0.01143196 0.04726941 0.01458397
v 0.01263219 0.04678163 0.01391994
v 0.01263219 0.04618006 0.01329227
v 0.01383572 0.04622191 0.01324826
v 0.01744301 0.04676070 0.01395056
v 0.01623948 0.04679732 0.01391038
v 0.01503595 0.04682740 0.01387210
v 0.01383572 0.04682217 0.01387593
v 0.01864324 0.04724587 0.01460694
v 0.02225053 0.04695294 0.01493800
v 0.02225053 0.04635138 0.01428736
v 0.00487866 0.04591198 0.01476003
v 0.00421738 0.04634092 0.01548912
v 0.00499769 0.04707456 0.01599815
v 0.00580115 0.04720533 0.01585654
v 0.00662445 0.04680647 0.01511405
v 0.00662445 0.04620491 0.01446150
v 0.00782467 0.04576290 0.01369605
v 0.00782467 0.04635792 0.01429501
v -0.00805270 0.04845161 0.02766174
v -0.00730876 0.04840584 0.02661498
v -0.00456444 0.04942849 0.02581126
v -0.00618789 0.04845161 0.02532902
v -0.00299720 0.05089840 0.02978970
v -0.00261035 0.05081993 0.02884245
v -0.00186972 0.05095463 0.02848652
v -0.00152255 0.05084739 0.02758711
v -0.00419412 0.04999867 0.02735173
v -0.00417428 0.04970966 0.02618824
v -0.00376098 0.04960635 0.02538834
v 0.00782467 0.04977112 0.01909441
v 0.00662445 0.05082778 0.02175244
v 0.00905135 0.04978420 0.01884181
v 0.00547712 0.05091671 0.02249876
v 0.00178717 0.05094286 0.02489654
v 0.00052082 0.05096771 0.02605620
v 0.00421738 0.05084347 0.02290254
v 0.00352965 0.05077024 0.02308816
v 0.00308659 0.05088532 0.02375602
v -0.00068602 0.05097424 0.02725223
v -0.00179036 0.05122010 0.02975717
v -0.00179036 0.05122402 0.02978970
v 0.02572557 0.04762643 0.01675212
v 0.02345076 0.04681694 0.01509683
v 0.01383572 0.04736488 0.01447681
v 0.01263219 0.04732565 0.01451891
v 0.01180228 0.04836138 0.01590821
v 0.01141543 0.04865431 0.01642680
v 0.01022843 0.04927418 0.01763813
v 0.01022843 0.04959588 0.01824093
v 0.00946134 0.04956319 0.01830408
v 0.02345076 0.04621537 0.01443471
v -0.00705417 0.04582959 0.02207776
v -0.00667393 0.04540065 0.02127978
v -0.00629700 0.04496909 0.02048562
v -0.00805270 0.04422761 0.02124150
v -0.00754352 0.04502925 0.02162423
v -0.00301043 0.04775458 0.02132762
v -0.00272277 0.04731257 0.02051624
v -0.00484218 0.04716872 0.02190171
v -0.00419412 0.04735311 0.02164719
v -0.00209786 0.04699740 0.01972016
v -0.00176391 0.04653315 0.01895471
v -0.00142997 0.04606760 0.01819500
v -0.00576467 0.04576943 0.02092958
v -0.00625071 0.04610945 0.02173331
v -0.00530177 0.04648346 0.02141756
v 0.00084484 0.04613299 0.01691861
v 0.00190620 0.04628338 0.01652440
v 0.00181362 0.04695163 0.01735683
v 0.00249143 0.04709548 0.01717503
v 0.00294111 0.04676855 0.01655693
v 0.00301715 0.04610814 0.01574938
v 0.01141543 0.04794682 0.01543745
v 0.00905135 0.04860331 0.01671959
v 0.01022843 0.04867262 0.01662008
v 0.00782467 0.04695817 0.01493034
v 0.00662445 0.04732303 0.01571685
v 0.00691541 0.04842023 0.01702960
v 0.00782467 0.04851700 0.01688416
v 0.00421738 0.04694117 0.01616464
v 0.00540769 0.04754665 0.01645359
v 0.00421738 0.04742896 0.01676360
v 0.00611195 0.04829991 0.01716738
v -0.00805270 0.04818222 0.02708000
v -0.00698804 0.04821752 0.02581126
v -0.00417428 0.04923364 0.02497117
v -0.00541088 0.04865170 0.02493673
v -0.00582418 0.04823714 0.02453104
v -0.00659127 0.04799783 0.02493673
v -0.00502073 0.04846469 0.02412152
v -0.00182343 0.05121749 0.02978970
v -0.00035208 0.05084347 0.02639683
v -0.00299390 0.05003529 0.02614997
v -0.00294761 0.04971358 0.02497117
v -0.00251447 0.04958804 0.02424399
v -0.00331792 0.04942326 0.02458462
v -0.00420074 0.04864516 0.02372922
v 0.00662445 0.04967958 0.01928194
v 0.00905135 0.04923757 0.01783141
v 0.00536801 0.04983389 0.02004166
v 0.00591357 0.05076762 0.02189214
v 0.00216741 0.05081078 0.02416745
v 0.00086468 0.05083955 0.02526013
v 0.00421738 0.04974105 0.02034975
v 0.00295764 0.04983913 0.02125299
v 0.00181362 0.04970704 0.02159552
v 0.00102008 0.04960112 0.02182133
v 0.00061670 0.04978158 0.02250067
v -0.00038183 0.04966127 0.02287575
v -0.00070586 0.04985482 0.02362780
v 0.00902490 0.04860985 0.01673490
v -0.00805270 0.04481217 0.02186152
v -0.00805270 0.04517703 0.02229018
v -0.00805270 0.04535619 0.02250259
v -0.00805270 0.04559420 0.02279729
v -0.00805270 0.04590413 0.02318767
v -0.00745755 0.04613037 0.02287957
v -0.00656812 0.04652008 0.02256765
v -0.00564233 0.04691109 0.02225956
v -0.00329809 0.04819660 0.02216579
v -0.00249463 0.04839015 0.02186726
v -0.00179036 0.04812206 0.02103483
v -0.00028595 0.04846730 0.02055451
v -0.00064635 0.04799913 0.02014882
v -0.00058683 0.04736226 0.01925898
v -0.00129771 0.04719356 0.01947522
v -0.00460412 0.04823714 0.02331971
v -0.00420074 0.04796775 0.02255808
v -0.00608539 0.04719618 0.02305946
v -0.00530177 0.04736880 0.02261358
v -0.00058683 0.04687709 0.01865810
v 0.00096718 0.04725372 0.01819500
v 0.00016703 0.04706017 0.01843038
v 0.00181362 0.04743288 0.01795962
v 0.00329159 0.04726811 0.01697410
v 0.00542091 0.04862946 0.01790604
v 0.00573172 0.04959981 0.01943695
v 0.00662445 0.04933172 0.01868106
v 0.00542091 0.04820183 0.01730516
v 0.00354287 0.04837053 0.01830025
v 0.00421738 0.04803052 0.01755202
v 0.00421738 0.04847254 0.01815673
v -0.00805270 0.04788013 0.02647912
v -0.00773198 0.04734657 0.02505346
v -0.00805270 0.04725634 0.02527161
v -0.00805270 0.04772451 0.02617294
v -0.00653175 0.04738580 0.02381151
v -0.00728231 0.04719618 0.02425739
v -0.00541088 0.04800960 0.02372922
v -0.00380066 0.04844769 0.02296951
v -0.00179036 0.04969266 0.02397034
v -0.00294761 0.04921403 0.02380386
v -0.00118529 0.04954096 0.02314748
v -0.00179036 0.04944026 0.02336755
v 0.00493156 0.04949257 0.01958238
v 0.00421738 0.04940495 0.01975270
v 0.00331473 0.04962727 0.02058130
v 0.00181362 0.04939319 0.02099273
v 0.00061670 0.04923364 0.02138885
v -0.00179036 0.04902702 0.02254086
v -0.00805270 0.04638930 0.02387849
v -0.00688885 0.04693071 0.02345366
v -0.00777166 0.04652269 0.02377707
v -0.00293438 0.04859415 0.02255808
v -0.00179036 0.04853139 0.02163571
v 0.00072251 0.04857715 0.02014882
v 0.00119532 0.04835092 0.01953072
v 0.00039517 0.04818353 0.01975844
v 0.00181362 0.04803314 0.01875761
v 0.00274272 0.04821752 0.01851075
v 0.00301715 0.04774282 0.01773764
v 0.00536801 0.04926241 0.01899681
v 0.00421738 0.04893155 0.01893749
v 0.00181362 0.04846207 0.01935849
v 0.00309320 0.04860985 0.01892218
v -0.00805270 0.04692548 0.02470326
v 0.00181362 0.04891063 0.02013925
v 0.06024119 0.03281149 0.04606859
v 0.05892265 0.03281149 0.04606859
v 0.06024359 0.03281149 0.04538518
v 0.06024836 0.05014615 0.04538518
v 0.06024199 0.05014615 0.04606859
v 0.05892106 0.03304038 0.04606859
v 0.05223606 0.03281149 0.02240183
v 0.06024040 0.03281149 0.04418285
v 0.06024677 0.05134784 0.04418285
v 0.06021573 0.05090781 0.04606859
v 0.05891867 0.03372114 0.04606859
v 0.05211988 0.05134784 0.02240183
v 0.05373443 0.03281149 0.02240183
v 0.06021176 0.03281149 0.04298051
v 0.06021255 0.03331861 0.04298051
v 0.06019743 0.05141493 0.04606859
v 0.06021176 0.03452029 0.04298051
v 0.06021016 0.03572198 0.04298051
v 0.06018867 0.05014615 0.04298051
v 0.06017355 0.05124918 0.04301758
v 0.06016321 0.05208779 0.04344384
v 0.06018788 0.05216870 0.04418285
v 0.05890594 0.03812732 0.04606859
v 0.05283923 0.05220816 0.02456094
v 0.05268803 0.05241534 0.02374780
v 0.05246364 0.05243824 0.02254546
v 0.05244215 0.05243824 0.02240183
v 0.05890594 0.03933098 0.04606859
v 0.05890674 0.03991505 0.04606859
v 0.05891310 0.04413575 0.04606859
v 0.05891550 0.04533546 0.04606859
v 0.05891788 0.04612475 0.04606859
v 0.05892345 0.04690811 0.04606859
v 0.05893857 0.04894447 0.04606859
v 0.05894971 0.05014615 0.04606859
v 0.05377342 0.03926586 0.02240183
v 0.05378615 0.03281149 0.02248523
v 0.06015445 0.03281149 0.04213031
v 0.06015525 0.03331861 0.04212336
v 0.06015525 0.03452029 0.04212104
v 0.06016799 0.05210161 0.04509792
v 0.05970168 0.05142282 0.04606859
v 0.06015366 0.03572198 0.04213263
v 0.06013377 0.05014615 0.04227857
v 0.06012979 0.05078153 0.04231564
v 0.05949877 0.05134784 0.03817118
v 0.05909851 0.05237785 0.03696884
v 0.05920912 0.05243824 0.03817118
v 0.05928233 0.05243824 0.03937351
v 0.05831869 0.05243824 0.03696884
v 0.05938816 0.05142282 0.04606859
v 0.05471319 0.05243824 0.02735480
v 0.05976693 0.05210161 0.04509792
v 0.05351083 0.05243824 0.02374780
v 0.05256231 0.05243824 0.02240183
v 0.05377899 0.04047347 0.02240183
v 0.05380844 0.04053267 0.02245048
v 0.05416334 0.03932901 0.02305744
v 0.05414503 0.03281149 0.02308756
v 0.05380287 0.03812732 0.02246206
v 0.05952582 0.03281149 0.03817118
v 0.05952821 0.03331861 0.03817118
v 0.05953219 0.03452029 0.03817118
v 0.05953139 0.03572198 0.03817118
v 0.05933723 0.03692563 0.03696884
v 0.05927755 0.05134784 0.03696884
v 0.05899825 0.05217659 0.03607926
v 0.05799721 0.05243824 0.03336647
v 0.05711632 0.05243824 0.03336647
v 0.05591476 0.05243824 0.02975715
v 0.05870621 0.05241337 0.04057585
v 0.05471319 0.05243824 0.02615247
v 0.05351003 0.05243113 0.02263581
v 0.05341853 0.05240153 0.02240183
v 0.05378138 0.04173435 0.02240183
v 0.05416572 0.04053267 0.02305281
v 0.05451664 0.03812732 0.02374780
v 0.05451107 0.03692563 0.02374780
v 0.05449198 0.03281149 0.02374780
v 0.05434636 0.03281149 0.02346980
v 0.05932609 0.03281149 0.03696884
v 0.05932927 0.03331861 0.03696884
v 0.05933644 0.03452029 0.03696884
v 0.05933962 0.03572198 0.03696884
v 0.05906907 0.03692563 0.03578273
v 0.05903724 0.05134784 0.03593562
v 0.05789536 0.05230485 0.03265990
v 0.05771949 0.05195756 0.03155486
v 0.05782294 0.05219237 0.03216182
v 0.05679087 0.05243824 0.02975715
v 0.05711632 0.05243824 0.03216182
v 0.05711632 0.05243824 0.03265990
v 0.05575322 0.05243824 0.02735480
v 0.05549540 0.05229103 0.02615247
v 0.05473149 0.05243824 0.02503353
v 0.05430657 0.05228906 0.02374780
v 0.05376865 0.05134784 0.02240183
v 0.05413946 0.05203649 0.02309682
v 0.05416572 0.04173435 0.02305281
v 0.05452380 0.04053267 0.02374780
v 0.05452062 0.03932901 0.02374780
v 0.05505934 0.03281149 0.02485052
v 0.05906032 0.03281149 0.03579663
v 0.05906509 0.03452029 0.03578273
v 0.05906907 0.03572198 0.03577578
v 0.05890674 0.03572198 0.03517345
v 0.05800198 0.03932901 0.03216182
v 0.05792878 0.05134784 0.03216182
v 0.05664365 0.05225157 0.02881660
v 0.05775769 0.04053267 0.03143903
v 0.05670811 0.05134784 0.02864517
v 0.05534262 0.05204043 0.02549223
v 0.05380844 0.05134784 0.02247133
v 0.05506013 0.05134784 0.02486210
v 0.05449993 0.05134784 0.02374780
v 0.05415299 0.05134784 0.02307366
v 0.05452301 0.04173435 0.02374780
v 0.05507128 0.04053267 0.02485283
v 0.05507128 0.03932901 0.02485283
v 0.05536410 0.03331861 0.02545053
v 0.05536331 0.03281149 0.02545053
v 0.05518745 0.03281149 0.02510303
v 0.05801153 0.03281149 0.03216182
v 0.05801233 0.03331861 0.03216182
v 0.05801233 0.03572395 0.03216182
v 0.05801073 0.03692563 0.03216182
v 0.05800755 0.03812732 0.03216182
v 0.05776167 0.03932901 0.03142977
v 0.05674312 0.04053267 0.02857567
v 0.05567604 0.05134784 0.02615247
v 0.05535615 0.05134784 0.02546211
v 0.05507128 0.04173435 0.02485515
v 0.05569832 0.03331861 0.02615247
v 0.05555747 0.03281149 0.02585594
v 0.05790729 0.03281149 0.03185139
v 0.05776406 0.03572395 0.03142282
v 0.05776406 0.03692563 0.03142282
v 0.05776326 0.03812732 0.03142282
v 0.05674472 0.03932901 0.02856640
v 0.05651474 0.03505109 0.02795481
v 0.05651714 0.03331861 0.02795018
v 0.05636196 0.03281149 0.02760268
v 0.05624738 0.03281149 0.02734785
v 0.05569752 0.03281149 0.02615247
v 0.05776326 0.03281149 0.03142513
v 0.05675426 0.03281149 0.02855482
v 0.05675347 0.03331861 0.02855482
v 0.05651714 0.03281149 0.02795018
v 0.01624213 0.05243824 0.00123040
v 0.01624213 0.05243824 0.00184294
v 0.02946394 0.05243824 0.00354769
v 0.01744436 0.05243824 0.00124085
v 0.01624213 0.05134816 0.00095772
v 0.01503991 0.05243824 0.00125130
v 0.01503991 0.05243824 0.00184642
v 0.02946394 0.05243824 0.00419855
v 0.02705948 0.05230562 0.00256544
v 0.02585726 0.05239810 0.00248433
v 0.01864658 0.05243824 0.00128563
v 0.03307062 0.05243824 0.00481905
v 0.03066616 0.05235186 0.00371439
v 0.01744436 0.05134816 0.00097861
v 0.01624213 0.04293324 0.00097066
v 0.01503991 0.05134816 0.00100051
v 0.01383768 0.05243824 0.00127618
v 0.01383768 0.05243824 0.00185190
v 0.03307062 0.05243824 0.00545547
v 0.02784039 0.05209564 0.00266247
v 0.02285438 0.05195115 0.00150408
v 0.02105104 0.05221315 0.00139759
v 0.01984881 0.05238268 0.00133838
v 0.03547507 0.05230755 0.00600880
v 0.03396155 0.05225361 0.00497778
v 0.03142023 0.05212261 0.00385222
v 0.01624213 0.04173303 0.00097264
v 0.01864658 0.05134816 0.00106868
v 0.01744436 0.04293324 0.00099354
v 0.01503991 0.04293324 0.00101693
v 0.01383768 0.04413537 0.00106271
v 0.01383768 0.05134816 0.00105027
v 0.01263545 0.05241736 0.00131300
v 0.01263545 0.05241736 0.00186483
v 0.03440970 0.05225554 0.00604114
v 0.03547507 0.05230755 0.00604114
v 0.00905293 0.05212068 0.00276399
v 0.03066616 0.05134816 0.00352182
v 0.02792627 0.05134816 0.00264108
v 0.02705948 0.05134816 0.00242512
v 0.02225326 0.05134816 0.00142545
v 0.02105104 0.05134816 0.00129309
v 0.01984881 0.05134816 0.00117417
v 0.02287584 0.05134816 0.00150009
v 0.03561998 0.05227480 0.00604114
v 0.03634990 0.05134816 0.00604114
v 0.03410915 0.05134816 0.00491110
v 0.03149269 0.05134816 0.00382485
v 0.01624213 0.04053090 0.00097812
v 0.01503991 0.04053090 0.00102539
v 0.01503991 0.04173303 0.00102041
v 0.01744436 0.04173303 0.00099653
v 0.01864658 0.03280952 0.00112342
v 0.01383768 0.04293324 0.00106520
v 0.01263545 0.04413537 0.00113486
v 0.01263545 0.05134816 0.00112292
v 0.01143323 0.05233645 0.00136525
v 0.01143323 0.05233645 0.00189966
v 0.03358585 0.05134816 0.00604114
v 0.00905293 0.05211490 0.00277593
v 0.00905293 0.05215728 0.00206686
v 0.03148733 0.05014603 0.00382685
v 0.03066616 0.04894390 0.00353078
v 0.02790748 0.04774176 0.00264605
v 0.02792090 0.05014603 0.00264257
v 0.02705948 0.04894390 0.00243259
v 0.02585726 0.03280952 0.00219822
v 0.02585726 0.04894390 0.00215443
v 0.02585726 0.05014603 0.00215194
v 0.02288926 0.05014603 0.00149810
v 0.02225326 0.05014603 0.00142545
v 0.02105104 0.03280952 0.00134982
v 0.01984881 0.03280952 0.00123239
v 0.03645993 0.05022886 0.00604114
v 0.03646798 0.05014603 0.00604114
v 0.03406621 0.03452025 0.00494146
v 0.01503991 0.03932877 0.00103086
v 0.01744436 0.04053090 0.00100200
v 0.01744436 0.03280952 0.00103832
v 0.01624213 0.03932877 0.00098558
v 0.01434487 0.03280952 0.00109257
v 0.01383768 0.03280952 0.00111048
v 0.01383768 0.03692451 0.00108958
v 0.01383768 0.03812664 0.00108410
v 0.01383768 0.04173303 0.00106918
v 0.01795155 0.03280952 0.00107416
v 0.01263545 0.04293324 0.00113784
v 0.01143323 0.04533750 0.00123488
v 0.01143323 0.04774176 0.00122940
v 0.01143323 0.04894390 0.00122741
v 0.01143323 0.05134816 0.00122542
v 0.00944472 0.05206674 0.00147074
v 0.01023100 0.05220545 0.00142396
v 0.00905293 0.05215728 0.00205641
v 0.03358049 0.05095323 0.00604114
v 0.00905293 0.05137127 0.00284808
v 0.00905293 0.05134816 0.00284858
v 0.00905293 0.05018648 0.00285306
v 0.00905293 0.03695919 0.00289087
v 0.00905293 0.03575513 0.00289386
v 0.00905293 0.03455300 0.00289634
v 0.03143365 0.04053090 0.00384625
v 0.03066616 0.03280952 0.00359198
v 0.02789943 0.04653963 0.00264855
v 0.02705948 0.03280952 0.00249080
v 0.02636445 0.03280952 0.00232162
v 0.02204931 0.03280952 0.00145830
v 0.02285438 0.04700199 0.00150457
v 0.02146967 0.03280952 0.00139510
v 0.03644382 0.04663596 0.00604114
v 0.03637942 0.03812664 0.00604114
v 0.03636868 0.03692451 0.00604114
v 0.03634453 0.03452025 0.00604114
v 0.03406084 0.03331812 0.00494544
v 0.03138803 0.03280952 0.00386217
v 0.03139072 0.03331812 0.00386068
v 0.03139877 0.03452025 0.00385819
v 0.01674932 0.03280952 0.00103186
v 0.01624213 0.03280952 0.00102738
v 0.01503991 0.03280952 0.00106868
v 0.01263545 0.03280952 0.00117318
v 0.01263545 0.03331812 0.00117118
v 0.01263545 0.03452025 0.00116671
v 0.01263545 0.04173303 0.00114182
v 0.01143323 0.03331812 0.00126523
v 0.01023100 0.04413537 0.00134883
v 0.01023100 0.04533750 0.00134584
v 0.01023100 0.04653963 0.00134385
v 0.01023100 0.04774176 0.00134286
v 0.01023100 0.05014603 0.00134236
v 0.01023100 0.05134816 0.00134236
v 0.00934543 0.05134816 0.00145382
v 0.00905293 0.05134816 0.00156976
v 0.00905293 0.05166795 0.00159513
v 0.00905293 0.05215343 0.00204098
v 0.03353755 0.04729674 0.00604114
v 0.00905293 0.03335087 0.00289833
v 0.02778941 0.03280952 0.00267541
v 0.03096940 0.03280952 0.00370543
v 0.02736541 0.03280952 0.00256793
v 0.03632307 0.03280952 0.00604114
v 0.03405816 0.03280952 0.00494743
v 0.01194042 0.03280952 0.00122741
v 0.01143323 0.03280952 0.00126722
v 0.01023100 0.03280952 0.00137868
v 0.01023100 0.03331812 0.00137719
v 0.00945546 0.03280952 0.00147173
v 0.00936690 0.04413537 0.00145481
v 0.00935885 0.04533750 0.00145332
v 0.00935080 0.04653963 0.00145282
v 0.00934812 0.04774176 0.00145282
v 0.00934007 0.05014603 0.00145332
v 0.00905293 0.05077213 0.00156528
v 0.03348925 0.04293324 0.00604114
v 0.00905293 0.03280952 0.00289883
v 0.03347315 0.04120903 0.00604114
v 0.03348388 0.04242272 0.00604114
v 0.03344899 0.03280952 0.00604114
v 0.00905293 0.03280952 0.00163395
v 0.00905293 0.04533750 0.00157573
v 0.00934275 0.04894390 0.00145332
v 0.00905293 0.04653963 0.00157225
v 0.00905293 0.05014603 0.00156428
v 0.03346778 0.03999919 0.00604114
v 0.00905470 0.04862852 0.07355113
v 0.00905293 0.03221435 0.08473896
v 0.00905293 0.04435949 0.07901486
v 0.00905470 0.04862852 0.07629587
v 0.02713011 0.04862852 0.07258694
v 0.02674786 0.03221435 0.08367306
v 0.00905293 0.03221435 0.08600691
v 0.00905293 0.04435949 0.08070456
v 0.00905470 0.04858032 0.07637860
v 0.00910602 0.04862852 0.07630672
v 0.02713011 0.04862852 0.07550527
v 0.02713011 0.04436110 0.07787031
v 0.02674786 0.03221435 0.08500475
v 0.00905293 0.03245697 0.08594995
v 0.01023153 0.03221435 0.08615473
v 0.01023153 0.03331816 0.08590249
v 0.00905293 0.04385337 0.08109105
v 0.00905470 0.04445429 0.08063268
v 0.00905470 0.04523033 0.08001701
v 0.00905470 0.04581517 0.07953153
v 0.00905470 0.04640805 0.07893214
v 0.00905470 0.04700896 0.07830968
v 0.00905470 0.04753274 0.07771029
v 0.00905470 0.04813526 0.07697799
v 0.00905470 0.04814490 0.07696579
v 0.01296390 0.04837627 0.07728854
v 0.00997669 0.04862852 0.07644911
v 0.00989352 0.04862852 0.07643555
v 0.02713011 0.04829915 0.07599482
v 0.02697261 0.04862852 0.07557036
v 0.02659744 0.04838591 0.07609653
v 0.02713011 0.04436110 0.07956001
v 0.02674786 0.03335030 0.08474031
v 0.02585595 0.03331816 0.08496271
v 0.02336779 0.03221435 0.08577095
v 0.00905293 0.03329085 0.08575196
v 0.00957852 0.03394800 0.08566789
v 0.01033240 0.03221435 0.08616693
v 0.01143313 0.03331816 0.08605031
v 0.01023153 0.03411349 0.08570857
v 0.00905293 0.04302270 0.08169180
v 0.01023153 0.04313517 0.08177181
v 0.01023153 0.04395942 0.08117106
v 0.01068810 0.04596299 0.07966985
v 0.01079251 0.04714714 0.07845479
v 0.01143490 0.04719212 0.07850496
v 0.01263651 0.04726603 0.07858497
v 0.01383812 0.04793121 0.07794896
v 0.01383812 0.04842126 0.07734821
v 0.01265775 0.04862852 0.07684781
v 0.02713011 0.04786051 0.07648031
v 0.02585595 0.04798262 0.07683424
v 0.02585595 0.04738171 0.07750009
v 0.02680626 0.04862852 0.07563681
v 0.02585595 0.04848874 0.07623349
v 0.02713011 0.04454908 0.07942576
v 0.02705756 0.04436110 0.07958848
v 0.02674786 0.04400280 0.07996548
v 0.02674786 0.04376661 0.08012415
v 0.02674786 0.04248606 0.08094730
v 0.02674786 0.04246839 0.08095815
v 0.02674786 0.04177268 0.08135413
v 0.02674786 0.04069940 0.08196030
v 0.02674786 0.04025595 0.08220983
v 0.02674786 0.03787159 0.08340184
v 0.02674786 0.03692523 0.08371239
v 0.02674786 0.03413759 0.08453554
v 0.02588780 0.03455373 0.08464674
v 0.02465434 0.03451999 0.08493016
v 0.02465965 0.03575072 0.08461555
v 0.02345274 0.03572341 0.08485694
v 0.02299793 0.03281848 0.08568416
v 0.02224936 0.03307555 0.08574790
v 0.02235731 0.03221435 0.08594182
v 0.00905293 0.03692523 0.08480405
v 0.01023153 0.03692523 0.08495729
v 0.01153400 0.03221435 0.08627813
v 0.01263651 0.03331816 0.08616964
v 0.01199766 0.03513857 0.08566382
v 0.01153046 0.03453926 0.08575874
v 0.01263651 0.03451999 0.08587808
v 0.00905293 0.04243465 0.08210812
v 0.01023153 0.04253266 0.08219220
v 0.01143313 0.04322997 0.08183961
v 0.01143313 0.04405421 0.08123750
v 0.01143490 0.04601762 0.07971867
v 0.01143490 0.04661852 0.07910571
v 0.01263651 0.04669565 0.07918572
v 0.01383812 0.04676152 0.07925353
v 0.01383812 0.04733030 0.07865278
v 0.01504149 0.04797781 0.07801134
v 0.01504149 0.04846785 0.07741059
v 0.01383812 0.04862852 0.07700105
v 0.02713011 0.04772876 0.07662541
v 0.02670008 0.04723229 0.07734007
v 0.02465434 0.04814651 0.07702003
v 0.02585595 0.04678563 0.07810085
v 0.02465434 0.04754560 0.07768181
v 0.02465434 0.04697522 0.07828392
v 0.02585595 0.04862852 0.07599482
v 0.02465434 0.04862852 0.07641521
v 0.02465434 0.04862531 0.07642064
v 0.02713011 0.04591800 0.07843173
v 0.02557457 0.04489613 0.07976614
v 0.02521179 0.04351597 0.08082660
v 0.02585595 0.04333762 0.08071812
v 0.02673548 0.04248927 0.08095001
v 0.02546485 0.04125211 0.08212304
v 0.02548963 0.03886775 0.08332455
v 0.02587719 0.03818489 0.08351847
v 0.02426325 0.03648499 0.08450300
v 0.02550732 0.03536833 0.08452605
v 0.02336248 0.03690113 0.08455859
v 0.02224936 0.03692523 0.08474845
v 0.02080531 0.03411349 0.08570857
v 0.02114332 0.03342421 0.08583197
v 0.02224936 0.03221435 0.08595945
v 0.00905293 0.03774466 0.08455046
v 0.01263651 0.03524301 0.08569365
v 0.01383812 0.03542617 0.08574518
v 0.01143313 0.03692523 0.08506306
v 0.01263651 0.03812705 0.08478506
v 0.01023153 0.03792943 0.08463318
v 0.01273738 0.03221435 0.08635678
v 0.01383812 0.03331816 0.08625101
v 0.01383812 0.03451999 0.08598657
v 0.00905293 0.04242179 0.08211626
v 0.01023153 0.04030254 0.08345202
v 0.01143313 0.04041983 0.08351440
v 0.01143313 0.04262906 0.08225594
v 0.01263651 0.04270618 0.08230476
v 0.01383812 0.04481580 0.08090933
v 0.01303999 0.04476277 0.08087000
v 0.01383812 0.04541671 0.08045097
v 0.01263651 0.04609474 0.07978919
v 0.01383812 0.04616061 0.07985021
v 0.01504149 0.04680169 0.07930099
v 0.01504149 0.04737689 0.07870024
v 0.01624310 0.04800351 0.07804931
v 0.01624310 0.04849838 0.07744856
v 0.01542197 0.04862852 0.07716649
v 0.01504149 0.04862852 0.07713666
v 0.02713011 0.04714874 0.07725464
v 0.02713011 0.04661049 0.07777809
v 0.02345274 0.04826219 0.07716106
v 0.02299439 0.04717284 0.07847919
v 0.02585595 0.04618471 0.07866363
v 0.02666115 0.04602404 0.07852259
v 0.02708233 0.04655104 0.07785403
v 0.02379605 0.04707965 0.07838427
v 0.02465434 0.04637430 0.07883721
v 0.02287936 0.04594692 0.07965493
v 0.02462072 0.04862852 0.07642335
v 0.02330055 0.04862852 0.07671355
v 0.02278203 0.04832485 0.07723158
v 0.02713011 0.04646267 0.07791777
v 0.02465434 0.04567056 0.07943796
v 0.02465434 0.04506966 0.07989632
v 0.02502244 0.04436110 0.08029230
v 0.02585595 0.04273671 0.08110325
v 0.02474991 0.04409599 0.08055267
v 0.02441013 0.04366699 0.08094188
v 0.02299439 0.04238645 0.08208778
v 0.02465434 0.04144170 0.08222746
v 0.02465434 0.03907662 0.08342354
v 0.02289883 0.03754863 0.08446638
v 0.02104775 0.03692523 0.08493559
v 0.01926393 0.03513053 0.08566246
v 0.01973820 0.03451677 0.08575196
v 0.01984615 0.03331816 0.08603403
v 0.02105483 0.03221435 0.08613167
v 0.00905293 0.04016276 0.08337743
v 0.01383812 0.03812705 0.08486236
v 0.01503972 0.03451999 0.08602725
v 0.01503972 0.03549044 0.08576552
v 0.01263651 0.03877777 0.08448401
v 0.01199058 0.03873439 0.08446231
v 0.01152693 0.03820096 0.08465759
v 0.01383812 0.03221435 0.08641917
v 0.01393899 0.03221435 0.08642188
v 0.01503972 0.03331816 0.08627406
v 0.01270376 0.04062388 0.08350626
v 0.01314794 0.04114124 0.08326081
v 0.01383812 0.04178232 0.08294212
v 0.01383812 0.04277206 0.08234002
v 0.01504149 0.04486078 0.08094323
v 0.01504149 0.04546169 0.08048622
v 0.01504149 0.04620078 0.07988547
v 0.01624310 0.04681454 0.07932405
v 0.01624310 0.04740099 0.07872329
v 0.01744470 0.04801797 0.07807101
v 0.01744470 0.04851605 0.07747026
v 0.01654748 0.04862852 0.07724379
v 0.01624310 0.04862852 0.07722752
v 0.02232900 0.04792960 0.07776046
v 0.02225113 0.04723871 0.07854700
v 0.02225113 0.04661210 0.07914775
v 0.02225113 0.04601119 0.07971053
v 0.02224936 0.04400119 0.08117377
v 0.02345274 0.04443018 0.08062319
v 0.02223520 0.04862852 0.07690476
v 0.02198214 0.04838912 0.07730346
v 0.02345274 0.04382767 0.08105308
v 0.02224936 0.04309340 0.08177452
v 0.02224936 0.04249088 0.08215152
v 0.02224936 0.04017240 0.08337472
v 0.02341734 0.04178714 0.08232238
v 0.02307403 0.04002297 0.08330014
v 0.02346512 0.03940278 0.08351711
v 0.02224936 0.03768521 0.08452334
v 0.02104775 0.03790533 0.08462098
v 0.01984615 0.03692523 0.08506035
v 0.01864277 0.03522694 0.08568823
v 0.01864277 0.03451999 0.08586859
v 0.01864277 0.03331816 0.08616422
v 0.01984615 0.03221435 0.08625915
v 0.01383812 0.03885329 0.08452469
v 0.01503972 0.03812705 0.08489220
v 0.01503972 0.03888542 0.08454232
v 0.01624310 0.03331816 0.08625237
v 0.01744470 0.03331816 0.08622660
v 0.01624310 0.03451999 0.08599606
v 0.01624310 0.03544706 0.08575196
v 0.01744470 0.03812705 0.08485151
v 0.01624310 0.03812705 0.08487864
v 0.01503972 0.03221435 0.08643815
v 0.01383812 0.04052909 0.08363238
v 0.01383812 0.04118141 0.08328386
v 0.01503972 0.04121997 0.08330556
v 0.01503972 0.04182088 0.08296111
v 0.01503972 0.04281223 0.08235900
v 0.01624310 0.04282508 0.08236171
v 0.01624310 0.04486560 0.08094594
v 0.01624310 0.04546651 0.08049572
v 0.01624310 0.04621364 0.07989361
v 0.01744470 0.04681937 0.07933625
v 0.01744470 0.04741706 0.07873550
v 0.01864277 0.04800833 0.07806830
v 0.01864277 0.04851605 0.07746755
v 0.01771546 0.04862852 0.07728311
v 0.01744470 0.04862852 0.07728176
v 0.02104775 0.04792318 0.07797201
v 0.02104775 0.04732227 0.07863244
v 0.02104775 0.04671172 0.07923319
v 0.02104775 0.04611081 0.07979868
v 0.02101236 0.04523033 0.08045911
v 0.02138930 0.04470011 0.08080084
v 0.02101236 0.04423416 0.08117648
v 0.02104775 0.04322354 0.08184775
v 0.02191843 0.04862852 0.07695358
v 0.02104775 0.04844214 0.07737126
v 0.02104775 0.04262424 0.08223424
v 0.02104775 0.04033950 0.08346151
v 0.01929401 0.03873760 0.08446367
v 0.01975590 0.03819775 0.08465759
v 0.01864277 0.03812705 0.08479049
v 0.01744470 0.03536993 0.08572891
v 0.01744470 0.03451999 0.08594860
v 0.01864277 0.03221435 0.08634594
v 0.01503972 0.04052909 0.08367306
v 0.01624310 0.03887096 0.08453283
v 0.01624310 0.04052909 0.08367171
v 0.01624310 0.04122479 0.08330827
v 0.01744470 0.03221435 0.08638662
v 0.01744470 0.03884043 0.08451656
v 0.01864277 0.03878259 0.08448672
v 0.01624310 0.04182410 0.08296382
v 0.01744470 0.04282026 0.08235358
v 0.01744470 0.04486560 0.08094594
v 0.01744470 0.04546651 0.08049572
v 0.01744470 0.04621845 0.07989361
v 0.01864277 0.04620399 0.07988412
v 0.01864277 0.04680490 0.07932405
v 0.01864277 0.04740742 0.07872329
v 0.01984438 0.04797620 0.07803440
v 0.01984438 0.04849035 0.07743364
v 0.01984438 0.04862852 0.07720853
v 0.01894185 0.04862852 0.07726413
v 0.01864277 0.04862852 0.07728040
v 0.01984438 0.04737529 0.07868668
v 0.01984438 0.04677277 0.07928743
v 0.01984438 0.04617186 0.07985293
v 0.01984438 0.04539903 0.08045503
v 0.02058941 0.04475635 0.08086458
v 0.02090972 0.04435949 0.08110190
v 0.01984615 0.04272064 0.08229391
v 0.02104775 0.04862852 0.07707699
v 0.02024963 0.04862852 0.07716920
v 0.01923561 0.04112839 0.08325267
v 0.01984615 0.04046482 0.08352796
v 0.01744470 0.03944295 0.08420872
v 0.01744470 0.04052909 0.08365137
v 0.01744470 0.04120872 0.08329878
v 0.01744470 0.04180964 0.08295433
v 0.01843395 0.04117338 0.08327979
v 0.01875780 0.04064798 0.08352932
v 0.01864277 0.04278812 0.08233324
v 0.01864277 0.04484793 0.08093238
v 0.01864277 0.04544884 0.08048487
v 0.01984438 0.04479812 0.08089577
v 0.01875780 0.04163611 0.08299772
v 0.00905292 0.02822240 0.08640128
v 0.00905292 0.02822240 0.08613371
v 0.00905292 0.02971095 0.08636827
v 0.00902564 0.02971095 0.08636653
v 0.00782331 0.02822240 0.08631615
v 0.00904513 0.02822240 0.08524931
v 0.00905292 0.02848278 0.08523367
v 0.00905292 0.02973653 0.08636653
v 0.00905292 0.03091352 0.08626749
v 0.00782331 0.02971095 0.08625533
v 0.00782331 0.02850837 0.08630572
v 0.00753880 0.02822240 0.08628140
v 0.00905292 0.04359852 0.07962668
v -0.01085480 0.02822240 0.07605781
v -0.01085480 0.04359852 0.06865075
v 0.00905292 0.03211459 0.08603119
v 0.00902564 0.03091352 0.08626402
v 0.00782331 0.03091352 0.08610070
v 0.00662097 0.02971095 0.08602945
v 0.00662097 0.02850837 0.08612676
v 0.00662097 0.02822240 0.08614413
v 0.00905292 0.04359852 0.08127385
v -0.01085480 0.02822240 0.07773452
v -0.01085480 0.04359852 0.07119448
v 0.00905292 0.03329158 0.08575145
v 0.00812925 0.03291531 0.08570801
v 0.00776679 0.03218684 0.08581574
v 0.00690938 0.03183464 0.08572886
v 0.00655277 0.03097523 0.08582964
v 0.00576160 0.03061551 0.08572017
v 0.00538356 0.02962516 0.08575493
v 0.00479701 0.02916459 0.08566457
v 0.00541863 0.02850837 0.08586091
v 0.00633646 0.02822240 0.08608332
v 0.00905292 0.04302357 0.08169086
v 0.00902564 0.04359852 0.08127211
v -0.01036763 0.02822240 0.07811156
v -0.01035009 0.02850837 0.07809766
v -0.01085480 0.02850837 0.07770672
v -0.01085480 0.04350220 0.07128657
v -0.01083142 0.04355939 0.07126224
v -0.01076126 0.04359852 0.07129873
v 0.00905292 0.03692039 0.08480450
v 0.00902564 0.03692039 0.08480102
v 0.00782331 0.03572383 0.08492091
v 0.00656641 0.03579005 0.08465681
v 0.00534069 0.03460253 0.08468808
v 0.00541863 0.03331717 0.08501995
v 0.00414030 0.03338942 0.08468808
v 0.00421630 0.03211459 0.08498173
v 0.00301591 0.03091352 0.08488095
v 0.00468983 0.02850837 0.08569238
v 0.00172394 0.02976362 0.08465855
v 0.00181357 0.02850837 0.08482361
v 0.00541863 0.02822240 0.08588003
v 0.00464891 0.02822240 0.08570280
v 0.00905292 0.04242154 0.08211481
v 0.00835530 0.04235079 0.08206616
v 0.00783500 0.04359852 0.08108272
v -0.00976549 0.02822240 0.07856332
v -0.00974990 0.02850837 0.07855116
v -0.00967975 0.02944304 0.07850076
v -0.01085480 0.02972600 0.07754166
v -0.01085480 0.04293176 0.07180088
v -0.00966805 0.04359852 0.07249762
v 0.00905292 0.03774066 0.08454909
v 0.00902564 0.03773766 0.08454735
v 0.00825981 0.03759467 0.08448827
v 0.00784474 0.03694898 0.08459947
v 0.00692886 0.03656669 0.08452476
v 0.00568950 0.03543334 0.08454387
v 0.00448911 0.03425485 0.08455430
v 0.00336862 0.03303572 0.08454040
v 0.00298668 0.03209202 0.08462901
v 0.00207470 0.03091352 0.08457341
v 0.00126405 0.03019709 0.08440487
v 0.00111400 0.02939638 0.08449869
v 0.00101656 0.02850837 0.08454040
v 0.00181357 0.02822240 0.08484272
v 0.00905292 0.04174876 0.08249186
v 0.00902564 0.04241852 0.08211308
v 0.00790125 0.04179391 0.08231463
v 0.00902564 0.04015635 0.08337452
v 0.00697563 0.04359852 0.08091766
v 0.00662097 0.04206784 0.08186635
v 0.00662097 0.04146579 0.08224860
v -0.00770184 0.02822240 0.07998113
v -0.00768625 0.02850837 0.07996897
v -0.00757712 0.02971095 0.07989426
v -0.00801167 0.03091352 0.07938864
v -0.00888858 0.03091352 0.07878746
v -0.00959011 0.03024375 0.07842084
v -0.01085480 0.03066819 0.07735574
v -0.01085480 0.04227554 0.07238295
v -0.01079049 0.04231317 0.07242117
v -0.01053912 0.04293176 0.07214491
v -0.00987267 0.04281286 0.07295459
v -0.00960765 0.04233273 0.07364091
v -0.00922960 0.04313646 0.07330036
v -0.00842674 0.04355789 0.07366176
v -0.00846572 0.04359852 0.07358705
v 0.00905292 0.04015936 0.08337626
v 0.00811366 0.04002993 0.08330849
v 0.00775705 0.03942789 0.08354827
v 0.00662097 0.03913439 0.08345792
v 0.00571483 0.03890110 0.08334150
v 0.00535628 0.03820875 0.08354306
v 0.00421630 0.03781592 0.08338147
v 0.00421630 0.03692039 0.08367511
v 0.00356154 0.03757360 0.08327722
v 0.00328678 0.03692039 0.08338147
v 0.00173758 0.03458597 0.08353089
v 0.00099903 0.03423077 0.08335193
v 0.00060344 0.03325697 0.08345792
v 0.00231244 0.03167661 0.08449174
v 0.00061124 0.03211459 0.08371855
v -0.00021695 0.03211459 0.08336236
v -0.00061643 0.03082472 0.08345270
v -0.00134524 0.02971095 0.08332934
v -0.00140565 0.02928952 0.08335540
v -0.00140565 0.02865135 0.08343533
v -0.00140565 0.02850837 0.08345097
v 0.00099513 0.02822240 0.08455082
v 0.00542058 0.04359852 0.08049023
v 0.00541863 0.04333061 0.08068831
v 0.00541863 0.04273008 0.08112964
v 0.00573822 0.04127465 0.08213566
v 0.00731080 0.03989597 0.08321119
v -0.00677426 0.02822240 0.08058232
v -0.00675478 0.02850837 0.08057016
v -0.00741148 0.03091352 0.07978306
v -0.00607469 0.02937531 0.08089507
v -0.00727702 0.03177444 0.07969618
v -0.00871125 0.03211459 0.07866583
v -0.00931339 0.03211459 0.07822798
v -0.01051963 0.03331717 0.07699433
v -0.01085480 0.03289273 0.07681016
v -0.00991943 0.03331717 0.07749995
v -0.01085480 0.04214761 0.07248894
v -0.00950047 0.04097965 0.07474945
v -0.00906007 0.04181197 0.07451489
v -0.00834295 0.04226651 0.07478942
v -0.01050599 0.04183906 0.07310402
v -0.00984149 0.04173069 0.07387374
v -0.00788501 0.04302357 0.07455659
v -0.00714451 0.04348263 0.07479810
v -0.00833516 0.04359852 0.07369999
v -0.00839946 0.04359852 0.07364613
v 0.00421630 0.04023613 0.08221559
v 0.00350893 0.04000735 0.08209396
v 0.00307047 0.03931500 0.08227640
v 0.00219357 0.03890411 0.08214262
v 0.00179993 0.03815005 0.08232679
v 0.00096005 0.03776926 0.08216346
v 0.00058006 0.03692039 0.08230247
v 0.00208834 0.03549957 0.08337800
v -0.00012341 0.03651853 0.08211655
v -0.00258850 0.03661937 0.08094199
v -0.00005131 0.03281898 0.08328417
v -0.00121468 0.03036567 0.08326679
v -0.00473399 0.03088041 0.08134683
v -0.00522506 0.03091352 0.08108620
v -0.00140565 0.02971095 0.08329806
v -0.00514517 0.02973804 0.08134683
v -0.00140565 0.02822240 0.08347008
v -0.00615263 0.02850837 0.08094372
v -0.00559726 0.02822240 0.08125995
v 0.00418122 0.04359852 0.08014099
v 0.00442870 0.04251937 0.08098021
v 0.00362780 0.04232671 0.08084295
v -0.00617212 0.02822240 0.08095415
v -0.00549398 0.02975008 0.08115396
v -0.00669437 0.03215072 0.07997419
v -0.00716010 0.03257817 0.07959193
v -0.00852418 0.03331717 0.07853204
v -0.00640986 0.03331717 0.07989774
v -0.00912437 0.03331717 0.07809766
v -0.01031891 0.03452125 0.07682058
v -0.01085480 0.03331717 0.07670243
v -0.00971872 0.03452125 0.07733662
v -0.01085480 0.04164641 0.07289204
v -0.01071839 0.04098266 0.07354883
v -0.01023902 0.04058080 0.07427163
v -0.00976159 0.04017743 0.07498576
v -0.00899381 0.04051306 0.07543577
v -0.00819680 0.04085021 0.07588579
v -0.00869761 0.04146278 0.07508306
v -0.00786942 0.04180143 0.07549659
v -0.00754009 0.04268192 0.07510564
v -0.00699836 0.04213857 0.07590664
v -0.00667098 0.04299648 0.07549138
v -0.00572003 0.04330804 0.07587710
v -0.00642545 0.04359852 0.07518036
v -0.00708605 0.04359852 0.07473208
v 0.00301591 0.04152901 0.08108620
v 0.00222085 0.04126561 0.08092982
v 0.00090744 0.04017291 0.08098195
v -0.00033777 0.03904108 0.08100627
v -0.00152452 0.03787312 0.08100280
v -0.00187138 0.03698059 0.08115222
v -0.00386878 0.03812447 0.07978827
v -0.00428580 0.03698811 0.07997766
v -0.00363689 0.03519554 0.08087249
v -0.00299187 0.03564707 0.08104450
v -0.00382396 0.03452125 0.08097152
v -0.00423513 0.03327653 0.08110358
v -0.00486456 0.03285059 0.08088465
v -0.00500486 0.03211459 0.08096110
v -0.00560700 0.03211459 0.08062054
v 0.00323416 0.04359852 0.07982650
v 0.00410327 0.04292574 0.08059101
v 0.00293796 0.04302809 0.08010450
v 0.00181357 0.04270299 0.07989774
v 0.00100487 0.04246669 0.07973788
v 0.00301591 0.04212955 0.08072654
v -0.00841310 0.03394480 0.07845212
v -0.00618771 0.03430452 0.07976221
v -0.00743487 0.03572383 0.07859633
v -0.00783045 0.03441439 0.07870579
v -0.01016692 0.03561095 0.07661382
v -0.01085480 0.03529187 0.07610820
v -0.01085480 0.03452125 0.07634797
v -0.00961154 0.03513534 0.07724975
v -0.01085480 0.04090289 0.07345500
v -0.01085480 0.04053263 0.07368435
v -0.01085480 0.04023763 0.07386332
v -0.00955698 0.03864674 0.07599352
v -0.00933093 0.03932554 0.07581282
v -0.01060927 0.03932554 0.07464173
v -0.01078855 0.03869791 0.07482417
v -0.01000907 0.03932554 0.07521163
v -0.00848715 0.04004949 0.07610820
v -0.00779927 0.04048146 0.07636883
v -0.00739589 0.04133937 0.07618291
v -0.00659888 0.04173671 0.07643485
v -0.00619745 0.04250883 0.07616901
v -0.00535173 0.04291822 0.07636535
v -0.00493276 0.04359852 0.07612036
v -0.00559141 0.04359852 0.07571378
v -0.00033582 0.04139205 0.07980043
v -0.00179149 0.04019699 0.07978653
v -0.00239753 0.03993210 0.07965101
v -0.00287690 0.03921567 0.07977090
v -0.00360960 0.03874156 0.07965622
v -0.00599089 0.03871447 0.07843474
v -0.00627345 0.03791225 0.07860328
v -0.00474569 0.03743363 0.07958672
v -0.00496978 0.03663140 0.07974136
v -0.00522116 0.03572383 0.07987515
v 0.00060929 0.04359852 0.07880657
v 0.00181357 0.04330352 0.07948247
v -0.00011562 0.04359852 0.07850424
v -0.00140565 0.04266837 0.07854420
v -0.00140565 0.04257957 0.07860154
v -0.00149918 0.04254194 0.07858417
v -0.00824747 0.03474401 0.07833396
v -0.00864694 0.03692039 0.07742003
v -0.00903278 0.03561095 0.07752601
v -0.00599089 0.03510373 0.07963363
v -0.00664565 0.03688878 0.07872664
v -0.00726728 0.03646735 0.07848860
v -0.00803506 0.03572383 0.07819323
v -0.00997205 0.03692039 0.07637404
v -0.01085480 0.03535959 0.07608561
v -0.00945370 0.03593304 0.07712812
v -0.01085480 0.03932554 0.07439326
v -0.00977913 0.03784602 0.07620028
v -0.00901914 0.03814704 0.07665726
v -0.00873074 0.03932554 0.07629585
v -0.01085480 0.03866029 0.07477725
v -0.01085480 0.03844806 0.07488672
v -0.00822408 0.03844656 0.07711596
v -0.00742317 0.03903807 0.07739744
v -0.00712892 0.03983727 0.07718199
v -0.00667683 0.04064250 0.07704298
v -0.00598894 0.04111812 0.07723237
v -0.00551152 0.04181347 0.07703604
v -0.00471646 0.04226952 0.07718372
v -0.00391555 0.04257656 0.07741308
v -0.00337771 0.04338028 0.07713681
v -0.00328807 0.04359852 0.07701171
v -0.00299382 0.04140559 0.07861371
v -0.00363299 0.04116176 0.07846428
v -0.00319843 0.03954077 0.07946335
v -0.00409872 0.04042727 0.07859633
v -0.00408508 0.03921567 0.07919056
v -0.00511399 0.03932554 0.07861371
v -0.00632801 0.04031439 0.07744609
v -0.00667683 0.03939327 0.07768934
v -0.00664565 0.03823584 0.07823319
v -0.00571418 0.03932554 0.07828705
v -0.00707436 0.03727108 0.07834960
v -0.00848131 0.03764735 0.07730014
v -0.00090678 0.04334266 0.07831833
v -0.00260798 0.04359852 0.07735227
v -0.00924909 0.03692039 0.07697348
v -0.01057419 0.03692039 0.07581977
v -0.01085480 0.03692039 0.07554871
v -0.01085480 0.03797095 0.07512476
v -0.00781486 0.03807630 0.07755034
v -0.00540824 0.04053865 0.07785093
v -0.00443390 0.04075990 0.07825751
v -0.00518609 0.04146579 0.07745825
v -0.00417472 0.04171564 0.07783529
v -0.00482753 0.03995618 0.07846080
v 0.02675064 0.04435949 0.07799776
v 0.02675064 0.03221435 0.08366986
v 0.02675064 0.04435949 0.07969818
v 0.02713479 0.04862852 0.07258559
v 0.02675064 0.03221435 0.08500347
v 0.03892609 0.04862852 0.06018958
v 0.04983621 0.03221757 0.06305113
v 0.04753365 0.03221435 0.06732403
v 0.02675064 0.04400119 0.07996296
v 0.02713479 0.04591800 0.07843016
v 0.02713479 0.04656550 0.07781801
v 0.02713479 0.04714874 0.07725201
v 0.02713479 0.04772876 0.07662286
v 0.02713479 0.04786051 0.07647711
v 0.02713479 0.04829915 0.07599128
v 0.02713479 0.04862852 0.07550302
v 0.02706997 0.03221435 0.08493788
v 0.02675064 0.03335190 0.08473869
v 0.03892609 0.04862852 0.06525924
v 0.04510145 0.04435949 0.06305113
v 0.04535595 0.04404457 0.06305113
v 0.04560806 0.04372966 0.06305113
v 0.04572811 0.04357541 0.06305113
v 0.04647242 0.04259371 0.06305113
v 0.04677734 0.04218882 0.06305113
v 0.04724073 0.04154614 0.06305113
v 0.04746163 0.04123122 0.06305113
v 0.04822755 0.04012259 0.06305113
v 0.04895985 0.03896897 0.06305113
v 0.04919995 0.03857693 0.06305113
v 0.04954089 0.03795192 0.06305113
v 0.04970656 0.03755506 0.06305113
v 0.04992265 0.03694612 0.06305113
v 0.05043646 0.03539886 0.06305113
v 0.05051329 0.03515464 0.06305113
v 0.05060933 0.03484454 0.06305113
v 0.05072698 0.03439627 0.06305113
v 0.05113755 0.03279598 0.06305113
v 0.05127681 0.03221757 0.06305113
v 0.04753365 0.03221435 0.06976291
v 0.02675064 0.04376500 0.08012086
v 0.02706757 0.04391443 0.07991195
v 0.02746853 0.04584088 0.07836457
v 0.02826566 0.04631807 0.07759695
v 0.02826566 0.04691898 0.07702610
v 0.02750695 0.04707644 0.07717914
v 0.02826566 0.04750222 0.07642610
v 0.02740371 0.04825577 0.07594026
v 0.02826566 0.04856586 0.07515322
v 0.02743732 0.04862852 0.07538399
v 0.02716121 0.03221435 0.08491359
v 0.02789351 0.03299200 0.08453221
v 0.02710839 0.03336315 0.08464881
v 0.02675064 0.03413919 0.08453221
v 0.03892609 0.04859157 0.06536612
v 0.03785524 0.04862852 0.06674831
v 0.03785044 0.04856426 0.06694265
v 0.03892609 0.04846624 0.06569406
v 0.04496219 0.04435949 0.06333534
v 0.04509184 0.04413776 0.06343008
v 0.04554803 0.04334244 0.06374587
v 0.04668370 0.04205386 0.06342522
v 0.04711829 0.04145134 0.06342522
v 0.04822274 0.04011456 0.06307299
v 0.04850366 0.03937547 0.06345194
v 0.04828036 0.03900914 0.06436774
v 0.04911111 0.03840983 0.06342279
v 0.04945205 0.03781214 0.06342279
v 0.04930319 0.03753257 0.06403008
v 0.04940163 0.03692523 0.06422685
v 0.04956730 0.03571216 0.06466167
v 0.05058532 0.03301610 0.06419284
v 0.05065495 0.03451999 0.06315072
v 0.05079901 0.03337601 0.06350539
v 0.05069337 0.03221757 0.06441389
v 0.04947366 0.03221757 0.06673617
v 0.04905109 0.03221757 0.06741876
v 0.04848685 0.03221757 0.06832484
v 0.04776415 0.03221757 0.06942768
v 0.04712789 0.03221435 0.07036048
v 0.02675064 0.04250052 0.08093463
v 0.02791992 0.04368467 0.07975405
v 0.02826566 0.04502788 0.07865850
v 0.02826566 0.04562879 0.07819939
v 0.02918284 0.04610920 0.07739533
v 0.02922366 0.04731102 0.07621719
v 0.02826566 0.04810313 0.07575322
v 0.02909641 0.04843090 0.07495888
v 0.03066906 0.04855783 0.07394349
v 0.02884911 0.04862852 0.07474755
v 0.02825366 0.04862852 0.07504633
v 0.02823685 0.03221435 0.08462452
v 0.02953339 0.03456979 0.08351197
v 0.02917564 0.03548562 0.08336864
v 0.02836891 0.03582303 0.08354354
v 0.02768703 0.03754221 0.08326176
v 0.02706517 0.03692523 0.08363099
v 0.02675064 0.03692523 0.08371115
v 0.03876282 0.04850963 0.06582766
v 0.03770638 0.04862852 0.06695479
v 0.03700289 0.04862852 0.06789731
v 0.03665474 0.04862852 0.06836128
v 0.03632821 0.04849356 0.06916047
v 0.03743026 0.04843732 0.06782686
v 0.03852512 0.04836984 0.06648354
v 0.03892609 0.04824291 0.06617018
v 0.04480852 0.04435949 0.06363170
v 0.04469328 0.04379393 0.06462523
v 0.04585536 0.04254230 0.06429729
v 0.04694061 0.04119748 0.06410782
v 0.04800425 0.03981089 0.06387462
v 0.04699103 0.04006635 0.06538799
v 0.04804747 0.03867333 0.06516693
v 0.04868854 0.03810456 0.06460094
v 0.04828997 0.03787640 0.06555560
v 0.04802826 0.03741046 0.06635722
v 0.04845084 0.03697504 0.06590540
v 0.04819873 0.03661032 0.06659285
v 0.04935601 0.03530406 0.06533454
v 0.04947366 0.03451999 0.06555560
v 0.04937042 0.03298236 0.06655641
v 0.04836440 0.03331656 0.06803577
v 0.04699824 0.03304824 0.07017586
v 0.04662368 0.03221435 0.07102607
v 0.02675064 0.04246678 0.08095405
v 0.02826806 0.04142724 0.08102693
v 0.02947097 0.04257925 0.07980506
v 0.02900757 0.04482222 0.07851032
v 0.02896435 0.04119748 0.08088847
v 0.02949497 0.04535565 0.07785687
v 0.02998478 0.04588908 0.07719128
v 0.03066906 0.04634217 0.07641638
v 0.03002559 0.04711339 0.07601557
v 0.03066906 0.04748936 0.07524067
v 0.03066906 0.04809027 0.07454350
v 0.02955980 0.04778661 0.07548601
v 0.02989834 0.04826219 0.07474755
v 0.03142297 0.04841644 0.07373458
v 0.03182154 0.04862852 0.07306414
v 0.03066906 0.04862852 0.07380503
v 0.03007121 0.04862852 0.07412325
v 0.03067146 0.03221435 0.08369901
v 0.03067146 0.03325550 0.08343666
v 0.03027050 0.03420186 0.08333706
v 0.03069787 0.03692041 0.08229010
v 0.02795834 0.03692523 0.08335407
v 0.02706517 0.03775912 0.08335892
v 0.03031851 0.03774144 0.08215406
v 0.02944936 0.03813509 0.08230710
v 0.02903638 0.03885489 0.08211762
v 0.02847455 0.03912803 0.08218564
v 0.02815762 0.03928389 0.08222208
v 0.02768222 0.03993782 0.08205690
v 0.02706757 0.04014187 0.08216378
v 0.02675064 0.03787159 0.08340022
v 0.03582400 0.04862852 0.06938882
v 0.03712774 0.04823327 0.06862849
v 0.03542303 0.04862852 0.06986736
v 0.03521175 0.04851927 0.07041635
v 0.03601608 0.04828790 0.06995724
v 0.03823220 0.04816418 0.06728516
v 0.04424189 0.04435949 0.06462523
v 0.03892609 0.04778821 0.06702281
v 0.04450600 0.04355292 0.06525438
v 0.04426350 0.04323640 0.06605358
v 0.04456843 0.04243304 0.06655398
v 0.04560806 0.04222417 0.06509891
v 0.04628273 0.04171002 0.06460337
v 0.04670771 0.04086810 0.06490944
v 0.04632836 0.04057568 0.06588839
v 0.04674853 0.03971448 0.06618961
v 0.04701984 0.03891273 0.06662929
v 0.04676054 0.03850624 0.06743091
v 0.04699343 0.03770770 0.06777342
v 0.04715430 0.03692684 0.06800662
v 0.04753365 0.03636288 0.06774184
v 0.04835480 0.03572341 0.06684062
v 0.04821314 0.03428701 0.06780743
v 0.04717111 0.03451999 0.06924064
v 0.04685177 0.03385159 0.07000097
v 0.04576892 0.03413116 0.07132972
v 0.04590338 0.03331816 0.07149976
v 0.04600422 0.03221435 0.07181555
v 0.02675064 0.04177108 0.08135001
v 0.02815762 0.04041501 0.08162450
v 0.03010963 0.04235753 0.07966417
v 0.03039054 0.04375697 0.07859777
v 0.02980710 0.04456033 0.07832085
v 0.03066906 0.04507287 0.07750708
v 0.02848415 0.03965503 0.08190629
v 0.02940614 0.04049856 0.08107794
v 0.03026810 0.04008403 0.08093705
v 0.02976389 0.04088256 0.08071114
v 0.03143498 0.04125854 0.07972733
v 0.03057543 0.04168753 0.07986093
v 0.03066906 0.04567378 0.07701638
v 0.03153822 0.04610438 0.07619290
v 0.03066906 0.04694308 0.07584067
v 0.03153342 0.04728531 0.07499775
v 0.03187916 0.04774644 0.07424471
v 0.03222491 0.04820756 0.07345766
v 0.03276033 0.04848231 0.07265361
v 0.03185275 0.04862852 0.07304227
v 0.03151661 0.03221435 0.08336378
v 0.03133174 0.03281205 0.08328119
v 0.03167268 0.03572341 0.08224151
v 0.03155743 0.03606886 0.08218564
v 0.03140617 0.03651873 0.08211277
v 0.03112285 0.03668101 0.08218564
v 0.03082993 0.03704734 0.08218564
v 0.02675064 0.04025434 0.08220751
v 0.03111805 0.03732209 0.08194758
v 0.03275553 0.03781535 0.08099049
v 0.03155263 0.03896576 0.08098077
v 0.03670757 0.04804207 0.06950784
v 0.03736064 0.04720497 0.07013214
v 0.03762475 0.04740742 0.06943254
v 0.03794648 0.04779785 0.06831755
v 0.03475075 0.04862852 0.07060097
v 0.03485880 0.04832807 0.07122040
v 0.03405927 0.04852087 0.07154348
v 0.03555989 0.04813526 0.07074429
v 0.03623457 0.04726603 0.07139773
v 0.03665234 0.04746205 0.07057425
v 0.03892609 0.04757291 0.06740905
v 0.04365605 0.04435949 0.06558718
v 0.04382412 0.04405100 0.06571592
v 0.04346157 0.04374572 0.06668516
v 0.04565128 0.04108822 0.06638151
v 0.04590578 0.04142242 0.06558232
v 0.04388414 0.04292148 0.06702038
v 0.04430912 0.04208117 0.06735318
v 0.04594900 0.04028969 0.06682119
v 0.04635477 0.03941724 0.06712241
v 0.04595860 0.03911679 0.06801148
v 0.04566808 0.03869904 0.06881067
v 0.04633796 0.03820739 0.06829326
v 0.04591299 0.03790372 0.06914347
v 0.04561046 0.03734940 0.06994266
v 0.04701264 0.03544384 0.06900258
v 0.04577613 0.03654765 0.07014185
v 0.04807148 0.03509037 0.06761553
v 0.04796103 0.03572341 0.06744063
v 0.04673893 0.03451999 0.06983578
v 0.04540877 0.03331816 0.07209976
v 0.04557204 0.03237181 0.07229409
v 0.04593219 0.03572341 0.07034833
v 0.04464046 0.03692684 0.07141716
v 0.04448919 0.03511929 0.07243498
v 0.04577373 0.03221435 0.07210462
v 0.03091156 0.04206189 0.07947469
v 0.03065226 0.04291506 0.07903502
v 0.03187436 0.04261621 0.07863421
v 0.03252743 0.04237199 0.07847145
v 0.03275312 0.04374572 0.07739776
v 0.03141337 0.04483347 0.07731760
v 0.03223691 0.04092112 0.07952571
v 0.03298602 0.04167949 0.07867064
v 0.03187676 0.04534119 0.07664715
v 0.03234015 0.04584891 0.07595970
v 0.03193679 0.04658157 0.07548115
v 0.03233535 0.04706037 0.07475241
v 0.03307246 0.04736565 0.07389977
v 0.03372793 0.04717445 0.07367628
v 0.03312528 0.04799548 0.07304713
v 0.03355986 0.04826701 0.07234511
v 0.03300523 0.04862852 0.07215077
v 0.03398483 0.03221435 0.08220751
v 0.03393922 0.03237663 0.08218564
v 0.03311328 0.03330852 0.08230710
v 0.03275793 0.03426452 0.08218564
v 0.03271471 0.03433039 0.08218564
v 0.03247461 0.03512090 0.08204961
v 0.03312528 0.03693809 0.08113381
v 0.03355506 0.03734780 0.08075486
v 0.03509890 0.03778322 0.07977348
v 0.03393202 0.03896736 0.07978563
v 0.03269550 0.04012098 0.07975648
v 0.03703650 0.04692701 0.07093376
v 0.03782163 0.04648838 0.07055724
v 0.03859955 0.04604814 0.07018072
v 0.03892609 0.04619596 0.06954914
v 0.03892609 0.04633575 0.06934752
v 0.03822740 0.04690613 0.06943254
v 0.03846269 0.04711821 0.06880581
v 0.03876042 0.04736243 0.06800419
v 0.03424174 0.04862852 0.07109895
v 0.03543744 0.04750382 0.07181312
v 0.03500766 0.04723390 0.07255401
v 0.03349984 0.04862852 0.07175725
v 0.03580959 0.04694148 0.07219693
v 0.03631140 0.04614133 0.07266818
v 0.03667395 0.04653337 0.07182769
v 0.03748069 0.04612527 0.07145846
v 0.03892609 0.04729495 0.06789488
v 0.04339194 0.04435949 0.06600256
v 0.04292374 0.04435949 0.06669002
v 0.04318305 0.04340671 0.06748678
v 0.04350719 0.04260496 0.06794832
v 0.04322627 0.04225148 0.06874752
v 0.04391536 0.04176465 0.06826654
v 0.04459724 0.04127942 0.06778800
v 0.04568009 0.03991854 0.06762281
v 0.04460444 0.04009045 0.06899529
v 0.04431872 0.03967432 0.06979449
v 0.04459003 0.03887257 0.07017100
v 0.04428991 0.03836967 0.07097020
v 0.04451320 0.03757274 0.07126413
v 0.04463085 0.03431754 0.07259531
v 0.04480852 0.03331816 0.07279207
v 0.04534395 0.03221435 0.07261231
v 0.04414345 0.03692684 0.07201960
v 0.04354320 0.03692684 0.07272648
v 0.04301498 0.03692684 0.07332649
v 0.04318065 0.03603351 0.07351839
v 0.04332951 0.03523015 0.07367871
v 0.03380476 0.04124407 0.07851761
v 0.03332696 0.04204582 0.07825283
v 0.03304124 0.04290381 0.07782529
v 0.03403286 0.04263227 0.07745363
v 0.03355026 0.04343402 0.07716213
v 0.03312288 0.04414258 0.07688035
v 0.03221530 0.04454908 0.07710141
v 0.03307246 0.04498450 0.07624877
v 0.03307246 0.04558541 0.07572407
v 0.03375914 0.04599994 0.07489816
v 0.03307246 0.04622488 0.07512407
v 0.03370152 0.04475795 0.07605929
v 0.03307246 0.04682579 0.07450220
v 0.03414330 0.04644982 0.07414025
v 0.03508449 0.04609956 0.07380260
v 0.03452986 0.04689970 0.07335321
v 0.03402806 0.03221435 0.08218564
v 0.03352145 0.03305948 0.08218564
v 0.03509650 0.03430951 0.08097592
v 0.03378315 0.03290042 0.08210548
v 0.03407607 0.03572341 0.08105851
v 0.03381677 0.03654605 0.08092248
v 0.03549266 0.03685454 0.07989737
v 0.03590083 0.03720801 0.07953057
v 0.03664514 0.03803065 0.07868522
v 0.03622016 0.03888381 0.07853704
v 0.03473395 0.03858015 0.07954757
v 0.03502927 0.04007117 0.07853218
v 0.03828262 0.04573805 0.07098477
v 0.03892609 0.04588908 0.06997424
v 0.04266924 0.04435949 0.06703982
v 0.03892609 0.04692541 0.06848031
v 0.03544704 0.04652052 0.07301070
v 0.03588402 0.04577982 0.07346738
v 0.03672437 0.04537975 0.07308114
v 0.03711093 0.04577982 0.07225766
v 0.03790326 0.04535886 0.07185927
v 0.03867878 0.04493630 0.07145846
v 0.04208099 0.04352560 0.06882525
v 0.04280369 0.04306609 0.06838557
v 0.04236191 0.04265316 0.06943254
v 0.04211701 0.04236556 0.07007384
v 0.04299337 0.04180160 0.06951270
v 0.04322867 0.04105448 0.06996210
v 0.04352399 0.04144973 0.06916290
v 0.04432353 0.04089060 0.06858962
v 0.04392016 0.04057086 0.06948112
v 0.04351679 0.04025434 0.07034105
v 0.04321667 0.03982374 0.07114267
v 0.04348798 0.03902199 0.07147303
v 0.04314944 0.03849499 0.07227466
v 0.04383612 0.03803547 0.07176939
v 0.04338233 0.03769646 0.07254430
v 0.04426590 0.03331816 0.07339450
v 0.04502221 0.03221435 0.07297183
v 0.04440996 0.03248749 0.07355240
v 0.04222986 0.03777840 0.07379289
v 0.04241233 0.03692684 0.07398722
v 0.04185530 0.03692684 0.07458722
v 0.04345436 0.03451999 0.07381232
v 0.04125505 0.03692684 0.07521880
v 0.04214582 0.03528478 0.07489816
v 0.03460670 0.04087292 0.07828441
v 0.03547826 0.04139992 0.07742205
v 0.03432098 0.04176786 0.07786659
v 0.03483239 0.04229165 0.07720100
v 0.03499325 0.04363004 0.07612002
v 0.03413130 0.04522390 0.07534026
v 0.03506048 0.04488970 0.07497832
v 0.03456107 0.04569145 0.07460180
v 0.03450105 0.04443340 0.07577994
v 0.03547345 0.04533476 0.07423742
v 0.03469313 0.03221435 0.08181641
v 0.03548786 0.03322497 0.08108280
v 0.03609771 0.03276063 0.08086175
v 0.03589603 0.03356399 0.08072814
v 0.03611932 0.03640626 0.07967389
v 0.03487080 0.03511125 0.08083746
v 0.03467632 0.03572341 0.08073543
v 0.03730781 0.03756792 0.07846174
v 0.03702210 0.03836645 0.07826740
v 0.03757673 0.03909911 0.07746821
v 0.03673878 0.03939154 0.07788117
v 0.03636182 0.04052748 0.07743177
v 0.03583120 0.03968556 0.07829412
v 0.03892609 0.04536368 0.07064226
v 0.03892609 0.04480937 0.07131271
v 0.04107018 0.04435949 0.06913861
v 0.04188171 0.04435949 0.06807950
v 0.03634021 0.04497968 0.07387062
v 0.03713974 0.04459728 0.07349653
v 0.03752390 0.04497807 0.07269491
v 0.03832584 0.04456997 0.07226009
v 0.04096934 0.04362522 0.07013943
v 0.04138470 0.04281383 0.07050866
v 0.04099814 0.04246036 0.07136858
v 0.04180008 0.04197513 0.07087546
v 0.04212181 0.04117338 0.07127384
v 0.04299097 0.04060460 0.07069813
v 0.04235951 0.04052748 0.07154834
v 0.04091891 0.03997317 0.07367386
v 0.04278209 0.03946063 0.07194429
v 0.04234991 0.03909911 0.07273377
v 0.04199456 0.03857693 0.07353539
v 0.04269085 0.03813830 0.07303985
v 0.04479172 0.03221435 0.07322932
v 0.04288053 0.03451999 0.07441232
v 0.04366565 0.03331816 0.07402851
v 0.04386734 0.03221435 0.07421556
v 0.04403540 0.03221435 0.07403823
v 0.04152877 0.03820739 0.07428358
v 0.04106057 0.03783463 0.07502447
v 0.04065961 0.03692684 0.07581638
v 0.04168483 0.03451999 0.07563662
v 0.04228028 0.03451999 0.07503662
v 0.03544944 0.04049374 0.07801720
v 0.03607851 0.04112839 0.07723987
v 0.03622737 0.04247642 0.07615160
v 0.03579279 0.04327817 0.07583581
v 0.03542784 0.04409277 0.07540828
v 0.03530538 0.04436110 0.07526496
v 0.03470034 0.04436110 0.07569978
v 0.03586242 0.04455551 0.07466981
v 0.03547826 0.03221435 0.08136945
v 0.03682041 0.03221435 0.08053624
v 0.03730541 0.03397531 0.07966417
v 0.03628499 0.03572341 0.07978563
v 0.03622256 0.03221435 0.08094191
v 0.03745188 0.03692684 0.07857105
v 0.03805453 0.03692684 0.07811436
v 0.03861876 0.03776394 0.07735890
v 0.03784324 0.03806760 0.07781315
v 0.03837866 0.03856247 0.07715484
v 0.03855633 0.04002940 0.07610545
v 0.03725739 0.03990086 0.07721558
v 0.03973762 0.04435949 0.07083417
v 0.04071002 0.04435949 0.06960015
v 0.03892609 0.04437716 0.07177911
v 0.03984327 0.04371359 0.07142688
v 0.03690925 0.04435949 0.07393863
v 0.03631380 0.04375215 0.07503419
v 0.03711573 0.04336975 0.07468925
v 0.03753111 0.04379393 0.07389005
v 0.03758873 0.04435949 0.07326576
v 0.03783844 0.04435949 0.07300098
v 0.03869799 0.04435949 0.07205847
v 0.03811215 0.04435949 0.07270705
v 0.03869559 0.04376500 0.07267790
v 0.04064760 0.04326210 0.07093862
v 0.04006176 0.04299539 0.07190543
v 0.04006416 0.04272064 0.07217992
v 0.03984567 0.04251980 0.07262932
v 0.03949512 0.04210848 0.07342851
v 0.04065000 0.04204100 0.07216778
v 0.04097174 0.04123925 0.07253944
v 0.04062359 0.04077331 0.07333863
v 0.04114221 0.03932566 0.07391677
v 0.03981926 0.04130834 0.07380017
v 0.03946391 0.04082954 0.07459937
v 0.03975203 0.04002940 0.07492002
v 0.04059478 0.03932566 0.07451921
v 0.04082527 0.03863477 0.07477427
v 0.04321907 0.03253569 0.07476941
v 0.04279889 0.03221435 0.07530868
v 0.03963198 0.03864763 0.07599371
v 0.03986007 0.03784909 0.07620747
v 0.04006176 0.03761612 0.07611274
v 0.04022263 0.03743295 0.07603257
v 0.04043391 0.03692684 0.07603257
v 0.04105337 0.03518195 0.07603257
v 0.04128386 0.03451999 0.07603257
v 0.04149515 0.03390622 0.07603257
v 0.04202337 0.03254212 0.07597427
v 0.03696207 0.04052748 0.07700667
v 0.03743266 0.04128103 0.07615160
v 0.03655390 0.04160558 0.07655241
v 0.03702930 0.04208117 0.07584310
v 0.03667155 0.04292148 0.07543986
v 0.03567994 0.04436110 0.07498075
v 0.03689484 0.03221435 0.08048523
v 0.03743987 0.03331816 0.07976377
v 0.03804012 0.03331816 0.07929494
v 0.03787925 0.03451356 0.07903987
v 0.03860675 0.03424845 0.07854918
v 0.03879883 0.03692684 0.07751193
v 0.03939428 0.03692684 0.07699209
v 0.03912296 0.03820739 0.07667873
v 0.03880363 0.03932566 0.07632650
v 0.03939908 0.03932566 0.07576294
v 0.03901252 0.04042947 0.07537427
v 0.03823460 0.04082954 0.07583581
v 0.03892609 0.04436110 0.07179612
v 0.03949272 0.04331994 0.07222850
v 0.03750950 0.04256961 0.07504390
v 0.03831143 0.04214865 0.07466981
v 0.03869799 0.04256961 0.07387062
v 0.03833064 0.04336975 0.07347709
v 0.03792727 0.04417954 0.07308843
v 0.03909416 0.04294558 0.07305442
v 0.03907975 0.04172930 0.07423256
v 0.04006176 0.03976911 0.07477427
v 0.03866678 0.04134851 0.07503419
v 0.03999213 0.03932566 0.07516536
v 0.04255879 0.03221435 0.07554917
v 0.04006176 0.03691881 0.07638480
v 0.04006176 0.03488150 0.07706254
v 0.04197535 0.03250356 0.07603257
v 0.04006176 0.03451999 0.07717914
v 0.04206419 0.03221435 0.07603257
v 0.03787205 0.04171484 0.07543986
v 0.03765596 0.03221435 0.07993381
v 0.03831624 0.03221435 0.07940182
v 0.03877722 0.03331816 0.07869493
v 0.03937267 0.03331816 0.07817510
v 0.03984087 0.03451999 0.07738319
v 0.03971361 0.03521408 0.07727144
v 0.04006176 0.03330852 0.07756780
v 0.04006176 0.03224649 0.07789817
v 0.04006176 0.03221435 0.07790546
v 0.03906535 0.03221435 0.07877267
v 0.03954794 0.03234128 0.07832813
v 0.03980485 0.03221435 0.07813380
v 0.03938708 0.03221435 0.07850060
f 1 2 3
f 1 3 4
f 1 4 5
f 1 5 6
f 1 6 7
f 1 7 22
f 1 22 41
f 1 41 68
f 1 68 103
f 1 103 142
f 1 142 170
f 1 170 225
f 1 225 227
f 1 227 171
f 1 171 144
f 1 144 143
f 1 143 113
f 1 113 104
f 1 104 69
f 1 69 42
f 1 42 23
f 1 23 8
f 1 8 2
f 2 9 3
f 2 8 10
f 2 10 11
f 2 11 9
f 3 9 12
f 3 12 4
f 4 12 5
f 5 13 6
f 5 12 14
f 5 14 15
f 5 15 16
f 5 16 30
f 5 30 13
f 6 13 17
f 6 17 18
f 6 18 19
f 6 19 20
f 6 20 39
f 6 39 65
f 6 65 66
f 6 66 101
f 6 101 100
f 6 100 140
f 6 140 168
f 6 168 167
f 6 167 223
f 6 223 177
f 6 177 226
f 6 226 231
f 6 231 230
f 6 230 229
f 6 229 228
f 6 228 263
f 6 263 224
f 6 224 169
f 6 169 141
f 6 141 102
f 6 102 67
f 6 67 40
f 6 40 21
f 6 21 7
f 7 21 22
f 8 23 10
f 9 11 24
f 9 24 12
f 10 23 25
f 10 25 26
f 10 26 27
f 10 27 11
f 11 27 24
f 12 24 28
f 12 28 29
f 12 29 14
f 13 30 17
f 14 29 31
f 14 31 15
f 15 31 16
f 16 31 32
f 16 32 30
f 17 33 34
f 17 34 18
f 17 30 33
f 18 34 35
f 18 35 19
f 19 36 37
f 19 37 38
f 19 38 39
f 19 39 20
f 19 35 36
f 21 40 41
f 21 41 22
f 23 42 25
f 24 27 43
f 24 43 44
f 24 44 28
f 25 42 45
f 25 45 26
f 26 45 46
f 26 46 47
f 26 47 48
f 26 48 43
f 26 43 27
f 28 44 49
f 28 49 29
f 29 49 50
f 29 50 31
f 30 51 33
f 30 32 52
f 30 52 51
f 31 50 53
f 31 53 54
f 31 54 32
f 32 54 52
f 33 55 56
f 33 56 34
f 33 51 55
f 34 56 57
f 34 57 58
f 34 58 59
f 34 59 60
f 34 60 35
f 35 60 61
f 35 61 62
f 35 62 36
f 36 62 63
f 36 63 37
f 37 63 64
f 37 64 38
f 38 65 39
f 38 64 66
f 38 66 65
f 40 67 41
f 41 67 68
f 42 69 45
f 43 48 70
f 43 70 71
f 43 71 44
f 44 71 49
f 45 72 46
f 45 69 73
f 45 73 72
f 46 72 47
f 47 72 48
f 48 72 74
f 48 74 70
f 49 71 50
f 50 71 75
f 50 75 53
f 51 76 55
f 51 52 77
f 51 77 76
f 52 54 77
f 53 75 78
f 53 78 79
f 53 79 54
f 54 80 77
f 54 79 81
f 54 81 80
f 55 82 57
f 55 57 56
f 55 76 83
f 55 83 82
f 57 82 84
f 57 84 85
f 57 85 58
f 58 85 86
f 58 86 87
f 58 87 59
f 59 88 60
f 59 87 89
f 59 89 90
f 59 90 88
f 60 88 61
f 61 88 91
f 61 91 62
f 62 91 92
f 62 92 63
f 63 92 64
f 64 93 66
f 64 92 94
f 64 94 95
f 64 95 96
f 64 96 97
f 64 97 98
f 64 98 99
f 64 99 100
f 64 100 93
f 66 93 101
f 67 102 68
f 68 102 103
f 69 104 73
f 70 74 105
f 70 105 106
f 70 106 71
f 71 106 107
f 71 107 108
f 71 108 109
f 71 109 75
f 72 73 110
f 72 110 111
f 72 111 105
f 72 105 112
f 72 112 74
f 73 113 110
f 73 104 113
f 74 112 105
f 75 109 78
f 76 77 83
f 77 80 114
f 77 114 83
f 78 109 79
f 79 109 81
f 80 115 116
f 80 116 114
f 80 81 117
f 80 117 115
f 81 109 118
f 81 118 117
f 82 83 119
f 82 119 120
f 82 120 84
f 83 114 116
f 83 116 119
f 84 120 121
f 84 121 122
f 84 122 85
f 85 122 123
f 85 123 124
f 85 124 86
f 86 124 123
f 86 123 125
f 86 125 126
f 86 126 87
f 87 126 127
f 87 127 89
f 88 90 128
f 88 128 91
f 89 127 129
f 89 129 130
f 89 130 90
f 90 130 128
f 91 128 94
f 91 94 92
f 93 100 101
f 94 131 95
f 94 128 131
f 95 131 132
f 95 132 133
f 95 133 134
f 95 134 135
f 95 135 136
f 95 136 96
f 96 136 97
f 97 136 98
f 98 136 137
f 98 137 138
f 98 138 139
f 98 139 99
f 99 139 140
f 99 140 100
f 102 141 103
f 103 141 142
f 105 111 110
f 105 110 144
f 105 144 171
f 105 171 176
f 105 176 148
f 105 148 118
f 105 118 109
f 105 109 108
f 105 108 107
f 105 107 106
f 110 143 144
f 110 113 143
f 115 145 146
f 115 146 116
f 115 117 147
f 115 147 145
f 116 146 119
f 117 118 147
f 118 148 147
f 119 146 149
f 119 149 120
f 120 149 121
f 121 123 122
f 121 149 150
f 121 150 151
f 121 151 152
f 121 152 123
f 123 152 125
f 125 152 153
f 125 153 154
f 125 154 155
f 125 155 126
f 126 155 156
f 126 156 127
f 127 156 129
f 128 130 131
f 129 156 131
f 129 131 130
f 131 156 157
f 131 157 158
f 131 158 159
f 131 159 132
f 132 159 133
f 133 160 161
f 133 161 134
f 133 159 160
f 134 161 162
f 134 162 135
f 135 162 163
f 135 163 136
f 136 163 164
f 136 164 137
f 137 164 138
f 138 164 222
f 138 222 165
f 138 165 139
f 139 165 166
f 139 166 167
f 139 167 168
f 139 168 140
f 141 169 170
f 141 170 142
f 145 172 173
f 145 173 174
f 145 174 146
f 145 147 172
f 146 174 149
f 147 148 175
f 147 175 172
f 148 176 177
f 148 177 178
f 148 178 179
f 148 179 180
f 148 180 181
f 148 181 182
f 148 182 183
f 148 183 184
f 148 184 185
f 148 185 186
f 148 186 187
f 148 187 188
f 148 188 189
f 148 189 190
f 148 190 191
f 148 191 192
f 148 192 193
f 148 193 194
f 148 194 195
f 148 195 196
f 148 196 197
f 148 197 198
f 148 198 199
f 148 199 200
f 148 200 201
f 148 201 202
f 148 202 203
f 148 203 204
f 148 204 205
f 148 205 206
f 148 206 175
f 149 174 207
f 149 207 150
f 150 207 151
f 151 207 208
f 151 208 209
f 151 209 210
f 151 210 153
f 151 153 152
f 153 210 211
f 153 211 212
f 153 212 154
f 154 212 213
f 154 213 155
f 155 214 156
f 155 213 215
f 155 215 214
f 156 214 216
f 156 216 157
f 157 216 217
f 157 217 218
f 157 218 158
f 158 218 219
f 158 219 160
f 158 160 159
f 160 219 220
f 160 220 221
f 160 221 161
f 161 221 187
f 161 187 186
f 161 186 162
f 162 186 185
f 162 185 163
f 163 185 184
f 163 184 164
f 164 184 183
f 164 183 182
f 164 182 181
f 164 181 180
f 164 180 179
f 164 179 178
f 164 178 222
f 165 222 166
f 166 222 223
f 166 223 167
f 169 224 225
f 169 225 170
f 171 226 177
f 171 177 176
f 171 227 228
f 171 228 229
f 171 229 230
f 171 230 231
f 171 231 226
f 172 232 207
f 172 207 173
f 172 175 233
f 172 233 232
f 173 207 174
f 175 206 234
f 175 234 233
f 177 223 178
f 178 223 222
f 187 221 235
f 187 235 188
f 188 235 236
f 188 236 189
f 189 236 237
f 189 237 190
f 190 237 191
f 191 237 238
f 191 238 239
f 191 239 240
f 191 240 192
f 192 240 193
f 193 240 194
f 194 240 195
f 195 240 196
f 196 240 241
f 196 241 197
f 197 241 198
f 198 241 242
f 198 242 199
f 199 242 200
f 200 242 243
f 200 243 244
f 200 244 201
f 201 244 245
f 201 245 203
f 201 203 202
f 203 245 246
f 203 246 247
f 203 247 205
f 203 205 204
f 205 248 249
f 205 249 234
f 205 234 206
f 205 247 248
f 207 232 250
f 207 250 251
f 207 251 252
f 207 252 208
f 208 252 253
f 208 253 209
f 209 253 254
f 209 254 255
f 209 255 210
f 210 255 256
f 210 256 211
f 211 256 212
f 212 256 257
f 212 257 213
f 213 257 258
f 213 258 215
f 214 215 259
f 214 259 217
f 214 217 216
f 215 258 260
f 215 260 239
f 215 239 259
f 217 259 261
f 217 261 262
f 217 262 218
f 218 262 220
f 218 220 219
f 220 262 236
f 220 236 235
f 220 235 221
f 224 263 225
f 225 263 228
f 225 228 227
f 232 233 264
f 232 264 250
f 233 234 264
f 234 249 264
f 236 262 261
f 236 261 237
f 237 261 265
f 237 265 238
f 238 265 239
f 239 260 241
f 239 241 240
f 239 265 259
f 241 266 242
f 241 260 266
f 242 266 243
f 243 266 267
f 243 267 244
f 244 267 268
f 244 268 246
f 244 246 245
f 246 268 269
f 246 269 270
f 246 270 247
f 247 270 248
f 248 271 249
f 248 270 272
f 248 272 253
f 248 253 252
f 248 252 251
f 248 251 271
f 249 271 264
f 250 264 271
f 250 271 251
f 253 272 254
f 254 272 270
f 254 270 269
f 254 269 268
f 254 268 255
f 255 268 273
f 255 273 256
f 256 273 274
f 256 274 257
f 257 274 258
f 258 274 260
f 259 265 261
f 260 275 266
f 260 274 275
f 266 275 267
f 267 275 273
f 267 273 268
f 273 275 274
f 276 277 280
f 276 280 294
f 276 294 293
f 276 293 292
f 276 292 291
f 276 291 290
f 276 290 289
f 276 289 299
f 276 299 281
f 276 281 278
f 276 278 283
f 276 283 302
f 276 302 330
f 276 330 353
f 276 353 352
f 276 352 376
f 276 376 375
f 276 375 374
f 276 374 373
f 276 373 397
f 276 397 396
f 276 396 415
f 276 415 429
f 276 429 438
f 276 438 435
f 276 435 426
f 276 426 411
f 276 411 388
f 276 388 364
f 276 364 340
f 276 340 312
f 276 312 295
f 276 295 279
f 276 279 277
f 277 279 280
f 278 281 282
f 278 282 283
f 279 284 285
f 279 285 286
f 279 286 287
f 279 287 288
f 279 288 289
f 279 289 290
f 279 290 291
f 279 291 292
f 279 292 293
f 279 293 294
f 279 294 280
f 279 295 296
f 279 296 297
f 279 297 298
f 279 298 284
f 281 299 300
f 281 300 282
f 282 300 328
f 282 328 350
f 282 350 370
f 282 370 391
f 282 391 394
f 282 394 413
f 282 413 421
f 282 421 423
f 282 423 434
f 282 434 432
f 282 432 430
f 282 430 418
f 282 418 431
f 282 431 436
f 282 436 437
f 282 437 428
f 282 428 427
f 282 427 416
f 282 416 414
f 282 414 395
f 282 395 372
f 282 372 351
f 282 351 329
f 282 329 301
f 282 301 302
f 282 302 283
f 284 298 303
f 284 303 304
f 284 304 285
f 285 304 286
f 286 304 305
f 286 305 306
f 286 306 287
f 287 307 288
f 287 306 308
f 287 308 307
f 288 307 309
f 288 309 310
f 288 310 311
f 288 311 289
f 289 311 310
f 289 310 299
f 295 312 313
f 295 313 314
f 295 314 296
f 296 314 313
f 296 313 297
f 297 313 315
f 297 315 298
f 298 315 303
f 299 310 316
f 299 316 317
f 299 317 318
f 299 318 319
f 299 319 320
f 299 320 321
f 299 321 322
f 299 322 323
f 299 323 324
f 299 324 325
f 299 325 326
f 299 326 327
f 299 327 300
f 300 327 328
f 301 329 330
f 301 330 302
f 303 315 331
f 303 331 304
f 304 331 305
f 305 331 332
f 305 332 306
f 306 332 333
f 306 333 334
f 306 334 308
f 307 308 335
f 307 335 336
f 307 336 309
f 308 334 337
f 308 337 338
f 308 338 335
f 309 336 320
f 309 320 319
f 309 319 318
f 309 318 317
f 309 317 316
f 309 316 310
f 312 339 315
f 312 315 313
f 312 340 339
f 315 339 341
f 315 341 342
f 315 342 331
f 320 336 343
f 320 343 321
f 321 343 344
f 321 344 322
f 322 344 323
f 323 344 324
f 324 344 345
f 324 345 325
f 325 345 346
f 325 346 347
f 325 347 326
f 326 347 348
f 326 348 327
f 327 348 328
f 328 348 349
f 328 349 350
f 329 351 352
f 329 352 353
f 329 353 330
f 331 342 354
f 331 354 355
f 331 355 332
f 332 355 356
f 332 356 333
f 333 356 357
f 333 357 358
f 333 358 334
f 334 358 337
f 335 338 359
f 335 359 343
f 335 343 336
f 337 358 360
f 337 360 338
f 338 361 359
f 338 360 361
f 339 340 362
f 339 362 363
f 339 363 341
f 340 364 362
f 341 363 365
f 341 365 366
f 341 366 342
f 342 366 354
f 343 359 367
f 343 367 344
f 344 367 368
f 344 368 345
f 345 368 369
f 345 369 346
f 346 369 348
f 346 348 347
f 348 369 349
f 349 370 350
f 349 369 371
f 349 371 370
f 351 372 373
f 351 373 374
f 351 374 375
f 351 375 376
f 351 376 352
f 354 366 377
f 354 377 378
f 354 378 379
f 354 379 355
f 355 379 356
f 356 379 380
f 356 380 381
f 356 381 357
f 357 382 383
f 357 383 358
f 357 381 382
f 358 383 382
f 358 382 360
f 359 361 384
f 359 384 367
f 360 382 384
f 360 384 361
f 362 364 385
f 362 385 363
f 363 386 387
f 363 387 365
f 363 385 364
f 363 364 388
f 363 388 386
f 365 387 377
f 365 377 366
f 367 389 368
f 367 384 389
f 368 389 390
f 368 390 369
f 369 390 371
f 370 371 391
f 371 390 392
f 371 392 393
f 371 393 394
f 371 394 391
f 372 395 396
f 372 396 397
f 372 397 373
f 377 398 378
f 377 387 399
f 377 399 400
f 377 400 401
f 377 401 398
f 378 402 379
f 378 398 402
f 379 402 380
f 380 402 403
f 380 403 381
f 381 404 405
f 381 405 382
f 381 403 406
f 381 406 407
f 381 407 404
f 382 405 384
f 384 408 389
f 384 405 408
f 386 409 387
f 386 388 409
f 387 409 410
f 387 410 399
f 388 411 409
f 389 408 392
f 389 392 390
f 392 408 405
f 392 405 412
f 392 412 393
f 393 413 394
f 393 412 404
f 393 404 413
f 395 414 396
f 396 414 416
f 396 416 415
f 398 401 417
f 398 417 402
f 399 410 400
f 400 410 418
f 400 418 419
f 400 419 420
f 400 420 401
f 401 420 417
f 402 417 403
f 403 417 406
f 404 421 413
f 404 412 405
f 404 407 422
f 404 422 423
f 404 423 421
f 406 424 407
f 406 417 424
f 407 424 422
f 409 411 425
f 409 425 418
f 409 418 410
f 411 426 425
f 415 427 428
f 415 428 429
f 415 416 427
f 417 420 424
f 418 430 419
f 418 425 426
f 418 426 431
f 419 430 420
f 420 430 432
f 420 432 433
f 420 433 424
f 422 424 433
f 422 433 434
f 422 434 423
f 426 435 436
f 426 436 431
f 428 437 438
f 428 438 429
f 432 434 433
f 435 438 436
f 436 438 437
f 439 440 441
f 439 441 442
f 439 442 455
f 439 455 443
f 439 443 444
f 439 444 445
f 439 445 446
f 439 446 447
f 439 447 448
f 439 448 440
f 440 449 450
f 440 450 441
f 440 448 451
f 440 451 452
f 440 452 453
f 440 453 454
f 440 454 449
f 441 450 454
f 441 454 442
f 442 454 474
f 442 474 507
f 442 507 533
f 442 533 539
f 442 539 514
f 442 514 487
f 442 487 486
f 442 486 475
f 442 475 455
f 443 456 457
f 443 457 458
f 443 458 459
f 443 459 460
f 443 460 444
f 443 455 461
f 443 461 456
f 444 462 445
f 444 460 463
f 444 463 464
f 444 464 462
f 445 462 465
f 445 465 446
f 446 466 467
f 446 467 447
f 446 465 466
f 447 467 451
f 447 451 448
f 449 454 450
f 451 468 469
f 451 469 452
f 451 467 468
f 452 469 470
f 452 470 471
f 452 471 453
f 453 471 472
f 453 472 473
f 453 473 454
f 454 473 474
f 455 475 461
f 456 461 476
f 456 476 477
f 456 477 478
f 456 478 479
f 456 479 457
f 457 479 480
f 457 480 481
f 457 481 458
f 458 481 459
f 459 482 483
f 459 483 460
f 459 481 482
f 460 484 485
f 460 485 463
f 460 483 484
f 461 475 486
f 461 486 487
f 461 487 488
f 461 488 489
f 461 489 476
f 462 464 490
f 462 490 491
f 462 491 465
f 463 485 464
f 464 485 492
f 464 492 493
f 464 493 494
f 464 494 490
f 465 491 495
f 465 495 466
f 466 496 497
f 466 497 467
f 466 495 496
f 467 497 498
f 467 498 469
f 467 469 468
f 469 498 499
f 469 499 500
f 469 500 501
f 469 501 470
f 470 501 502
f 470 502 503
f 470 503 471
f 471 503 472
f 472 504 473
f 472 503 504
f 473 504 505
f 473 505 506
f 473 506 507
f 473 507 474
f 476 489 477
f 477 489 488
f 477 488 517
f 477 517 515
f 477 515 541
f 477 541 578
f 477 578 610
f 477 610 620
f 477 620 597
f 477 597 568
f 477 568 534
f 477 534 509
f 477 509 508
f 477 508 484
f 477 484 483
f 477 483 482
f 477 482 480
f 477 480 479
f 477 479 478
f 480 482 481
f 484 508 485
f 485 508 509
f 485 509 510
f 485 510 511
f 485 511 512
f 485 512 513
f 485 513 492
f 487 514 515
f 487 515 516
f 487 516 517
f 487 517 488
f 490 494 518
f 490 518 491
f 491 518 496
f 491 496 495
f 492 513 493
f 493 513 519
f 493 519 494
f 494 519 520
f 494 520 521
f 494 521 518
f 496 518 522
f 496 522 523
f 496 523 497
f 497 523 524
f 497 524 525
f 497 525 499
f 497 499 498
f 499 525 526
f 499 526 500
f 500 526 527
f 500 527 528
f 500 528 502
f 500 502 501
f 502 528 529
f 502 529 505
f 502 505 504
f 502 504 503
f 505 529 530
f 505 530 506
f 506 531 532
f 506 532 533
f 506 533 507
f 506 530 531
f 509 534 510
f 510 535 511
f 510 534 536
f 510 536 535
f 511 535 512
f 512 535 513
f 513 535 537
f 513 537 538
f 513 538 519
f 514 539 515
f 515 539 532
f 515 532 540
f 515 540 541
f 515 517 516
f 518 521 542
f 518 542 523
f 518 523 522
f 519 538 543
f 519 543 520
f 520 543 521
f 521 544 545
f 521 545 542
f 521 543 544
f 523 542 546
f 523 546 547
f 523 547 524
f 524 547 548
f 524 548 549
f 524 549 525
f 525 549 526
f 526 549 527
f 527 550 551
f 527 551 529
f 527 529 528
f 527 549 552
f 527 552 553
f 527 553 554
f 527 554 555
f 527 555 556
f 527 556 557
f 527 557 550
f 529 558 559
f 529 559 560
f 529 560 530
f 529 551 561
f 529 561 562
f 529 562 558
f 530 563 531
f 530 560 563
f 531 563 560
f 531 560 564
f 531 564 565
f 531 565 566
f 531 566 567
f 531 567 540
f 531 540 532
f 532 539 533
f 534 568 569
f 534 569 570
f 534 570 536
f 535 536 571
f 535 571 537
f 536 570 571
f 537 571 572
f 537 572 573
f 537 573 538
f 538 573 574
f 538 574 575
f 538 575 543
f 540 567 576
f 540 576 577
f 540 577 578
f 540 578 541
f 542 545 579
f 542 579 546
f 543 575 580
f 543 580 581
f 543 581 544
f 544 581 545
f 545 581 582
f 545 582 583
f 545 583 579
f 546 579 554
f 546 554 553
f 546 553 547
f 547 553 548
f 548 553 552
f 548 552 549
f 550 562 551
f 550 557 584
f 550 584 585
f 550 585 586
f 550 586 587
f 550 587 562
f 551 562 561
f 554 579 583
f 554 583 588
f 554 588 555
f 555 588 556
f 556 588 583
f 556 583 589
f 556 589 557
f 557 589 590
f 557 590 591
f 557 591 584
f 558 562 592
f 558 592 593
f 558 593 594
f 558 594 595
f 558 595 596
f 558 596 566
f 558 566 559
f 559 566 565
f 559 565 564
f 559 564 560
f 562 587 592
f 566 596 567
f 567 596 595
f 567 595 576
f 568 597 598
f 568 598 599
f 568 599 569
f 569 600 570
f 569 599 601
f 569 601 600
f 570 600 602
f 570 602 571
f 571 602 572
f 572 603 573
f 572 602 604
f 572 604 603
f 573 603 574
f 574 603 605
f 574 605 606
f 574 606 575
f 575 606 580
f 576 607 577
f 576 595 608
f 576 608 607
f 577 607 609
f 577 609 610
f 577 610 578
f 580 606 611
f 580 611 581
f 581 611 582
f 582 611 583
f 583 611 589
f 584 591 612
f 584 612 585
f 585 612 586
f 586 612 587
f 587 612 613
f 587 613 593
f 587 593 592
f 589 611 590
f 590 611 591
f 591 611 614
f 591 614 615
f 591 615 612
f 593 613 616
f 593 616 594
f 594 617 595
f 594 616 618
f 594 618 617
f 595 617 619
f 595 619 608
f 597 620 609
f 597 609 598
f 598 609 621
f 598 621 608
f 598 608 622
f 598 622 623
f 598 623 624
f 598 624 599
f 599 624 601
f 600 625 602
f 600 601 625
f 601 626 625
f 601 624 626
f 602 625 604
f 603 604 605
f 604 625 627
f 604 627 605
f 605 627 614
f 605 614 611
f 605 611 606
f 607 608 621
f 607 621 609
f 608 619 622
f 609 620 610
f 612 615 614
f 612 614 628
f 612 628 613
f 613 628 629
f 613 629 616
f 614 627 628
f 616 629 618
f 617 618 630
f 617 630 619
f 618 631 632
f 618 632 630
f 618 629 631
f 619 630 633
f 619 633 634
f 619 634 622
f 622 634 623
f 623 634 624
f 624 634 635
f 624 635 631
f 624 631 626
f 625 626 627
f 626 631 629
f 626 629 627
f 627 636 628
f 627 629 636
f 628 636 629
f 630 632 633
f 631 635 637
f 631 637 633
f 631 633 632
f 633 637 634
f 634 637 635
f 638 639 640
f 638 640 641
f 638 641 642
f 638 642 651
f 638 651 662
f 638 662 680
f 638 680 709
f 638 709 759
f 638 759 800
f 638 800 779
f 638 779 730
f 638 730 684
f 638 684 683
f 638 683 665
f 638 665 652
f 638 652 643
f 638 643 644
f 638 644 639
f 639 645 646
f 639 646 640
f 639 644 647
f 639 647 645
f 640 646 648
f 640 648 649
f 640 649 641
f 641 649 642
f 642 649 650
f 642 650 651
f 643 652 664
f 643 664 682
f 643 682 712
f 643 712 764
f 643 764 782
f 643 782 781
f 643 781 732
f 643 732 686
f 643 686 668
f 643 668 656
f 643 656 653
f 643 653 644
f 644 653 647
f 645 654 655
f 645 655 646
f 645 647 653
f 645 653 656
f 645 656 654
f 646 655 657
f 646 657 648
f 648 657 658
f 648 658 659
f 648 659 649
f 649 659 660
f 649 660 650
f 650 660 651
f 651 660 661
f 651 661 662
f 652 663 664
f 652 665 666
f 652 666 663
f 654 667 655
f 654 656 668
f 654 668 667
f 655 667 669
f 655 669 670
f 655 670 671
f 655 671 657
f 657 672 673
f 657 673 658
f 657 671 670
f 657 670 674
f 657 674 672
f 658 673 675
f 658 675 676
f 658 676 659
f 659 676 677
f 659 677 660
f 660 677 661
f 661 677 678
f 661 678 662
f 662 678 679
f 662 679 680
f 663 681 664
f 663 666 685
f 663 685 731
f 663 731 780
f 663 780 799
f 663 799 798
f 663 798 757
f 663 757 708
f 663 708 707
f 663 707 756
f 663 756 797
f 663 797 801
f 663 801 760
f 663 760 710
f 663 710 681
f 664 681 682
f 665 683 666
f 666 683 684
f 666 684 685
f 667 668 669
f 668 686 687
f 668 687 669
f 669 687 688
f 669 688 670
f 670 688 674
f 672 674 689
f 672 689 690
f 672 690 691
f 672 691 692
f 672 692 693
f 672 693 694
f 672 694 695
f 672 695 696
f 672 696 697
f 672 697 673
f 673 697 698
f 673 698 675
f 674 688 689
f 675 698 699
f 675 699 700
f 675 700 676
f 676 700 677
f 677 700 699
f 677 699 701
f 677 701 678
f 678 701 702
f 678 702 703
f 678 703 679
f 679 703 704
f 679 704 705
f 679 705 706
f 679 706 680
f 680 706 707
f 680 707 708
f 680 708 709
f 681 710 762
f 681 762 711
f 681 711 682
f 682 711 713
f 682 713 714
f 682 714 715
f 682 715 716
f 682 716 717
f 682 717 718
f 682 718 719
f 682 719 720
f 682 720 721
f 682 721 722
f 682 722 723
f 682 723 724
f 682 724 725
f 682 725 726
f 682 726 727
f 682 727 728
f 682 728 729
f 682 729 712
f 684 730 685
f 685 730 731
f 686 732 687
f 687 733 688
f 687 732 733
f 688 690 689
f 688 733 734
f 688 734 690
f 690 734 735
f 690 735 691
f 691 735 736
f 691 736 692
f 692 736 693
f 693 737 694
f 693 736 738
f 693 738 739
f 693 739 737
f 694 740 741
f 694 741 695
f 694 737 742
f 694 742 740
f 695 741 743
f 695 743 744
f 695 744 696
f 696 744 698
f 696 698 697
f 698 744 699
f 699 745 701
f 699 744 745
f 701 745 702
f 702 745 746
f 702 746 747
f 702 747 703
f 703 747 704
f 704 747 705
f 705 748 749
f 705 749 750
f 705 750 706
f 705 747 751
f 705 751 752
f 705 752 753
f 705 753 748
f 706 750 754
f 706 754 755
f 706 755 756
f 706 756 707
f 708 757 758
f 708 758 709
f 709 758 759
f 710 760 761
f 710 761 762
f 711 762 763
f 711 763 713
f 712 729 739
f 712 739 738
f 712 738 736
f 712 736 735
f 712 735 734
f 712 734 764
f 713 763 714
f 714 763 765
f 714 765 766
f 714 766 767
f 714 767 715
f 715 767 768
f 715 768 716
f 716 768 769
f 716 769 717
f 717 769 718
f 718 769 770
f 718 770 719
f 719 770 720
f 720 770 721
f 721 770 771
f 721 771 772
f 721 772 773
f 721 773 722
f 722 773 723
f 723 773 774
f 723 774 724
f 724 774 725
f 725 774 775
f 725 775 776
f 725 776 729
f 725 729 726
f 726 729 727
f 727 729 728
f 729 776 777
f 729 777 778
f 729 778 742
f 729 742 739
f 730 779 780
f 730 780 731
f 732 781 734
f 732 734 733
f 734 781 782
f 734 782 764
f 737 739 742
f 740 742 783
f 740 783 741
f 741 783 784
f 741 784 743
f 742 778 783
f 743 784 785
f 743 785 744
f 744 785 745
f 745 785 746
f 746 785 786
f 746 786 747
f 747 786 787
f 747 787 751
f 748 753 788
f 748 788 749
f 749 754 750
f 749 788 789
f 749 789 754
f 751 787 752
f 752 787 790
f 752 790 791
f 752 791 792
f 752 792 753
f 753 792 793
f 753 793 788
f 754 789 794
f 754 794 755
f 755 794 756
f 756 794 795
f 756 795 796
f 756 796 797
f 757 798 758
f 758 798 759
f 759 798 799
f 759 799 800
f 760 801 802
f 760 802 761
f 761 802 803
f 761 803 804
f 761 804 805
f 761 805 765
f 761 765 806
f 761 806 762
f 762 806 763
f 763 806 765
f 765 805 807
f 765 807 767
f 765 767 766
f 767 807 808
f 767 808 768
f 768 809 769
f 768 808 809
f 769 809 810
f 769 810 770
f 770 810 772
f 770 772 771
f 772 811 812
f 772 812 813
f 772 813 814
f 772 814 773
f 772 810 811
f 773 814 774
f 774 814 815
f 774 815 775
f 775 815 816
f 775 816 776
f 776 816 777
f 777 816 817
f 777 817 818
f 777 818 778
f 778 818 783
f 779 800 780
f 780 800 799
f 783 818 787
f 783 787 784
f 784 787 786
f 784 786 785
f 787 818 790
f 788 793 819
f 788 819 820
f 788 820 789
f 789 820 821
f 789 821 794
f 790 818 817
f 790 817 822
f 790 822 791
f 791 822 792
f 792 823 793
f 792 822 824
f 792 824 825
f 792 825 823
f 793 823 819
f 794 821 826
f 794 826 795
f 795 826 797
f 795 797 796
f 797 826 827
f 797 827 803
f 797 803 801
f 801 803 802
f 803 827 828
f 803 828 804
f 804 828 805
f 805 828 829
f 805 829 830
f 805 830 808
f 805 808 807
f 808 830 831
f 808 831 832
f 808 832 833
f 808 833 809
f 809 833 834
f 809 834 810
f 810 834 811
f 811 834 812
f 812 834 832
f 812 832 831
f 812 831 835
f 812 835 836
f 812 836 813
f 813 836 835
f 813 835 837
f 813 837 814
f 814 837 815
f 815 837 816
f 816 837 817
f 817 824 822
f 817 837 824
f 819 823 838
f 819 838 839
f 819 839 820
f 820 839 840
f 820 840 821
f 821 840 827
f 821 827 826
f 823 825 838
f 824 837 825
f 825 837 835
f 825 835 838
f 827 840 841
f 827 841 828
f 828 841 829
f 829 841 830
f 830 841 831
f 831 841 842
f 831 842 835
f 832 834 833
f 835 842 838
f 838 842 839
f 839 842 841
f 839 841 840
f 843 844 849
f 843 849 863
f 843 863 879
f 843 879 899
f 843 899 915
f 843 915 938
f 843 938 937
f 843 937 923
f 843 923 905
f 843 905 885
f 843 885 884
f 843 884 868
f 843 868 852
f 843 852 845
f 843 845 846
f 843 846 847
f 843 847 844
f 844 847 848
f 844 848 849
f 845 850 851
f 845 851 846
f 845 852 853
f 845 853 850
f 846 851 854
f 846 854 855
f 846 855 856
f 846 856 857
f 846 857 847
f 847 857 858
f 847 858 859
f 847 859 848
f 848 860 849
f 848 859 861
f 848 861 862
f 848 862 860
f 849 860 863
f 850 853 869
f 850 869 886
f 850 886 906
f 850 906 922
f 850 922 921
f 850 921 924
f 850 924 941
f 850 941 919
f 850 919 903
f 850 903 883
f 850 883 865
f 850 865 851
f 851 864 854
f 851 865 866
f 851 866 867
f 851 867 864
f 852 868 853
f 853 868 869
f 854 864 870
f 854 870 855
f 855 870 856
f 856 870 871
f 856 871 857
f 857 871 872
f 857 872 858
f 858 872 861
f 858 861 859
f 860 862 873
f 860 873 863
f 861 872 874
f 861 874 862
f 862 874 875
f 862 875 876
f 862 876 873
f 863 873 877
f 863 877 878
f 863 878 879
f 864 867 870
f 865 880 881
f 865 881 882
f 865 882 866
f 865 883 880
f 866 882 867
f 867 882 870
f 868 884 869
f 869 884 885
f 869 885 886
f 870 882 887
f 870 887 888
f 870 888 889
f 870 889 890
f 870 890 871
f 871 890 872
f 872 890 874
f 873 876 891
f 873 891 877
f 874 889 892
f 874 892 893
f 874 893 894
f 874 894 875
f 874 890 889
f 875 894 876
f 876 894 891
f 877 891 895
f 877 895 878
f 878 895 896
f 878 896 897
f 878 897 898
f 878 898 899
f 878 899 879
f 880 883 900
f 880 900 901
f 880 901 881
f 881 901 882
f 882 901 887
f 883 902 900
f 883 903 904
f 883 904 902
f 885 905 886
f 886 905 906
f 887 901 888
f 888 901 907
f 888 907 889
f 889 907 892
f 891 894 908
f 891 908 909
f 891 909 895
f 892 907 910
f 892 910 893
f 893 910 911
f 893 911 894
f 894 911 912
f 894 912 908
f 895 909 896
f 896 909 897
f 897 909 913
f 897 913 914
f 897 914 915
f 897 915 899
f 897 899 898
f 900 902 916
f 900 916 917
f 900 917 901
f 901 917 907
f 902 904 918
f 902 918 916
f 903 918 904
f 903 919 920
f 903 920 918
f 905 921 922
f 905 922 906
f 905 923 924
f 905 924 921
f 907 917 916
f 907 916 925
f 907 925 910
f 908 912 909
f 909 912 926
f 909 926 927
f 909 927 913
f 910 925 928
f 910 928 929
f 910 929 930
f 910 930 911
f 911 930 912
f 912 930 931
f 912 931 932
f 912 932 933
f 912 933 934
f 912 934 926
f 913 927 935
f 913 935 936
f 913 936 937
f 913 937 914
f 914 938 915
f 914 937 938
f 916 918 939
f 916 939 940
f 916 940 925
f 918 920 939
f 919 941 942
f 919 942 943
f 919 943 920
f 920 943 944
f 920 944 939
f 923 937 936
f 923 936 935
f 923 935 934
f 923 934 933
f 923 933 932
f 923 932 931
f 923 931 930
f 923 930 929
f 923 929 928
f 923 928 947
f 923 947 946
f 923 946 945
f 923 945 951
f 923 951 950
f 923 950 949
f 923 949 948
f 923 948 944
f 923 944 943
f 923 943 942
f 923 942 941
f 923 941 924
f 925 940 945
f 925 945 946
f 925 946 947
f 925 947 928
f 926 934 935
f 926 935 927
f 939 944 948
f 939 948 949
f 939 949 950
f 939 950 940
f 940 950 951
f 940 951 945
f 952 953 954
f 952 954 960
f 952 960 971
f 952 971 999
f 952 999 1013
f 952 1013 1012
f 952 1012 1048
f 952 1048 1083
f 952 1083 1114
f 952 1114 1131
f 952 1131 1094
f 952 1094 1055
f 952 1055 1018
f 952 1018 1017
f 952 1017 982
f 952 982 961
f 952 961 955
f 952 955 964
f 952 964 986
f 952 986 985
f 952 985 984
f 952 984 992
f 952 992 991
f 952 991 990
f 952 990 989
f 952 989 1025
f 952 1025 1065
f 952 1065 1101
f 952 1101 1137
f 952 1137 1155
f 952 1155 1161
f 952 1161 1144
f 952 1144 1143
f 952 1143 1159
f 952 1159 1158
f 952 1158 1139
f 952 1139 1138
f 952 1138 1103
f 952 1103 1066
f 952 1066 1026
f 952 1026 993
f 952 993 965
f 952 965 956
f 952 956 957
f 952 957 958
f 952 958 953
f 953 959 960
f 953 960 954
f 953 958 957
f 953 957 966
f 953 966 994
f 953 994 1027
f 953 1027 1067
f 953 1067 1104
f 953 1104 1140
f 953 1140 1106
f 953 1106 1069
f 953 1069 1030
f 953 1030 997
f 953 997 968
f 953 968 959
f 955 961 962
f 955 962 963
f 955 963 964
f 956 965 966
f 956 966 957
f 959 967 960
f 959 968 969
f 959 969 970
f 959 970 967
f 960 967 972
f 960 972 973
f 960 973 974
f 960 974 975
f 960 975 976
f 960 976 977
f 960 977 978
f 960 978 979
f 960 979 980
f 960 980 981
f 960 981 971
f 961 982 962
f 962 983 963
f 962 982 983
f 963 984 985
f 963 985 986
f 963 986 964
f 963 983 987
f 963 987 988
f 963 988 989
f 963 989 990
f 963 990 991
f 963 991 992
f 963 992 984
f 965 993 994
f 965 994 966
f 967 970 995
f 967 995 972
f 968 996 969
f 968 997 996
f 969 996 970
f 970 996 998
f 970 998 995
f 971 981 999
f 972 995 973
f 973 995 1000
f 973 1000 974
f 974 1000 1001
f 974 1001 975
f 975 1001 976
f 976 1001 1002
f 976 1002 1003
f 976 1003 977
f 977 1003 978
f 978 1003 1004
f 978 1004 1005
f 978 1005 1006
f 978 1006 1007
f 978 1007 1008
f 978 1008 1009
f 978 1009 1010
f 978 1010 980
f 978 980 979
f 980 1010 981
f 981 1011 1012
f 981 1012 1013
f 981 1013 999
f 981 1010 1046
f 981 1046 1014
f 981 1014 1015
f 981 1015 1016
f 981 1016 1011
f 982 1017 983
f 983 1017 1018
f 983 1018 1019
f 983 1019 1020
f 983 1020 987
f 987 1020 1021
f 987 1021 988
f 988 1021 1022
f 988 1022 1023
f 988 1023 989
f 989 1023 1024
f 989 1024 1025
f 993 1026 1027
f 993 1027 994
f 995 998 1028
f 995 1028 1000
f 996 997 1029
f 996 1029 998
f 997 1030 1031
f 997 1031 1029
f 998 1032 1028
f 998 1029 1033
f 998 1033 1034
f 998 1034 1035
f 998 1035 1036
f 998 1036 1032
f 1000 1037 1001
f 1000 1028 1032
f 1000 1032 1037
f 1001 1037 1002
f 1002 1038 1004
f 1002 1004 1039
f 1002 1039 1003
f 1002 1037 1005
f 1002 1005 1038
f 1003 1039 1004
f 1004 1038 1005
f 1005 1037 1040
f 1005 1040 1007
f 1005 1007 1006
f 1007 1041 1042
f 1007 1042 1043
f 1007 1043 1008
f 1007 1040 1041
f 1008 1043 1044
f 1008 1044 1009
f 1009 1044 1045
f 1009 1045 1010
f 1010 1045 1046
f 1011 1047 1048
f 1011 1048 1012
f 1011 1016 1047
f 1014 1046 1049
f 1014 1049 1050
f 1014 1050 1051
f 1014 1051 1052
f 1014 1052 1015
f 1015 1052 1016
f 1016 1052 1053
f 1016 1053 1054
f 1016 1054 1047
f 1018 1055 1019
f 1019 1055 1056
f 1019 1056 1057
f 1019 1057 1020
f 1020 1057 1058
f 1020 1058 1059
f 1020 1059 1022
f 1020 1022 1021
f 1022 1059 1060
f 1022 1060 1023
f 1023 1060 1024
f 1024 1061 1062
f 1024 1062 1063
f 1024 1063 1025
f 1024 1060 1064
f 1024 1064 1061
f 1025 1063 1065
f 1026 1066 1067
f 1026 1067 1027
f 1029 1031 1068
f 1029 1068 1033
f 1030 1069 1070
f 1030 1070 1071
f 1030 1071 1068
f 1030 1068 1031
f 1032 1036 1042
f 1032 1042 1072
f 1032 1072 1073
f 1032 1073 1037
f 1033 1068 1034
f 1034 1036 1035
f 1034 1068 1074
f 1034 1074 1036
f 1036 1074 1075
f 1036 1075 1076
f 1036 1076 1042
f 1037 1073 1041
f 1037 1041 1040
f 1041 1072 1042
f 1041 1073 1072
f 1042 1076 1075
f 1042 1075 1077
f 1042 1077 1043
f 1043 1077 1075
f 1043 1075 1078
f 1043 1078 1044
f 1044 1078 1045
f 1045 1078 1046
f 1046 1078 1079
f 1046 1079 1080
f 1046 1080 1081
f 1046 1081 1049
f 1047 1082 1048
f 1047 1054 1082
f 1048 1082 1083
f 1049 1081 1084
f 1049 1084 1085
f 1049 1085 1086
f 1049 1086 1050
f 1050 1052 1051
f 1050 1086 1087
f 1050 1087 1088
f 1050 1088 1052
f 1052 1088 1089
f 1052 1089 1090
f 1052 1090 1053
f 1053 1091 1054
f 1053 1090 1092
f 1053 1092 1091
f 1054 1091 1093
f 1054 1093 1082
f 1055 1094 1095
f 1055 1095 1056
f 1056 1095 1057
f 1057 1096 1058
f 1057 1095 1097
f 1057 1097 1096
f 1058 1096 1098
f 1058 1098 1064
f 1058 1064 1059
f 1059 1064 1060
f 1061 1099 1062
f 1061 1064 1099
f 1062 1099 1063
f 1063 1099 1100
f 1063 1100 1101
f 1063 1101 1065
f 1064 1098 1102
f 1064 1102 1099
f 1066 1103 1067
f 1067 1103 1104
f 1068 1071 1074
f 1069 1105 1070
f 1069 1106 1107
f 1069 1107 1105
f 1070 1105 1071
f 1071 1105 1108
f 1071 1108 1109
f 1071 1109 1074
f 1074 1109 1075
f 1075 1109 1078
f 1078 1109 1110
f 1078 1110 1111
f 1078 1111 1079
f 1079 1111 1112
f 1079 1112 1080
f 1080 1112 1081
f 1081 1112 1084
f 1082 1113 1083
f 1082 1093 1113
f 1083 1113 1115
f 1083 1115 1116
f 1083 1116 1117
f 1083 1117 1114
f 1084 1112 1118
f 1084 1118 1085
f 1085 1118 1119
f 1085 1119 1120
f 1085 1120 1086
f 1086 1120 1087
f 1087 1089 1088
f 1087 1120 1121
f 1087 1121 1122
f 1087 1122 1089
f 1089 1122 1090
f 1090 1122 1123
f 1090 1123 1127
f 1090 1127 1092
f 1091 1124 1093
f 1091 1092 1125
f 1091 1125 1126
f 1091 1126 1124
f 1092 1127 1128
f 1092 1128 1125
f 1093 1124 1129
f 1093 1129 1130
f 1093 1130 1115
f 1093 1115 1113
f 1094 1131 1095
f 1095 1131 1117
f 1095 1117 1097
f 1096 1097 1117
f 1096 1117 1132
f 1096 1132 1098
f 1098 1133 1134
f 1098 1134 1102
f 1098 1132 1133
f 1099 1134 1100
f 1099 1102 1134
f 1100 1135 1101
f 1100 1134 1136
f 1100 1136 1135
f 1101 1135 1137
f 1103 1138 1104
f 1104 1138 1139
f 1104 1139 1140
f 1105 1141 1108
f 1105 1107 1142
f 1105 1142 1141
f 1106 1140 1143
f 1106 1143 1144
f 1106 1144 1120
f 1106 1120 1145
f 1106 1145 1107
f 1107 1145 1146
f 1107 1146 1142
f 1108 1141 1109
f 1109 1141 1110
f 1110 1141 1147
f 1110 1147 1111
f 1111 1147 1112
f 1112 1147 1118
f 1114 1117 1131
f 1115 1130 1132
f 1115 1132 1116
f 1116 1132 1117
f 1118 1142 1119
f 1118 1147 1141
f 1118 1141 1142
f 1119 1142 1146
f 1119 1146 1120
f 1120 1146 1145
f 1120 1144 1121
f 1121 1144 1122
f 1122 1144 1148
f 1122 1148 1123
f 1123 1148 1149
f 1123 1149 1127
f 1124 1126 1150
f 1124 1150 1129
f 1125 1128 1151
f 1125 1151 1150
f 1125 1150 1126
f 1127 1149 1128
f 1128 1149 1157
f 1128 1157 1151
f 1129 1150 1152
f 1129 1152 1133
f 1129 1133 1130
f 1130 1133 1153
f 1130 1153 1132
f 1132 1153 1133
f 1133 1152 1134
f 1134 1152 1136
f 1135 1136 1154
f 1135 1154 1155
f 1135 1155 1137
f 1136 1156 1157
f 1136 1157 1154
f 1136 1152 1156
f 1139 1158 1140
f 1140 1158 1159
f 1140 1159 1143
f 1144 1160 1148
f 1144 1161 1160
f 1148 1160 1149
f 1149 1160 1157
f 1150 1151 1156
f 1150 1156 1152
f 1151 1157 1156
f 1154 1157 1162
f 1154 1162 1155
f 1155 1162 1161
f 1157 1160 1162
f 1160 1161 1162
f 1163 1164 1165
f 1163 1165 1166
f 1163 1166 1175
f 1163 1175 1189
f 1163 1189 1209
f 1163 1209 1208
f 1163 1208 1235
f 1163 1235 1234
f 1163 1234 1264
f 1163 1264 1290
f 1163 1290 1303
f 1163 1303 1319
f 1163 1319 1337
f 1163 1337 1358
f 1163 1358 1363
f 1163 1363 1362
f 1163 1362 1373
f 1163 1373 1372
f 1163 1372 1375
f 1163 1375 1374
f 1163 1374 1365
f 1163 1365 1341
f 1163 1341 1340
f 1163 1340 1339
f 1163 1339 1323
f 1163 1323 1322
f 1163 1322 1321
f 1163 1321 1320
f 1163 1320 1305
f 1163 1305 1304
f 1163 1304 1294
f 1163 1294 1293
f 1163 1293 1292
f 1163 1292 1291
f 1163 1291 1265
f 1163 1265 1236
f 1163 1236 1214
f 1163 1214 1213
f 1163 1213 1212
f 1163 1212 1211
f 1163 1211 1210
f 1163 1210 1190
f 1163 1190 1177
f 1163 1177 1176
f 1163 1176 1167
f 1163 1167 1168
f 1163 1168 1164
f 1164 1168 1169
f 1164 1169 1170
f 1164 1170 1171
f 1164 1171 1165
f 1165 1171 1172
f 1165 1172 1173
f 1165 1173 1174
f 1165 1174 1175
f 1165 1175 1166
f 1167 1176 1168
f 1168 1176 1177
f 1168 1177 1178
f 1168 1178 1179
f 1168 1179 1169
f 1169 1179 1180
f 1169 1180 1181
f 1169 1181 1182
f 1169 1182 1183
f 1169 1183 1170
f 1170 1183 1171
f 1171 1183 1184
f 1171 1184 1172
f 1172 1184 1185
f 1172 1185 1186
f 1172 1186 1173
f 1173 1186 1187
f 1173 1187 1188
f 1173 1188 1174
f 1174 1189 1175
f 1174 1188 1189
f 1177 1190 1178
f 1178 1190 1191
f 1178 1191 1179
f 1179 1191 1192
f 1179 1192 1193
f 1179 1193 1180
f 1180 1193 1194
f 1180 1194 1195
f 1180 1195 1181
f 1181 1196 1182
f 1181 1195 1197
f 1181 1197 1196
f 1182 1196 1183
f 1183 1196 1198
f 1183 1198 1199
f 1183 1199 1184
f 1184 1199 1200
f 1184 1200 1185
f 1185 1200 1201
f 1185 1201 1202
f 1185 1202 1203
f 1185 1203 1186
f 1186 1203 1187
f 1187 1204 1188
f 1187 1203 1205
f 1187 1205 1206
f 1187 1206 1204
f 1188 1204 1207
f 1188 1207 1208
f 1188 1208 1209
f 1188 1209 1189
f 1190 1210 1191
f 1191 1210 1211
f 1191 1211 1212
f 1191 1212 1192
f 1192 1212 1213
f 1192 1213 1214
f 1192 1214 1215
f 1192 1215 1216
f 1192 1216 1193
f 1193 1216 1215
f 1193 1215 1217
f 1193 1217 1218
f 1193 1218 1194
f 1194 1219 1195
f 1194 1218 1220
f 1194 1220 1219
f 1195 1219 1197
f 1196 1197 1198
f 1197 1219 1221
f 1197 1221 1222
f 1197 1222 1223
f 1197 1223 1198
f 1198 1223 1224
f 1198 1224 1225
f 1198 1225 1199
f 1199 1225 1200
f 1200 1225 1226
f 1200 1226 1227
f 1200 1227 1228
f 1200 1228 1229
f 1200 1229 1230
f 1200 1230 1201
f 1201 1230 1202
f 1202 1230 1231
f 1202 1231 1205
f 1202 1205 1203
f 1204 1206 1207
f 1205 1231 1232
f 1205 1232 1206
f 1206 1232 1207
f 1207 1232 1233
f 1207 1233 1234
f 1207 1234 1235
f 1207 1235 1208
f 1214 1236 1215
f 1215 1236 1237
f 1215 1237 1217
f 1217 1237 1238
f 1217 1238 1218
f 1218 1238 1220
f 1219 1220 1221
f 1220 1238 1239
f 1220 1239 1221
f 1221 1240 1222
f 1221 1239 1241
f 1221 1241 1240
f 1222 1240 1223
f 1223 1242 1224
f 1223 1240 1243
f 1223 1243 1244
f 1223 1244 1245
f 1223 1245 1246
f 1223 1246 1242
f 1224 1242 1247
f 1224 1247 1248
f 1224 1248 1249
f 1224 1249 1250
f 1224 1250 1225
f 1225 1250 1251
f 1225 1251 1226
f 1226 1251 1252
f 1226 1252 1227
f 1227 1252 1253
f 1227 1253 1254
f 1227 1254 1255
f 1227 1255 1228
f 1228 1255 1256
f 1228 1256 1257
f 1228 1257 1230
f 1228 1230 1229
f 1230 1257 1258
f 1230 1258 1231
f 1231 1258 1232
f 1232 1258 1259
f 1232 1259 1260
f 1232 1260 1261
f 1232 1261 1262
f 1232 1262 1263
f 1232 1263 1233
f 1233 1263 1262
f 1233 1262 1261
f 1233 1261 1260
f 1233 1260 1288
f 1233 1288 1256
f 1233 1256 1287
f 1233 1287 1286
f 1233 1286 1285
f 1233 1285 1253
f 1233 1253 1284
f 1233 1284 1289
f 1233 1289 1264
f 1233 1264 1234
f 1236 1265 1266
f 1236 1266 1237
f 1237 1266 1238
f 1238 1266 1267
f 1238 1267 1268
f 1238 1268 1269
f 1238 1269 1270
f 1238 1270 1271
f 1238 1271 1272
f 1238 1272 1239
f 1239 1272 1271
f 1239 1271 1273
f 1239 1273 1241
f 1240 1241 1244
f 1240 1244 1243
f 1241 1273 1244
f 1242 1246 1247
f 1244 1273 1274
f 1244 1274 1275
f 1244 1275 1245
f 1245 1275 1276
f 1245 1276 1277
f 1245 1277 1278
f 1245 1278 1246
f 1246 1278 1279
f 1246 1279 1280
f 1246 1280 1247
f 1247 1280 1279
f 1247 1279 1302
f 1247 1302 1316
f 1247 1316 1333
f 1247 1333 1354
f 1247 1354 1355
f 1247 1355 1334
f 1247 1334 1317
f 1247 1317 1303
f 1247 1303 1290
f 1247 1290 1289
f 1247 1289 1284
f 1247 1284 1283
f 1247 1283 1282
f 1247 1282 1281
f 1247 1281 1251
f 1247 1251 1250
f 1247 1250 1249
f 1247 1249 1248
f 1251 1281 1252
f 1252 1281 1282
f 1252 1282 1283
f 1252 1283 1253
f 1253 1285 1254
f 1253 1283 1284
f 1254 1285 1255
f 1255 1285 1286
f 1255 1286 1287
f 1255 1287 1256
f 1256 1288 1258
f 1256 1258 1257
f 1258 1288 1260
f 1258 1260 1259
f 1264 1289 1290
f 1265 1291 1266
f 1266 1291 1292
f 1266 1292 1267
f 1267 1292 1293
f 1267 1293 1294
f 1267 1294 1268
f 1268 1294 1295
f 1268 1295 1269
f 1269 1295 1296
f 1269 1296 1270
f 1270 1296 1297
f 1270 1297 1273
f 1270 1273 1271
f 1273 1297 1274
f 1274 1297 1275
f 1275 1297 1298
f 1275 1298 1277
f 1275 1277 1276
f 1277 1298 1299
f 1277 1299 1300
f 1277 1300 1301
f 1277 1301 1278
f 1278 1301 1279
f 1279 1301 1302
f 1294 1304 1295
f 1295 1305 1306
f 1295 1306 1296
f 1295 1304 1305
f 1296 1307 1297
f 1296 1306 1308
f 1296 1308 1309
f 1296 1309 1310
f 1296 1310 1307
f 1297 1307 1298
f 1298 1307 1311
f 1298 1311 1299
f 1299 1311 1312
f 1299 1312 1313
f 1299 1313 1300
f 1300 1314 1301
f 1300 1313 1315
f 1300 1315 1314
f 1301 1314 1302
f 1302 1314 1316
f 1303 1317 1318
f 1303 1318 1319
f 1305 1320 1306
f 1306 1320 1321
f 1306 1321 1322
f 1306 1322 1323
f 1306 1323 1324
f 1306 1324 1308
f 1307 1310 1325
f 1307 1325 1326
f 1307 1326 1327
f 1307 1327 1311
f 1308 1324 1328
f 1308 1328 1309
f 1309 1328 1310
f 1310 1328 1325
f 1311 1327 1329
f 1311 1329 1312
f 1312 1330 1315
f 1312 1315 1313
f 1312 1329 1330
f 1314 1315 1331
f 1314 1331 1332
f 1314 1332 1316
f 1315 1330 1331
f 1316 1332 1333
f 1317 1334 1335
f 1317 1335 1318
f 1318 1336 1337
f 1318 1337 1319
f 1318 1335 1338
f 1318 1338 1336
f 1323 1339 1324
f 1324 1326 1328
f 1324 1339 1340
f 1324 1340 1341
f 1324 1341 1342
f 1324 1342 1326
f 1325 1328 1326
f 1326 1342 1343
f 1326 1343 1344
f 1326 1344 1345
f 1326 1345 1327
f 1327 1345 1346
f 1327 1346 1329
f 1329 1346 1345
f 1329 1345 1330
f 1330 1345 1347
f 1330 1347 1331
f 1331 1347 1348
f 1331 1348 1349
f 1331 1349 1350
f 1331 1350 1351
f 1331 1351 1352
f 1331 1352 1353
f 1331 1353 1332
f 1332 1353 1333
f 1333 1353 1354
f 1334 1355 1352
f 1334 1352 1335
f 1335 1356 1357
f 1335 1357 1338
f 1335 1352 1356
f 1336 1358 1337
f 1336 1338 1357
f 1336 1357 1356
f 1336 1356 1359
f 1336 1359 1360
f 1336 1360 1361
f 1336 1361 1362
f 1336 1362 1363
f 1336 1363 1358
f 1341 1364 1342
f 1341 1365 1364
f 1342 1364 1343
f 1343 1364 1366
f 1343 1366 1344
f 1344 1366 1367
f 1344 1367 1368
f 1344 1368 1347
f 1344 1347 1345
f 1347 1368 1348
f 1348 1368 1369
f 1348 1369 1370
f 1348 1370 1349
f 1349 1370 1351
f 1349 1351 1350
f 1351 1370 1371
f 1351 1371 1361
f 1351 1361 1360
f 1351 1360 1356
f 1351 1356 1352
f 1352 1355 1354
f 1352 1354 1353
f 1356 1360 1359
f 1361 1371 1372
f 1361 1372 1373
f 1361 1373 1362
f 1364 1365 1366
f 1365 1374 1367
f 1365 1367 1366
f 1367 1374 1375
f 1367 1375 1372
f 1367 1372 1371
f 1367 1371 1369
f 1367 1369 1368
f 1369 1371 1370
f 1376 1377 1378
f 1376 1378 1379
f 1376 1379 1380
f 1376 1380 1381
f 1376 1381 1382
f 1376 1382 1383
f 1376 1383 1384
f 1376 1384 1385
f 1376 1385 1386
f 1376 1386 1377
f 1377 1387 1388
f 1377 1388 1378
f 1377 1386 1387
f 1378 1389 1390
f 1378 1390 1379
f 1378 1388 1391
f 1378 1391 1392
f 1378 1392 1393
f 1378 1393 1394
f 1378 1394 1389
f 1379 1395 1380
f 1379 1390 1396
f 1379 1396 1397
f 1379 1397 1395
f 1380 1398 1399
f 1380 1399 1381
f 1380 1395 1398
f 1381 1399 1400
f 1381 1400 1401
f 1381 1401 1382
f 1382 1401 1383
f 1383 1401 1402
f 1383 1402 1403
f 1383 1403 1404
f 1383 1404 1384
f 1384 1404 1405
f 1384 1405 1385
f 1385 1405 1406
f 1385 1406 1407
f 1385 1407 1408
f 1385 1408 1409
f 1385 1409 1410
f 1385 1410 1386
f 1386 1410 1411
f 1386 1411 1412
f 1386 1412 1387
f 1387 1412 1413
f 1387 1413 1388
f 1388 1414 1391
f 1388 1413 1414
f 1389 1396 1390
f 1389 1394 1396
f 1391 1415 1392
f 1391 1414 1416
f 1391 1416 1417
f 1391 1417 1415
f 1392 1415 1418
f 1392 1418 1419
f 1392 1419 1393
f 1393 1419 1420
f 1393 1420 1394
f 1394 1421 1396
f 1394 1420 1422
f 1394 1422 1421
f 1395 1397 1423
f 1395 1423 1424
f 1395 1424 1425
f 1395 1425 1398
f 1396 1426 1423
f 1396 1423 1397
f 1396 1421 1426
f 1398 1425 1427
f 1398 1427 1428
f 1398 1428 1429
f 1398 1429 1399
f 1399 1429 1430
f 1399 1430 1431
f 1399 1431 1432
f 1399 1432 1400
f 1400 1432 1402
f 1400 1402 1401
f 1402 1433 1434
f 1402 1434 1403
f 1402 1432 1433
f 1403 1434 1435
f 1403 1435 1436
f 1403 1436 1404
f 1404 1436 1437
f 1404 1437 1405
f 1405 1437 1438
f 1405 1438 1406
f 1406 1438 1439
f 1406 1439 1440
f 1406 1440 1441
f 1406 1441 1407
f 1407 1441 1442
f 1407 1442 1408
f 1408 1442 1443
f 1408 1443 1409
f 1409 1443 1444
f 1409 1444 1410
f 1410 1444 1411
f 1411 1444 1412
f 1412 1444 1413
f 1413 1445 1416
f 1413 1416 1414
f 1413 1444 1445
f 1415 1417 1446
f 1415 1446 1447
f 1415 1447 1448
f 1415 1448 1418
f 1416 1445 1449
f 1416 1449 1417
f 1417 1449 1446
f 1418 1448 1450
f 1418 1450 1451
f 1418 1451 1452
f 1418 1452 1419
f 1419 1452 1453
f 1419 1453 1454
f 1419 1454 1420
f 1420 1455 1456
f 1420 1456 1422
f 1420 1454 1455
f 1421 1457 1426
f 1421 1422 1458
f 1421 1458 1457
f 1422 1456 1459
f 1422 1459 1460
f 1422 1460 1458
f 1423 1461 1462
f 1423 1462 1424
f 1423 1426 1461
f 1424 1462 1425
f 1425 1463 1427
f 1425 1462 1461
f 1425 1461 1464
f 1425 1464 1465
f 1425 1465 1463
f 1426 1466 1467
f 1426 1467 1461
f 1426 1457 1466
f 1427 1463 1468
f 1427 1468 1520
f 1427 1520 1521
f 1427 1521 1581
f 1427 1581 1582
f 1427 1582 1574
f 1427 1574 1624
f 1427 1624 1627
f 1427 1627 1625
f 1427 1625 1626
f 1427 1626 1623
f 1427 1623 1663
f 1427 1663 1678
f 1427 1678 1698
f 1427 1698 1711
f 1427 1711 1710
f 1427 1710 1709
f 1427 1709 1715
f 1427 1715 1719
f 1427 1719 1723
f 1427 1723 1726
f 1427 1726 1725
f 1427 1725 1721
f 1427 1721 1717
f 1427 1717 1713
f 1427 1713 1707
f 1427 1707 1696
f 1427 1696 1695
f 1427 1695 1706
f 1427 1706 1705
f 1427 1705 1704
f 1427 1704 1703
f 1427 1703 1699
f 1427 1699 1682
f 1427 1682 1664
f 1427 1664 1633
f 1427 1633 1631
f 1427 1631 1630
f 1427 1630 1628
f 1427 1628 1587
f 1427 1587 1586
f 1427 1586 1530
f 1427 1530 1529
f 1427 1529 1585
f 1427 1585 1584
f 1427 1584 1583
f 1427 1583 1527
f 1427 1527 1470
f 1427 1470 1469
f 1427 1469 1429
f 1427 1429 1428
f 1429 1469 1430
f 1430 1470 1471
f 1430 1471 1431
f 1430 1469 1470
f 1431 1471 1472
f 1431 1472 1432
f 1432 1472 1433
f 1433 1473 1474
f 1433 1474 1475
f 1433 1475 1434
f 1433 1472 1473
f 1434 1475 1476
f 1434 1476 1477
f 1434 1477 1435
f 1435 1477 1478
f 1435 1478 1479
f 1435 1479 1436
f 1436 1479 1480
f 1436 1480 1481
f 1436 1481 1482
f 1436 1482 1437
f 1437 1482 1483
f 1437 1483 1438
f 1438 1483 1484
f 1438 1484 1485
f 1438 1485 1439
f 1439 1486 1487
f 1439 1487 1488
f 1439 1488 1440
f 1439 1485 1486
f 1440 1489 1490
f 1440 1490 1491
f 1440 1491 1492
f 1440 1492 1441
f 1440 1488 1489
f 1441 1492 1442
f 1442 1492 1493
f 1442 1493 1494
f 1442 1494 1495
f 1442 1495 1443
f 1443 1495 1496
f 1443 1496 1445
f 1443 1445 1444
f 1445 1496 1497
f 1445 1497 1498
f 1445 1498 1449
f 1446 1449 1447
f 1447 1449 1499
f 1447 1499 1500
f 1447 1500 1448
f 1448 1500 1501
f 1448 1501 1450
f 1449 1498 1499
f 1450 1502 1503
f 1450 1503 1451
f 1450 1501 1502
f 1451 1503 1504
f 1451 1504 1505
f 1451 1505 1506
f 1451 1506 1507
f 1451 1507 1452
f 1452 1507 1453
f 1453 1508 1509
f 1453 1509 1454
f 1453 1507 1506
f 1453 1506 1508
f 1454 1509 1455
f 1455 1509 1510
f 1455 1510 1456
f 1456 1510 1511
f 1456 1511 1512
f 1456 1512 1513
f 1456 1513 1459
f 1457 1458 1514
f 1457 1514 1515
f 1457 1515 1516
f 1457 1516 1466
f 1458 1460 1517
f 1458 1517 1514
f 1459 1513 1518
f 1459 1518 1460
f 1460 1518 1519
f 1460 1519 1517
f 1461 1467 1464
f 1463 1520 1468
f 1463 1465 1521
f 1463 1521 1520
f 1464 1522 1523
f 1464 1523 1465
f 1464 1467 1524
f 1464 1524 1522
f 1465 1523 1521
f 1466 1516 1525
f 1466 1525 1467
f 1467 1526 1524
f 1467 1525 1526
f 1470 1527 1471
f 1471 1527 1528
f 1471 1528 1473
f 1471 1473 1472
f 1473 1528 1474
f 1474 1528 1529
f 1474 1529 1530
f 1474 1530 1531
f 1474 1531 1532
f 1474 1532 1475
f 1475 1532 1476
f 1476 1532 1533
f 1476 1533 1534
f 1476 1534 1477
f 1477 1534 1478
f 1478 1534 1535
f 1478 1535 1479
f 1479 1535 1536
f 1479 1536 1480
f 1480 1536 1537
f 1480 1537 1481
f 1481 1538 1482
f 1481 1537 1539
f 1481 1539 1540
f 1481 1540 1538
f 1482 1538 1541
f 1482 1541 1542
f 1482 1542 1483
f 1483 1542 1484
f 1484 1542 1543
f 1484 1543 1486
f 1484 1486 1485
f 1486 1544 1545
f 1486 1545 1546
f 1486 1546 1487
f 1486 1543 1544
f 1487 1546 1488
f 1488 1546 1547
f 1488 1547 1489
f 1489 1547 1490
f 1490 1547 1548
f 1490 1548 1493
f 1490 1493 1492
f 1490 1492 1491
f 1493 1549 1495
f 1493 1495 1494
f 1493 1548 1550
f 1493 1550 1551
f 1493 1551 1549
f 1495 1552 1553
f 1495 1553 1496
f 1495 1549 1552
f 1496 1553 1499
f 1496 1499 1497
f 1497 1499 1498
f 1499 1554 1500
f 1499 1553 1554
f 1500 1554 1555
f 1500 1555 1501
f 1501 1555 1556
f 1501 1556 1557
f 1501 1557 1558
f 1501 1558 1502
f 1502 1558 1503
f 1503 1558 1559
f 1503 1559 1560
f 1503 1560 1561
f 1503 1561 1504
f 1504 1561 1505
f 1505 1562 1563
f 1505 1563 1509
f 1505 1509 1508
f 1505 1508 1506
f 1505 1561 1562
f 1509 1563 1564
f 1509 1564 1510
f 1510 1564 1565
f 1510 1565 1566
f 1510 1566 1567
f 1510 1567 1568
f 1510 1568 1511
f 1511 1568 1512
f 1512 1568 1569
f 1512 1569 1570
f 1512 1570 1571
f 1512 1571 1519
f 1512 1519 1518
f 1512 1518 1513
f 1514 1517 1572
f 1514 1572 1515
f 1515 1572 1573
f 1515 1573 1574
f 1515 1574 1575
f 1515 1575 1516
f 1516 1575 1525
f 1517 1519 1576
f 1517 1576 1577
f 1517 1577 1578
f 1517 1578 1579
f 1517 1579 1572
f 1519 1580 1577
f 1519 1577 1576
f 1519 1571 1580
f 1521 1523 1581
f 1522 1524 1526
f 1522 1526 1523
f 1523 1526 1525
f 1523 1525 1582
f 1523 1582 1581
f 1525 1575 1582
f 1527 1583 1528
f 1528 1583 1584
f 1528 1584 1585
f 1528 1585 1529
f 1530 1586 1531
f 1531 1586 1534
f 1531 1534 1533
f 1531 1533 1532
f 1534 1586 1587
f 1534 1587 1588
f 1534 1588 1589
f 1534 1589 1535
f 1535 1589 1590
f 1535 1590 1536
f 1536 1590 1591
f 1536 1591 1592
f 1536 1592 1537
f 1537 1592 1593
f 1537 1593 1594
f 1537 1594 1595
f 1537 1595 1540
f 1537 1540 1539
f 1538 1596 1542
f 1538 1542 1541
f 1538 1540 1597
f 1538 1597 1598
f 1538 1598 1599
f 1538 1599 1596
f 1540 1595 1600
f 1540 1600 1601
f 1540 1601 1599
f 1540 1599 1598
f 1540 1598 1597
f 1542 1596 1602
f 1542 1602 1603
f 1542 1603 1604
f 1542 1604 1605
f 1542 1605 1544
f 1542 1544 1543
f 1544 1606 1607
f 1544 1607 1545
f 1544 1605 1606
f 1545 1607 1608
f 1545 1608 1609
f 1545 1609 1546
f 1546 1609 1547
f 1547 1609 1610
f 1547 1610 1548
f 1548 1610 1550
f 1549 1551 1552
f 1550 1610 1611
f 1550 1611 1612
f 1550 1612 1555
f 1550 1555 1551
f 1551 1555 1613
f 1551 1613 1552
f 1552 1613 1553
f 1553 1613 1554
f 1554 1613 1555
f 1555 1612 1614
f 1555 1614 1615
f 1555 1615 1556
f 1556 1616 1557
f 1556 1615 1616
f 1557 1616 1558
f 1558 1616 1559
f 1559 1617 1560
f 1559 1616 1617
f 1560 1562 1561
f 1560 1617 1657
f 1560 1657 1656
f 1560 1656 1655
f 1560 1655 1615
f 1560 1615 1654
f 1560 1654 1648
f 1560 1648 1671
f 1560 1671 1684
f 1560 1684 1702
f 1560 1702 1712
f 1560 1712 1716
f 1560 1716 1720
f 1560 1720 1724
f 1560 1724 1722
f 1560 1722 1718
f 1560 1718 1714
f 1560 1714 1708
f 1560 1708 1697
f 1560 1697 1680
f 1560 1680 1679
f 1560 1679 1677
f 1560 1677 1662
f 1560 1662 1661
f 1560 1661 1676
f 1560 1676 1673
f 1560 1673 1672
f 1560 1672 1659
f 1560 1659 1658
f 1560 1658 1618
f 1560 1618 1565
f 1560 1565 1562
f 1562 1565 1563
f 1563 1565 1564
f 1565 1618 1566
f 1566 1618 1567
f 1567 1618 1568
f 1568 1618 1619
f 1568 1619 1620
f 1568 1620 1621
f 1568 1621 1569
f 1569 1621 1570
f 1570 1621 1622
f 1570 1622 1571
f 1571 1623 1580
f 1571 1622 1623
f 1572 1579 1573
f 1573 1579 1624
f 1573 1624 1574
f 1574 1582 1575
f 1577 1580 1578
f 1578 1625 1579
f 1578 1580 1626
f 1578 1626 1625
f 1579 1625 1627
f 1579 1627 1624
f 1580 1623 1626
f 1587 1628 1629
f 1587 1629 1588
f 1588 1629 1589
f 1589 1630 1631
f 1589 1631 1590
f 1589 1629 1630
f 1590 1631 1632
f 1590 1632 1633
f 1590 1633 1634
f 1590 1634 1591
f 1591 1634 1592
f 1592 1634 1635
f 1592 1635 1593
f 1593 1635 1636
f 1593 1636 1637
f 1593 1637 1638
f 1593 1638 1594
f 1594 1638 1600
f 1594 1600 1595
f 1596 1599 1602
f 1599 1603 1602
f 1599 1601 1603
f 1600 1638 1639
f 1600 1639 1601
f 1601 1639 1640
f 1601 1640 1641
f 1601 1641 1642
f 1601 1642 1643
f 1601 1643 1644
f 1601 1644 1645
f 1601 1645 1603
f 1603 1645 1644
f 1603 1644 1646
f 1603 1646 1605
f 1603 1605 1604
f 1605 1646 1647
f 1605 1647 1606
f 1606 1648 1649
f 1606 1649 1608
f 1606 1608 1607
f 1606 1647 1648
f 1608 1649 1650
f 1608 1650 1651
f 1608 1651 1609
f 1609 1651 1610
f 1610 1651 1611
f 1611 1651 1612
f 1612 1651 1652
f 1612 1652 1653
f 1612 1653 1614
f 1614 1653 1615
f 1615 1653 1652
f 1615 1652 1654
f 1615 1655 1616
f 1616 1655 1656
f 1616 1656 1657
f 1616 1657 1617
f 1618 1658 1619
f 1619 1658 1659
f 1619 1659 1660
f 1619 1660 1620
f 1620 1660 1623
f 1620 1623 1622
f 1620 1622 1621
f 1623 1660 1661
f 1623 1661 1662
f 1623 1662 1663
f 1628 1630 1629
f 1631 1633 1632
f 1633 1664 1634
f 1634 1664 1635
f 1635 1664 1636
f 1636 1664 1637
f 1637 1664 1638
f 1638 1664 1665
f 1638 1665 1639
f 1639 1665 1666
f 1639 1666 1640
f 1640 1666 1641
f 1641 1666 1667
f 1641 1667 1668
f 1641 1668 1642
f 1642 1668 1648
f 1642 1648 1643
f 1643 1648 1646
f 1643 1646 1644
f 1646 1648 1647
f 1648 1669 1650
f 1648 1650 1649
f 1648 1668 1667
f 1648 1667 1670
f 1648 1670 1671
f 1648 1654 1669
f 1650 1669 1651
f 1651 1669 1654
f 1651 1654 1652
f 1659 1672 1660
f 1660 1672 1673
f 1660 1673 1674
f 1660 1674 1675
f 1660 1675 1676
f 1660 1676 1661
f 1662 1677 1663
f 1663 1677 1679
f 1663 1679 1680
f 1663 1680 1678
f 1664 1681 1665
f 1664 1682 1683
f 1664 1683 1681
f 1665 1681 1670
f 1665 1670 1666
f 1666 1670 1667
f 1670 1681 1683
f 1670 1683 1671
f 1671 1683 1685
f 1671 1685 1686
f 1671 1686 1687
f 1671 1687 1688
f 1671 1688 1689
f 1671 1689 1690
f 1671 1690 1691
f 1671 1691 1692
f 1671 1692 1693
f 1671 1693 1694
f 1671 1694 1695
f 1671 1695 1696
f 1671 1696 1684
f 1673 1676 1675
f 1673 1675 1674
f 1678 1680 1697
f 1678 1697 1698
f 1682 1699 1700
f 1682 1700 1683
f 1683 1700 1701
f 1683 1701 1685
f 1684 1696 1702
f 1685 1701 1686
f 1686 1701 1687
f 1687 1701 1699
f 1687 1699 1688
f 1688 1699 1703
f 1688 1703 1704
f 1688 1704 1689
f 1689 1704 1705
f 1689 1705 1690
f 1690 1706 1691
f 1690 1705 1706
f 1691 1706 1692
f 1692 1706 1695
f 1692 1695 1693
f 1693 1695 1694
f 1696 1707 1702
f 1697 1708 1709
f 1697 1709 1710
f 1697 1710 1711
f 1697 1711 1698
f 1699 1701 1700
f 1702 1707 1712
f 1707 1713 1712
f 1708 1714 1709
f 1709 1714 1715
f 1712 1713 1716
f 1713 1717 1716
f 1714 1718 1715
f 1715 1718 1719
f 1716 1717 1720
f 1717 1721 1720
f 1718 1722 1719
f 1719 1722 1723
f 1720 1721 1725
f 1720 1725 1724
f 1722 1724 1725
f 1722 1725 1726
f 1722 1726 1723
f 1727 1728 1729
f 1727 1729 1730
f 1727 1730 1731
f 1727 1731 1736
f 1727 1736 1732
f 1727 1732 1738
f 1727 1738 1759
f 1727 1759 1768
f 1727 1768 1767
f 1727 1767 1766
f 1727 1766 1765
f 1727 1765 1764
f 1727 1764 1763
f 1727 1763 1803
f 1727 1803 1843
f 1727 1843 1874
f 1727 1874 1902
f 1727 1902 1878
f 1727 1878 1844
f 1727 1844 1804
f 1727 1804 1769
f 1727 1769 1740
f 1727 1740 1733
f 1727 1733 1728
f 1728 1734 1729
f 1728 1733 1734
f 1729 1734 1730
f 1730 1734 1735
f 1730 1735 1731
f 1731 1735 1736
f 1732 1737 1738
f 1732 1736 1739
f 1732 1739 1737
f 1733 1740 1741
f 1733 1741 1742
f 1733 1742 1743
f 1733 1743 1744
f 1733 1744 1745
f 1733 1745 1746
f 1733 1746 1734
f 1734 1746 1745
f 1734 1745 1747
f 1734 1747 1748
f 1734 1748 1749
f 1734 1749 1750
f 1734 1750 1735
f 1735 1750 1751
f 1735 1751 1752
f 1735 1752 1753
f 1735 1753 1754
f 1735 1754 1736
f 1736 1754 1755
f 1736 1755 1756
f 1736 1756 1757
f 1736 1757 1758
f 1736 1758 1739
f 1737 1759 1738
f 1737 1739 1758
f 1737 1758 1760
f 1737 1760 1761
f 1737 1761 1762
f 1737 1762 1763
f 1737 1763 1764
f 1737 1764 1765
f 1737 1765 1766
f 1737 1766 1767
f 1737 1767 1768
f 1737 1768 1759
f 1740 1769 1770
f 1740 1770 1741
f 1741 1771 1742
f 1741 1770 1772
f 1741 1772 1771
f 1742 1771 1773
f 1742 1773 1774
f 1742 1774 1743
f 1743 1775 1813
f 1743 1813 1833
f 1743 1833 1832
f 1743 1832 1831
f 1743 1831 1830
f 1743 1830 1829
f 1743 1829 1828
f 1743 1828 1827
f 1743 1827 1826
f 1743 1826 1825
f 1743 1825 1824
f 1743 1824 1823
f 1743 1823 1822
f 1743 1822 1865
f 1743 1865 1864
f 1743 1864 1863
f 1743 1863 1862
f 1743 1862 1861
f 1743 1861 1860
f 1743 1860 1867
f 1743 1867 1837
f 1743 1837 1866
f 1743 1866 1834
f 1743 1834 1782
f 1743 1782 1781
f 1743 1781 1752
f 1743 1752 1751
f 1743 1751 1750
f 1743 1750 1749
f 1743 1749 1748
f 1743 1748 1780
f 1743 1780 1744
f 1743 1774 1776
f 1743 1776 1777
f 1743 1777 1778
f 1743 1778 1779
f 1743 1779 1775
f 1744 1780 1747
f 1744 1747 1745
f 1747 1780 1748
f 1752 1781 1753
f 1753 1781 1782
f 1753 1782 1783
f 1753 1783 1784
f 1753 1784 1756
f 1753 1756 1754
f 1754 1756 1755
f 1756 1785 1786
f 1756 1786 1787
f 1756 1787 1840
f 1756 1840 1871
f 1756 1871 1899
f 1756 1899 1913
f 1756 1913 1916
f 1756 1916 1915
f 1756 1915 1911
f 1756 1911 1914
f 1756 1914 1903
f 1756 1903 1875
f 1756 1875 1901
f 1756 1901 1872
f 1756 1872 1842
f 1756 1842 1841
f 1756 1841 1802
f 1756 1802 1801
f 1756 1801 1800
f 1756 1800 1799
f 1756 1799 1798
f 1756 1798 1797
f 1756 1797 1796
f 1756 1796 1762
f 1756 1762 1761
f 1756 1761 1795
f 1756 1795 1794
f 1756 1794 1793
f 1756 1793 1792
f 1756 1792 1791
f 1756 1791 1790
f 1756 1790 1789
f 1756 1789 1788
f 1756 1788 1758
f 1756 1758 1757
f 1756 1784 1785
f 1758 1788 1760
f 1760 1788 1789
f 1760 1789 1790
f 1760 1790 1791
f 1760 1791 1792
f 1760 1792 1793
f 1760 1793 1794
f 1760 1794 1795
f 1760 1795 1761
f 1762 1796 1763
f 1763 1796 1797
f 1763 1797 1798
f 1763 1798 1799
f 1763 1799 1800
f 1763 1800 1801
f 1763 1801 1802
f 1763 1802 1803
f 1769 1804 1805
f 1769 1805 1806
f 1769 1806 1807
f 1769 1807 1770
f 1770 1807 1808
f 1770 1808 1809
f 1770 1809 1772
f 1771 1772 1809
f 1771 1809 1810
f 1771 1810 1773
f 1773 1808 1811
f 1773 1811 1774
f 1773 1810 1808
f 1774 1812 1776
f 1774 1811 1812
f 1775 1779 1813
f 1776 1812 1814
f 1776 1814 1777
f 1777 1779 1778
f 1777 1814 1815
f 1777 1815 1816
f 1777 1816 1817
f 1777 1817 1818
f 1777 1818 1819
f 1777 1819 1779
f 1779 1819 1820
f 1779 1820 1821
f 1779 1821 1822
f 1779 1822 1823
f 1779 1823 1824
f 1779 1824 1825
f 1779 1825 1826
f 1779 1826 1827
f 1779 1827 1828
f 1779 1828 1829
f 1779 1829 1830
f 1779 1830 1831
f 1779 1831 1832
f 1779 1832 1833
f 1779 1833 1813
f 1782 1834 1835
f 1782 1835 1783
f 1783 1835 1836
f 1783 1836 1785
f 1783 1785 1784
f 1785 1836 1837
f 1785 1837 1786
f 1786 1837 1838
f 1786 1838 1839
f 1786 1839 1787
f 1787 1839 1840
f 1802 1841 1803
f 1803 1841 1842
f 1803 1842 1843
f 1804 1844 1845
f 1804 1845 1846
f 1804 1846 1805
f 1805 1846 1806
f 1806 1846 1847
f 1806 1847 1808
f 1806 1808 1807
f 1808 1847 1848
f 1808 1848 1816
f 1808 1816 1811
f 1808 1810 1809
f 1811 1849 1812
f 1811 1816 1850
f 1811 1850 1849
f 1812 1849 1850
f 1812 1850 1815
f 1812 1815 1814
f 1815 1850 1816
f 1816 1848 1851
f 1816 1851 1852
f 1816 1852 1817
f 1817 1853 1818
f 1817 1852 1853
f 1818 1853 1819
f 1819 1853 1854
f 1819 1854 1855
f 1819 1855 1820
f 1820 1855 1856
f 1820 1856 1857
f 1820 1857 1858
f 1820 1858 1821
f 1821 1858 1859
f 1821 1859 1860
f 1821 1860 1861
f 1821 1861 1862
f 1821 1862 1863
f 1821 1863 1864
f 1821 1864 1865
f 1821 1865 1822
f 1834 1866 1836
f 1834 1836 1835
f 1836 1866 1837
f 1837 1867 1868
f 1837 1868 1838
f 1838 1867 1869
f 1838 1869 1870
f 1838 1870 1839
f 1838 1868 1867
f 1839 1870 1840
f 1840 1870 1871
f 1842 1872 1843
f 1843 1872 1873
f 1843 1873 1874
f 1844 1875 1876
f 1844 1876 1877
f 1844 1877 1845
f 1844 1878 1875
f 1845 1877 1879
f 1845 1879 1880
f 1845 1880 1846
f 1846 1881 1847
f 1846 1880 1881
f 1847 1851 1848
f 1847 1881 1851
f 1851 1881 1852
f 1852 1882 1853
f 1852 1881 1883
f 1852 1883 1882
f 1853 1882 1854
f 1854 1882 1884
f 1854 1884 1855
f 1855 1884 1885
f 1855 1885 1886
f 1855 1886 1856
f 1856 1887 1859
f 1856 1859 1858
f 1856 1858 1857
f 1856 1886 1888
f 1856 1888 1889
f 1856 1889 1890
f 1856 1890 1887
f 1859 1891 1860
f 1859 1887 1892
f 1859 1892 1893
f 1859 1893 1894
f 1859 1894 1891
f 1860 1895 1869
f 1860 1869 1867
f 1860 1891 1896
f 1860 1896 1897
f 1860 1897 1898
f 1860 1898 1899
f 1860 1899 1895
f 1869 1895 1900
f 1869 1900 1870
f 1870 1900 1871
f 1871 1900 1899
f 1872 1901 1902
f 1872 1902 1874
f 1872 1874 1873
f 1875 1903 1904
f 1875 1904 1876
f 1875 1878 1902
f 1875 1902 1901
f 1876 1904 1885
f 1876 1885 1884
f 1876 1884 1882
f 1876 1882 1905
f 1876 1905 1879
f 1876 1879 1906
f 1876 1906 1877
f 1877 1906 1879
f 1879 1905 1907
f 1879 1907 1883
f 1879 1883 1880
f 1880 1883 1881
f 1882 1883 1907
f 1882 1907 1905
f 1885 1904 1886
f 1886 1904 1908
f 1886 1908 1888
f 1887 1890 1892
f 1888 1908 1889
f 1889 1908 1909
f 1889 1909 1890
f 1890 1910 1894
f 1890 1894 1892
f 1890 1909 1911
f 1890 1911 1910
f 1891 1894 1912
f 1891 1912 1913
f 1891 1913 1896
f 1892 1894 1893
f 1894 1910 1912
f 1895 1899 1900
f 1896 1913 1897
f 1897 1913 1898
f 1898 1913 1899
f 1903 1909 1908
f 1903 1908 1904
f 1903 1914 1909
f 1909 1914 1911
f 1910 1911 1915
f 1910 1915 1916
f 1910 1916 1912
f 1912 1916 1913
f 1917 1918 1919
f 1917 1919 1920
f 1917 1920 1921
f 1917 1921 1965
f 1917 1965 2024
f 1917 2024 2023
f 1917 2023 2119
f 1917 2119 2247
f 1917 2247 2397
f 1917 2397 2567
f 1917 2567 2761
f 1917 2761 2923
f 1917 2923 3068
f 1917 3068 2926
f 1917 2926 2765
f 1917 2765 2571
f 1917 2571 2398
f 1917 2398 2249
f 1917 2249 2120
f 1917 2120 2025
f 1917 2025 1966
f 1917 1966 1922
f 1917 1922 1923
f 1917 1923 1924
f 1917 1924 1925
f 1917 1925 1926
f 1917 1926 1927
f 1917 1927 1928
f 1917 1928 1929
f 1917 1929 1930
f 1917 1930 1931
f 1917 1931 1932
f 1917 1932 1933
f 1917 1933 1934
f 1917 1934 1935
f 1917 1935 1936
f 1917 1936 1937
f 1917 1937 1938
f 1917 1938 1939
f 1917 1939 1940
f 1917 1940 1941
f 1917 1941 1942
f 1917 1942 1943
f 1917 1943 1944
f 1917 1944 1945
f 1917 1945 1946
f 1917 1946 1947
f 1917 1947 1948
f 1917 1948 1949
f 1917 1949 1950
f 1917 1950 1951
f 1917 1951 1952
f 1917 1952 1953
f 1917 1953 1954
f 1917 1954 1955
f 1917 1955 1956
f 1917 1956 1957
f 1917 1957 1958
f 1917 1958 1959
f 1917 1959 1918
f 1918 1960 1961
f 1918 1961 1962
f 1918 1962 1920
f 1918 1920 1919
f 1918 1959 1963
f 1918 1963 1960
f 1920 1962 1964
f 1920 1964 1921
f 1921 1964 1965
f 1922 1966 1967
f 1922 1967 1968
f 1922 1968 1923
f 1923 1968 1969
f 1923 1969 1970
f 1923 1970 1971
f 1923 1971 1924
f 1924 1971 1972
f 1924 1972 1925
f 1925 1972 1973
f 1925 1973 1926
f 1926 1973 1927
f 1927 1973 1974
f 1927 1974 1928
f 1928 1974 1975
f 1928 1975 1929
f 1929 1975 1976
f 1929 1976 1930
f 1930 1976 1931
f 1931 1976 1977
f 1931 1977 1932
f 1932 1977 1933
f 1933 1977 1934
f 1934 1978 1979
f 1934 1979 1935
f 1934 1977 1978
f 1935 1979 1936
f 1936 1979 1980
f 1936 1980 1981
f 1936 1981 1937
f 1937 1981 1938
f 1938 1981 1939
f 1939 1981 1982
f 1939 1982 1983
f 1939 1983 1984
f 1939 1984 1940
f 1940 1984 1985
f 1940 1985 1986
f 1940 1986 1941
f 1941 1986 1942
f 1942 1986 1987
f 1942 1987 1988
f 1942 1988 1943
f 1943 1988 1944
f 1944 1988 1989
f 1944 1989 1945
f 1945 1989 1946
f 1946 1989 1947
f 1947 1989 1990
f 1947 1990 1991
f 1947 1991 1992
f 1947 1992 1948
f 1948 1992 1949
f 1949 1992 1950
f 1950 1993 1994
f 1950 1994 1951
f 1950 1992 1993
f 1951 1994 1995
f 1951 1995 1996
f 1951 1996 1997
f 1951 1997 1998
f 1951 1998 1999
f 1951 1999 2000
f 1951 2000 2001
f 1951 2001 2002
f 1951 2002 2003
f 1951 2003 2004
f 1951 2004 1952
f 1952 2004 2005
f 1952 2005 2006
f 1952 2006 2007
f 1952 2007 1953
f 1953 2007 1954
f 1954 2007 2008
f 1954 2008 1955
f 1955 2008 1956
f 1956 2008 2009
f 1956 2009 2010
f 1956 2010 1957
f 1957 2010 1958
f 1958 2010 2011
f 1958 2011 1959
f 1959 2011 2012
f 1959 2012 2013
f 1959 2013 1963
f 1960 2014 2015
f 1960 2015 1961
f 1960 1963 2014
f 1961 2015 2016
f 1961 2016 2017
f 1961 2017 1962
f 1962 2017 1964
f 1963 2013 2018
f 1963 2018 2019
f 1963 2019 2020
f 1963 2020 2014
f 1964 2017 2021
f 1964 2021 2022
f 1964 2022 2023
f 1964 2023 2024
f 1964 2024 1965
f 1966 2025 2026
f 1966 2026 1967
f 1967 2026 2027
f 1967 2027 1968
f 1968 2027 2157
f 1968 2157 2028
f 1968 2028 2029
f 1968 2029 2030
f 1968 2030 2031
f 1968 2031 2032
f 1968 2032 2033
f 1968 2033 2034
f 1968 2034 2035
f 1968 2035 2036
f 1968 2036 2037
f 1968 2037 2038
f 1968 2038 2039
f 1968 2039 2040
f 1968 2040 2041
f 1968 2041 2042
f 1968 2042 2043
f 1968 2043 2044
f 1968 2044 2045
f 1968 2045 2046
f 1968 2046 2047
f 1968 2047 2048
f 1968 2048 2049
f 1968 2049 2050
f 1968 2050 2051
f 1968 2051 2052
f 1968 2052 2053
f 1968 2053 2054
f 1968 2054 2055
f 1968 2055 2056
f 1968 2056 1969
f 1969 2056 2057
f 1969 2057 2058
f 1969 2058 2059
f 1969 2059 1970
f 1970 2059 2060
f 1970 2060 2061
f 1970 2061 2062
f 1970 2062 1971
f 1971 2062 2063
f 1971 2063 1972
f 1972 2063 2064
f 1972 2064 2065
f 1972 2065 2066
f 1972 2066 1974
f 1972 1974 2067
f 1972 2067 1973
f 1973 2067 1974
f 1974 2066 2068
f 1974 2068 2069
f 1974 2069 1975
f 1975 2069 1976
f 1976 2069 2070
f 1976 2070 2071
f 1976 2071 1977
f 1977 2071 2072
f 1977 2072 1978
f 1978 2072 2073
f 1978 2073 2074
f 1978 2074 1979
f 1979 2074 2075
f 1979 2075 1980
f 1980 2075 1981
f 1981 2075 1982
f 1982 2075 1983
f 1983 2076 2077
f 1983 2077 2078
f 1983 2078 2079
f 1983 2079 2080
f 1983 2080 2081
f 1983 2081 1984
f 1983 2075 2076
f 1984 2081 2082
f 1984 2082 1985
f 1985 2082 2083
f 1985 2083 1987
f 1985 1987 1986
f 1987 2083 2084
f 1987 2084 2085
f 1987 2085 1988
f 1988 2085 1989
f 1989 2085 2086
f 1989 2086 1991
f 1989 1991 1990
f 1991 2087 2088
f 1991 2088 1992
f 1991 2086 2087
f 1992 2088 2089
f 1992 2089 1993
f 1993 2089 2090
f 1993 2090 1995
f 1993 1995 1994
f 1995 2090 2091
f 1995 2091 2092
f 1995 2092 1996
f 1996 2092 2091
f 1996 2091 2093
f 1996 2093 1997
f 1997 2093 2094
f 1997 2094 2095
f 1997 2095 2096
f 1997 2096 1998
f 1998 2096 2097
f 1998 2097 1999
f 1999 2097 2096
f 1999 2096 2000
f 2000 2096 2098
f 2000 2098 2001
f 2001 2098 2002
f 2002 2098 2003
f 2003 2098 2099
f 2003 2099 2004
f 2004 2099 2005
f 2005 2099 2098
f 2005 2098 2100
f 2005 2100 2006
f 2006 2100 2101
f 2006 2101 2009
f 2006 2009 2007
f 2007 2009 2008
f 2009 2101 2102
f 2009 2102 2103
f 2009 2103 2010
f 2010 2103 2012
f 2010 2012 2011
f 2012 2103 2104
f 2012 2104 2018
f 2012 2018 2013
f 2014 2105 2106
f 2014 2106 2015
f 2014 2020 2107
f 2014 2107 2105
f 2015 2106 2108
f 2015 2108 2016
f 2016 2108 2109
f 2016 2109 2021
f 2016 2021 2017
f 2018 2110 2111
f 2018 2111 2019
f 2018 2104 2110
f 2019 2111 2112
f 2019 2112 2113
f 2019 2113 2107
f 2019 2107 2020
f 2021 2109 2114
f 2021 2114 2115
f 2021 2115 2022
f 2022 2115 2116
f 2022 2116 2117
f 2022 2117 2118
f 2022 2118 2023
f 2023 2118 2119
f 2025 2120 2121
f 2025 2121 2122
f 2025 2122 2123
f 2025 2123 2124
f 2025 2124 2125
f 2025 2125 2126
f 2025 2126 2127
f 2025 2127 2128
f 2025 2128 2129
f 2025 2129 2130
f 2025 2130 2131
f 2025 2131 2026
f 2026 2131 2132
f 2026 2132 2133
f 2026 2133 2134
f 2026 2134 2135
f 2026 2135 2136
f 2026 2136 2137
f 2026 2137 2138
f 2026 2138 2139
f 2026 2139 2140
f 2026 2140 2141
f 2026 2141 2142
f 2026 2142 2143
f 2026 2143 2144
f 2026 2144 2145
f 2026 2145 2146
f 2026 2146 2147
f 2026 2147 2148
f 2026 2148 2149
f 2026 2149 2150
f 2026 2150 2151
f 2026 2151 2152
f 2026 2152 2153
f 2026 2153 2154
f 2026 2154 2155
f 2026 2155 2156
f 2026 2156 2157
f 2026 2157 2027
f 2028 2157 2160
f 2028 2160 2029
f 2029 2158 2159
f 2029 2159 2030
f 2029 2160 2298
f 2029 2298 2297
f 2029 2297 2458
f 2029 2458 2639
f 2029 2639 2822
f 2029 2822 2966
f 2029 2966 3117
f 2029 3117 3121
f 2029 3121 3257
f 2029 3257 3360
f 2029 3360 3262
f 2029 3262 3261
f 2029 3261 3260
f 2029 3260 3259
f 2029 3259 3129
f 2029 3129 3128
f 2029 3128 2973
f 2029 2973 2831
f 2029 2831 2654
f 2029 2654 2653
f 2029 2653 2652
f 2029 2652 2468
f 2029 2468 2299
f 2029 2299 2158
f 2030 2159 2031
f 2031 2159 2161
f 2031 2161 2032
f 2032 2161 2033
f 2033 2161 2162
f 2033 2162 2034
f 2034 2162 2163
f 2034 2163 2035
f 2035 2163 2164
f 2035 2164 2036
f 2036 2164 2037
f 2037 2164 2038
f 2038 2164 2165
f 2038 2165 2039
f 2039 2165 2166
f 2039 2166 2040
f 2040 2166 2167
f 2040 2167 2041
f 2041 2167 2042
f 2042 2167 2043
f 2043 2167 2168
f 2043 2168 2044
f 2044 2168 2045
f 2045 2168 2169
f 2045 2169 2046
f 2046 2169 2170
f 2046 2170 2047
f 2047 2170 2171
f 2047 2171 2048
f 2048 2171 2172
f 2048 2172 2173
f 2048 2173 2049
f 2049 2173 2174
f 2049 2174 2050
f 2050 2174 2175
f 2050 2175 2051
f 2051 2175 2052
f 2052 2175 2176
f 2052 2176 2053
f 2053 2176 2177
f 2053 2177 2054
f 2054 2177 2055
f 2055 2178 2056
f 2055 2177 2179
f 2055 2179 2178
f 2056 2178 2057
f 2057 2178 2180
f 2057 2180 2058
f 2058 2180 2181
f 2058 2181 2182
f 2058 2182 2183
f 2058 2183 2059
f 2059 2183 2060
f 2060 2183 2184
f 2060 2184 2185
f 2060 2185 2186
f 2060 2186 2061
f 2061 2063 2062
f 2061 2186 2187
f 2061 2187 2063
f 2063 2187 2188
f 2063 2188 2064
f 2064 2188 2065
f 2065 2189 2190
f 2065 2190 2191
f 2065 2191 2066
f 2065 2188 2192
f 2065 2192 2193
f 2065 2193 2194
f 2065 2194 2189
f 2066 2191 2068
f 2068 2191 2190
f 2068 2190 2069
f 2069 2190 2070
f 2070 2190 2334
f 2070 2334 2195
f 2070 2195 2071
f 2071 2073 2072
f 2071 2195 2196
f 2071 2196 2197
f 2071 2197 2198
f 2071 2198 2073
f 2073 2198 2199
f 2073 2199 2074
f 2074 2199 2075
f 2075 2199 2200
f 2075 2200 2201
f 2075 2201 2077
f 2075 2077 2076
f 2077 2201 2202
f 2077 2202 2078
f 2078 2203 2204
f 2078 2204 2205
f 2078 2205 2080
f 2078 2080 2079
f 2078 2202 2203
f 2080 2205 2083
f 2080 2083 2081
f 2081 2083 2082
f 2083 2205 2206
f 2083 2206 2207
f 2083 2207 2208
f 2083 2208 2084
f 2084 2208 2085
f 2085 2208 2086
f 2086 2209 2210
f 2086 2210 2087
f 2086 2208 2209
f 2087 2210 2211
f 2087 2211 2088
f 2088 2211 2212
f 2088 2212 2089
f 2089 2212 2090
f 2090 2212 2211
f 2090 2211 2213
f 2090 2213 2214
f 2090 2214 2091
f 2091 2215 2216
f 2091 2216 2093
f 2091 2214 2215
f 2093 2216 2217
f 2093 2217 2218
f 2093 2218 2219
f 2093 2219 2094
f 2094 2219 2218
f 2094 2218 2095
f 2095 2098 2096
f 2095 2218 2220
f 2095 2220 2221
f 2095 2221 2222
f 2095 2222 2100
f 2095 2100 2098
f 2100 2222 2223
f 2100 2223 2101
f 2101 2223 2224
f 2101 2224 2102
f 2102 2224 2225
f 2102 2225 2103
f 2103 2226 2227
f 2103 2227 2104
f 2103 2225 2226
f 2104 2227 2110
f 2105 2228 2229
f 2105 2229 2106
f 2105 2107 2230
f 2105 2230 2228
f 2106 2229 2108
f 2107 2113 2230
f 2108 2231 2232
f 2108 2232 2109
f 2108 2229 2231
f 2109 2232 2233
f 2109 2233 2114
f 2110 2234 2111
f 2110 2227 2234
f 2111 2234 2235
f 2111 2235 2236
f 2111 2236 2112
f 2112 2236 2237
f 2112 2237 2238
f 2112 2238 2113
f 2113 2238 2239
f 2113 2239 2230
f 2114 2116 2115
f 2114 2233 2240
f 2114 2240 2241
f 2114 2241 2242
f 2114 2242 2117
f 2114 2117 2116
f 2117 2242 2243
f 2117 2243 2244
f 2117 2244 2118
f 2118 2244 2245
f 2118 2245 2246
f 2118 2246 2119
f 2119 2246 2247
f 2120 2248 2121
f 2120 2249 2248
f 2121 2248 2250
f 2121 2250 2251
f 2121 2251 2252
f 2121 2252 2253
f 2121 2253 2254
f 2121 2254 2122
f 2122 2254 2123
f 2123 2254 2124
f 2124 2255 2125
f 2124 2254 2255
f 2125 2255 2256
f 2125 2256 2257
f 2125 2257 2126
f 2126 2257 2127
f 2127 2258 2128
f 2127 2257 2258
f 2128 2258 2129
f 2129 2258 2259
f 2129 2259 2260
f 2129 2260 2261
f 2129 2261 2130
f 2130 2261 2131
f 2131 2261 2132
f 2132 2261 2262
f 2132 2262 2263
f 2132 2263 2264
f 2132 2264 2133
f 2133 2264 2265
f 2133 2265 2266
f 2133 2266 2134
f 2134 2266 2267
f 2134 2267 2268
f 2134 2268 2269
f 2134 2269 2135
f 2135 2269 2270
f 2135 2270 2136
f 2136 2270 2137
f 2137 2270 2271
f 2137 2271 2272
f 2137 2272 2138
f 2138 2272 2273
f 2138 2273 2139
f 2139 2273 2274
f 2139 2274 2140
f 2140 2274 2141
f 2141 2274 2275
f 2141 2275 2276
f 2141 2276 2142
f 2142 2276 2277
f 2142 2277 2278
f 2142 2278 2143
f 2143 2278 2279
f 2143 2279 2280
f 2143 2280 2144
f 2144 2280 2145
f 2145 2280 2146
f 2146 2280 2281
f 2146 2281 2282
f 2146 2282 2147
f 2147 2282 2283
f 2147 2283 2284
f 2147 2284 2148
f 2148 2284 2283
f 2148 2283 2285
f 2148 2285 2149
f 2149 2285 2150
f 2150 2286 2287
f 2150 2287 2288
f 2150 2288 2151
f 2150 2285 2286
f 2151 2288 2152
f 2152 2288 2289
f 2152 2289 2153
f 2153 2289 2154
f 2154 2289 2290
f 2154 2290 2291
f 2154 2291 2292
f 2154 2292 2293
f 2154 2293 2155
f 2155 2293 2156
f 2156 2293 2294
f 2156 2294 2295
f 2156 2295 2296
f 2156 2296 2157
f 2157 2296 2297
f 2157 2297 2298
f 2157 2298 2160
f 2158 2299 2159
f 2159 2162 2161
f 2159 2299 2300
f 2159 2300 2301
f 2159 2301 2162
f 2162 2301 2302
f 2162 2302 2303
f 2162 2303 2164
f 2162 2164 2163
f 2164 2304 2166
f 2164 2166 2165
f 2164 2303 2305
f 2164 2305 2304
f 2166 2304 2306
f 2166 2306 2307
f 2166 2307 2308
f 2166 2308 2168
f 2166 2168 2167
f 2168 2309 2169
f 2168 2308 2310
f 2168 2310 2311
f 2168 2311 2309
f 2169 2312 2171
f 2169 2171 2170
f 2169 2309 2311
f 2169 2311 2313
f 2169 2313 2312
f 2171 2312 2172
f 2172 2314 2173
f 2172 2312 2315
f 2172 2315 2316
f 2172 2316 2314
f 2173 2314 2174
f 2174 2314 2317
f 2174 2317 2175
f 2175 2317 2176
f 2176 2317 2177
f 2177 2317 2318
f 2177 2318 2319
f 2177 2319 2320
f 2177 2320 2179
f 2178 2179 2321
f 2178 2321 2180
f 2179 2320 2322
f 2179 2322 2321
f 2180 2321 2323
f 2180 2323 2181
f 2181 2323 2324
f 2181 2324 2184
f 2181 2184 2325
f 2181 2325 2183
f 2181 2183 2182
f 2183 2325 2184
f 2184 2324 2326
f 2184 2326 2327
f 2184 2327 2328
f 2184 2328 2185
f 2185 2329 2186
f 2185 2328 2329
f 2186 2329 2187
f 2187 2329 2188
f 2188 2329 2330
f 2188 2330 2331
f 2188 2331 2332
f 2188 2332 2333
f 2188 2333 2192
f 2189 2194 2334
f 2189 2334 2190
f 2192 2333 2335
f 2192 2335 2336
f 2192 2336 2194
f 2192 2194 2193
f 2194 2336 2337
f 2194 2337 2334
f 2195 2337 2196
f 2195 2334 2337
f 2196 2338 2197
f 2196 2337 2339
f 2196 2339 2340
f 2196 2340 2338
f 2197 2338 2200
f 2197 2200 2341
f 2197 2341 2198
f 2198 2341 2200
f 2198 2200 2199
f 2200 2342 2343
f 2200 2343 2202
f 2200 2202 2201
f 2200 2338 2342
f 2202 2343 2203
f 2203 2344 2345
f 2203 2345 2204
f 2203 2343 2344
f 2204 2345 2346
f 2204 2346 2347
f 2204 2347 2207
f 2204 2207 2205
f 2205 2207 2206
f 2207 2347 2348
f 2207 2348 2349
f 2207 2349 2350
f 2207 2350 2351
f 2207 2351 2208
f 2208 2351 2352
f 2208 2352 2209
f 2209 2352 2353
f 2209 2353 2354
f 2209 2354 2210
f 2210 2354 2211
f 2211 2354 2213
f 2213 2354 2355
f 2213 2355 2214
f 2214 2355 2356
f 2214 2356 2357
f 2214 2357 2358
f 2214 2358 2215
f 2215 2358 2357
f 2215 2357 2359
f 2215 2359 2360
f 2215 2360 2361
f 2215 2361 2362
f 2215 2362 2218
f 2215 2218 2217
f 2215 2217 2216
f 2218 2363 2220
f 2218 2362 2364
f 2218 2364 2363
f 2220 2363 2221
f 2221 2365 2222
f 2221 2363 2365
f 2222 2365 2223
f 2223 2365 2224
f 2224 2365 2366
f 2224 2366 2225
f 2225 2366 2367
f 2225 2367 2226
f 2226 2367 2368
f 2226 2368 2227
f 2227 2368 2369
f 2227 2369 2234
f 2228 2370 2371
f 2228 2371 2229
f 2228 2230 2370
f 2229 2371 2372
f 2229 2372 2231
f 2230 2239 2373
f 2230 2373 2374
f 2230 2374 2375
f 2230 2375 2376
f 2230 2376 2370
f 2231 2372 2377
f 2231 2377 2233
f 2231 2233 2232
f 2233 2377 2378
f 2233 2378 2379
f 2233 2379 2380
f 2233 2380 2381
f 2233 2381 2382
f 2233 2382 2240
f 2234 2369 2235
f 2235 2369 2383
f 2235 2383 2384
f 2235 2384 2236
f 2236 2384 2385
f 2236 2385 2386
f 2236 2386 2237
f 2237 2386 2387
f 2237 2387 2388
f 2237 2388 2238
f 2238 2388 2389
f 2238 2389 2374
f 2238 2374 2373
f 2238 2373 2239
f 2240 2382 2241
f 2241 2243 2242
f 2241 2382 2390
f 2241 2390 2391
f 2241 2391 2392
f 2241 2392 2243
f 2243 2392 2244
f 2244 2392 2245
f 2245 2392 2393
f 2245 2393 2394
f 2245 2394 2246
f 2246 2394 2395
f 2246 2395 2396
f 2246 2396 2247
f 2247 2396 2397
f 2248 2249 2250
f 2249 2398 2399
f 2249 2399 2250
f 2250 2399 2251
f 2251 2399 2400
f 2251 2400 2401
f 2251 2401 2402
f 2251 2402 2403
f 2251 2403 2404
f 2251 2404 2405
f 2251 2405 2252
f 2252 2405 2406
f 2252 2406 2253
f 2253 2406 2254
f 2254 2406 2407
f 2254 2407 2255
f 2255 2407 2408
f 2255 2408 2409
f 2255 2409 2256
f 2256 2410 2257
f 2256 2409 2410
f 2257 2410 2411
f 2257 2411 2258
f 2258 2411 2412
f 2258 2412 2413
f 2258 2413 2259
f 2259 2413 2260
f 2260 2413 2414
f 2260 2414 2415
f 2260 2415 2416
f 2260 2416 2417
f 2260 2417 2418
f 2260 2418 2419
f 2260 2419 2261
f 2261 2419 2262
f 2262 2419 2263
f 2263 2419 2420
f 2263 2420 2264
f 2264 2420 2421
f 2264 2421 2422
f 2264 2422 2423
f 2264 2423 2265
f 2265 2423 2424
f 2265 2424 2425
f 2265 2425 2426
f 2265 2426 2266
f 2266 2426 2427
f 2266 2427 2428
f 2266 2428 2429
f 2266 2429 2430
f 2266 2430 2267
f 2267 2430 2431
f 2267 2431 2432
f 2267 2432 2268
f 2268 2433 2270
f 2268 2270 2269
f 2268 2432 2434
f 2268 2434 2433
f 2270 2433 2271
f 2271 2433 2435
f 2271 2435 2272
f 2272 2435 2273
f 2273 2435 2436
f 2273 2436 2437
f 2273 2437 2274
f 2274 2437 2275
f 2275 2437 2438
f 2275 2438 2276
f 2276 2438 2439
f 2276 2439 2277
f 2277 2439 2440
f 2277 2440 2278
f 2278 2441 2279
f 2278 2440 2442
f 2278 2442 2443
f 2278 2443 2444
f 2278 2444 2441
f 2279 2441 2445
f 2279 2445 2281
f 2279 2281 2280
f 2281 2445 2446
f 2281 2446 2282
f 2282 2446 2447
f 2282 2447 2283
f 2283 2447 2448
f 2283 2448 2286
f 2283 2286 2285
f 2286 2448 2287
f 2287 2449 2450
f 2287 2450 2451
f 2287 2451 2289
f 2287 2289 2288
f 2287 2448 2449
f 2289 2451 2290
f 2290 2451 2291
f 2291 2294 2293
f 2291 2293 2292
f 2291 2451 2450
f 2291 2450 2452
f 2291 2452 2295
f 2291 2295 2294
f 2295 2452 2453
f 2295 2453 2454
f 2295 2454 2455
f 2295 2455 2296
f 2296 2455 2297
f 2297 2456 2457
f 2297 2457 2458
f 2297 2455 2454
f 2297 2454 2459
f 2297 2459 2460
f 2297 2460 2461
f 2297 2461 2462
f 2297 2462 2463
f 2297 2463 2464
f 2297 2464 2465
f 2297 2465 2466
f 2297 2466 2467
f 2297 2467 2456
f 2299 2468 2300
f 2300 2468 2469
f 2300 2469 2301
f 2301 2469 2470
f 2301 2470 2471
f 2301 2471 2472
f 2301 2472 2303
f 2301 2303 2302
f 2303 2473 2305
f 2303 2472 2471
f 2303 2471 2474
f 2303 2474 2475
f 2303 2475 2473
f 2304 2305 2306
f 2305 2473 2476
f 2305 2476 2477
f 2305 2477 2478
f 2305 2478 2306
f 2306 2478 2307
f 2307 2478 2310
f 2307 2310 2308
f 2310 2478 2313
f 2310 2313 2311
f 2312 2313 2479
f 2312 2479 2315
f 2313 2478 2480
f 2313 2480 2479
f 2314 2316 2481
f 2314 2481 2317
f 2315 2479 2482
f 2315 2482 2483
f 2315 2483 2316
f 2316 2483 2484
f 2316 2484 2485
f 2316 2485 2481
f 2317 2481 2319
f 2317 2319 2318
f 2319 2486 2320
f 2319 2481 2486
f 2320 2486 2487
f 2320 2487 2488
f 2320 2488 2322
f 2321 2322 2323
f 2322 2489 2324
f 2322 2324 2323
f 2322 2488 2490
f 2322 2490 2489
f 2324 2489 2326
f 2326 2489 2491
f 2326 2491 2327
f 2327 2491 2492
f 2327 2492 2328
f 2328 2493 2329
f 2328 2492 2494
f 2328 2494 2495
f 2328 2495 2493
f 2329 2493 2330
f 2330 2493 2495
f 2330 2495 2496
f 2330 2496 2497
f 2330 2497 2331
f 2331 2497 2332
f 2332 2497 2498
f 2332 2498 2333
f 2333 2498 2335
f 2335 2498 2499
f 2335 2499 2500
f 2335 2500 2501
f 2335 2501 2336
f 2336 2502 2337
f 2336 2501 2502
f 2337 2502 2339
f 2338 2340 2342
f 2339 2503 2504
f 2339 2504 2340
f 2339 2502 2503
f 2340 2504 2505
f 2340 2505 2342
f 2342 2505 2343
f 2343 2505 2506
f 2343 2506 2344
f 2344 2506 2507
f 2344 2507 2508
f 2344 2508 2509
f 2344 2509 2510
f 2344 2510 2345
f 2345 2510 2346
f 2346 2510 2347
f 2347 2510 2348
f 2348 2350 2349
f 2348 2510 2511
f 2348 2511 2512
f 2348 2512 2513
f 2348 2513 2350
f 2350 2513 2514
f 2350 2514 2515
f 2350 2515 2352
f 2350 2352 2351
f 2352 2515 2516
f 2352 2516 2517
f 2352 2517 2353
f 2353 2517 2355
f 2353 2355 2354
f 2355 2518 2519
f 2355 2519 2356
f 2355 2517 2516
f 2355 2516 2518
f 2356 2520 2521
f 2356 2521 2357
f 2356 2519 2522
f 2356 2522 2520
f 2357 2521 2359
f 2359 2521 2523
f 2359 2523 2361
f 2359 2361 2360
f 2361 2523 2524
f 2361 2524 2525
f 2361 2525 2526
f 2361 2526 2364
f 2361 2364 2362
f 2363 2364 2526
f 2363 2526 2527
f 2363 2527 2528
f 2363 2528 2365
f 2365 2528 2366
f 2366 2528 2529
f 2366 2529 2530
f 2366 2530 2531
f 2366 2531 2367
f 2367 2531 2532
f 2367 2532 2368
f 2368 2532 2533
f 2368 2533 2534
f 2368 2534 2369
f 2369 2534 2535
f 2369 2535 2383
f 2370 2536 2537
f 2370 2537 2371
f 2370 2376 2536
f 2371 2537 2538
f 2371 2538 2372
f 2372 2538 2377
f 2374 2539 2540
f 2374 2540 2541
f 2374 2541 2542
f 2374 2542 2376
f 2374 2376 2375
f 2374 2389 2539
f 2376 2542 2543
f 2376 2543 2536
f 2377 2538 2378
f 2378 2538 2544
f 2378 2544 2545
f 2378 2545 2546
f 2378 2546 2379
f 2379 2546 2380
f 2380 2546 2547
f 2380 2547 2548
f 2380 2548 2381
f 2381 2548 2549
f 2381 2549 2382
f 2382 2549 2390
f 2383 2535 2550
f 2383 2550 2384
f 2384 2550 2551
f 2384 2551 2385
f 2385 2551 2552
f 2385 2552 2386
f 2386 2552 2387
f 2387 2553 2554
f 2387 2554 2555
f 2387 2555 2556
f 2387 2556 2388
f 2387 2552 2557
f 2387 2557 2553
f 2388 2556 2389
f 2389 2556 2555
f 2389 2555 2554
f 2389 2554 2539
f 2390 2549 2391
f 2391 2558 2392
f 2391 2549 2558
f 2392 2558 2559
f 2392 2559 2560
f 2392 2560 2561
f 2392 2561 2562
f 2392 2562 2393
f 2393 2561 2563
f 2393 2563 2564
f 2393 2564 2565
f 2393 2565 2566
f 2393 2566 2395
f 2393 2395 2394
f 2393 2562 2561
f 2395 2566 2396
f 2396 2566 2567
f 2396 2567 2397
f 2398 2568 2569
f 2398 2569 2570
f 2398 2570 2399
f 2398 2571 2568
f 2399 2401 2400
f 2399 2570 2569
f 2399 2569 2572
f 2399 2572 2573
f 2399 2573 2401
f 2401 2574 2575
f 2401 2575 2576
f 2401 2576 2577
f 2401 2577 2578
f 2401 2578 2579
f 2401 2579 2402
f 2401 2573 2574
f 2402 2579 2403
f 2403 2579 2580
f 2403 2580 2404
f 2404 2580 2581
f 2404 2581 2582
f 2404 2582 2406
f 2404 2406 2405
f 2406 2582 2407
f 2407 2582 2408
f 2408 2582 2409
f 2409 2582 2583
f 2409 2583 2584
f 2409 2584 2585
f 2409 2585 2586
f 2409 2586 2587
f 2409 2587 2410
f 2410 2588 2412
f 2410 2412 2411
f 2410 2587 2586
f 2410 2586 2588
f 2412 2588 2413
f 2413 2588 2414
f 2414 2588 2589
f 2414 2589 2415
f 2415 2589 2590
f 2415 2590 2416
f 2416 2590 2417
f 2417 2590 2591
f 2417 2591 2592
f 2417 2592 2593
f 2417 2593 2418
f 2418 2594 2419
f 2418 2593 2594
f 2419 2594 2420
f 2420 2594 2595
f 2420 2595 2421
f 2421 2595 2422
f 2422 2596 2597
f 2422 2597 2423
f 2422 2595 2598
f 2422 2598 2596
f 2423 2597 2599
f 2423 2599 2424
f 2424 2427 2425
f 2424 2599 2427
f 2425 2427 2426
f 2427 2599 2600
f 2427 2600 2601
f 2427 2601 2429
f 2427 2429 2428
f 2429 2601 2602
f 2429 2602 2430
f 2430 2602 2603
f 2430 2603 2604
f 2430 2604 2605
f 2430 2605 2606
f 2430 2606 2431
f 2431 2607 2432
f 2431 2606 2607
f 2432 2607 2608
f 2432 2608 2434
f 2433 2434 2609
f 2433 2609 2435
f 2434 2608 2610
f 2434 2610 2611
f 2434 2611 2612
f 2434 2612 2609
f 2435 2609 2613
f 2435 2613 2436
f 2436 2613 2437
f 2437 2613 2614
f 2437 2614 2438
f 2438 2614 2439
f 2439 2614 2615
f 2439 2615 2616
f 2439 2616 2440
f 2440 2617 2442
f 2440 2616 2617
f 2441 2444 2618
f 2441 2618 2445
f 2442 2617 2619
f 2442 2619 2620
f 2442 2620 2443
f 2443 2620 2444
f 2444 2620 2618
f 2445 2618 2621
f 2445 2621 2446
f 2446 2621 2622
f 2446 2622 2623
f 2446 2623 2447
f 2447 2623 2624
f 2447 2624 2448
f 2448 2624 2449
f 2449 2624 2625
f 2449 2625 2626
f 2449 2626 2627
f 2449 2627 2628
f 2449 2628 2629
f 2449 2629 2452
f 2449 2452 2450
f 2452 2629 2630
f 2452 2630 2631
f 2452 2631 2632
f 2452 2632 2453
f 2453 2632 2454
f 2454 2632 2459
f 2456 2633 2634
f 2456 2634 2635
f 2456 2635 2457
f 2456 2467 2633
f 2457 2635 2636
f 2457 2636 2637
f 2457 2637 2638
f 2457 2638 2639
f 2457 2639 2458
f 2459 2632 2460
f 2460 2631 2461
f 2460 2632 2631
f 2461 2631 2640
f 2461 2640 2462
f 2462 2640 2641
f 2462 2641 2463
f 2463 2641 2464
f 2464 2642 2465
f 2464 2641 2642
f 2465 2642 2641
f 2465 2641 2643
f 2465 2643 2466
f 2466 2643 2644
f 2466 2644 2645
f 2466 2645 2646
f 2466 2646 2647
f 2466 2647 2467
f 2467 2648 2649
f 2467 2649 2650
f 2467 2650 2651
f 2467 2651 2633
f 2467 2647 2646
f 2467 2646 2648
f 2468 2652 2469
f 2469 2652 2653
f 2469 2653 2654
f 2469 2654 2655
f 2469 2655 2656
f 2469 2656 2470
f 2470 2656 2471
f 2471 2657 2475
f 2471 2475 2474
f 2471 2656 2658
f 2471 2658 2659
f 2471 2659 2660
f 2471 2660 2657
f 2473 2475 2476
f 2475 2657 2661
f 2475 2661 2662
f 2475 2662 2476
f 2476 2662 2477
f 2477 2480 2478
f 2477 2662 2480
f 2479 2480 2663
f 2479 2663 2482
f 2480 2662 2664
f 2480 2664 2663
f 2481 2485 2665
f 2481 2665 2486
f 2482 2663 2666
f 2482 2666 2483
f 2483 2666 2484
f 2484 2667 2485
f 2484 2666 2667
f 2485 2667 2665
f 2486 2665 2668
f 2486 2668 2487
f 2487 2669 2488
f 2487 2668 2670
f 2487 2670 2669
f 2488 2669 2671
f 2488 2671 2490
f 2489 2490 2672
f 2489 2672 2491
f 2490 2671 2673
f 2490 2673 2672
f 2491 2672 2674
f 2491 2674 2492
f 2492 2674 2675
f 2492 2675 2494
f 2494 2675 2676
f 2494 2676 2677
f 2494 2677 2495
f 2495 2677 2496
f 2496 2677 2678
f 2496 2678 2679
f 2496 2679 2680
f 2496 2680 2497
f 2497 2680 2681
f 2497 2681 2498
f 2498 2681 2682
f 2498 2682 2499
f 2499 2682 2500
f 2500 2682 2683
f 2500 2683 2684
f 2500 2684 2685
f 2500 2685 2686
f 2500 2686 2501
f 2501 2686 2687
f 2501 2687 2503
f 2501 2503 2502
f 2503 2687 2504
f 2504 2506 2505
f 2504 2687 2506
f 2506 2687 2688
f 2506 2688 2685
f 2506 2685 2689
f 2506 2689 2507
f 2507 2689 2690
f 2507 2690 2691
f 2507 2691 2509
f 2507 2509 2508
f 2509 2691 2692
f 2509 2692 2510
f 2510 2692 2511
f 2511 2692 2693
f 2511 2693 2512
f 2512 2693 2694
f 2512 2694 2513
f 2513 2694 2514
f 2514 2695 2515
f 2514 2694 2695
f 2515 2695 2516
f 2516 2695 2518
f 2518 2694 2696
f 2518 2696 2522
f 2518 2522 2519
f 2518 2695 2694
f 2520 2697 2521
f 2520 2522 2698
f 2520 2698 2697
f 2521 2697 2699
f 2521 2699 2523
f 2522 2696 2700
f 2522 2700 2701
f 2522 2701 2702
f 2522 2702 2698
f 2523 2699 2524
f 2524 2699 2703
f 2524 2703 2525
f 2525 2703 2704
f 2525 2704 2705
f 2525 2705 2706
f 2525 2706 2707
f 2525 2707 2708
f 2525 2708 2526
f 2526 2709 2527
f 2526 2708 2709
f 2527 2709 2710
f 2527 2710 2711
f 2527 2711 2712
f 2527 2712 2713
f 2527 2713 2714
f 2527 2714 2528
f 2528 2714 2529
f 2529 2714 2715
f 2529 2715 2716
f 2529 2716 2717
f 2529 2717 2718
f 2529 2718 2530
f 2530 2718 2531
f 2531 2718 2719
f 2531 2719 2720
f 2531 2720 2532
f 2532 2720 2533
f 2533 2721 2722
f 2533 2722 2534
f 2533 2720 2721
f 2534 2722 2723
f 2534 2723 2724
f 2534 2724 2535
f 2535 2724 2725
f 2535 2725 2550
f 2536 2726 2727
f 2536 2727 2537
f 2536 2543 2728
f 2536 2728 2726
f 2537 2727 2544
f 2537 2544 2538
f 2539 2554 2540
f 2540 2554 2729
f 2540 2729 2730
f 2540 2730 2541
f 2541 2731 2728
f 2541 2728 2732
f 2541 2732 2542
f 2541 2730 2733
f 2541 2733 2727
f 2541 2727 2726
f 2541 2726 2731
f 2542 2732 2543
f 2543 2732 2728
f 2544 2734 2545
f 2544 2727 2734
f 2545 2734 2735
f 2545 2735 2546
f 2546 2735 2736
f 2546 2736 2547
f 2547 2737 2738
f 2547 2738 2739
f 2547 2739 2548
f 2547 2736 2737
f 2548 2739 2740
f 2548 2740 2549
f 2549 2740 2558
f 2550 2725 2741
f 2550 2741 2551
f 2551 2741 2742
f 2551 2742 2743
f 2551 2743 2744
f 2551 2744 2745
f 2551 2745 2552
f 2552 2745 2744
f 2552 2744 2746
f 2552 2746 2557
f 2553 2729 2554
f 2553 2557 2747
f 2553 2747 2729
f 2557 2748 2747
f 2557 2746 2744
f 2557 2744 2749
f 2557 2749 2750
f 2557 2750 2751
f 2557 2751 2748
f 2558 2740 2752
f 2558 2752 2753
f 2558 2753 2754
f 2558 2754 2559
f 2559 2754 2560
f 2560 2755 2756
f 2560 2756 2757
f 2560 2757 2561
f 2560 2754 2755
f 2561 2757 2563
f 2563 2757 2758
f 2563 2758 2564
f 2564 2758 2759
f 2564 2759 2760
f 2564 2760 2565
f 2565 2760 2566
f 2566 2760 2761
f 2566 2761 2567
f 2568 2571 2569
f 2569 2571 2762
f 2569 2762 2763
f 2569 2763 2764
f 2569 2764 2572
f 2571 2765 2766
f 2571 2766 2763
f 2571 2763 2762
f 2572 2763 2767
f 2572 2767 2768
f 2572 2768 2769
f 2572 2769 2770
f 2572 2770 2771
f 2572 2771 2573
f 2572 2764 2763
f 2573 2771 2574
f 2574 2771 2772
f 2574 2772 2773
f 2574 2773 2575
f 2575 2773 2576
f 2576 2774 2577
f 2576 2773 2775
f 2576 2775 2774
f 2577 2774 2776
f 2577 2776 2578
f 2578 2777 2778
f 2578 2778 2580
f 2578 2580 2579
f 2578 2776 2779
f 2578 2779 2780
f 2578 2780 2777
f 2580 2778 2581
f 2581 2778 2781
f 2581 2781 2582
f 2582 2781 2584
f 2582 2584 2583
f 2584 2782 2585
f 2584 2781 2778
f 2584 2778 2783
f 2584 2783 2784
f 2584 2784 2782
f 2585 2782 2586
f 2586 2782 2785
f 2586 2785 2589
f 2586 2589 2588
f 2589 2785 2786
f 2589 2786 2590
f 2590 2786 2787
f 2590 2787 2591
f 2591 2787 2786
f 2591 2786 2788
f 2591 2788 2592
f 2592 2788 2789
f 2592 2789 2790
f 2592 2790 2791
f 2592 2791 2792
f 2592 2792 2593
f 2593 2792 2793
f 2593 2793 2794
f 2593 2794 2594
f 2594 2794 2595
f 2595 2794 2793
f 2595 2793 2598
f 2596 2795 2601
f 2596 2601 2600
f 2596 2600 2597
f 2596 2598 2795
f 2597 2600 2599
f 2598 2793 2796
f 2598 2796 2797
f 2598 2797 2798
f 2598 2798 2799
f 2598 2799 2800
f 2598 2800 2795
f 2601 2795 2801
f 2601 2801 2602
f 2602 2801 2802
f 2602 2802 2603
f 2603 2802 2803
f 2603 2803 2604
f 2604 2803 2606
f 2604 2606 2605
f 2606 2803 2804
f 2606 2804 2805
f 2606 2805 2608
f 2606 2608 2607
f 2608 2805 2806
f 2608 2806 2610
f 2609 2612 2807
f 2609 2807 2808
f 2609 2808 2613
f 2610 2806 2617
f 2610 2617 2611
f 2611 2617 2807
f 2611 2807 2612
f 2613 2808 2614
f 2614 2808 2807
f 2614 2807 2615
f 2615 2807 2617
f 2615 2617 2616
f 2617 2806 2619
f 2618 2620 2809
f 2618 2809 2621
f 2619 2806 2810
f 2619 2810 2811
f 2619 2811 2646
f 2619 2646 2620
f 2620 2812 2809
f 2620 2646 2812
f 2621 2809 2622
f 2622 2812 2625
f 2622 2625 2623
f 2622 2809 2812
f 2623 2625 2624
f 2625 2812 2626
f 2626 2813 2627
f 2626 2812 2813
f 2627 2814 2815
f 2627 2815 2629
f 2627 2629 2628
f 2627 2813 2814
f 2629 2815 2630
f 2630 2815 2640
f 2630 2640 2631
f 2633 2816 2817
f 2633 2817 2818
f 2633 2818 2636
f 2633 2636 2634
f 2633 2651 2816
f 2634 2636 2635
f 2636 2818 2637
f 2637 2819 2820
f 2637 2820 2638
f 2637 2818 2819
f 2638 2820 2821
f 2638 2821 2822
f 2638 2822 2639
f 2640 2644 2641
f 2640 2815 2814
f 2640 2814 2823
f 2640 2823 2644
f 2641 2644 2643
f 2644 2823 2646
f 2644 2646 2645
f 2646 2824 2812
f 2646 2811 2825
f 2646 2825 2648
f 2646 2823 2824
f 2648 2825 2649
f 2649 2826 2827
f 2649 2827 2828
f 2649 2828 2650
f 2649 2825 2826
f 2650 2828 2651
f 2651 2828 2829
f 2651 2829 2830
f 2651 2830 2816
f 2654 2656 2655
f 2654 2831 2832
f 2654 2832 2656
f 2656 2832 2658
f 2657 2660 2833
f 2657 2833 2661
f 2658 2832 2834
f 2658 2834 2659
f 2659 2834 2835
f 2659 2835 2660
f 2660 2836 2833
f 2660 2835 2837
f 2660 2837 2838
f 2660 2838 2836
f 2661 2833 2839
f 2661 2839 2662
f 2662 2839 2840
f 2662 2840 2663
f 2662 2663 2664
f 2663 2840 2841
f 2663 2841 2842
f 2663 2842 2843
f 2663 2843 2666
f 2665 2667 2668
f 2666 2843 2844
f 2666 2844 2667
f 2667 2844 2668
f 2668 2844 2845
f 2668 2845 2670
f 2669 2673 2671
f 2669 2670 2673
f 2670 2845 2846
f 2670 2846 2847
f 2670 2847 2673
f 2672 2673 2848
f 2672 2848 2674
f 2673 2847 2848
f 2674 2848 2675
f 2675 2848 2849
f 2675 2849 2676
f 2676 2849 2850
f 2676 2850 2677
f 2677 2850 2851
f 2677 2851 2852
f 2677 2852 2678
f 2678 2852 2853
f 2678 2853 2679
f 2679 2853 2854
f 2679 2854 2855
f 2679 2855 2680
f 2680 2855 2856
f 2680 2856 2681
f 2681 2856 2682
f 2682 2856 2857
f 2682 2857 2858
f 2682 2858 2683
f 2683 2858 2859
f 2683 2859 2860
f 2683 2860 2684
f 2684 2860 2861
f 2684 2861 2690
f 2684 2690 2689
f 2684 2689 2685
f 2685 2688 2687
f 2685 2687 2686
f 2690 2861 2862
f 2690 2862 2863
f 2690 2863 2864
f 2690 2864 2702
f 2690 2702 2691
f 2691 2701 2692
f 2691 2702 2701
f 2692 2701 2700
f 2692 2700 2693
f 2693 2700 2696
f 2693 2696 2694
f 2697 2703 2699
f 2697 2698 2704
f 2697 2704 2703
f 2698 2702 2865
f 2698 2865 2704
f 2702 2864 2866
f 2702 2866 2865
f 2704 2865 2867
f 2704 2867 2705
f 2705 2867 2868
f 2705 2868 2706
f 2706 2868 2869
f 2706 2869 2870
f 2706 2870 2707
f 2707 2870 2871
f 2707 2871 2872
f 2707 2872 2873
f 2707 2873 2710
f 2707 2710 2708
f 2708 2710 2709
f 2710 2873 2874
f 2710 2874 2711
f 2711 2874 2712
f 2712 2874 2875
f 2712 2875 2876
f 2712 2876 2713
f 2713 2876 2877
f 2713 2877 2878
f 2713 2878 2714
f 2714 2879 2716
f 2714 2716 2715
f 2714 2878 2877
f 2714 2877 2879
f 2716 2879 2717
f 2717 2880 2881
f 2717 2881 2718
f 2717 2879 2882
f 2717 2882 2880
f 2718 2881 2719
f 2719 2881 2883
f 2719 2883 2721
f 2719 2721 2720
f 2721 2883 2884
f 2721 2884 2722
f 2722 2884 2723
f 2723 2885 2886
f 2723 2886 2724
f 2723 2884 2887
f 2723 2887 2885
f 2724 2886 2725
f 2725 2886 2888
f 2725 2888 2741
f 2726 2728 2731
f 2727 2733 2730
f 2727 2730 2734
f 2729 2747 2889
f 2729 2889 2730
f 2730 2889 2890
f 2730 2890 2734
f 2734 2890 2735
f 2735 2890 2891
f 2735 2891 2892
f 2735 2892 2736
f 2736 2892 2893
f 2736 2893 2737
f 2737 2893 2738
f 2738 2893 2894
f 2738 2894 2895
f 2738 2895 2896
f 2738 2896 2897
f 2738 2897 2739
f 2739 2897 2898
f 2739 2898 2899
f 2739 2899 2752
f 2739 2752 2740
f 2741 2888 2900
f 2741 2900 2743
f 2741 2743 2742
f 2743 2901 2744
f 2743 2900 2902
f 2743 2902 2901
f 2744 2901 2749
f 2747 2748 2903
f 2747 2903 2889
f 2748 2904 2905
f 2748 2905 2906
f 2748 2906 2903
f 2748 2751 2904
f 2749 2901 2907
f 2749 2907 2750
f 2750 2908 2751
f 2750 2907 2908
f 2751 2908 2909
f 2751 2909 2910
f 2751 2910 2904
f 2752 2899 2753
f 2753 2911 2912
f 2753 2912 2913
f 2753 2913 2755
f 2753 2755 2754
f 2753 2899 2914
f 2753 2914 2911
f 2755 2913 2757
f 2755 2757 2756
f 2757 2913 2915
f 2757 2915 2758
f 2758 2915 2916
f 2758 2916 2917
f 2758 2917 2918
f 2758 2918 2919
f 2758 2919 2920
f 2758 2920 2921
f 2758 2921 2759
f 2759 2921 2922
f 2759 2922 2760
f 2760 2922 2761
f 2761 2922 2923
f 2763 2765 2924
f 2763 2924 2925
f 2763 2925 2768
f 2763 2768 2767
f 2763 2766 2765
f 2765 2926 2927
f 2765 2927 2928
f 2765 2928 2924
f 2768 2928 2929
f 2768 2929 2918
f 2768 2918 2930
f 2768 2930 2769
f 2768 2925 2928
f 2769 2930 2931
f 2769 2931 2770
f 2770 2772 2771
f 2770 2931 2932
f 2770 2932 2772
f 2772 2932 2933
f 2772 2933 2773
f 2773 2933 2775
f 2774 2775 2934
f 2774 2934 2935
f 2774 2935 2780
f 2774 2780 2779
f 2774 2779 2776
f 2775 2933 2936
f 2775 2936 2934
f 2777 2937 2778
f 2777 2780 2937
f 2778 2937 2783
f 2780 2935 2938
f 2780 2938 2937
f 2782 2784 2939
f 2782 2939 2785
f 2783 2937 2784
f 2784 2937 2940
f 2784 2940 2939
f 2785 2939 2786
f 2786 2939 2940
f 2786 2940 2941
f 2786 2941 2942
f 2786 2942 2943
f 2786 2943 2788
f 2788 2943 2789
f 2789 2943 2944
f 2789 2944 2790
f 2790 2945 2797
f 2790 2797 2791
f 2790 2944 2946
f 2790 2946 2947
f 2790 2947 2948
f 2790 2948 2945
f 2791 2796 2793
f 2791 2793 2792
f 2791 2797 2796
f 2795 2800 2801
f 2797 2945 2798
f 2798 2949 2799
f 2798 2945 2950
f 2798 2950 2951
f 2798 2951 2949
f 2799 2802 2801
f 2799 2801 2800
f 2799 2949 2952
f 2799 2952 2802
f 2802 2952 2803
f 2803 2952 2810
f 2803 2810 2806
f 2803 2806 2804
f 2804 2806 2805
f 2810 2953 2954
f 2810 2954 2955
f 2810 2955 2811
f 2810 2952 2951
f 2810 2951 2953
f 2811 2955 2956
f 2811 2956 2957
f 2811 2957 2825
f 2812 2824 2814
f 2812 2814 2813
f 2814 2824 2823
f 2816 2958 2817
f 2816 2830 2958
f 2817 2958 2818
f 2818 2959 2819
f 2818 2958 2960
f 2818 2960 2961
f 2818 2961 2959
f 2819 2962 2963
f 2819 2963 2820
f 2819 2959 2962
f 2820 2963 2964
f 2820 2964 2965
f 2820 2965 2821
f 2821 2966 2822
f 2821 2965 2967
f 2821 2967 2968
f 2821 2968 2966
f 2825 2957 2827
f 2825 2827 2826
f 2827 2957 2969
f 2827 2969 2970
f 2827 2970 2829
f 2827 2829 2828
f 2829 2970 2971
f 2829 2971 2830
f 2830 2971 2972
f 2830 2972 2958
f 2831 2973 2974
f 2831 2974 2832
f 2832 2974 2834
f 2833 2836 2975
f 2833 2975 2839
f 2834 2974 2976
f 2834 2976 2835
f 2835 2976 2977
f 2835 2977 2978
f 2835 2978 2837
f 2836 2838 2975
f 2837 2978 2979
f 2837 2979 2838
f 2838 2980 2981
f 2838 2981 2982
f 2838 2982 2975
f 2838 2979 2983
f 2838 2983 2984
f 2838 2984 2980
f 2839 2982 2842
f 2839 2842 2841
f 2839 2841 2840
f 2839 2975 2982
f 2842 2982 2981
f 2842 2981 2985
f 2842 2985 2986
f 2842 2986 2987
f 2842 2987 2843
f 2843 2987 2844
f 2844 2987 2845
f 2845 2987 2986
f 2845 2986 2988
f 2845 2988 2846
f 2846 2988 2989
f 2846 2989 2990
f 2846 2990 2847
f 2847 2990 2991
f 2847 2991 2992
f 2847 2992 2848
f 2848 2992 2991
f 2848 2991 2993
f 2848 2993 2994
f 2848 2994 2849
f 2849 2994 2993
f 2849 2993 2995
f 2849 2995 2850
f 2850 2995 2996
f 2850 2996 2997
f 2850 2997 2851
f 2851 2997 2852
f 2852 2997 2998
f 2852 2998 2999
f 2852 2999 3000
f 2852 3000 2853
f 2853 3000 2854
f 2854 3000 3001
f 2854 3001 3002
f 2854 3002 2855
f 2855 3002 3003
f 2855 3003 2856
f 2856 3003 3004
f 2856 3004 2858
f 2856 2858 2857
f 2858 3004 2859
f 2859 3004 3005
f 2859 3005 3006
f 2859 3006 2860
f 2860 3006 2861
f 2861 3006 2862
f 2862 3006 3007
f 2862 3007 2863
f 2863 3007 3008
f 2863 3008 2864
f 2864 3008 3009
f 2864 3009 2866
f 2865 2866 2867
f 2866 3009 2867
f 2867 3009 3008
f 2867 3008 3007
f 2867 3007 2868
f 2868 3007 3010
f 2868 3010 2869
f 2869 3011 3012
f 2869 3012 3013
f 2869 3013 2870
f 2869 3010 3014
f 2869 3014 3011
f 2870 3013 3015
f 2870 3015 2871
f 2871 3015 3016
f 2871 3016 2872
f 2872 3016 3017
f 2872 3017 3018
f 2872 3018 3019
f 2872 3019 2874
f 2872 2874 2873
f 2874 3019 3020
f 2874 3020 2875
f 2875 3020 3021
f 2875 3021 3022
f 2875 3022 2876
f 2876 3022 2877
f 2877 3022 2879
f 2879 3022 3023
f 2879 3023 2882
f 2880 3024 2881
f 2880 2882 3023
f 2880 3023 3024
f 2881 3024 3025
f 2881 3025 2883
f 2883 3025 2887
f 2883 2887 2884
f 2885 3026 3027
f 2885 3027 3028
f 2885 3028 2886
f 2885 2887 3029
f 2885 3029 3026
f 2886 3028 3030
f 2886 3030 2888
f 2887 3025 3031
f 2887 3031 3032
f 2887 3032 3033
f 2887 3033 3034
f 2887 3034 3035
f 2887 3035 3029
f 2888 3030 3036
f 2888 3036 3037
f 2888 3037 3038
f 2888 3038 2902
f 2888 2902 2900
f 2889 2903 2891
f 2889 2891 2890
f 2891 2903 2892
f 2892 2906 3039
f 2892 3039 3040
f 2892 3040 2893
f 2892 2903 2906
f 2893 3040 2894
f 2894 3040 3041
f 2894 3041 3042
f 2894 3042 3043
f 2894 3043 3044
f 2894 3044 3045
f 2894 3045 2895
f 2895 3046 3047
f 2895 3047 2896
f 2895 3045 3046
f 2896 3047 2897
f 2897 3047 2898
f 2898 2914 2899
f 2898 3047 3048
f 2898 3048 2914
f 2901 3049 3056
f 2901 3056 2907
f 2901 2902 3049
f 2902 3038 3050
f 2902 3050 3051
f 2902 3051 3049
f 2904 2910 3052
f 2904 3052 3053
f 2904 3053 3054
f 2904 3054 2905
f 2905 3054 3055
f 2905 3055 2906
f 2906 3055 3039
f 2907 3056 2908
f 2908 3056 3057
f 2908 3057 3058
f 2908 3058 3059
f 2908 3059 3060
f 2908 3060 2909
f 2909 3060 2910
f 2910 3060 3052
f 2911 3061 2912
f 2911 2914 3048
f 2911 3048 3061
f 2912 3061 3062
f 2912 3062 3063
f 2912 3063 2916
f 2912 2916 2915
f 2912 2915 2913
f 2916 3063 3064
f 2916 3064 3065
f 2916 3065 3066
f 2916 3066 2917
f 2917 3066 2918
f 2918 3066 3065
f 2918 3065 2930
f 2918 2929 2919
f 2919 2929 2928
f 2919 2928 2920
f 2920 2928 3067
f 2920 3067 2921
f 2921 3067 2923
f 2921 2923 2922
f 2923 3067 2927
f 2923 2927 3068
f 2924 2928 2925
f 2926 3068 2927
f 2927 3067 2928
f 2930 3065 2931
f 2931 3065 2932
f 2932 3069 2933
f 2932 3065 3070
f 2932 3070 3071
f 2932 3071 3072
f 2932 3072 3073
f 2932 3073 3069
f 2933 3069 3073
f 2933 3073 3074
f 2933 3074 3075
f 2933 3075 2936
f 2934 3076 3077
f 2934 3077 2935
f 2934 2936 3076
f 2935 3077 2938
f 2936 3075 3078
f 2936 3078 3079
f 2936 3079 3080
f 2936 3080 3076
f 2937 2938 2940
f 2938 3081 2940
f 2938 3077 3082
f 2938 3082 3081
f 2940 3081 3083
f 2940 3083 3084
f 2940 3084 2941
f 2941 3084 2942
f 2942 3084 3083
f 2942 3083 3085
f 2942 3085 2943
f 2943 3085 3086
f 2943 3086 3087
f 2943 3087 2944
f 2944 3087 3088
f 2944 3088 2947
f 2944 2947 2946
f 2945 2948 2950
f 2947 3088 3089
f 2947 3089 3090
f 2947 3090 2954
f 2947 2954 2953
f 2947 2953 2948
f 2948 2953 2950
f 2949 2951 2952
f 2950 2953 2951
f 2954 3090 3091
f 2954 3091 2955
f 2955 3091 3092
f 2955 3092 3093
f 2955 3093 2956
f 2956 3094 2957
f 2956 3093 3095
f 2956 3095 3096
f 2956 3096 3097
f 2956 3097 3098
f 2956 3098 3099
f 2956 3099 3094
f 2957 3094 3100
f 2957 3100 3101
f 2957 3101 3102
f 2957 3102 3103
f 2957 3103 3104
f 2957 3104 3105
f 2957 3105 3106
f 2957 3106 3107
f 2957 3107 3108
f 2957 3108 3109
f 2957 3109 2969
f 2958 3110 2960
f 2958 2972 3110
f 2959 3111 2962
f 2959 2961 3112
f 2959 3112 3113
f 2959 3113 3111
f 2960 3110 2961
f 2961 3110 3112
f 2962 3114 3115
f 2962 3115 2963
f 2962 3111 3114
f 2963 3115 2964
f 2964 3115 3116
f 2964 3116 2965
f 2965 3116 2967
f 2966 2968 3117
f 2967 3116 3118
f 2967 3118 3119
f 2967 3119 3120
f 2967 3120 2968
f 2968 3120 3121
f 2968 3121 3117
f 2969 3109 2970
f 2970 3122 3123
f 2970 3123 3124
f 2970 3124 2971
f 2970 3109 3108
f 2970 3108 3122
f 2971 3124 3125
f 2971 3125 3126
f 2971 3126 2972
f 2972 3126 3127
f 2972 3127 3110
f 2973 3128 2974
f 2974 3128 3129
f 2974 3129 3130
f 2974 3130 2976
f 2976 3130 2977
f 2977 3130 3131
f 2977 3131 3132
f 2977 3132 3133
f 2977 3133 3134
f 2977 3134 3135
f 2977 3135 2978
f 2978 3135 3136
f 2978 3136 2979
f 2979 3136 2983
f 2980 3137 2981
f 2980 2984 3137
f 2981 3137 3138
f 2981 3138 3139
f 2981 3139 3140
f 2981 3140 2985
f 2983 3136 3141
f 2983 3141 3142
f 2983 3142 2984
f 2984 3138 3137
f 2984 3142 3138
f 2985 3143 3144
f 2985 3144 2986
f 2985 3140 3145
f 2985 3145 3146
f 2985 3146 3143
f 2986 3144 2989
f 2986 2989 2988
f 2989 3147 2993
f 2989 2993 2991
f 2989 2991 2990
f 2989 3144 3148
f 2989 3148 3147
f 2993 3147 3148
f 2993 3148 2996
f 2993 2996 2995
f 2996 3148 3149
f 2996 3149 3150
f 2996 3150 2998
f 2996 2998 2997
f 2998 3150 2999
f 2999 3150 3000
f 3000 3150 3001
f 3001 3150 3151
f 3001 3151 3002
f 3002 3151 3152
f 3002 3152 3153
f 3002 3153 3154
f 3002 3154 3003
f 3003 3154 3155
f 3003 3155 3156
f 3003 3156 3005
f 3003 3005 3004
f 3005 3156 3011
f 3005 3011 3014
f 3005 3014 3010
f 3005 3010 3006
f 3006 3010 3007
f 3011 3155 3012
f 3011 3156 3155
f 3012 3157 3158
f 3012 3158 3159
f 3012 3159 3160
f 3012 3160 3161
f 3012 3161 3013
f 3012 3155 3162
f 3012 3162 3157
f 3013 3161 3163
f 3013 3163 3016
f 3013 3016 3015
f 3016 3163 3017
f 3017 3163 3164
f 3017 3164 3019
f 3017 3019 3018
f 3019 3165 3166
f 3019 3166 3020
f 3019 3164 3296
f 3019 3296 3165
f 3020 3166 3167
f 3020 3167 3021
f 3021 3167 3168
f 3021 3168 3023
f 3021 3023 3022
f 3023 3168 3169
f 3023 3169 3024
f 3024 3169 3170
f 3024 3170 3025
f 3025 3170 3031
f 3026 3029 3171
f 3026 3171 3305
f 3026 3305 3172
f 3026 3172 3027
f 3027 3173 3174
f 3027 3174 3175
f 3027 3175 3028
f 3027 3172 3173
f 3028 3175 3176
f 3028 3176 3030
f 3029 3035 3177
f 3029 3177 3178
f 3029 3178 3171
f 3030 3176 3179
f 3030 3179 3180
f 3030 3180 3181
f 3030 3181 3036
f 3031 3170 3182
f 3031 3182 3183
f 3031 3183 3032
f 3032 3183 3184
f 3032 3184 3034
f 3032 3034 3033
f 3034 3184 3035
f 3035 3184 3177
f 3036 3185 3050
f 3036 3050 3037
f 3036 3181 3185
f 3037 3050 3038
f 3039 3055 3041
f 3039 3041 3040
f 3041 3054 3042
f 3041 3055 3054
f 3042 3186 3043
f 3042 3054 3186
f 3043 3186 3187
f 3043 3187 3188
f 3043 3188 3189
f 3043 3189 3190
f 3043 3190 3044
f 3044 3189 3191
f 3044 3191 3192
f 3044 3192 3045
f 3044 3190 3189
f 3045 3192 3062
f 3045 3062 3047
f 3045 3047 3046
f 3047 3062 3048
f 3048 3062 3061
f 3049 3051 3193
f 3049 3193 3056
f 3050 3181 3194
f 3050 3194 3195
f 3050 3195 3051
f 3050 3185 3181
f 3051 3195 3196
f 3051 3196 3193
f 3052 3060 3197
f 3052 3197 3098
f 3052 3098 3198
f 3052 3198 3199
f 3052 3199 3053
f 3053 3199 3200
f 3053 3200 3187
f 3053 3187 3186
f 3053 3186 3054
f 3056 3193 3057
f 3057 3193 3196
f 3057 3196 3058
f 3058 3201 3202
f 3058 3202 3059
f 3058 3196 3201
f 3059 3202 3100
f 3059 3100 3203
f 3059 3203 3060
f 3060 3203 3197
f 3062 3192 3204
f 3062 3204 3063
f 3063 3204 3064
f 3064 3204 3192
f 3064 3192 3205
f 3064 3205 3065
f 3065 3205 3071
f 3065 3071 3070
f 3071 3205 3192
f 3071 3192 3072
f 3072 3192 3191
f 3072 3191 3206
f 3072 3206 3207
f 3072 3207 3208
f 3072 3208 3209
f 3072 3209 3074
f 3072 3074 3073
f 3074 3209 3075
f 3075 3209 3078
f 3076 3080 3210
f 3076 3210 3211
f 3076 3211 3083
f 3076 3083 3082
f 3076 3082 3077
f 3078 3209 3212
f 3078 3212 3079
f 3079 3213 3210
f 3079 3210 3080
f 3079 3212 3214
f 3079 3214 3215
f 3079 3215 3213
f 3081 3082 3083
f 3083 3211 3216
f 3083 3216 3085
f 3085 3216 3086
f 3086 3216 3217
f 3086 3217 3087
f 3087 3217 3218
f 3087 3218 3089
f 3087 3089 3088
f 3089 3218 3217
f 3089 3217 3219
f 3089 3219 3220
f 3089 3220 3090
f 3090 3220 3091
f 3091 3220 3219
f 3091 3219 3221
f 3091 3221 3092
f 3092 3221 3222
f 3092 3222 3093
f 3093 3222 3095
f 3094 3099 3100
f 3095 3222 3096
f 3096 3222 3223
f 3096 3223 3224
f 3096 3224 3097
f 3097 3225 3226
f 3097 3226 3098
f 3097 3224 3225
f 3098 3197 3203
f 3098 3203 3099
f 3098 3226 3198
f 3099 3203 3100
f 3100 3202 3101
f 3101 3202 3227
f 3101 3227 3228
f 3101 3228 3229
f 3101 3229 3102
f 3102 3229 3230
f 3102 3230 3231
f 3102 3231 3232
f 3102 3232 3103
f 3103 3232 3233
f 3103 3233 3234
f 3103 3234 3104
f 3104 3234 3235
f 3104 3235 3236
f 3104 3236 3105
f 3105 3236 3237
f 3105 3237 3238
f 3105 3238 3239
f 3105 3239 3106
f 3106 3239 3240
f 3106 3240 3241
f 3106 3241 3242
f 3106 3242 3108
f 3106 3108 3107
f 3108 3242 3122
f 3110 3243 3112
f 3110 3127 3126
f 3110 3126 3125
f 3110 3125 3243
f 3111 3113 3244
f 3111 3244 3245
f 3111 3245 3246
f 3111 3246 3114
f 3112 3243 3113
f 3113 3243 3244
f 3114 3247 3248
f 3114 3248 3115
f 3114 3246 3249
f 3114 3249 3247
f 3115 3248 3250
f 3115 3250 3116
f 3116 3251 3252
f 3116 3252 3118
f 3116 3250 3251
f 3118 3252 3253
f 3118 3253 3254
f 3118 3254 3255
f 3118 3255 3119
f 3119 3255 3120
f 3120 3255 3256
f 3120 3256 3257
f 3120 3257 3121
f 3122 3242 3123
f 3123 3258 3245
f 3123 3245 3124
f 3123 3242 3258
f 3124 3245 3125
f 3125 3245 3243
f 3129 3259 3130
f 3130 3259 3131
f 3131 3259 3260
f 3131 3260 3132
f 3132 3260 3261
f 3132 3261 3133
f 3133 3135 3134
f 3133 3261 3262
f 3133 3262 3263
f 3133 3263 3264
f 3133 3264 3135
f 3135 3264 3265
f 3135 3265 3266
f 3135 3266 3267
f 3135 3267 3268
f 3135 3268 3269
f 3135 3269 3136
f 3136 3269 3270
f 3136 3270 3141
f 3138 3271 3139
f 3138 3142 3272
f 3138 3272 3271
f 3139 3273 3274
f 3139 3274 3140
f 3139 3271 3273
f 3140 3274 3146
f 3140 3146 3145
f 3141 3270 3142
f 3142 3270 3275
f 3142 3275 3272
f 3143 3148 3144
f 3143 3146 3276
f 3143 3276 3277
f 3143 3277 3148
f 3146 3274 3278
f 3146 3278 3276
f 3148 3277 3279
f 3148 3279 3149
f 3149 3280 3281
f 3149 3281 3150
f 3149 3279 3282
f 3149 3282 3280
f 3150 3281 3283
f 3150 3283 3151
f 3151 3283 3284
f 3151 3284 3285
f 3151 3285 3152
f 3152 3285 3162
f 3152 3162 3153
f 3153 3162 3154
f 3154 3162 3155
f 3157 3162 3285
f 3157 3285 3284
f 3157 3284 3286
f 3157 3286 3287
f 3157 3287 3288
f 3157 3288 3158
f 3158 3288 3289
f 3158 3289 3290
f 3158 3290 3291
f 3158 3291 3292
f 3158 3292 3293
f 3158 3293 3159
f 3159 3293 3292
f 3159 3292 3294
f 3159 3294 3160
f 3160 3295 3296
f 3160 3296 3161
f 3160 3294 3297
f 3160 3297 3298
f 3160 3298 3299
f 3160 3299 3300
f 3160 3300 3301
f 3160 3301 3295
f 3161 3296 3163
f 3163 3296 3164
f 3165 3296 3295
f 3165 3295 3301
f 3165 3301 3300
f 3165 3300 3166
f 3166 3300 3167
f 3167 3300 3299
f 3167 3299 3302
f 3167 3302 3303
f 3167 3303 3183
f 3167 3183 3168
f 3168 3183 3182
f 3168 3182 3170
f 3168 3170 3169
f 3171 3304 3305
f 3171 3178 3304
f 3172 3305 3173
f 3173 3305 3306
f 3173 3306 3307
f 3173 3307 3174
f 3174 3307 3397
f 3174 3397 3308
f 3174 3308 3175
f 3175 3308 3176
f 3176 3308 3179
f 3177 3309 3310
f 3177 3310 3178
f 3177 3184 3311
f 3177 3311 3309
f 3178 3310 3304
f 3179 3308 3180
f 3180 3308 3312
f 3180 3312 3313
f 3180 3313 3181
f 3181 3313 3314
f 3181 3314 3315
f 3181 3315 3316
f 3181 3316 3317
f 3181 3317 3318
f 3181 3318 3194
f 3183 3319 3320
f 3183 3320 3184
f 3183 3303 3321
f 3183 3321 3319
f 3184 3320 3319
f 3184 3319 3322
f 3184 3322 3311
f 3187 3200 3188
f 3188 3200 3323
f 3188 3323 3189
f 3189 3323 3207
f 3189 3207 3206
f 3189 3206 3191
f 3194 3318 3195
f 3195 3318 3324
f 3195 3324 3196
f 3196 3324 3201
f 3198 3226 3200
f 3198 3200 3199
f 3200 3226 3323
f 3201 3325 3326
f 3201 3326 3202
f 3201 3324 3325
f 3202 3326 3227
f 3207 3225 3214
f 3207 3214 3208
f 3207 3323 3225
f 3208 3214 3212
f 3208 3212 3209
f 3210 3327 3216
f 3210 3216 3211
f 3210 3213 3328
f 3210 3328 3327
f 3213 3215 3328
f 3214 3224 3215
f 3214 3225 3224
f 3215 3224 3223
f 3215 3223 3328
f 3216 3327 3329
f 3216 3329 3217
f 3217 3329 3219
f 3219 3329 3330
f 3219 3330 3221
f 3221 3330 3222
f 3222 3330 3223
f 3223 3330 3328
f 3225 3323 3226
f 3227 3326 3228
f 3228 3326 3229
f 3229 3326 3331
f 3229 3331 3332
f 3229 3332 3230
f 3230 3332 3231
f 3231 3332 3333
f 3231 3333 3232
f 3232 3333 3334
f 3232 3334 3233
f 3233 3334 3335
f 3233 3335 3336
f 3233 3336 3234
f 3234 3336 3235
f 3235 3336 3337
f 3235 3337 3338
f 3235 3338 3236
f 3236 3338 3339
f 3236 3339 3237
f 3237 3339 3340
f 3237 3340 3341
f 3237 3341 3238
f 3238 3341 3240
f 3238 3240 3239
f 3240 3341 3241
f 3241 3342 3343
f 3241 3343 3258
f 3241 3258 3242
f 3241 3341 3342
f 3243 3245 3244
f 3245 3258 3343
f 3245 3343 3246
f 3246 3343 3249
f 3247 3344 3345
f 3247 3345 3248
f 3247 3249 3344
f 3248 3345 3346
f 3248 3346 3347
f 3248 3347 3348
f 3248 3348 3251
f 3248 3251 3250
f 3249 3349 3350
f 3249 3350 3344
f 3249 3343 3351
f 3249 3351 3349
f 3251 3348 3352
f 3251 3352 3252
f 3252 3352 3353
f 3252 3353 3354
f 3252 3354 3253
f 3253 3354 3355
f 3253 3355 3356
f 3253 3356 3254
f 3254 3356 3357
f 3254 3357 3255
f 3255 3357 3358
f 3255 3358 3256
f 3256 3358 3359
f 3256 3359 3360
f 3256 3360 3257
f 3262 3360 3359
f 3262 3359 3264
f 3262 3264 3263
f 3264 3359 3358
f 3264 3358 3265
f 3265 3361 3267
f 3265 3267 3362
f 3265 3362 3266
f 3265 3358 3361
f 3266 3362 3267
f 3267 3361 3363
f 3267 3363 3268
f 3268 3363 3270
f 3268 3270 3269
f 3270 3363 3275
f 3271 3364 3273
f 3271 3272 3365
f 3271 3365 3364
f 3272 3275 3366
f 3272 3366 3365
f 3273 3367 3278
f 3273 3278 3274
f 3273 3364 3367
f 3275 3363 3368
f 3275 3368 3366
f 3276 3278 3277
f 3277 3278 3369
f 3277 3369 3279
f 3278 3367 3369
f 3279 3369 3370
f 3279 3370 3282
f 3280 3282 3281
f 3281 3282 3283
f 3282 3370 3371
f 3282 3371 3372
f 3282 3372 3283
f 3283 3372 3284
f 3284 3372 3373
f 3284 3373 3286
f 3286 3373 3374
f 3286 3374 3375
f 3286 3375 3376
f 3286 3376 3287
f 3287 3376 3377
f 3287 3377 3378
f 3287 3378 3288
f 3288 3378 3379
f 3288 3379 3289
f 3289 3379 3290
f 3290 3379 3378
f 3290 3378 3380
f 3290 3380 3381
f 3290 3381 3291
f 3291 3381 3382
f 3291 3382 3292
f 3292 3382 3383
f 3292 3383 3384
f 3292 3384 3294
f 3294 3384 3297
f 3297 3384 3385
f 3297 3385 3386
f 3297 3386 3298
f 3298 3386 3387
f 3298 3387 3299
f 3299 3387 3302
f 3302 3388 3389
f 3302 3389 3390
f 3302 3390 3303
f 3302 3387 3388
f 3303 3390 3321
f 3304 3391 3392
f 3304 3392 3307
f 3304 3307 3306
f 3304 3306 3305
f 3304 3310 3393
f 3304 3393 3391
f 3307 3392 3394
f 3307 3394 3395
f 3307 3395 3396
f 3307 3396 3397
f 3308 3397 3312
f 3309 3398 3393
f 3309 3393 3310
f 3309 3311 3398
f 3311 3322 3399
f 3311 3399 3400
f 3311 3400 3398
f 3312 3397 3401
f 3312 3401 3402
f 3312 3402 3313
f 3313 3402 3403
f 3313 3403 3404
f 3313 3404 3405
f 3313 3405 3315
f 3313 3315 3314
f 3315 3405 3406
f 3315 3406 3407
f 3315 3407 3316
f 3316 3407 3408
f 3316 3408 3409
f 3316 3409 3318
f 3316 3318 3317
f 3318 3409 3331
f 3318 3331 3326
f 3318 3326 3325
f 3318 3325 3324
f 3319 3321 3410
f 3319 3410 3390
f 3319 3390 3411
f 3319 3411 3412
f 3319 3412 3322
f 3321 3390 3410
f 3322 3412 3413
f 3322 3413 3414
f 3322 3414 3399
f 3327 3328 3329
f 3328 3330 3329
f 3331 3409 3408
f 3331 3408 3332
f 3332 3408 3415
f 3332 3415 3333
f 3333 3415 3334
f 3334 3415 3416
f 3334 3416 3417
f 3334 3417 3335
f 3335 3417 3418
f 3335 3418 3336
f 3336 3418 3337
f 3337 3418 3467
f 3337 3467 3419
f 3337 3419 3420
f 3337 3420 3338
f 3338 3420 3421
f 3338 3421 3422
f 3338 3422 3339
f 3339 3422 3351
f 3339 3351 3342
f 3339 3342 3340
f 3340 3342 3341
f 3342 3351 3343
f 3344 3423 3424
f 3344 3424 3345
f 3344 3350 3423
f 3345 3424 3346
f 3346 3424 3347
f 3347 3424 3425
f 3347 3425 3426
f 3347 3426 3427
f 3347 3427 3352
f 3347 3352 3348
f 3349 3428 3429
f 3349 3429 3430
f 3349 3430 3350
f 3349 3351 3422
f 3349 3422 3428
f 3350 3430 3431
f 3350 3431 3423
f 3352 3427 3353
f 3353 3432 3354
f 3353 3427 3432
f 3354 3432 3433
f 3354 3433 3355
f 3355 3433 3434
f 3355 3434 3435
f 3355 3435 3436
f 3355 3436 3356
f 3356 3436 3357
f 3357 3436 3437
f 3357 3437 3361
f 3357 3361 3358
f 3361 3437 3363
f 3363 3437 3368
f 3364 3438 3367
f 3364 3365 3439
f 3364 3439 3438
f 3365 3366 3440
f 3365 3440 3439
f 3366 3368 3441
f 3366 3441 3440
f 3367 3442 3369
f 3367 3438 3442
f 3368 3437 3435
f 3368 3435 3441
f 3369 3442 3370
f 3370 3442 3443
f 3370 3443 3371
f 3371 3374 3373
f 3371 3373 3372
f 3371 3443 3444
f 3371 3444 3374
f 3374 3444 3377
f 3374 3377 3375
f 3375 3377 3376
f 3377 3444 3378
f 3378 3444 3380
f 3380 3444 3445
f 3380 3445 3446
f 3380 3446 3381
f 3381 3446 3382
f 3382 3446 3447
f 3382 3447 3383
f 3383 3447 3448
f 3383 3448 3449
f 3383 3449 3384
f 3384 3449 3385
f 3385 3449 3450
f 3385 3450 3414
f 3385 3414 3413
f 3385 3413 3386
f 3386 3413 3388
f 3386 3388 3387
f 3388 3413 3412
f 3388 3412 3411
f 3388 3411 3389
f 3389 3411 3390
f 3391 3451 3452
f 3391 3452 3394
f 3391 3394 3392
f 3391 3393 3453
f 3391 3453 3451
f 3393 3398 3454
f 3393 3454 3453
f 3394 3452 3395
f 3395 3452 3455
f 3395 3455 3456
f 3395 3456 3457
f 3395 3457 3396
f 3396 3457 3461
f 3396 3461 3401
f 3396 3401 3397
f 3398 3400 3454
f 3399 3458 3459
f 3399 3459 3400
f 3399 3414 3450
f 3399 3450 3460
f 3399 3460 3458
f 3400 3459 3454
f 3401 3461 3462
f 3401 3462 3402
f 3402 3462 3463
f 3402 3463 3406
f 3402 3406 3403
f 3403 3406 3404
f 3404 3406 3405
f 3406 3463 3497
f 3406 3497 3464
f 3406 3464 3407
f 3407 3464 3415
f 3407 3415 3408
f 3415 3464 3416
f 3416 3464 3465
f 3416 3465 3417
f 3417 3465 3466
f 3417 3466 3467
f 3417 3467 3418
f 3419 3467 3468
f 3419 3468 3420
f 3420 3468 3469
f 3420 3469 3428
f 3420 3428 3422
f 3420 3422 3421
f 3423 3470 3471
f 3423 3471 3425
f 3423 3425 3424
f 3423 3431 3470
f 3425 3471 3472
f 3425 3472 3426
f 3426 3472 3473
f 3426 3473 3427
f 3427 3473 3432
f 3428 3469 3474
f 3428 3474 3429
f 3429 3475 3430
f 3429 3474 3476
f 3429 3476 3477
f 3429 3477 3475
f 3430 3475 3478
f 3430 3478 3431
f 3431 3478 3470
f 3432 3473 3479
f 3432 3479 3433
f 3433 3480 3481
f 3433 3481 3434
f 3433 3479 3480
f 3434 3481 3482
f 3434 3482 3441
f 3434 3441 3435
f 3435 3437 3436
f 3438 3483 3442
f 3438 3439 3484
f 3438 3484 3483
f 3439 3440 3485
f 3439 3485 3484
f 3440 3441 3482
f 3440 3482 3485
f 3442 3483 3443
f 3443 3483 3445
f 3443 3445 3444
f 3445 3483 3486
f 3445 3486 3447
f 3445 3447 3446
f 3447 3486 3487
f 3447 3487 3488
f 3447 3488 3448
f 3448 3488 3458
f 3448 3458 3460
f 3448 3460 3449
f 3449 3460 3450
f 3451 3489 3490
f 3451 3490 3491
f 3451 3491 3492
f 3451 3492 3493
f 3451 3493 3455
f 3451 3455 3452
f 3451 3453 3494
f 3451 3494 3489
f 3453 3454 3495
f 3453 3495 3494
f 3454 3459 3495
f 3455 3493 3456
f 3456 3493 3457
f 3457 3493 3492
f 3457 3492 3461
f 3458 3488 3487
f 3458 3487 3459
f 3459 3487 3510
f 3459 3510 3496
f 3459 3496 3495
f 3461 3492 3467
f 3461 3467 3497
f 3461 3497 3462
f 3462 3497 3463
f 3464 3497 3465
f 3465 3497 3466
f 3466 3497 3467
f 3467 3492 3468
f 3468 3492 3498
f 3468 3498 3469
f 3469 3498 3474
f 3470 3478 3475
f 3470 3475 3499
f 3470 3499 3471
f 3471 3499 3472
f 3472 3499 3500
f 3472 3500 3501
f 3472 3501 3502
f 3472 3502 3473
f 3473 3502 3479
f 3474 3498 3503
f 3474 3503 3476
f 3475 3477 3504
f 3475 3504 3500
f 3475 3500 3499
f 3476 3505 3477
f 3476 3503 3514
f 3476 3514 3505
f 3477 3505 3504
f 3479 3502 3480
f 3480 3502 3481
f 3481 3502 3501
f 3481 3501 3506
f 3481 3506 3482
f 3482 3507 3485
f 3482 3506 3507
f 3483 3484 3508
f 3483 3508 3486
f 3484 3485 3508
f 3485 3507 3509
f 3485 3509 3486
f 3485 3486 3508
f 3486 3509 3510
f 3486 3510 3487
f 3489 3494 3490
f 3490 3511 3515
f 3490 3515 3512
f 3490 3512 3513
f 3490 3513 3505
f 3490 3505 3514
f 3490 3514 3491
f 3490 3494 3511
f 3491 3514 3503
f 3491 3503 3492
f 3492 3503 3498
f 3494 3495 3515
f 3494 3515 3511
f 3495 3496 3510
f 3495 3510 3516
f 3495 3516 3515
f 3500 3504 3517
f 3500 3517 3501
f 3501 3517 3512
f 3501 3512 3515
f 3501 3515 3506
f 3504 3505 3517
f 3505 3513 3512
f 3505 3512 3517
f 3506 3516 3518
f 3506 3518 3507
f 3506 3515 3516
f 3507 3518 3519
f 3507 3519 3520
f 3507 3520 3509
f 3509 3520 3521
f 3509 3521 3522
f 3509 3522 3510
f 3510 3522 3516
f 3516 3522 3518
f 3518 3522 3519
f 3519 3522 3521
f 3519 3521 3520
f 3523 3524 3525
f 3523 3525 3526
f 3523 3526 3527
f 3523 3527 3528
f 3523 3528 3529
f 3523 3529 3530
f 3523 3530 3531
f 3523 3531 3524
f 3524 3532 3533
f 3524 3533 3525
f 3524 3531 3532
f 3525 3533 3534
f 3525 3534 3535
f 3525 3535 3526
f 3526 3535 3536
f 3526 3536 3527
f 3527 3536 3537
f 3527 3537 3538
f 3527 3538 3551
f 3527 3551 3577
f 3527 3577 3604
f 3527 3604 3628
f 3527 3628 3605
f 3527 3605 3579
f 3527 3579 3578
f 3527 3578 3552
f 3527 3552 3539
f 3527 3539 3531
f 3527 3531 3530
f 3527 3530 3529
f 3527 3529 3528
f 3531 3539 3540
f 3531 3540 3541
f 3531 3541 3532
f 3532 3541 3542
f 3532 3542 3533
f 3533 3542 3543
f 3533 3543 3544
f 3533 3544 3534
f 3534 3545 3535
f 3534 3544 3546
f 3534 3546 3545
f 3535 3545 3547
f 3535 3547 3548
f 3535 3548 3536
f 3536 3548 3549
f 3536 3549 3550
f 3536 3550 3537
f 3537 3550 3551
f 3537 3551 3538
f 3539 3552 3553
f 3539 3553 3554
f 3539 3554 3555
f 3539 3555 3556
f 3539 3556 3540
f 3540 3557 3541
f 3540 3556 3558
f 3540 3558 3559
f 3540 3559 3557
f 3541 3557 3560
f 3541 3560 3542
f 3542 3560 3543
f 3543 3560 3561
f 3543 3561 3562
f 3543 3562 3563
f 3543 3563 3544
f 3544 3563 3546
f 3545 3546 3547
f 3546 3563 3564
f 3546 3564 3565
f 3546 3565 3547
f 3547 3565 3566
f 3547 3566 3567
f 3547 3567 3568
f 3547 3568 3548
f 3548 3568 3549
f 3549 3568 3569
f 3549 3569 3570
f 3549 3570 3571
f 3549 3571 3550
f 3550 3572 3573
f 3550 3573 3574
f 3550 3574 3575
f 3550 3575 3551
f 3550 3571 3570
f 3550 3570 3572
f 3551 3575 3576
f 3551 3576 3577
f 3552 3578 3553
f 3553 3578 3579
f 3553 3579 3580
f 3553 3580 3554
f 3554 3581 3582
f 3554 3582 3555
f 3554 3580 3581
f 3555 3582 3583
f 3555 3583 3556
f 3556 3583 3584
f 3556 3584 3585
f 3556 3585 3558
f 3557 3559 3586
f 3557 3586 3587
f 3557 3587 3560
f 3558 3585 3583
f 3558 3583 3582
f 3558 3582 3581
f 3558 3581 3607
f 3558 3607 3631
f 3558 3631 3645
f 3558 3645 3656
f 3558 3656 3651
f 3558 3651 3635
f 3558 3635 3611
f 3558 3611 3588
f 3558 3588 3559
f 3559 3588 3586
f 3560 3589 3590
f 3560 3590 3561
f 3560 3587 3589
f 3561 3590 3562
f 3562 3591 3563
f 3562 3590 3591
f 3563 3592 3564
f 3563 3591 3592
f 3564 3593 3594
f 3564 3594 3566
f 3564 3566 3565
f 3564 3592 3593
f 3566 3595 3596
f 3566 3596 3567
f 3566 3594 3595
f 3567 3569 3568
f 3567 3596 3569
f 3569 3596 3595
f 3569 3595 3597
f 3569 3597 3598
f 3569 3598 3570
f 3570 3598 3573
f 3570 3573 3572
f 3573 3599 3600
f 3573 3600 3574
f 3573 3598 3599
f 3574 3601 3602
f 3574 3602 3575
f 3574 3600 3601
f 3575 3602 3576
f 3576 3602 3625
f 3576 3625 3603
f 3576 3603 3628
f 3576 3628 3604
f 3576 3604 3577
f 3579 3605 3606
f 3579 3606 3580
f 3580 3606 3607
f 3580 3607 3581
f 3583 3585 3584
f 3586 3588 3608
f 3586 3608 3587
f 3587 3608 3589
f 3588 3609 3610
f 3588 3610 3608
f 3588 3611 3609
f 3589 3608 3612
f 3589 3612 3590
f 3590 3612 3610
f 3590 3610 3613
f 3590 3613 3591
f 3591 3613 3614
f 3591 3614 3592
f 3592 3614 3615
f 3592 3615 3593
f 3593 3615 3616
f 3593 3616 3594
f 3594 3616 3595
f 3595 3616 3617
f 3595 3617 3618
f 3595 3618 3597
f 3597 3618 3619
f 3597 3619 3598
f 3598 3619 3599
f 3599 3620 3600
f 3599 3619 3620
f 3600 3621 3622
f 3600 3622 3601
f 3600 3620 3621
f 3601 3623 3602
f 3601 3622 3624
f 3601 3624 3623
f 3602 3623 3626
f 3602 3626 3625
f 3603 3627 3628
f 3603 3625 3627
f 3605 3628 3627
f 3605 3627 3629
f 3605 3629 3606
f 3606 3629 3630
f 3606 3630 3607
f 3607 3630 3626
f 3607 3626 3631
f 3608 3610 3612
f 3609 3611 3632
f 3609 3632 3633
f 3609 3633 3634
f 3609 3634 3610
f 3610 3634 3613
f 3611 3635 3632
f 3613 3634 3614
f 3614 3634 3615
f 3615 3634 3636
f 3615 3636 3616
f 3616 3636 3617
f 3617 3636 3637
f 3617 3637 3618
f 3618 3637 3638
f 3618 3638 3619
f 3619 3638 3639
f 3619 3639 3620
f 3620 3640 3641
f 3620 3641 3621
f 3620 3639 3642
f 3620 3642 3640
f 3621 3641 3624
f 3621 3624 3622
f 3623 3624 3643
f 3623 3643 3626
f 3624 3641 3643
f 3625 3626 3644
f 3625 3644 3630
f 3625 3630 3629
f 3625 3629 3627
f 3626 3630 3644
f 3626 3643 3631
f 3631 3643 3646
f 3631 3646 3647
f 3631 3647 3645
f 3632 3648 3633
f 3632 3635 3649
f 3632 3649 3650
f 3632 3650 3648
f 3633 3648 3634
f 3634 3648 3636
f 3635 3651 3649
f 3636 3650 3637
f 3636 3648 3650
f 3637 3650 3652
f 3637 3652 3638
f 3638 3652 3653
f 3638 3653 3639
f 3639 3653 3642
f 3640 3654 3641
f 3640 3642 3654
f 3641 3654 3647
f 3641 3647 3646
f 3641 3646 3643
f 3642 3653 3655
f 3642 3655 3647
f 3642 3647 3654
f 3645 3655 3653
f 3645 3653 3656
f 3645 3647 3655
f 3649 3651 3652
f 3649 3652 3650
f 3651 3656 3652
f 3652 3656 3657
f 3652 3657 3653
f 3653 3657 3656
f 3658 3659 3660
f 3658 3660 3661
f 3658 3661 3670
f 3658 3670 3686
f 3658 3686 3706
f 3658 3706 3737
f 3658 3737 3736
f 3658 3736 3776
f 3658 3776 3775
f 3658 3775 3774
f 3658 3774 3773
f 3658 3773 3811
f 3658 3811 3856
f 3658 3856 3855
f 3658 3855 3854
f 3658 3854 3862
f 3658 3862 3819
f 3658 3819 3782
f 3658 3782 3742
f 3658 3742 3711
f 3658 3711 3690
f 3658 3690 3672
f 3658 3672 3662
f 3658 3662 3663
f 3658 3663 3659
f 3659 3664 3665
f 3659 3665 3660
f 3659 3663 3673
f 3659 3673 3664
f 3660 3665 3666
f 3660 3666 3667
f 3660 3667 3661
f 3661 3667 3668
f 3661 3668 3669
f 3661 3669 3670
f 3662 3671 3663
f 3662 3672 3671
f 3663 3671 3673
f 3664 3674 3665
f 3664 3673 3692
f 3664 3692 3674
f 3665 3674 3675
f 3665 3675 3666
f 3666 3676 3677
f 3666 3677 3667
f 3666 3675 3676
f 3667 3677 3668
f 3668 3677 3678
f 3668 3678 3669
f 3669 3678 3679
f 3669 3679 3680
f 3669 3680 3681
f 3669 3681 3682
f 3669 3682 3670
f 3670 3682 3683
f 3670 3683 3684
f 3670 3684 3685
f 3670 3685 3686
f 3671 3687 3688
f 3671 3688 3673
f 3671 3672 3689
f 3671 3689 3687
f 3672 3690 3691
f 3672 3691 3689
f 3673 3688 3692
f 3674 3693 3676
f 3674 3676 3675
f 3674 3692 3693
f 3676 3693 3683
f 3676 3683 3677
f 3677 3683 3678
f 3678 3694 3679
f 3678 3683 3694
f 3679 3694 3683
f 3679 3683 3680
f 3680 3683 3681
f 3681 3683 3682
f 3683 3695 3696
f 3683 3696 3684
f 3683 3693 3697
f 3683 3697 3698
f 3683 3698 3695
f 3684 3696 3699
f 3684 3699 3700
f 3684 3700 3685
f 3685 3700 3701
f 3685 3701 3702
f 3685 3702 3703
f 3685 3703 3704
f 3685 3704 3686
f 3686 3704 3705
f 3686 3705 3706
f 3687 3707 3708
f 3687 3708 3688
f 3687 3689 3709
f 3687 3709 3710
f 3687 3710 3707
f 3688 3708 3692
f 3689 3691 3709
f 3690 3711 3691
f 3691 3711 3712
f 3691 3712 3713
f 3691 3713 3709
f 3692 3714 3693
f 3692 3708 3707
f 3692 3707 3715
f 3692 3715 3714
f 3693 3714 3716
f 3693 3716 3717
f 3693 3717 3698
f 3693 3698 3697
f 3695 3718 3719
f 3695 3719 3720
f 3695 3720 3721
f 3695 3721 3696
f 3695 3698 3722
f 3695 3722 3723
f 3695 3723 3718
f 3696 3721 3699
f 3698 3717 3722
f 3699 3724 3700
f 3699 3721 3720
f 3699 3720 3725
f 3699 3725 3726
f 3699 3726 3724
f 3700 3724 3701
f 3701 3727 3728
f 3701 3728 3729
f 3701 3729 3730
f 3701 3730 3702
f 3701 3724 3731
f 3701 3731 3732
f 3701 3732 3733
f 3701 3733 3727
f 3702 3730 3703
f 3703 3730 3734
f 3703 3734 3704
f 3704 3734 3770
f 3704 3770 3807
f 3704 3807 3846
f 3704 3846 3878
f 3704 3878 3907
f 3704 3907 3913
f 3704 3913 3888
f 3704 3888 3887
f 3704 3887 3882
f 3704 3882 3853
f 3704 3853 3810
f 3704 3810 3772
f 3704 3772 3735
f 3704 3735 3705
f 3705 3735 3736
f 3705 3736 3737
f 3705 3737 3706
f 3707 3738 3715
f 3707 3710 3739
f 3707 3739 3738
f 3709 3713 3740
f 3709 3740 3710
f 3710 3740 3741
f 3710 3741 3739
f 3711 3742 3743
f 3711 3743 3712
f 3712 3743 3744
f 3712 3744 3745
f 3712 3745 3713
f 3713 3745 3740
f 3714 3715 3716
f 3715 3738 3746
f 3715 3746 3716
f 3716 3746 3722
f 3716 3722 3717
f 3718 3747 3748
f 3718 3748 3720
f 3718 3720 3719
f 3718 3723 3749
f 3718 3749 3747
f 3720 3748 3725
f 3722 3746 3723
f 3723 3746 3750
f 3723 3750 3751
f 3723 3751 3749
f 3724 3752 3731
f 3724 3726 3752
f 3725 3753 3726
f 3725 3748 3749
f 3725 3749 3754
f 3725 3754 3755
f 3725 3755 3756
f 3725 3756 3757
f 3725 3757 3753
f 3726 3753 3758
f 3726 3758 3759
f 3726 3759 3760
f 3726 3760 3752
f 3727 3733 3761
f 3727 3761 3762
f 3727 3762 3763
f 3727 3763 3764
f 3727 3764 3728
f 3728 3764 3765
f 3728 3765 3766
f 3728 3766 3767
f 3728 3767 3729
f 3729 3767 3734
f 3729 3734 3730
f 3731 3752 3760
f 3731 3760 3732
f 3732 3760 3768
f 3732 3768 3733
f 3733 3768 3761
f 3734 3769 3770
f 3734 3767 3771
f 3734 3771 3769
f 3735 3772 3773
f 3735 3773 3774
f 3735 3774 3775
f 3735 3775 3776
f 3735 3776 3736
f 3738 3739 3777
f 3738 3777 3750
f 3738 3750 3746
f 3739 3778 3777
f 3739 3741 3779
f 3739 3779 3778
f 3740 3745 3780
f 3740 3780 3741
f 3741 3780 3781
f 3741 3781 3779
f 3742 3782 3743
f 3743 3782 3783
f 3743 3783 3744
f 3744 3784 3745
f 3744 3783 3785
f 3744 3785 3784
f 3745 3784 3780
f 3747 3749 3748
f 3749 3751 3754
f 3750 3777 3751
f 3751 3786 3754
f 3751 3777 3778
f 3751 3778 3787
f 3751 3787 3786
f 3753 3757 3758
f 3754 3786 3788
f 3754 3788 3755
f 3755 3788 3756
f 3756 3789 3758
f 3756 3758 3757
f 3756 3788 3790
f 3756 3790 3791
f 3756 3791 3789
f 3758 3789 3792
f 3758 3792 3759
f 3759 3793 3768
f 3759 3768 3760
f 3759 3792 3794
f 3759 3794 3795
f 3759 3795 3796
f 3759 3796 3793
f 3761 3768 3762
f 3762 3768 3797
f 3762 3797 3798
f 3762 3798 3765
f 3762 3765 3764
f 3762 3764 3763
f 3765 3798 3799
f 3765 3799 3800
f 3765 3800 3766
f 3766 3800 3771
f 3766 3771 3767
f 3768 3793 3801
f 3768 3801 3802
f 3768 3802 3803
f 3768 3803 3797
f 3769 3804 3770
f 3769 3771 3804
f 3770 3805 3806
f 3770 3806 3807
f 3770 3804 3805
f 3771 3800 3808
f 3771 3808 3809
f 3771 3809 3804
f 3772 3810 3773
f 3773 3810 3811
f 3778 3779 3812
f 3778 3812 3787
f 3779 3781 3813
f 3779 3813 3812
f 3780 3784 3814
f 3780 3814 3815
f 3780 3815 3781
f 3781 3815 3816
f 3781 3816 3817
f 3781 3817 3818
f 3781 3818 3813
f 3782 3819 3783
f 3783 3819 3820
f 3783 3820 3821
f 3783 3821 3785
f 3784 3785 3814
f 3785 3821 3822
f 3785 3822 3814
f 3786 3787 3823
f 3786 3823 3788
f 3787 3812 3823
f 3788 3823 3824
f 3788 3824 3825
f 3788 3825 3790
f 3789 3791 3792
f 3790 3825 3826
f 3790 3826 3791
f 3791 3826 3827
f 3791 3827 3792
f 3792 3827 3828
f 3792 3828 3794
f 3793 3796 3801
f 3794 3828 3829
f 3794 3829 3795
f 3795 3829 3830
f 3795 3830 3796
f 3796 3830 3831
f 3796 3831 3801
f 3797 3832 3798
f 3797 3803 3833
f 3797 3833 3834
f 3797 3834 3835
f 3797 3835 3836
f 3797 3836 3832
f 3798 3832 3837
f 3798 3837 3838
f 3798 3838 3839
f 3798 3839 3799
f 3799 3840 3800
f 3799 3839 3841
f 3799 3841 3842
f 3799 3842 3840
f 3800 3840 3808
f 3801 3831 3843
f 3801 3843 3833
f 3801 3833 3802
f 3802 3833 3803
f 3804 3809 3805
f 3805 3844 3806
f 3805 3809 3844
f 3806 3845 3846
f 3806 3846 3807
f 3806 3844 3847
f 3806 3847 3848
f 3806 3848 3849
f 3806 3849 3850
f 3806 3850 3845
f 3808 3840 3851
f 3808 3851 3809
f 3809 3852 3844
f 3809 3851 3852
f 3810 3853 3854
f 3810 3854 3855
f 3810 3855 3856
f 3810 3856 3811
f 3812 3857 3858
f 3812 3858 3825
f 3812 3825 3824
f 3812 3824 3823
f 3812 3813 3818
f 3812 3818 3857
f 3814 3822 3815
f 3815 3822 3859
f 3815 3859 3860
f 3815 3860 3816
f 3816 3860 3817
f 3817 3860 3861
f 3817 3861 3858
f 3817 3858 3857
f 3817 3857 3818
f 3819 3862 3820
f 3820 3862 3863
f 3820 3863 3864
f 3820 3864 3821
f 3821 3864 3865
f 3821 3865 3822
f 3822 3865 3859
f 3825 3858 3826
f 3826 3858 3827
f 3827 3858 3866
f 3827 3866 3828
f 3828 3866 3829
f 3829 3866 3867
f 3829 3867 3830
f 3830 3867 3868
f 3830 3868 3831
f 3831 3868 3869
f 3831 3869 3870
f 3831 3870 3843
f 3832 3836 3841
f 3832 3841 3837
f 3833 3843 3870
f 3833 3870 3834
f 3834 3870 3835
f 3835 3870 3871
f 3835 3871 3872
f 3835 3872 3836
f 3836 3872 3841
f 3837 3841 3838
f 3838 3841 3839
f 3840 3842 3873
f 3840 3873 3847
f 3840 3847 3851
f 3841 3872 3842
f 3842 3872 3874
f 3842 3874 3875
f 3842 3875 3873
f 3844 3852 3847
f 3845 3850 3876
f 3845 3876 3846
f 3846 3876 3877
f 3846 3877 3878
f 3847 3873 3875
f 3847 3875 3848
f 3847 3852 3851
f 3848 3875 3849
f 3849 3879 3880
f 3849 3880 3881
f 3849 3881 3876
f 3849 3876 3850
f 3849 3875 3879
f 3853 3882 3854
f 3854 3882 3862
f 3858 3861 3866
f 3859 3883 3860
f 3859 3865 3883
f 3860 3884 3861
f 3860 3883 3884
f 3861 3885 3866
f 3861 3884 3886
f 3861 3886 3885
f 3862 3887 3863
f 3862 3882 3887
f 3863 3887 3888
f 3863 3888 3889
f 3863 3889 3890
f 3863 3890 3864
f 3864 3890 3891
f 3864 3891 3892
f 3864 3892 3893
f 3864 3893 3894
f 3864 3894 3865
f 3865 3894 3883
f 3866 3885 3895
f 3866 3895 3867
f 3867 3895 3886
f 3867 3886 3896
f 3867 3896 3868
f 3868 3896 3897
f 3868 3897 3898
f 3868 3898 3869
f 3869 3898 3897
f 3869 3897 3870
f 3870 3897 3899
f 3870 3899 3900
f 3870 3900 3871
f 3871 3900 3901
f 3871 3901 3902
f 3871 3902 3903
f 3871 3903 3872
f 3872 3903 3902
f 3872 3902 3874
f 3874 3902 3904
f 3874 3904 3875
f 3875 3904 3879
f 3876 3881 3877
f 3877 3881 3905
f 3877 3905 3906
f 3877 3906 3878
f 3878 3906 3907
f 3879 3904 3908
f 3879 3908 3880
f 3880 3908 3909
f 3880 3909 3910
f 3880 3910 3881
f 3881 3910 3905
f 3883 3894 3884
f 3884 3911 3886
f 3884 3894 3911
f 3885 3886 3895
f 3886 3911 3896
f 3888 3912 3889
f 3888 3913 3912
f 3889 3912 3928
f 3889 3928 3914
f 3889 3914 3915
f 3889 3915 3890
f 3890 3915 3916
f 3890 3916 3917
f 3890 3917 3891
f 3891 3917 3918
f 3891 3918 3892
f 3892 3918 3919
f 3892 3919 3893
f 3893 3919 3920
f 3893 3920 3921
f 3893 3921 3922
f 3893 3922 3911
f 3893 3911 3894
f 3896 3911 3922
f 3896 3922 3921
f 3896 3921 3920
f 3896 3920 3923
f 3896 3923 3897
f 3897 3923 3901
f 3897 3901 3899
f 3899 3901 3900
f 3901 3923 3924
f 3901 3924 3925
f 3901 3925 3926
f 3901 3926 3902
f 3902 3926 3904
f 3904 3926 3908
f 3905 3910 3927
f 3905 3927 3928
f 3905 3928 3906
f 3906 3928 3907
f 3907 3928 3913
f 3908 3926 3929
f 3908 3929 3909
f 3909 3929 3917
f 3909 3917 3916
f 3909 3916 3910
f 3910 3916 3927
f 3912 3913 3928
f 3914 3928 3927
f 3914 3927 3915
f 3915 3927 3916
f 3917 3929 3918
f 3918 3929 3925
f 3918 3925 3930
f 3918 3930 3919
f 3919 3930 3920
f 3920 3930 3923
f 3923 3930 3924
f 3924 3930 3925
f 3925 3929 3926
f 3931 3932 3936
f 3931 3936 3944
f 3931 3944 3990
f 3931 3990 4053
f 3931 4053 4131
f 3931 4131 4227
f 3931 4227 4341
f 3931 4341 4461
f 3931 4461 4554
f 3931 4554 4592
f 3931 4592 4506
f 3931 4506 4391
f 3931 4391 4390
f 3931 4390 4388
f 3931 4388 4268
f 3931 4268 4168
f 3931 4168 4079
f 3931 4079 4012
f 3931 4012 3963
f 3931 3963 3939
f 3931 3939 3933
f 3931 3933 3940
f 3931 3940 3967
f 3931 3967 4019
f 3931 4019 4093
f 3931 4093 4186
f 3931 4186 4295
f 3931 4295 4299
f 3931 4299 4188
f 3931 4188 4117
f 3931 4117 4037
f 3931 4037 3987
f 3931 3987 3941
f 3931 3941 3934
f 3931 3934 3935
f 3931 3935 3932
f 3932 3935 3937
f 3932 3937 3938
f 3932 3938 3936
f 3933 3939 3940
f 3934 3941 3986
f 3934 3986 3942
f 3934 3942 3935
f 3935 3942 3989
f 3935 3989 3943
f 3935 3943 3937
f 3936 3938 3945
f 3936 3945 3946
f 3936 3946 3944
f 3937 3943 3989
f 3937 3989 4052
f 3937 4052 4128
f 3937 4128 4219
f 3937 4219 4226
f 3937 4226 4337
f 3937 4337 4340
f 3937 4340 4459
f 3937 4459 4458
f 3937 4458 4553
f 3937 4553 4556
f 3937 4556 4555
f 3937 4555 4463
f 3937 4463 4462
f 3937 4462 4348
f 3937 4348 4346
f 3937 4346 4230
f 3937 4230 4135
f 3937 4135 4057
f 3937 4057 3993
f 3937 3993 3947
f 3937 3947 3938
f 3938 3947 3948
f 3938 3948 3949
f 3938 3949 3950
f 3938 3950 3951
f 3938 3951 3952
f 3938 3952 3953
f 3938 3953 3954
f 3938 3954 3955
f 3938 3955 3956
f 3938 3956 3957
f 3938 3957 3958
f 3938 3958 3959
f 3938 3959 3960
f 3938 3960 3961
f 3938 3961 3962
f 3938 3962 3945
f 3939 3963 3964
f 3939 3964 3940
f 3940 3965 3966
f 3940 3966 3967
f 3940 3964 3965
f 3941 3968 3969
f 3941 3969 3970
f 3941 3970 3971
f 3941 3971 3972
f 3941 3972 3973
f 3941 3973 3974
f 3941 3974 3975
f 3941 3975 3976
f 3941 3976 3977
f 3941 3977 3978
f 3941 3978 3979
f 3941 3979 3980
f 3941 3980 3981
f 3941 3981 3982
f 3941 3982 3983
f 3941 3983 3984
f 3941 3984 3985
f 3941 3985 3986
f 3941 3987 3968
f 3942 3986 4036
f 3942 4036 4040
f 3942 4040 3988
f 3942 3988 3989
f 3944 3946 3990
f 3945 3962 3991
f 3945 3991 3946
f 3946 3992 3990
f 3946 3991 3992
f 3947 3993 3994
f 3947 3994 3948
f 3948 3994 3995
f 3948 3995 3996
f 3948 3996 3997
f 3948 3997 3949
f 3949 3997 3998
f 3949 3998 3999
f 3949 3999 4000
f 3949 4000 3950
f 3950 4000 3951
f 3951 4000 4001
f 3951 4001 4002
f 3951 4002 4003
f 3951 4003 3952
f 3952 4003 4004
f 3952 4004 3953
f 3953 4004 3954
f 3954 4004 4005
f 3954 4005 4006
f 3954 4006 3955
f 3955 4006 3956
f 3956 4006 4007
f 3956 4007 3957
f 3957 4008 3958
f 3957 4007 4008
f 3958 4009 4010
f 3958 4010 3959
f 3958 4008 4009
f 3959 4010 3960
f 3960 4010 3961
f 3961 4010 4011
f 3961 4011 3991
f 3961 3991 3962
f 3963 4012 4013
f 3963 4013 3964
f 3964 4013 4014
f 3964 4014 3965
f 3965 4015 4016
f 3965 4016 4017
f 3965 4017 3966
f 3965 4014 4018
f 3965 4018 4015
f 3966 4017 4089
f 3966 4089 4183
f 3966 4183 4288
f 3966 4288 4287
f 3966 4287 4404
f 3966 4404 4403
f 3966 4403 4515
f 3966 4515 4416
f 3966 4416 4405
f 3966 4405 4289
f 3966 4289 4184
f 3966 4184 4092
f 3966 4092 4019
f 3966 4019 3967
f 3968 3987 4020
f 3968 4020 4021
f 3968 4021 4022
f 3968 4022 3969
f 3969 4022 4023
f 3969 4023 4024
f 3969 4024 4025
f 3969 4025 4026
f 3969 4026 3970
f 3970 4026 3971
f 3971 4027 3972
f 3971 4026 4027
f 3972 4027 4028
f 3972 4028 4029
f 3972 4029 3973
f 3973 4029 3974
f 3974 4029 4030
f 3974 4030 3975
f 3975 4030 4031
f 3975 4031 3976
f 3976 4031 3977
f 3977 4031 4032
f 3977 4032 3978
f 3978 4032 3979
f 3979 4032 3980
f 3980 4032 4033
f 3980 4033 3981
f 3981 4033 4034
f 3981 4034 3982
f 3982 4034 3983
f 3983 4034 3984
f 3984 4035 3985
f 3984 4034 4035
f 3985 4035 3986
f 3986 4035 4036
f 3987 4037 4038
f 3987 4038 4020
f 3988 4039 3989
f 3988 4040 4041
f 3988 4041 4042
f 3988 4042 4039
f 3989 4039 4043
f 3989 4043 4044
f 3989 4044 4045
f 3989 4045 4046
f 3989 4046 4047
f 3989 4047 4048
f 3989 4048 4049
f 3989 4049 4050
f 3989 4050 4051
f 3989 4051 4052
f 3990 3992 4053
f 3991 4011 4010
f 3991 4010 4054
f 3991 4054 3992
f 3992 4054 4055
f 3992 4055 4056
f 3992 4056 4053
f 3993 4057 3994
f 3994 4058 4059
f 3994 4059 3995
f 3994 4057 4060
f 3994 4060 4058
f 3995 4059 3996
f 3996 4061 3998
f 3996 3998 3997
f 3996 4059 4062
f 3996 4062 4063
f 3996 4063 4061
f 3998 4064 4065
f 3998 4065 3999
f 3998 4061 4064
f 3999 4065 4000
f 4000 4066 4067
f 4000 4067 4001
f 4000 4065 4066
f 4001 4068 4069
f 4001 4069 4002
f 4001 4067 4070
f 4001 4070 4068
f 4002 4071 4003
f 4002 4069 4068
f 4002 4068 4071
f 4003 4071 4004
f 4004 4072 4005
f 4004 4071 4072
f 4005 4073 4074
f 4005 4074 4006
f 4005 4072 4073
f 4006 4074 4007
f 4007 4074 4075
f 4007 4075 4076
f 4007 4076 4008
f 4008 4076 4077
f 4008 4077 4009
f 4009 4078 4010
f 4009 4077 4078
f 4010 4078 4054
f 4012 4079 4013
f 4013 4079 4080
f 4013 4080 4081
f 4013 4081 4014
f 4014 4081 4082
f 4014 4082 4018
f 4015 4083 4084
f 4015 4084 4085
f 4015 4085 4086
f 4015 4086 4016
f 4015 4018 4087
f 4015 4087 4088
f 4015 4088 4083
f 4016 4086 4089
f 4016 4089 4017
f 4018 4090 4087
f 4018 4082 4091
f 4018 4091 4090
f 4019 4092 4093
f 4020 4038 4094
f 4020 4094 4095
f 4020 4095 4096
f 4020 4096 4021
f 4021 4096 4097
f 4021 4097 4023
f 4021 4023 4022
f 4023 4097 4024
f 4024 4097 4098
f 4024 4098 4099
f 4024 4099 4025
f 4025 4099 4026
f 4026 4099 4100
f 4026 4100 4101
f 4026 4101 4102
f 4026 4102 4103
f 4026 4103 4104
f 4026 4104 4105
f 4026 4105 4027
f 4027 4105 4028
f 4028 4106 4107
f 4028 4107 4029
f 4028 4105 4106
f 4029 4108 4031
f 4029 4031 4030
f 4029 4107 4108
f 4031 4109 4032
f 4031 4108 4110
f 4031 4110 4109
f 4032 4109 4111
f 4032 4111 4112
f 4032 4112 4033
f 4033 4113 4114
f 4033 4114 4034
f 4033 4112 4113
f 4034 4114 4115
f 4034 4115 4116
f 4034 4116 4035
f 4035 4116 4041
f 4035 4041 4040
f 4035 4040 4036
f 4037 4117 4038
f 4038 4117 4118
f 4038 4118 4094
f 4039 4042 4119
f 4039 4119 4043
f 4041 4116 4042
f 4042 4116 4120
f 4042 4120 4121
f 4042 4121 4119
f 4043 4119 4044
f 4044 4119 4045
f 4045 4122 4123
f 4045 4123 4046
f 4045 4119 4122
f 4046 4123 4047
f 4047 4123 4124
f 4047 4124 4048
f 4048 4124 4125
f 4048 4125 4126
f 4048 4126 4127
f 4048 4127 4049
f 4049 4127 4050
f 4050 4127 4051
f 4051 4127 4052
f 4052 4127 4129
f 4052 4129 4130
f 4052 4130 4128
f 4053 4056 4131
f 4054 4078 4055
f 4055 4132 4056
f 4055 4078 4132
f 4056 4132 4133
f 4056 4133 4134
f 4056 4134 4131
f 4057 4135 4060
f 4058 4060 4136
f 4058 4136 4137
f 4058 4137 4138
f 4058 4138 4139
f 4058 4139 4140
f 4058 4140 4059
f 4059 4140 4141
f 4059 4141 4142
f 4059 4142 4143
f 4059 4143 4144
f 4059 4144 4145
f 4059 4145 4146
f 4059 4146 4062
f 4060 4135 4147
f 4060 4147 4148
f 4060 4148 4136
f 4061 4149 4150
f 4061 4150 4064
f 4061 4063 4151
f 4061 4151 4152
f 4061 4152 4149
f 4062 4146 4153
f 4062 4153 4063
f 4063 4153 4154
f 4063 4154 4151
f 4064 4150 4065
f 4065 4150 4067
f 4065 4067 4066
f 4067 4150 4070
f 4068 4070 4155
f 4068 4155 4156
f 4068 4156 4157
f 4068 4157 4158
f 4068 4158 4071
f 4070 4150 4159
f 4070 4159 4160
f 4070 4160 4155
f 4071 4158 4072
f 4072 4158 4161
f 4072 4161 4073
f 4073 4161 4074
f 4074 4162 4075
f 4074 4161 4162
f 4075 4162 4163
f 4075 4163 4164
f 4075 4164 4076
f 4076 4165 4077
f 4076 4164 4165
f 4077 4165 4166
f 4077 4166 4078
f 4078 4166 4167
f 4078 4167 4132
f 4079 4168 4080
f 4080 4168 4081
f 4081 4169 4091
f 4081 4091 4082
f 4081 4168 4169
f 4083 4088 4084
f 4084 4088 4170
f 4084 4170 4171
f 4084 4171 4172
f 4084 4172 4173
f 4084 4173 4174
f 4084 4174 4175
f 4084 4175 4176
f 4084 4176 4085
f 4085 4176 4177
f 4085 4177 4178
f 4085 4178 4179
f 4085 4179 4180
f 4085 4180 4181
f 4085 4181 4182
f 4085 4182 4086
f 4086 4182 4183
f 4086 4183 4089
f 4087 4090 4088
f 4088 4090 4091
f 4088 4091 4169
f 4088 4169 4170
f 4092 4184 4185
f 4092 4185 4186
f 4092 4186 4093
f 4094 4187 4095
f 4094 4118 4188
f 4094 4188 4189
f 4094 4189 4190
f 4094 4190 4187
f 4095 4187 4191
f 4095 4191 4192
f 4095 4192 4193
f 4095 4193 4096
f 4096 4193 4097
f 4097 4193 4098
f 4098 4194 4099
f 4098 4193 4195
f 4098 4195 4194
f 4099 4194 4196
f 4099 4196 4100
f 4100 4196 4197
f 4100 4197 4198
f 4100 4198 4102
f 4100 4102 4101
f 4102 4199 4103
f 4102 4198 4200
f 4102 4200 4201
f 4102 4201 4199
f 4103 4199 4104
f 4104 4199 4202
f 4104 4202 4105
f 4105 4202 4106
f 4106 4203 4107
f 4106 4202 4203
f 4107 4203 4204
f 4107 4204 4110
f 4107 4110 4108
f 4109 4110 4111
f 4110 4204 4205
f 4110 4205 4206
f 4110 4206 4111
f 4111 4207 4113
f 4111 4113 4112
f 4111 4206 4208
f 4111 4208 4207
f 4113 4209 4115
f 4113 4115 4114
f 4113 4207 4210
f 4113 4210 4209
f 4115 4209 4211
f 4115 4211 4120
f 4115 4120 4116
f 4117 4188 4118
f 4119 4121 4120
f 4119 4120 4212
f 4119 4212 4213
f 4119 4213 4123
f 4119 4123 4122
f 4120 4211 4212
f 4123 4213 4214
f 4123 4214 4215
f 4123 4215 4124
f 4124 4215 4216
f 4124 4216 4217
f 4124 4217 4125
f 4125 4217 4218
f 4125 4218 4127
f 4125 4127 4126
f 4127 4218 4129
f 4128 4130 4219
f 4129 4220 4221
f 4129 4221 4222
f 4129 4222 4130
f 4129 4218 4220
f 4130 4222 4223
f 4130 4223 4224
f 4130 4224 4225
f 4130 4225 4226
f 4130 4226 4219
f 4131 4134 4227
f 4132 4167 4228
f 4132 4228 4229
f 4132 4229 4133
f 4133 4229 4134
f 4134 4229 4227
f 4135 4230 4147
f 4136 4148 4137
f 4137 4231 4138
f 4137 4148 4232
f 4137 4232 4233
f 4137 4233 4234
f 4137 4234 4235
f 4137 4235 4236
f 4137 4236 4231
f 4138 4231 4237
f 4138 4237 4238
f 4138 4238 4239
f 4138 4239 4240
f 4138 4240 4241
f 4138 4241 4139
f 4139 4241 4140
f 4140 4241 4141
f 4141 4242 4243
f 4141 4243 4244
f 4141 4244 4142
f 4141 4241 4242
f 4142 4245 4143
f 4142 4244 4245
f 4143 4245 4153
f 4143 4153 4144
f 4144 4153 4145
f 4145 4153 4146
f 4147 4230 4148
f 4148 4230 4232
f 4149 4152 4246
f 4149 4246 4247
f 4149 4247 4248
f 4149 4248 4249
f 4149 4249 4250
f 4149 4250 4160
f 4149 4160 4159
f 4149 4159 4150
f 4151 4154 4251
f 4151 4251 4152
f 4152 4252 4247
f 4152 4247 4246
f 4152 4251 4253
f 4152 4253 4252
f 4153 4245 4254
f 4153 4254 4154
f 4154 4254 4251
f 4155 4255 4156
f 4155 4160 4255
f 4156 4255 4256
f 4156 4256 4257
f 4156 4257 4258
f 4156 4258 4259
f 4156 4259 4157
f 4157 4259 4260
f 4157 4260 4261
f 4157 4261 4158
f 4158 4261 4161
f 4160 4250 4262
f 4160 4262 4255
f 4161 4263 4264
f 4161 4264 4163
f 4161 4163 4162
f 4161 4261 4263
f 4163 4264 4265
f 4163 4265 4164
f 4164 4265 4266
f 4164 4266 4165
f 4165 4266 4267
f 4165 4267 4166
f 4166 4267 4167
f 4167 4267 4228
f 4168 4268 4269
f 4168 4269 4169
f 4169 4269 4270
f 4169 4270 4271
f 4169 4271 4170
f 4170 4272 4171
f 4170 4271 4272
f 4171 4273 4172
f 4171 4272 4273
f 4172 4273 4173
f 4173 4274 4275
f 4173 4275 4276
f 4173 4276 4174
f 4173 4273 4272
f 4173 4272 4277
f 4173 4277 4278
f 4173 4278 4279
f 4173 4279 4280
f 4173 4280 4281
f 4173 4281 4274
f 4174 4276 4282
f 4174 4282 4283
f 4174 4283 4175
f 4175 4283 4177
f 4175 4177 4176
f 4177 4283 4178
f 4178 4284 4285
f 4178 4285 4180
f 4178 4180 4179
f 4178 4283 4284
f 4180 4285 4286
f 4180 4286 4287
f 4180 4287 4181
f 4181 4287 4288
f 4181 4288 4182
f 4182 4288 4183
f 4184 4289 4185
f 4185 4290 4291
f 4185 4291 4292
f 4185 4292 4293
f 4185 4293 4294
f 4185 4294 4295
f 4185 4295 4296
f 4185 4296 4186
f 4185 4289 4297
f 4185 4297 4290
f 4186 4296 4295
f 4187 4190 4191
f 4188 4298 4189
f 4188 4299 4298
f 4189 4298 4300
f 4189 4300 4301
f 4189 4301 4190
f 4190 4302 4303
f 4190 4303 4191
f 4190 4301 4304
f 4190 4304 4305
f 4190 4305 4302
f 4191 4303 4306
f 4191 4306 4307
f 4191 4307 4308
f 4191 4308 4192
f 4192 4308 4195
f 4192 4195 4193
f 4194 4195 4196
f 4195 4308 4197
f 4195 4197 4196
f 4197 4308 4309
f 4197 4309 4198
f 4198 4309 4200
f 4199 4201 4310
f 4199 4310 4311
f 4199 4311 4312
f 4199 4312 4313
f 4199 4313 4314
f 4199 4314 4202
f 4200 4315 4316
f 4200 4316 4317
f 4200 4317 4318
f 4200 4318 4201
f 4200 4309 4319
f 4200 4319 4315
f 4201 4318 4317
f 4201 4317 4310
f 4202 4314 4203
f 4203 4320 4321
f 4203 4321 4322
f 4203 4322 4204
f 4203 4314 4313
f 4203 4313 4323
f 4203 4323 4320
f 4204 4322 4205
f 4205 4322 4324
f 4205 4324 4206
f 4206 4324 4208
f 4207 4208 4325
f 4207 4325 4210
f 4208 4324 4325
f 4209 4210 4326
f 4209 4326 4211
f 4210 4325 4326
f 4211 4326 4212
f 4212 4326 4214
f 4212 4214 4213
f 4214 4326 4215
f 4215 4326 4327
f 4215 4327 4328
f 4215 4328 4216
f 4216 4328 4329
f 4216 4329 4330
f 4216 4330 4331
f 4216 4331 4332
f 4216 4332 4217
f 4217 4332 4218
f 4218 4332 4220
f 4220 4332 4333
f 4220 4333 4223
f 4220 4223 4221
f 4221 4223 4222
f 4223 4334 4335
f 4223 4335 4336
f 4223 4336 4225
f 4223 4225 4224
f 4223 4333 4334
f 4225 4337 4226
f 4225 4336 4338
f 4225 4338 4339
f 4225 4339 4340
f 4225 4340 4337
f 4227 4229 4341
f 4228 4342 4229
f 4228 4267 4343
f 4228 4343 4342
f 4229 4342 4278
f 4229 4278 4344
f 4229 4344 4345
f 4229 4345 4341
f 4230 4346 4232
f 4231 4236 4347
f 4231 4347 4237
f 4232 4346 4233
f 4233 4348 4349
f 4233 4349 4350
f 4233 4350 4235
f 4233 4235 4351
f 4233 4351 4234
f 4233 4346 4348
f 4234 4351 4235
f 4235 4352 4236
f 4235 4350 4353
f 4235 4353 4354
f 4235 4354 4352
f 4236 4352 4355
f 4236 4355 4356
f 4236 4356 4357
f 4236 4357 4358
f 4236 4358 4347
f 4237 4359 4238
f 4237 4347 4358
f 4237 4358 4359
f 4238 4359 4239
f 4239 4359 4360
f 4239 4360 4361
f 4239 4361 4362
f 4239 4362 4240
f 4240 4363 4241
f 4240 4362 4363
f 4241 4363 4364
f 4241 4364 4242
f 4242 4364 4243
f 4243 4365 4244
f 4243 4364 4366
f 4243 4366 4367
f 4243 4367 4368
f 4243 4368 4365
f 4244 4365 4245
f 4245 4365 4369
f 4245 4369 4254
f 4247 4252 4248
f 4248 4370 4249
f 4248 4252 4371
f 4248 4371 4372
f 4248 4372 4373
f 4248 4373 4374
f 4248 4374 4370
f 4249 4370 4250
f 4250 4370 4262
f 4251 4254 4253
f 4252 4253 4375
f 4252 4375 4371
f 4253 4254 4369
f 4253 4369 4376
f 4253 4376 4377
f 4253 4377 4378
f 4253 4378 4379
f 4253 4379 4375
f 4255 4262 4256
f 4256 4262 4257
f 4257 4262 4380
f 4257 4380 4381
f 4257 4381 4258
f 4258 4381 4259
f 4259 4382 4260
f 4259 4381 4382
f 4260 4382 4383
f 4260 4383 4261
f 4261 4383 4263
f 4262 4370 4384
f 4262 4384 4380
f 4263 4383 4385
f 4263 4385 4264
f 4264 4386 4265
f 4264 4385 4386
f 4265 4386 4387
f 4265 4387 4266
f 4266 4387 4281
f 4266 4281 4343
f 4266 4343 4267
f 4268 4388 4269
f 4269 4388 4270
f 4270 4389 4272
f 4270 4272 4271
f 4270 4388 4390
f 4270 4390 4391
f 4270 4391 4389
f 4272 4389 4277
f 4274 4281 4392
f 4274 4392 4393
f 4274 4393 4394
f 4274 4394 4275
f 4275 4394 4395
f 4275 4395 4276
f 4276 4395 4396
f 4276 4396 4282
f 4277 4389 4345
f 4277 4345 4397
f 4277 4397 4278
f 4278 4397 4344
f 4278 4342 4279
f 4279 4342 4343
f 4279 4343 4281
f 4279 4281 4280
f 4281 4387 4392
f 4282 4396 4398
f 4282 4398 4284
f 4282 4284 4283
f 4284 4398 4399
f 4284 4399 4285
f 4285 4399 4400
f 4285 4400 4401
f 4285 4401 4286
f 4286 4401 4402
f 4286 4402 4403
f 4286 4403 4404
f 4286 4404 4287
f 4289 4405 4297
f 4290 4406 4407
f 4290 4407 4408
f 4290 4408 4291
f 4290 4297 4409
f 4290 4409 4410
f 4290 4410 4411
f 4290 4411 4406
f 4291 4408 4292
f 4292 4412 4413
f 4292 4413 4414
f 4292 4414 4293
f 4292 4408 4412
f 4293 4414 4415
f 4293 4415 4294
f 4294 4415 4295
f 4295 4415 4299
f 4297 4405 4416
f 4297 4416 4409
f 4298 4299 4300
f 4299 4415 4300
f 4300 4415 4301
f 4301 4415 4414
f 4301 4414 4304
f 4302 4417 4307
f 4302 4307 4306
f 4302 4306 4303
f 4302 4305 4418
f 4302 4418 4417
f 4304 4414 4305
f 4305 4414 4419
f 4305 4419 4413
f 4305 4413 4418
f 4307 4417 4420
f 4307 4420 4421
f 4307 4421 4422
f 4307 4422 4308
f 4308 4422 4421
f 4308 4421 4423
f 4308 4423 4424
f 4308 4424 4319
f 4308 4319 4309
f 4310 4425 4311
f 4310 4317 4426
f 4310 4426 4427
f 4310 4427 4428
f 4310 4428 4429
f 4310 4429 4425
f 4311 4430 4431
f 4311 4431 4312
f 4311 4425 4430
f 4312 4431 4432
f 4312 4432 4313
f 4313 4432 4433
f 4313 4433 4323
f 4315 4434 4316
f 4315 4319 4434
f 4316 4434 4427
f 4316 4427 4426
f 4316 4426 4317
f 4319 4424 4435
f 4319 4435 4434
f 4320 4323 4433
f 4320 4433 4436
f 4320 4436 4437
f 4320 4437 4321
f 4321 4437 4438
f 4321 4438 4439
f 4321 4439 4322
f 4322 4439 4324
f 4324 4440 4325
f 4324 4439 4438
f 4324 4438 4441
f 4324 4441 4440
f 4325 4440 4442
f 4325 4442 4329
f 4325 4329 4327
f 4325 4327 4326
f 4327 4329 4328
f 4329 4442 4443
f 4329 4443 4330
f 4330 4443 4444
f 4330 4444 4445
f 4330 4445 4446
f 4330 4446 4447
f 4330 4447 4332
f 4330 4332 4331
f 4332 4447 4448
f 4332 4448 4333
f 4333 4448 4449
f 4333 4449 4450
f 4333 4450 4334
f 4334 4450 4451
f 4334 4451 4335
f 4335 4451 4336
f 4336 4451 4452
f 4336 4452 4453
f 4336 4453 4454
f 4336 4454 4455
f 4336 4455 4456
f 4336 4456 4339
f 4336 4339 4338
f 4339 4456 4455
f 4339 4455 4457
f 4339 4457 4458
f 4339 4458 4459
f 4339 4459 4340
f 4341 4345 4460
f 4341 4460 4461
f 4344 4397 4345
f 4345 4389 4460
f 4348 4462 4349
f 4349 4462 4463
f 4349 4463 4464
f 4349 4464 4350
f 4350 4464 4353
f 4352 4354 4465
f 4352 4465 4355
f 4353 4464 4466
f 4353 4466 4467
f 4353 4467 4455
f 4353 4455 4468
f 4353 4468 4354
f 4354 4468 4469
f 4354 4469 4465
f 4355 4465 4470
f 4355 4470 4356
f 4356 4470 4471
f 4356 4471 4472
f 4356 4472 4473
f 4356 4473 4474
f 4356 4474 4475
f 4356 4475 4358
f 4356 4358 4357
f 4358 4475 4474
f 4358 4474 4476
f 4358 4476 4477
f 4358 4477 4478
f 4358 4478 4359
f 4359 4478 4360
f 4360 4478 4361
f 4361 4478 4362
f 4362 4479 4480
f 4362 4480 4363
f 4362 4478 4479
f 4363 4480 4366
f 4363 4366 4364
f 4365 4368 4481
f 4365 4481 4369
f 4366 4480 4367
f 4367 4480 4479
f 4367 4479 4482
f 4367 4482 4368
f 4368 4482 4483
f 4368 4483 4481
f 4369 4481 4376
f 4370 4374 4484
f 4370 4484 4380
f 4370 4380 4384
f 4371 4375 4379
f 4371 4379 4485
f 4371 4485 4486
f 4371 4486 4373
f 4371 4373 4372
f 4373 4486 4487
f 4373 4487 4488
f 4373 4488 4489
f 4373 4489 4374
f 4374 4489 4490
f 4374 4490 4484
f 4376 4481 4483
f 4376 4483 4491
f 4376 4491 4492
f 4376 4492 4377
f 4377 4492 4493
f 4377 4493 4378
f 4378 4493 4379
f 4379 4493 4494
f 4379 4494 4495
f 4379 4495 4496
f 4379 4496 4497
f 4379 4497 4485
f 4380 4484 4381
f 4381 4484 4498
f 4381 4498 4490
f 4381 4490 4499
f 4381 4499 4500
f 4381 4500 4411
f 4381 4411 4501
f 4381 4501 4502
f 4381 4502 4503
f 4381 4503 4382
f 4382 4503 4504
f 4382 4504 4383
f 4383 4504 4385
f 4385 4504 4505
f 4385 4505 4386
f 4386 4393 4387
f 4386 4505 4393
f 4387 4393 4392
f 4389 4391 4506
f 4389 4506 4507
f 4389 4507 4460
f 4393 4505 4508
f 4393 4508 4394
f 4394 4508 4509
f 4394 4509 4510
f 4394 4510 4395
f 4395 4510 4396
f 4396 4510 4398
f 4398 4510 4511
f 4398 4511 4399
f 4399 4511 4512
f 4399 4512 4400
f 4400 4512 4513
f 4400 4513 4514
f 4400 4514 4401
f 4401 4514 4402
f 4402 4514 4409
f 4402 4409 4403
f 4403 4409 4515
f 4406 4411 4407
f 4407 4516 4517
f 4407 4517 4408
f 4407 4411 4516
f 4408 4517 4412
f 4409 4514 4410
f 4409 4416 4515
f 4410 4514 4513
f 4410 4513 4411
f 4411 4500 4518
f 4411 4518 4516
f 4411 4513 4519
f 4411 4519 4501
f 4412 4517 4413
f 4413 4419 4414
f 4413 4517 4418
f 4417 4418 4420
f 4418 4517 4520
f 4418 4520 4521
f 4418 4521 4420
f 4420 4488 4522
f 4420 4522 4523
f 4420 4523 4421
f 4420 4521 4524
f 4420 4524 4488
f 4421 4523 4525
f 4421 4525 4526
f 4421 4526 4424
f 4421 4424 4423
f 4424 4526 4527
f 4424 4527 4435
f 4425 4429 4430
f 4427 4434 4435
f 4427 4435 4528
f 4427 4528 4529
f 4427 4529 4530
f 4427 4530 4428
f 4428 4531 4429
f 4428 4530 4531
f 4429 4531 4430
f 4430 4531 4532
f 4430 4532 4431
f 4431 4532 4533
f 4431 4533 4534
f 4431 4534 4432
f 4432 4534 4535
f 4432 4535 4436
f 4432 4436 4433
f 4435 4527 4536
f 4435 4536 4528
f 4436 4535 4537
f 4436 4537 4538
f 4436 4538 4539
f 4436 4539 4437
f 4437 4539 4438
f 4438 4540 4441
f 4438 4539 4540
f 4440 4441 4541
f 4440 4541 4442
f 4441 4540 4541
f 4442 4541 4443
f 4443 4541 4444
f 4444 4446 4445
f 4444 4541 4540
f 4444 4540 4539
f 4444 4539 4542
f 4444 4542 4543
f 4444 4543 4446
f 4446 4448 4447
f 4446 4543 4449
f 4446 4449 4448
f 4449 4543 4544
f 4449 4544 4545
f 4449 4545 4450
f 4450 4545 4546
f 4450 4546 4547
f 4450 4547 4451
f 4451 4547 4548
f 4451 4548 4452
f 4452 4548 4453
f 4453 4548 4549
f 4453 4549 4550
f 4453 4550 4551
f 4453 4551 4454
f 4454 4551 4552
f 4454 4552 4455
f 4455 4552 4469
f 4455 4469 4468
f 4455 4467 4457
f 4457 4553 4458
f 4457 4467 4466
f 4457 4466 4553
f 4460 4554 4461
f 4460 4507 4554
f 4463 4555 4464
f 4464 4555 4466
f 4465 4469 4470
f 4466 4555 4556
f 4466 4556 4553
f 4469 4552 4551
f 4469 4551 4557
f 4469 4557 4470
f 4470 4557 4558
f 4470 4558 4471
f 4471 4558 4472
f 4472 4558 4559
f 4472 4559 4560
f 4472 4560 4561
f 4472 4561 4562
f 4472 4562 4563
f 4472 4563 4564
f 4472 4564 4473
f 4473 4564 4474
f 4474 4564 4565
f 4474 4565 4566
f 4474 4566 4567
f 4474 4567 4568
f 4474 4568 4477
f 4474 4477 4476
f 4477 4568 4478
f 4478 4569 4567
f 4478 4567 4570
f 4478 4570 4571
f 4478 4571 4479
f 4478 4568 4569
f 4479 4571 4572
f 4479 4572 4482
f 4482 4491 4483
f 4482 4572 4573
f 4482 4573 4574
f 4482 4574 4575
f 4482 4575 4491
f 4484 4490 4498
f 4485 4576 4488
f 4485 4488 4487
f 4485 4487 4486
f 4485 4497 4577
f 4485 4577 4578
f 4485 4578 4579
f 4485 4579 4576
f 4488 4524 4489
f 4488 4576 4523
f 4488 4523 4522
f 4489 4524 4580
f 4489 4580 4490
f 4490 4580 4581
f 4490 4581 4516
f 4490 4516 4499
f 4491 4575 4582
f 4491 4582 4583
f 4491 4583 4584
f 4491 4584 4585
f 4491 4585 4495
f 4491 4495 4494
f 4491 4494 4492
f 4492 4494 4493
f 4495 4577 4497
f 4495 4497 4496
f 4495 4585 4586
f 4495 4586 4587
f 4495 4587 4577
f 4499 4516 4518
f 4499 4518 4500
f 4501 4519 4512
f 4501 4512 4588
f 4501 4588 4502
f 4502 4588 4589
f 4502 4589 4590
f 4502 4590 4503
f 4503 4590 4504
f 4504 4590 4591
f 4504 4591 4505
f 4505 4591 4508
f 4506 4592 4507
f 4507 4592 4554
f 4508 4591 4593
f 4508 4593 4509
f 4509 4593 4594
f 4509 4594 4510
f 4510 4594 4511
f 4511 4594 4588
f 4511 4588 4512
f 4512 4519 4513
f 4516 4581 4595
f 4516 4595 4517
f 4517 4595 4520
f 4520 4595 4581
f 4520 4581 4580
f 4520 4580 4521
f 4521 4580 4524
f 4523 4576 4527
f 4523 4527 4526
f 4523 4526 4525
f 4527 4576 4579
f 4527 4579 4536
f 4528 4536 4596
f 4528 4596 4529
f 4529 4531 4530
f 4529 4596 4531
f 4531 4597 4532
f 4531 4596 4598
f 4531 4598 4599
f 4531 4599 4600
f 4531 4600 4597
f 4532 4597 4601
f 4532 4601 4602
f 4532 4602 4533
f 4533 4602 4603
f 4533 4603 4604
f 4533 4604 4605
f 4533 4605 4534
f 4534 4606 4535
f 4534 4605 4606
f 4535 4606 4537
f 4536 4579 4596
f 4537 4607 4608
f 4537 4608 4538
f 4537 4606 4607
f 4538 4609 4539
f 4538 4608 4609
f 4539 4609 4545
f 4539 4545 4544
f 4539 4544 4542
f 4542 4544 4543
f 4545 4609 4546
f 4546 4609 4608
f 4546 4608 4607
f 4546 4607 4610
f 4546 4610 4611
f 4546 4611 4548
f 4546 4548 4547
f 4548 4611 4612
f 4548 4612 4613
f 4548 4613 4549
f 4549 4613 4550
f 4550 4613 4612
f 4550 4612 4614
f 4550 4614 4558
f 4550 4558 4551
f 4551 4558 4557
f 4558 4614 4560
f 4558 4560 4559
f 4560 4614 4612
f 4560 4612 4610
f 4560 4610 4615
f 4560 4615 4616
f 4560 4616 4605
f 4560 4605 4617
f 4560 4617 4618
f 4560 4618 4619
f 4560 4619 4562
f 4560 4562 4561
f 4562 4620 4621
f 4562 4621 4622
f 4562 4622 4563
f 4562 4619 4620
f 4563 4622 4623
f 4563 4623 4624
f 4563 4624 4625
f 4563 4625 4564
f 4564 4625 4565
f 4565 4625 4566
f 4566 4625 4574
f 4566 4574 4567
f 4567 4573 4570
f 4567 4569 4568
f 4567 4574 4573
f 4570 4573 4571
f 4571 4573 4572
f 4574 4582 4575
f 4574 4625 4582
f 4577 4587 4578
f 4578 4587 4626
f 4578 4626 4596
f 4578 4596 4579
f 4582 4625 4624
f 4582 4624 4627
f 4582 4627 4583
f 4583 4627 4628
f 4583 4628 4584
f 4584 4628 4586
f 4584 4586 4585
f 4586 4628 4629
f 4586 4629 4630
f 4586 4630 4599
f 4586 4599 4631
f 4586 4631 4596
f 4586 4596 4587
f 4587 4596 4626
f 4588 4594 4589
f 4589 4594 4593
f 4589 4593 4590
f 4590 4593 4591
f 4596 4631 4599
f 4596 4599 4598
f 4597 4600 4601
f 4599 4630 4632
f 4599 4632 4601
f 4599 4601 4600
f 4601 4621 4602
f 4601 4632 4621
f 4602 4621 4603
f 4603 4618 4604
f 4603 4621 4620
f 4603 4620 4618
f 4604 4617 4605
f 4604 4618 4617
f 4605 4616 4606
f 4606 4610 4607
f 4606 4616 4610
f 4610 4616 4615
f 4610 4612 4611
f 4618 4620 4619
f 4621 4632 4633
f 4621 4633 4629
f 4621 4629 4622
f 4622 4634 4623
f 4622 4629 4634
f 4623 4634 4635
f 4623 4635 4624
f 4624 4635 4627
f 4627 4635 4636
f 4627 4636 4628
f 4628 4636 4629
f 4629 4633 4632
f 4629 4632 4630
f 4629 4636 4634
f 4634 4636 4635
f 4637 4638 4639
f 4637 4639 4640
f 4637 4640 4645
f 4637 4645 4654
f 4637 4654 4679
f 4637 4679 4707
f 4637 4707 4733
f 4637 4733 4758
f 4637 4758 4782
f 4637 4782 4753
f 4637 4753 4726
f 4637 4726 4729
f 4637 4729 4755
f 4637 4755 4778
f 4637 4778 4779
f 4637 4779 4788
f 4637 4788 4786
f 4637 4786 4790
f 4637 4790 4791
f 4637 4791 4784
f 4637 4784 4783
f 4637 4783 4770
f 4637 4770 4742
f 4637 4742 4716
f 4637 4716 4715
f 4637 4715 4713
f 4637 4713 4712
f 4637 4712 4711
f 4637 4711 4710
f 4637 4710 4709
f 4637 4709 4682
f 4637 4682 4655
f 4637 4655 4647
f 4637 4647 4641
f 4637 4641 4646
f 4637 4646 4642
f 4637 4642 4638
f 4638 4642 4643
f 4638 4643 4644
f 4638 4644 4639
f 4639 4644 4645
f 4639 4645 4640
f 4641 4647 4648
f 4641 4648 4649
f 4641 4649 4646
f 4642 4646 4649
f 4642 4649 4661
f 4642 4661 4672
f 4642 4672 4671
f 4642 4671 4670
f 4642 4670 4669
f 4642 4669 4668
f 4642 4668 4667
f 4642 4667 4666
f 4642 4666 4665
f 4642 4665 4664
f 4642 4664 4662
f 4642 4662 4650
f 4642 4650 4651
f 4642 4651 4643
f 4643 4651 4652
f 4643 4652 4644
f 4644 4652 4653
f 4644 4653 4654
f 4644 4654 4645
f 4647 4655 4681
f 4647 4681 4683
f 4647 4683 4656
f 4647 4656 4648
f 4648 4656 4657
f 4648 4657 4658
f 4648 4658 4659
f 4648 4659 4649
f 4649 4659 4660
f 4649 4660 4661
f 4650 4662 4651
f 4651 4663 4652
f 4651 4662 4664
f 4651 4664 4665
f 4651 4665 4666
f 4651 4666 4667
f 4651 4667 4668
f 4651 4668 4669
f 4651 4669 4670
f 4651 4670 4671
f 4651 4671 4672
f 4651 4672 4661
f 4651 4661 4660
f 4651 4660 4673
f 4651 4673 4663
f 4652 4663 4674
f 4652 4674 4675
f 4652 4675 4653
f 4653 4675 4676
f 4653 4676 4677
f 4653 4677 4654
f 4654 4677 4678
f 4654 4678 4679
f 4655 4680 4681
f 4655 4682 4680
f 4656 4683 4657
f 4657 4684 4685
f 4657 4685 4686
f 4657 4686 4687
f 4657 4687 4688
f 4657 4688 4689
f 4657 4689 4658
f 4657 4683 4684
f 4658 4689 4660
f 4658 4660 4659
f 4660 4689 4688
f 4660 4688 4687
f 4660 4687 4686
f 4660 4686 4690
f 4660 4690 4691
f 4660 4691 4673
f 4663 4692 4693
f 4663 4693 4694
f 4663 4694 4695
f 4663 4695 4696
f 4663 4696 4697
f 4663 4697 4698
f 4663 4698 4699
f 4663 4699 4700
f 4663 4700 4701
f 4663 4701 4674
f 4663 4673 4702
f 4663 4702 4692
f 4673 4691 4703
f 4673 4703 4702
f 4674 4701 4675
f 4675 4701 4676
f 4676 4701 4704
f 4676 4704 4705
f 4676 4705 4677
f 4677 4705 4706
f 4677 4706 4678
f 4678 4706 4679
f 4679 4706 4707
f 4680 4708 4683
f 4680 4683 4681
f 4680 4682 4709
f 4680 4709 4710
f 4680 4710 4711
f 4680 4711 4712
f 4680 4712 4713
f 4680 4713 4714
f 4680 4714 4715
f 4680 4715 4716
f 4680 4716 4717
f 4680 4717 4718
f 4680 4718 4708
f 4683 4708 4684
f 4684 4708 4719
f 4684 4719 4720
f 4684 4720 4685
f 4685 4720 4686
f 4686 4720 4690
f 4690 4720 4691
f 4691 4720 4719
f 4691 4719 4708
f 4691 4708 4721
f 4691 4721 4703
f 4692 4702 4722
f 4692 4722 4723
f 4692 4723 4693
f 4693 4724 4694
f 4693 4723 4725
f 4693 4725 4750
f 4693 4750 4724
f 4694 4726 4727
f 4694 4727 4728
f 4694 4728 4696
f 4694 4696 4695
f 4694 4724 4729
f 4694 4729 4726
f 4696 4728 4730
f 4696 4730 4697
f 4697 4730 4731
f 4697 4731 4698
f 4698 4731 4699
f 4699 4731 4732
f 4699 4732 4733
f 4699 4733 4705
f 4699 4705 4704
f 4699 4704 4700
f 4700 4704 4701
f 4702 4734 4735
f 4702 4735 4736
f 4702 4736 4737
f 4702 4737 4722
f 4702 4703 4738
f 4702 4738 4734
f 4703 4739 4738
f 4703 4721 4740
f 4703 4740 4741
f 4703 4741 4739
f 4705 4733 4706
f 4706 4733 4707
f 4708 4718 4740
f 4708 4740 4721
f 4713 4715 4714
f 4716 4742 4743
f 4716 4743 4717
f 4717 4743 4744
f 4717 4744 4745
f 4717 4745 4746
f 4717 4746 4747
f 4717 4747 4739
f 4717 4739 4718
f 4718 4739 4741
f 4718 4741 4740
f 4722 4737 4748
f 4722 4748 4749
f 4722 4749 4723
f 4723 4749 4752
f 4723 4752 4725
f 4724 4750 4751
f 4724 4751 4729
f 4725 4752 4750
f 4726 4753 4727
f 4727 4753 4754
f 4727 4754 4728
f 4728 4754 4730
f 4729 4751 4755
f 4730 4754 4731
f 4731 4754 4732
f 4732 4754 4756
f 4732 4756 4757
f 4732 4757 4733
f 4733 4757 4758
f 4734 4738 4759
f 4734 4759 4735
f 4735 4759 4736
f 4736 4748 4737
f 4736 4759 4760
f 4736 4760 4748
f 4738 4739 4761
f 4738 4761 4762
f 4738 4762 4763
f 4738 4763 4764
f 4738 4764 4765
f 4738 4765 4766
f 4738 4766 4767
f 4738 4767 4759
f 4739 4768 4761
f 4739 4747 4769
f 4739 4769 4768
f 4742 4770 4771
f 4742 4771 4743
f 4743 4771 4762
f 4743 4762 4744
f 4744 4762 4772
f 4744 4772 4745
f 4745 4772 4773
f 4745 4773 4746
f 4746 4773 4768
f 4746 4768 4769
f 4746 4769 4747
f 4748 4774 4752
f 4748 4752 4749
f 4748 4760 4767
f 4748 4767 4766
f 4748 4766 4774
f 4750 4752 4775
f 4750 4775 4776
f 4750 4776 4777
f 4750 4777 4751
f 4751 4778 4755
f 4751 4777 4779
f 4751 4779 4778
f 4752 4774 4780
f 4752 4780 4781
f 4752 4781 4775
f 4753 4782 4756
f 4753 4756 4754
f 4756 4782 4758
f 4756 4758 4757
f 4759 4767 4760
f 4761 4768 4773
f 4761 4773 4772
f 4761 4772 4762
f 4762 4771 4783
f 4762 4783 4763
f 4763 4783 4784
f 4763 4784 4764
f 4764 4784 4785
f 4764 4785 4766
f 4764 4766 4765
f 4766 4785 4780
f 4766 4780 4774
f 4770 4783 4771
f 4775 4781 4786
f 4775 4786 4776
f 4776 4787 4777
f 4776 4786 4787
f 4777 4787 4779
f 4779 4787 4788
f 4780 4785 4789
f 4780 4789 4790
f 4780 4790 4786
f 4780 4786 4781
f 4784 4791 4792
f 4784 4792 4793
f 4784 4793 4789
f 4784 4789 4785
f 4786 4788 4787
f 4789 4793 4790
f 4790 4793 4792
f 4790 4792 4791
f 4794 4795 4796
f 4794 4796 4797
f 4794 4797 4798
f 4794 4798 4799
f 4794 4799 4800
f 4794 4800 4801
f 4794 4801 4802
f 4794 4802 4803
f 4794 4803 4804
f 4794 4804 4805
f 4794 4805 4795
f 4795 4806 4807
f 4795 4807 4808
f 4795 4808 4809
f 4795 4809 4810
f 4795 4810 4796
f 4795 4805 4811
f 4795 4811 4806
f 4796 4810 4797
f 4797 4810 4812
f 4797 4812 4798
f 4798 4812 4813
f 4798 4813 4814
f 4798 4814 4799
f 4799 4814 4815
f 4799 4815 4800
f 4800 4816 4817
f 4800 4817 4818
f 4800 4818 4819
f 4800 4819 4801
f 4800 4815 4816
f 4801 4819 4820
f 4801 4820 4803
f 4801 4803 4802
f 4803 4820 4821
f 4803 4821 4822
f 4803 4822 4823
f 4803 4823 4824
f 4803 4824 4804
f 4804 4824 4825
f 4804 4825 4826
f 4804 4826 4827
f 4804 4827 4828
f 4804 4828 4829
f 4804 4829 4805
f 4805 4829 4830
f 4805 4830 4811
f 4806 4831 4807
f 4806 4811 4832
f 4806 4832 4831
f 4807 4831 4808
f 4808 4833 4834
f 4808 4834 4835
f 4808 4835 4809
f 4808 4831 4833
f 4809 4835 4836
f 4809 4836 4837
f 4809 4837 4838
f 4809 4838 4810
f 4810 4838 4812
f 4811 4830 4839
f 4811 4839 4840
f 4811 4840 4832
f 4812 4838 4813
f 4813 4838 4841
f 4813 4841 4842
f 4813 4842 4814
f 4814 4842 4843
f 4814 4843 4815
f 4815 4843 4844
f 4815 4844 4816
f 4816 4845 4875
f 4816 4875 4910
f 4816 4910 4926
f 4816 4926 4925
f 4816 4925 4924
f 4816 4924 4923
f 4816 4923 4922
f 4816 4922 4915
f 4816 4915 4881
f 4816 4881 4850
f 4816 4850 4817
f 4816 4844 4846
f 4816 4846 4847
f 4816 4847 4848
f 4816 4848 4849
f 4816 4849 4845
f 4817 4850 4819
f 4817 4819 4818
f 4819 4850 4820
f 4820 4851 4852
f 4820 4852 4821
f 4820 4850 4851
f 4821 4852 4884
f 4821 4884 4883
f 4821 4883 4917
f 4821 4917 4944
f 4821 4944 4927
f 4821 4927 4886
f 4821 4886 4853
f 4821 4853 4822
f 4822 4853 4823
f 4823 4853 4854
f 4823 4854 4855
f 4823 4855 4824
f 4824 4855 4825
f 4825 4856 4826
f 4825 4855 4856
f 4826 4856 4857
f 4826 4857 4827
f 4827 4858 4859
f 4827 4859 4828
f 4827 4857 4858
f 4828 4830 4829
f 4828 4859 4860
f 4828 4860 4861
f 4828 4861 4830
f 4830 4861 4862
f 4830 4862 4839
f 4831 4832 4840
f 4831 4840 4863
f 4831 4863 4864
f 4831 4864 4897
f 4831 4897 4941
f 4831 4941 4921
f 4831 4921 4920
f 4831 4920 4919
f 4831 4919 4947
f 4831 4947 4910
f 4831 4910 4875
f 4831 4875 4878
f 4831 4878 4913
f 4831 4913 4912
f 4831 4912 4911
f 4831 4911 4946
f 4831 4946 4945
f 4831 4945 4905
f 4831 4905 4904
f 4831 4904 4870
f 4831 4870 4865
f 4831 4865 4837
f 4831 4837 4836
f 4831 4836 4835
f 4831 4835 4834
f 4831 4834 4833
f 4837 4865 4838
f 4838 4865 4841
f 4839 4862 4866
f 4839 4866 4867
f 4839 4867 4868
f 4839 4868 4840
f 4840 4868 4863
f 4841 4869 4842
f 4841 4865 4870
f 4841 4870 4869
f 4842 4871 4872
f 4842 4872 4843
f 4842 4869 4871
f 4843 4872 4844
f 4844 4872 4873
f 4844 4873 4874
f 4844 4874 4846
f 4845 4849 4875
f 4846 4874 4876
f 4846 4876 4848
f 4846 4848 4847
f 4848 4877 4878
f 4848 4878 4875
f 4848 4875 4849
f 4848 4876 4879
f 4848 4879 4880
f 4848 4880 4877
f 4850 4881 4851
f 4851 4882 4917
f 4851 4917 4883
f 4851 4883 4884
f 4851 4884 4852
f 4851 4881 4885
f 4851 4885 4918
f 4851 4918 4882
f 4853 4886 4887
f 4853 4887 4888
f 4853 4888 4854
f 4854 4888 4889
f 4854 4889 4890
f 4854 4890 4891
f 4854 4891 4855
f 4855 4891 4856
f 4856 4892 4857
f 4856 4891 4892
f 4857 4892 4893
f 4857 4893 4858
f 4858 4894 4859
f 4858 4893 4894
f 4859 4894 4860
f 4860 4894 4895
f 4860 4895 4861
f 4861 4895 4896
f 4861 4896 4862
f 4862 4896 4866
f 4863 4868 4864
f 4864 4868 4867
f 4864 4867 4898
f 4864 4898 4899
f 4864 4899 4900
f 4864 4900 4901
f 4864 4901 4902
f 4864 4902 4903
f 4864 4903 4940
f 4864 4940 4897
f 4866 4896 4898
f 4866 4898 4867
f 4869 4870 4904
f 4869 4904 4871
f 4871 4904 4905
f 4871 4905 4906
f 4871 4906 4907
f 4871 4907 4873
f 4871 4873 4872
f 4873 4907 4874
f 4874 4908 4876
f 4874 4907 4909
f 4874 4909 4908
f 4876 4908 4879
f 4877 4880 4911
f 4877 4911 4912
f 4877 4912 4913
f 4877 4913 4878
f 4879 4908 4914
f 4879 4914 4880
f 4880 4914 4908
f 4880 4908 4911
f 4881 4915 4885
f 4882 4916 4944
f 4882 4944 4917
f 4882 4918 4919
f 4882 4919 4920
f 4882 4920 4921
f 4882 4921 4941
f 4882 4941 4916
f 4885 4915 4922
f 4885 4922 4923
f 4885 4923 4924
f 4885 4924 4925
f 4885 4925 4926
f 4885 4926 4918
f 4886 4927 4928
f 4886 4928 4929
f 4886 4929 4887
f 4887 4929 4930
f 4887 4930 4931
f 4887 4931 4888
f 4888 4931 4889
f 4889 4931 4932
f 4889 4932 4890
f 4890 4933 4934
f 4890 4934 4891
f 4890 4932 4933
f 4891 4934 4892
f 4892 4935 4936
f 4892 4936 4893
f 4892 4934 4937
f 4892 4937 4938
f 4892 4938 4935
f 4893 4936 4939
f 4893 4939 4902
f 4893 4902 4894
f 4894 4902 4901
f 4894 4901 4900
f 4894 4900 4895
f 4895 4900 4899
f 4895 4899 4896
f 4896 4899 4898
f 4897 4940 4941
f 4902 4939 4903
f 4903 4939 4942
f 4903 4942 4943
f 4903 4943 4931
f 4903 4931 4930
f 4903 4930 4928
f 4903 4928 4944
f 4903 4944 4940
f 4905 4945 4909
f 4905 4909 4907
f 4905 4907 4906
f 4908 4909 4946
f 4908 4946 4911
f 4909 4945 4946
f 4910 4947 4926
f 4916 4940 4944
f 4916 4941 4940
f 4918 4926 4947
f 4918 4947 4919
f 4927 4944 4928
f 4928 4930 4929
f 4931 4943 4948
f 4931 4948 4932
f 4932 4948 4933
f 4933 4948 4934
f 4934 4948 4937
f 4935 4938 4942
f 4935 4942 4939
f 4935 4939 4949
f 4935 4949 4936
f 4936 4949 4939
f 4937 4948 4943
f 4937 4943 4938
f 4938 4943 4942
f 4950 4951 4955
f 4950 4955 4952
f 4950 4952 4953
f 4950 4953 4951
f 4951 4954 4971
f 4951 4971 5002
f 4951 5002 5008
f 4951 5008 5007
f 4951 5007 5006
f 4951 5006 5005
f 4951 5005 5051
f 4951 5051 5052
f 4951 5052 5009
f 4951 5009 4974
f 4951 4974 4955
f 4951 4953 4956
f 4951 4956 4957
f 4951 4957 4954
f 4952 4955 4958
f 4952 4958 4959
f 4952 4959 4960
f 4952 4960 4961
f 4952 4961 4962
f 4952 4962 4963
f 4952 4963 4964
f 4952 4964 4965
f 4952 4965 4966
f 4952 4966 4953
f 4953 4966 4967
f 4953 4967 4968
f 4953 4968 4969
f 4953 4969 4970
f 4953 4970 5001
f 4953 5001 5048
f 4953 5048 5101
f 4953 5101 5049
f 4953 5049 5003
f 4953 5003 4972
f 4953 4972 4957
f 4953 4957 4956
f 4954 4957 4972
f 4954 4972 4973
f 4954 4973 4971
f 4955 4974 4975
f 4955 4975 4976
f 4955 4976 4977
f 4955 4977 4978
f 4955 4978 4958
f 4958 4978 4979
f 4958 4979 4980
f 4958 4980 4959
f 4959 4980 4960
f 4960 4980 4981
f 4960 4981 4961
f 4961 4981 4962
f 4962 4981 4963
f 4963 4982 4983
f 4963 4983 4984
f 4963 4984 4964
f 4963 4981 4985
f 4963 4985 4982
f 4964 4983 4986
f 4964 4986 4987
f 4964 4987 4988
f 4964 4988 4989
f 4964 4989 4965
f 4964 4984 4983
f 4965 4989 4990
f 4965 4990 4991
f 4965 4991 4966
f 4966 4992 4967
f 4966 4991 4992
f 4967 4992 4993
f 4967 4993 4994
f 4967 4994 4995
f 4967 4995 4996
f 4967 4996 4968
f 4968 4996 4997
f 4968 4997 4998
f 4968 4998 4969
f 4969 4998 4999
f 4969 4999 4970
f 4970 5000 5001
f 4970 4999 5000
f 4971 4973 5002
f 4972 5003 5004
f 4972 5004 4973
f 4973 5004 5005
f 4973 5005 5006
f 4973 5006 5007
f 4973 5007 5008
f 4973 5008 5002
f 4974 5009 5010
f 4974 5010 4975
f 4975 5010 5011
f 4975 5011 5012
f 4975 5012 5013
f 4975 5013 5014
f 4975 5014 4976
f 4976 5014 4977
f 4977 5014 4978
f 4978 5014 4979
f 4979 5014 5015
f 4979 5015 5016
f 4979 5016 4980
f 4980 5016 5017
f 4980 5017 5018
f 4980 5018 4981
f 4981 5018 4985
f 4982 5019 5020
f 4982 5020 4983
f 4982 4985 5019
f 4983 5021 5022
f 4983 5022 4986
f 4983 5020 5021
f 4985 5018 5017
f 4985 5017 5023
f 4985 5023 5019
f 4986 5022 5024
f 4986 5024 4987
f 4987 5025 5026
f 4987 5026 5027
f 4987 5027 5028
f 4987 5028 5029
f 4987 5029 4988
f 4987 5024 5025
f 4988 5029 5030
f 4988 5030 5031
f 4988 5031 4989
f 4989 5031 4990
f 4990 5031 5032
f 4990 5032 4991
f 4991 5032 5033
f 4991 5033 5034
f 4991 5034 4993
f 4991 4993 4992
f 4993 5034 4995
f 4993 4995 4994
f 4995 5035 5036
f 4995 5036 5037
f 4995 5037 4996
f 4995 5034 5038
f 4995 5038 5035
f 4996 5037 5039
f 4996 5039 4997
f 4997 5039 5040
f 4997 5040 5041
f 4997 5041 4999
f 4997 4999 4998
f 4999 5041 5042
f 4999 5042 5043
f 4999 5043 5044
f 4999 5044 5000
f 5000 5044 5045
f 5000 5045 5046
f 5000 5046 5047
f 5000 5047 5001
f 5001 5047 5048
f 5003 5049 5004
f 5004 5049 5050
f 5004 5050 5005
f 5005 5050 5102
f 5005 5102 5150
f 5005 5150 5148
f 5005 5148 5182
f 5005 5182 5184
f 5005 5184 5173
f 5005 5173 5138
f 5005 5138 5174
f 5005 5174 5183
f 5005 5183 5163
f 5005 5163 5130
f 5005 5130 5157
f 5005 5157 5126
f 5005 5126 5074
f 5005 5074 5073
f 5005 5073 5124
f 5005 5124 5122
f 5005 5122 5118
f 5005 5118 5117
f 5005 5117 5065
f 5005 5065 5116
f 5005 5116 5155
f 5005 5155 5154
f 5005 5154 5152
f 5005 5152 5103
f 5005 5103 5051
f 5009 5052 5010
f 5010 5052 5051
f 5010 5051 5011
f 5011 5051 5053
f 5011 5053 5054
f 5011 5054 5055
f 5011 5055 5012
f 5012 5055 5013
f 5013 5055 5056
f 5013 5056 5014
f 5014 5056 5015
f 5015 5057 5058
f 5015 5058 5016
f 5015 5056 5057
f 5016 5058 5059
f 5016 5059 5060
f 5016 5060 5061
f 5016 5061 5017
f 5017 5061 5062
f 5017 5062 5023
f 5019 5023 5063
f 5019 5063 5064
f 5019 5064 5065
f 5019 5065 5020
f 5020 5065 5066
f 5020 5066 5119
f 5020 5119 5067
f 5020 5067 5022
f 5020 5022 5021
f 5022 5067 5068
f 5022 5068 5069
f 5022 5069 5070
f 5022 5070 5024
f 5023 5062 5063
f 5024 5070 5071
f 5024 5071 5026
f 5024 5026 5025
f 5026 5071 5072
f 5026 5072 5073
f 5026 5073 5074
f 5026 5074 5075
f 5026 5075 5076
f 5026 5076 5077
f 5026 5077 5078
f 5026 5078 5027
f 5027 5078 5030
f 5027 5030 5028
f 5028 5030 5029
f 5030 5078 5079
f 5030 5079 5031
f 5031 5079 5032
f 5032 5079 5033
f 5033 5080 5081
f 5033 5081 5034
f 5033 5079 5080
f 5034 5081 5082
f 5034 5082 5038
f 5035 5083 5084
f 5035 5084 5036
f 5035 5038 5085
f 5035 5085 5086
f 5035 5086 5083
f 5036 5084 5087
f 5036 5087 5037
f 5037 5087 5039
f 5038 5082 5088
f 5038 5088 5085
f 5039 5089 5090
f 5039 5090 5091
f 5039 5091 5040
f 5039 5087 5089
f 5040 5091 5042
f 5040 5042 5041
f 5042 5092 5093
f 5042 5093 5094
f 5042 5094 5043
f 5042 5091 5146
f 5042 5146 5095
f 5042 5095 5092
f 5043 5094 5096
f 5043 5096 5044
f 5044 5096 5045
f 5045 5096 5093
f 5045 5093 5097
f 5045 5097 5098
f 5045 5098 5099
f 5045 5099 5046
f 5046 5099 5047
f 5047 5100 5101
f 5047 5101 5048
f 5047 5099 5100
f 5049 5101 5102
f 5049 5102 5050
f 5051 5103 5054
f 5051 5054 5104
f 5051 5104 5053
f 5053 5104 5054
f 5054 5105 5055
f 5054 5103 5105
f 5055 5105 5056
f 5056 5105 5106
f 5056 5106 5057
f 5057 5107 5058
f 5057 5106 5108
f 5057 5108 5107
f 5058 5107 5109
f 5058 5109 5110
f 5058 5110 5059
f 5059 5110 5111
f 5059 5111 5112
f 5059 5112 5113
f 5059 5113 5114
f 5059 5114 5115
f 5059 5115 5060
f 5060 5115 5062
f 5060 5062 5061
f 5062 5115 5063
f 5063 5115 5064
f 5064 5115 5114
f 5064 5114 5116
f 5064 5116 5065
f 5065 5117 5066
f 5066 5117 5118
f 5066 5118 5119
f 5067 5119 5120
f 5067 5120 5121
f 5067 5121 5068
f 5068 5121 5069
f 5069 5121 5070
f 5070 5121 5122
f 5070 5122 5123
f 5070 5123 5071
f 5071 5123 5072
f 5072 5123 5124
f 5072 5124 5073
f 5074 5125 5075
f 5074 5126 5125
f 5075 5125 5076
f 5076 5125 5077
f 5077 5127 5128
f 5077 5128 5129
f 5077 5129 5078
f 5077 5125 5127
f 5078 5129 5079
f 5079 5129 5080
f 5080 5129 5130
f 5080 5130 5131
f 5080 5131 5132
f 5080 5132 5133
f 5080 5133 5134
f 5080 5134 5081
f 5081 5135 5082
f 5081 5134 5136
f 5081 5136 5135
f 5082 5137 5138
f 5082 5138 5139
f 5082 5139 5140
f 5082 5140 5088
f 5082 5135 5137
f 5083 5141 5084
f 5083 5086 5142
f 5083 5142 5141
f 5084 5141 5143
f 5084 5143 5087
f 5085 5088 5086
f 5086 5088 5140
f 5086 5140 5142
f 5087 5143 5089
f 5089 5143 5144
f 5089 5144 5145
f 5089 5145 5146
f 5089 5146 5147
f 5089 5147 5090
f 5090 5147 5091
f 5091 5147 5146
f 5092 5095 5148
f 5092 5148 5097
f 5092 5097 5093
f 5093 5096 5094
f 5095 5146 5149
f 5095 5149 5148
f 5097 5148 5098
f 5098 5148 5099
f 5099 5148 5100
f 5100 5148 5101
f 5101 5148 5150
f 5101 5150 5102
f 5103 5108 5151
f 5103 5151 5105
f 5103 5152 5107
f 5103 5107 5108
f 5105 5151 5106
f 5106 5151 5153
f 5106 5153 5108
f 5107 5152 5109
f 5108 5153 5151
f 5109 5152 5110
f 5110 5152 5154
f 5110 5154 5155
f 5110 5155 5112
f 5110 5112 5156
f 5110 5156 5111
f 5111 5156 5112
f 5112 5155 5116
f 5112 5116 5113
f 5113 5116 5114
f 5118 5122 5120
f 5118 5120 5119
f 5120 5122 5121
f 5122 5124 5123
f 5125 5126 5127
f 5126 5157 5158
f 5126 5158 5159
f 5126 5159 5160
f 5126 5160 5161
f 5126 5161 5127
f 5127 5161 5128
f 5128 5161 5130
f 5128 5130 5129
f 5130 5162 5131
f 5130 5161 5160
f 5130 5160 5159
f 5130 5159 5158
f 5130 5158 5157
f 5130 5163 5132
f 5130 5132 5162
f 5131 5162 5132
f 5132 5163 5133
f 5133 5163 5164
f 5133 5164 5165
f 5133 5165 5166
f 5133 5166 5134
f 5134 5166 5167
f 5134 5167 5136
f 5135 5168 5169
f 5135 5169 5170
f 5135 5170 5171
f 5135 5171 5137
f 5135 5136 5168
f 5136 5167 5172
f 5136 5172 5165
f 5136 5165 5168
f 5137 5171 5138
f 5138 5173 5139
f 5138 5171 5170
f 5138 5170 5169
f 5138 5169 5168
f 5138 5168 5174
f 5139 5173 5175
f 5139 5175 5176
f 5139 5176 5177
f 5139 5177 5178
f 5139 5178 5140
f 5140 5178 5179
f 5140 5179 5142
f 5141 5178 5180
f 5141 5180 5181
f 5141 5181 5144
f 5141 5144 5143
f 5141 5142 5178
f 5142 5179 5178
f 5144 5181 5145
f 5145 5181 5149
f 5145 5149 5146
f 5148 5149 5180
f 5148 5180 5182
f 5149 5181 5180
f 5163 5183 5164
f 5164 5183 5168
f 5164 5168 5165
f 5165 5172 5166
f 5166 5172 5167
f 5168 5183 5174
f 5173 5184 5175
f 5175 5184 5182
f 5175 5182 5176
f 5176 5182 5177
f 5177 5182 5178
f 5178 5182 5180
f 5185 5186 5187
f 5185 5187 5188
f 5185 5188 5189
f 5185 5189 5190
f 5185 5190 5191
f 5185 5191 5192
f 5185 5192 5193
f 5185 5193 5194
f 5185 5194 5186
f 5186 5195 5187
f 5186 5194 5195
f 5187 5195 5208
f 5187 5208 5228
f 5187 5228 5232
f 5187 5232 5231
f 5187 5231 5230
f 5187 5230 5267
f 5187 5267 5316
f 5187 5316 5354
f 5187 5354 5398
f 5187 5398 5445
f 5187 5445 5486
f 5187 5486 5521
f 5187 5521 5551
f 5187 5551 5523
f 5187 5523 5492
f 5187 5492 5449
f 5187 5449 5447
f 5187 5447 5400
f 5187 5400 5357
f 5187 5357 5319
f 5187 5319 5278
f 5187 5278 5277
f 5187 5277 5275
f 5187 5275 5239
f 5187 5239 5238
f 5187 5238 5274
f 5187 5274 5272
f 5187 5272 5233
f 5187 5233 5211
f 5187 5211 5196
f 5187 5196 5197
f 5187 5197 5188
f 5188 5197 5189
f 5189 5198 5199
f 5189 5199 5190
f 5189 5197 5198
f 5190 5199 5200
f 5190 5200 5191
f 5191 5200 5201
f 5191 5201 5192
f 5192 5201 5202
f 5192 5202 5203
f 5192 5203 5193
f 5193 5203 5204
f 5193 5204 5205
f 5193 5205 5194
f 5194 5205 5206
f 5194 5206 5207
f 5194 5207 5195
f 5195 5207 5209
f 5195 5209 5210
f 5195 5210 5208
f 5196 5211 5197
f 5197 5211 5198
f 5198 5211 5212
f 5198 5212 5213
f 5198 5213 5214
f 5198 5214 5199
f 5199 5214 5215
f 5199 5215 5216
f 5199 5216 5217
f 5199 5217 5218
f 5199 5218 5200
f 5200 5218 5219
f 5200 5219 5201
f 5201 5219 5220
f 5201 5220 5202
f 5202 5221 5203
f 5202 5220 5221
f 5203 5221 5222
f 5203 5222 5204
f 5204 5222 5223
f 5204 5223 5205
f 5205 5223 5224
f 5205 5224 5225
f 5205 5225 5226
f 5205 5226 5206
f 5206 5226 5227
f 5206 5227 5265
f 5206 5265 5315
f 5206 5315 5353
f 5206 5353 5397
f 5206 5397 5444
f 5206 5444 5484
f 5206 5484 5483
f 5206 5483 5520
f 5206 5520 5550
f 5206 5550 5570
f 5206 5570 5582
f 5206 5582 5586
f 5206 5586 5587
f 5206 5587 5585
f 5206 5585 5577
f 5206 5577 5576
f 5206 5576 5574
f 5206 5574 5555
f 5206 5555 5528
f 5206 5528 5527
f 5206 5527 5495
f 5206 5495 5494
f 5206 5494 5452
f 5206 5452 5404
f 5206 5404 5365
f 5206 5365 5402
f 5206 5402 5401
f 5206 5401 5448
f 5206 5448 5491
f 5206 5491 5493
f 5206 5493 5526
f 5206 5526 5525
f 5206 5525 5524
f 5206 5524 5554
f 5206 5554 5573
f 5206 5573 5572
f 5206 5572 5571
f 5206 5571 5553
f 5206 5553 5552
f 5206 5552 5522
f 5206 5522 5490
f 5206 5490 5489
f 5206 5489 5488
f 5206 5488 5487
f 5206 5487 5446
f 5206 5446 5399
f 5206 5399 5356
f 5206 5356 5355
f 5206 5355 5318
f 5206 5318 5317
f 5206 5317 5271
f 5206 5271 5270
f 5206 5270 5269
f 5206 5269 5268
f 5206 5268 5266
f 5206 5266 5229
f 5206 5229 5210
f 5206 5210 5209
f 5206 5209 5207
f 5208 5210 5228
f 5210 5229 5230
f 5210 5230 5231
f 5210 5231 5232
f 5210 5232 5228
f 5211 5233 5212
f 5212 5234 5213
f 5212 5233 5235
f 5212 5235 5236
f 5212 5236 5237
f 5212 5237 5234
f 5213 5234 5238
f 5213 5238 5239
f 5213 5239 5240
f 5213 5240 5241
f 5213 5241 5242
f 5213 5242 5243
f 5213 5243 5244
f 5213 5244 5245
f 5213 5245 5246
f 5213 5246 5247
f 5213 5247 5248
f 5213 5248 5214
f 5214 5248 5249
f 5214 5249 5250
f 5214 5250 5215
f 5215 5250 5251
f 5215 5251 5216
f 5216 5251 5252
f 5216 5252 5217
f 5217 5252 5253
f 5217 5253 5254
f 5217 5254 5218
f 5218 5254 5255
f 5218 5255 5219
f 5219 5255 5256
f 5219 5256 5220
f 5220 5256 5257
f 5220 5257 5258
f 5220 5258 5259
f 5220 5259 5221
f 5221 5259 5260
f 5221 5260 5222
f 5222 5260 5261
f 5222 5261 5223
f 5223 5261 5224
f 5224 5262 5263
f 5224 5263 5225
f 5224 5261 5262
f 5225 5263 5264
f 5225 5264 5265
f 5225 5265 5227
f 5225 5227 5226
f 5229 5266 5230
f 5230 5266 5268
f 5230 5268 5269
f 5230 5269 5270
f 5230 5270 5271
f 5230 5271 5267
f 5233 5272 5235
f 5234 5237 5273
f 5234 5273 5238
f 5235 5272 5274
f 5235 5274 5273
f 5235 5273 5237
f 5235 5237 5236
f 5238 5273 5274
f 5239 5275 5240
f 5240 5276 5241
f 5240 5275 5277
f 5240 5277 5278
f 5240 5278 5276
f 5241 5279 5280
f 5241 5280 5281
f 5241 5281 5242
f 5241 5276 5282
f 5241 5282 5279
f 5242 5283 5284
f 5242 5284 5285
f 5242 5285 5286
f 5242 5286 5243
f 5242 5281 5283
f 5243 5286 5287
f 5243 5287 5288
f 5243 5288 5289
f 5243 5289 5244
f 5244 5289 5290
f 5244 5290 5291
f 5244 5291 5245
f 5245 5291 5246
f 5246 5291 5292
f 5246 5292 5247
f 5247 5292 5248
f 5248 5292 5293
f 5248 5293 5249
f 5249 5293 5250
f 5250 5293 5251
f 5251 5293 5294
f 5251 5294 5295
f 5251 5295 5296
f 5251 5296 5252
f 5252 5296 5297
f 5252 5297 5298
f 5252 5298 5299
f 5252 5299 5253
f 5253 5299 5300
f 5253 5300 5254
f 5254 5300 5301
f 5254 5301 5255
f 5255 5301 5257
f 5255 5257 5256
f 5257 5301 5302
f 5257 5302 5303
f 5257 5303 5304
f 5257 5304 5258
f 5258 5304 5259
f 5259 5304 5305
f 5259 5305 5306
f 5259 5306 5260
f 5260 5307 5308
f 5260 5308 5309
f 5260 5309 5262
f 5260 5262 5261
f 5260 5306 5307
f 5262 5309 5310
f 5262 5310 5311
f 5262 5311 5263
f 5263 5311 5312
f 5263 5312 5313
f 5263 5313 5314
f 5263 5314 5264
f 5264 5314 5315
f 5264 5315 5265
f 5267 5271 5317
f 5267 5317 5318
f 5267 5318 5316
f 5276 5278 5282
f 5278 5319 5282
f 5279 5282 5320
f 5279 5320 5321
f 5279 5321 5280
f 5280 5321 5322
f 5280 5322 5323
f 5280 5323 5324
f 5280 5324 5281
f 5281 5324 5283
f 5282 5319 5357
f 5282 5357 5325
f 5282 5325 5320
f 5283 5324 5323
f 5283 5323 5326
f 5283 5326 5327
f 5283 5327 5284
f 5284 5327 5328
f 5284 5328 5285
f 5285 5328 5329
f 5285 5329 5330
f 5285 5330 5331
f 5285 5331 5286
f 5286 5331 5332
f 5286 5332 5287
f 5287 5332 5333
f 5287 5333 5288
f 5288 5333 5290
f 5288 5290 5289
f 5290 5333 5334
f 5290 5334 5335
f 5290 5335 5291
f 5291 5335 5336
f 5291 5336 5292
f 5292 5336 5293
f 5293 5336 5294
f 5294 5336 5337
f 5294 5337 5338
f 5294 5338 5295
f 5295 5297 5296
f 5295 5338 5339
f 5295 5339 5297
f 5297 5339 5340
f 5297 5340 5298
f 5298 5340 5299
f 5299 5340 5341
f 5299 5341 5342
f 5299 5342 5343
f 5299 5343 5300
f 5300 5343 5302
f 5300 5302 5301
f 5302 5343 5344
f 5302 5344 5303
f 5303 5344 5345
f 5303 5345 5304
f 5304 5345 5346
f 5304 5346 5347
f 5304 5347 5305
f 5305 5347 5306
f 5306 5347 5307
f 5307 5348 5349
f 5307 5349 5350
f 5307 5350 5308
f 5307 5347 5348
f 5308 5350 5309
f 5309 5350 5310
f 5310 5350 5311
f 5311 5351 5312
f 5311 5350 5351
f 5312 5351 5313
f 5313 5352 5314
f 5313 5351 5352
f 5314 5352 5353
f 5314 5353 5315
f 5316 5318 5355
f 5316 5355 5356
f 5316 5356 5354
f 5320 5325 5358
f 5320 5358 5359
f 5320 5359 5321
f 5321 5360 5322
f 5321 5359 5361
f 5321 5361 5360
f 5322 5360 5323
f 5323 5360 5362
f 5323 5362 5363
f 5323 5363 5326
f 5325 5357 5364
f 5325 5364 5365
f 5325 5365 5358
f 5326 5363 5366
f 5326 5366 5367
f 5326 5367 5368
f 5326 5368 5327
f 5327 5368 5328
f 5328 5368 5369
f 5328 5369 5370
f 5328 5370 5329
f 5329 5370 5371
f 5329 5371 5330
f 5330 5371 5372
f 5330 5372 5331
f 5331 5372 5373
f 5331 5373 5332
f 5332 5373 5374
f 5332 5374 5375
f 5332 5375 5333
f 5333 5375 5376
f 5333 5376 5334
f 5334 5376 5377
f 5334 5377 5335
f 5335 5377 5378
f 5335 5378 5336
f 5336 5378 5337
f 5337 5378 5379
f 5337 5379 5380
f 5337 5380 5338
f 5338 5380 5381
f 5338 5381 5339
f 5339 5381 5382
f 5339 5382 5340
f 5340 5382 5383
f 5340 5383 5384
f 5340 5384 5385
f 5340 5385 5386
f 5340 5386 5341
f 5341 5386 5342
f 5342 5386 5387
f 5342 5387 5344
f 5342 5344 5343
f 5344 5387 5345
f 5345 5387 5388
f 5345 5388 5346
f 5346 5348 5347
f 5346 5388 5389
f 5346 5389 5390
f 5346 5390 5391
f 5346 5391 5348
f 5348 5391 5349
f 5349 5391 5392
f 5349 5392 5393
f 5349 5393 5350
f 5350 5393 5351
f 5351 5393 5394
f 5351 5394 5352
f 5352 5394 5395
f 5352 5395 5396
f 5352 5396 5353
f 5353 5396 5397
f 5354 5356 5399
f 5354 5399 5398
f 5357 5400 5401
f 5357 5401 5402
f 5357 5402 5364
f 5358 5403 5359
f 5358 5365 5404
f 5358 5404 5405
f 5358 5405 5403
f 5359 5403 5406
f 5359 5406 5407
f 5359 5407 5361
f 5360 5361 5362
f 5361 5407 5362
f 5362 5407 5408
f 5362 5408 5363
f 5363 5408 5409
f 5363 5409 5410
f 5363 5410 5366
f 5364 5402 5365
f 5366 5410 5411
f 5366 5411 5412
f 5366 5412 5413
f 5366 5413 5367
f 5367 5369 5368
f 5367 5413 5369
f 5369 5413 5414
f 5369 5414 5415
f 5369 5415 5370
f 5370 5415 5416
f 5370 5416 5417
f 5370 5417 5418
f 5370 5418 5371
f 5371 5418 5372
f 5372 5418 5419
f 5372 5419 5420
f 5372 5420 5373
f 5373 5420 5374
f 5374 5421 5375
f 5374 5420 5422
f 5374 5422 5423
f 5374 5423 5424
f 5374 5424 5421
f 5375 5421 5376
f 5376 5421 5424
f 5376 5424 5377
f 5377 5424 5470
f 5377 5470 5425
f 5377 5425 5378
f 5378 5425 5379
f 5379 5425 5426
f 5379 5426 5427
f 5379 5427 5380
f 5380 5427 5428
f 5380 5428 5381
f 5381 5428 5382
f 5382 5428 5429
f 5382 5429 5383
f 5383 5429 5430
f 5383 5430 5431
f 5383 5431 5384
f 5384 5431 5385
f 5385 5388 5387
f 5385 5387 5386
f 5385 5431 5432
f 5385 5432 5388
f 5388 5432 5389
f 5389 5432 5433
f 5389 5433 5434
f 5389 5434 5390
f 5390 5434 5392
f 5390 5392 5391
f 5392 5435 5436
f 5392 5436 5437
f 5392 5437 5393
f 5392 5434 5435
f 5393 5437 5394
f 5394 5437 5395
f 5395 5438 5396
f 5395 5437 5438
f 5396 5439 5440
f 5396 5440 5441
f 5396 5441 5397
f 5396 5438 5442
f 5396 5442 5443
f 5396 5443 5439
f 5397 5441 5444
f 5398 5399 5446
f 5398 5446 5445
f 5400 5447 5401
f 5401 5447 5449
f 5401 5449 5448
f 5403 5405 5450
f 5403 5450 5451
f 5403 5451 5406
f 5404 5452 5405
f 5405 5452 5450
f 5406 5451 5453
f 5406 5453 5408
f 5406 5408 5407
f 5408 5453 5409
f 5409 5453 5454
f 5409 5454 5411
f 5409 5411 5410
f 5411 5454 5453
f 5411 5453 5455
f 5411 5455 5456
f 5411 5456 5457
f 5411 5457 5458
f 5411 5458 5412
f 5412 5458 5414
f 5412 5414 5413
f 5414 5458 5459
f 5414 5459 5460
f 5414 5460 5416
f 5414 5416 5415
f 5416 5461 5417
f 5416 5460 5462
f 5416 5462 5461
f 5417 5461 5463
f 5417 5463 5418
f 5418 5463 5419
f 5419 5463 5464
f 5419 5464 5420
f 5420 5464 5465
f 5420 5465 5466
f 5420 5466 5467
f 5420 5467 5468
f 5420 5468 5469
f 5420 5469 5422
f 5422 5470 5423
f 5422 5469 5470
f 5423 5470 5424
f 5425 5470 5471
f 5425 5471 5426
f 5426 5471 5472
f 5426 5472 5473
f 5426 5473 5427
f 5427 5473 5474
f 5427 5474 5428
f 5428 5474 5429
f 5429 5474 5475
f 5429 5475 5430
f 5430 5475 5476
f 5430 5476 5477
f 5430 5477 5431
f 5431 5477 5432
f 5432 5477 5434
f 5432 5434 5433
f 5434 5477 5478
f 5434 5478 5442
f 5434 5442 5436
f 5434 5436 5435
f 5436 5479 5437
f 5436 5442 5479
f 5437 5479 5438
f 5438 5479 5442
f 5439 5443 5480
f 5439 5480 5481
f 5439 5481 5482
f 5439 5482 5440
f 5440 5482 5483
f 5440 5483 5484
f 5440 5484 5441
f 5441 5484 5444
f 5442 5480 5443
f 5442 5478 5485
f 5442 5485 5480
f 5445 5446 5487
f 5445 5487 5488
f 5445 5488 5489
f 5445 5489 5490
f 5445 5490 5486
f 5448 5449 5491
f 5449 5492 5493
f 5449 5493 5491
f 5450 5452 5451
f 5451 5452 5494
f 5451 5494 5495
f 5451 5495 5496
f 5451 5496 5497
f 5451 5497 5498
f 5451 5498 5499
f 5451 5499 5455
f 5451 5455 5453
f 5455 5499 5456
f 5456 5499 5500
f 5456 5500 5501
f 5456 5501 5457
f 5457 5501 5458
f 5458 5501 5459
f 5459 5501 5502
f 5459 5502 5462
f 5459 5462 5460
f 5461 5465 5463
f 5461 5462 5503
f 5461 5503 5465
f 5462 5504 5503
f 5462 5502 5505
f 5462 5505 5506
f 5462 5506 5504
f 5463 5465 5464
f 5465 5503 5467
f 5465 5467 5466
f 5467 5503 5507
f 5467 5507 5508
f 5467 5508 5468
f 5468 5508 5469
f 5469 5509 5471
f 5469 5471 5470
f 5469 5508 5510
f 5469 5510 5511
f 5469 5511 5512
f 5469 5512 5509
f 5471 5509 5472
f 5472 5509 5512
f 5472 5512 5513
f 5472 5513 5514
f 5472 5514 5473
f 5473 5514 5475
f 5473 5475 5474
f 5475 5514 5515
f 5475 5515 5516
f 5475 5516 5476
f 5476 5516 5485
f 5476 5485 5477
f 5477 5485 5478
f 5480 5517 5481
f 5480 5485 5516
f 5480 5516 5517
f 5481 5518 5519
f 5481 5519 5482
f 5481 5517 5518
f 5482 5519 5520
f 5482 5520 5483
f 5486 5490 5521
f 5490 5522 5521
f 5492 5523 5524
f 5492 5524 5525
f 5492 5525 5526
f 5492 5526 5493
f 5495 5527 5496
f 5496 5527 5528
f 5496 5528 5497
f 5497 5499 5498
f 5497 5528 5529
f 5497 5529 5530
f 5497 5530 5499
f 5499 5530 5531
f 5499 5531 5500
f 5500 5532 5533
f 5500 5533 5501
f 5500 5531 5534
f 5500 5534 5535
f 5500 5535 5532
f 5501 5533 5532
f 5501 5532 5502
f 5502 5532 5505
f 5503 5504 5507
f 5504 5506 5536
f 5504 5536 5507
f 5505 5532 5535
f 5505 5535 5534
f 5505 5534 5537
f 5505 5537 5538
f 5505 5538 5506
f 5506 5538 5539
f 5506 5539 5540
f 5506 5540 5536
f 5507 5536 5541
f 5507 5541 5508
f 5508 5541 5511
f 5508 5511 5510
f 5511 5541 5542
f 5511 5542 5543
f 5511 5543 5512
f 5512 5543 5544
f 5512 5544 5513
f 5513 5544 5515
f 5513 5515 5514
f 5515 5544 5545
f 5515 5545 5517
f 5515 5517 5516
f 5517 5545 5518
f 5518 5546 5519
f 5518 5545 5547
f 5518 5547 5546
f 5519 5548 5550
f 5519 5550 5520
f 5519 5546 5549
f 5519 5549 5548
f 5521 5522 5552
f 5521 5552 5553
f 5521 5553 5551
f 5523 5551 5554
f 5523 5554 5524
f 5528 5555 5529
f 5529 5555 5556
f 5529 5556 5530
f 5530 5556 5557
f 5530 5557 5534
f 5530 5534 5531
f 5534 5557 5558
f 5534 5558 5559
f 5534 5559 5537
f 5536 5540 5541
f 5537 5559 5560
f 5537 5560 5561
f 5537 5561 5562
f 5537 5562 5563
f 5537 5563 5539
f 5537 5539 5538
f 5539 5563 5564
f 5539 5564 5565
f 5539 5565 5542
f 5539 5542 5566
f 5539 5566 5540
f 5540 5566 5541
f 5541 5566 5542
f 5542 5565 5567
f 5542 5567 5543
f 5543 5567 5547
f 5543 5547 5544
f 5544 5547 5545
f 5546 5547 5549
f 5547 5567 5549
f 5548 5568 5570
f 5548 5570 5550
f 5548 5549 5568
f 5549 5569 5568
f 5549 5567 5569
f 5551 5553 5571
f 5551 5571 5572
f 5551 5572 5573
f 5551 5573 5554
f 5555 5574 5556
f 5556 5574 5557
f 5557 5574 5558
f 5558 5575 5560
f 5558 5560 5559
f 5558 5574 5576
f 5558 5576 5575
f 5560 5575 5576
f 5560 5576 5561
f 5561 5576 5577
f 5561 5577 5578
f 5561 5578 5562
f 5562 5564 5563
f 5562 5578 5564
f 5564 5578 5565
f 5565 5578 5579
f 5565 5579 5567
f 5567 5579 5569
f 5568 5580 5581
f 5568 5581 5582
f 5568 5582 5570
f 5568 5569 5580
f 5569 5579 5578
f 5569 5578 5583
f 5569 5583 5584
f 5569 5584 5581
f 5569 5581 5580
f 5577 5585 5584
f 5577 5584 5578
f 5578 5584 5583
f 5581 5586 5582
f 5581 5584 5586
f 5584 5585 5587
f 5584 5587 5586
f 5588 5589 5592
f 5588 5592 5598
f 5588 5598 5607
f 5588 5607 5626
f 5588 5626 5625
f 5588 5625 5649
f 5588 5649 5684
f 5588 5684 5729
f 5588 5729 5727
f 5588 5727 5726
f 5588 5726 5732
f 5588 5732 5689
f 5588 5689 5731
f 5588 5731 5687
f 5588 5687 5685
f 5588 5685 5650
f 5588 5650 5627
f 5588 5627 5608
f 5588 5608 5599
f 5588 5599 5593
f 5588 5593 5590
f 5588 5590 5594
f 5588 5594 5601
f 5588 5601 5615
f 5588 5615 5636
f 5588 5636 5667
f 5588 5667 5710
f 5588 5710 5711
f 5588 5711 5669
f 5588 5669 5668
f 5588 5668 5637
f 5588 5637 5616
f 5588 5616 5602
f 5588 5602 5595
f 5588 5595 5591
f 5588 5591 5589
f 5589 5591 5592
f 5590 5593 5594
f 5591 5595 5596
f 5591 5596 5597
f 5591 5597 5598
f 5591 5598 5592
f 5593 5599 5611
f 5593 5611 5630
f 5593 5630 5656
f 5593 5656 5698
f 5593 5698 5735
f 5593 5735 5762
f 5593 5762 5761
f 5593 5761 5760
f 5593 5760 5759
f 5593 5759 5781
f 5593 5781 5780
f 5593 5780 5779
f 5593 5779 5790
f 5593 5790 5793
f 5593 5793 5792
f 5593 5792 5791
f 5593 5791 5784
f 5593 5784 5783
f 5593 5783 5763
f 5593 5763 5737
f 5593 5737 5736
f 5593 5736 5699
f 5593 5699 5657
f 5593 5657 5631
f 5593 5631 5612
f 5593 5612 5600
f 5593 5600 5594
f 5594 5600 5612
f 5594 5612 5632
f 5594 5632 5659
f 5594 5659 5702
f 5594 5702 5742
f 5594 5742 5741
f 5594 5741 5768
f 5594 5768 5744
f 5594 5744 5743
f 5594 5743 5703
f 5594 5703 5661
f 5594 5661 5660
f 5594 5660 5633
f 5594 5633 5613
f 5594 5613 5601
f 5595 5602 5596
f 5596 5602 5603
f 5596 5603 5604
f 5596 5604 5597
f 5597 5605 5606
f 5597 5606 5598
f 5597 5604 5605
f 5598 5606 5607
f 5599 5608 5609
f 5599 5609 5610
f 5599 5610 5611
f 5601 5613 5614
f 5601 5614 5615
f 5602 5616 5617
f 5602 5617 5618
f 5602 5618 5619
f 5602 5619 5620
f 5602 5620 5621
f 5602 5621 5622
f 5602 5622 5603
f 5603 5622 5604
f 5604 5623 5605
f 5604 5622 5623
f 5605 5623 5624
f 5605 5624 5606
f 5606 5625 5626
f 5606 5626 5607
f 5606 5624 5625
f 5608 5627 5609
f 5609 5628 5629
f 5609 5629 5610
f 5609 5627 5628
f 5610 5629 5611
f 5611 5629 5630
f 5612 5631 5632
f 5613 5633 5614
f 5614 5633 5634
f 5614 5634 5635
f 5614 5635 5636
f 5614 5636 5615
f 5616 5637 5638
f 5616 5638 5618
f 5616 5618 5617
f 5618 5639 5619
f 5618 5638 5640
f 5618 5640 5641
f 5618 5641 5639
f 5619 5639 5620
f 5620 5622 5642
f 5620 5642 5621
f 5620 5639 5643
f 5620 5643 5644
f 5620 5644 5645
f 5620 5645 5646
f 5620 5646 5647
f 5620 5647 5623
f 5620 5623 5622
f 5621 5642 5622
f 5623 5647 5648
f 5623 5648 5624
f 5624 5648 5649
f 5624 5649 5625
f 5627 5650 5651
f 5627 5651 5628
f 5628 5652 5629
f 5628 5651 5652
f 5629 5652 5653
f 5629 5653 5654
f 5629 5654 5655
f 5629 5655 5656
f 5629 5656 5630
f 5631 5657 5658
f 5631 5658 5632
f 5632 5658 5659
f 5633 5660 5634
f 5634 5660 5661
f 5634 5661 5662
f 5634 5662 5663
f 5634 5663 5664
f 5634 5664 5635
f 5635 5664 5665
f 5635 5665 5666
f 5635 5666 5667
f 5635 5667 5636
f 5637 5668 5638
f 5638 5668 5669
f 5638 5669 5670
f 5638 5670 5640
f 5639 5641 5671
f 5639 5671 5643
f 5640 5670 5641
f 5641 5670 5672
f 5641 5672 5671
f 5643 5671 5673
f 5643 5673 5674
f 5643 5674 5644
f 5644 5675 5645
f 5644 5674 5676
f 5644 5676 5675
f 5645 5675 5677
f 5645 5677 5678
f 5645 5678 5679
f 5645 5679 5680
f 5645 5680 5681
f 5645 5681 5682
f 5645 5682 5647
f 5645 5647 5646
f 5647 5682 5681
f 5647 5681 5683
f 5647 5683 5684
f 5647 5684 5648
f 5648 5684 5649
f 5650 5685 5651
f 5651 5685 5652
f 5652 5686 5653
f 5652 5685 5687
f 5652 5687 5688
f 5652 5688 5689
f 5652 5689 5686
f 5653 5686 5690
f 5653 5690 5691
f 5653 5691 5692
f 5653 5692 5654
f 5654 5692 5678
f 5654 5678 5693
f 5654 5693 5694
f 5654 5694 5695
f 5654 5695 5696
f 5654 5696 5655
f 5655 5696 5697
f 5655 5697 5698
f 5655 5698 5656
f 5657 5699 5658
f 5658 5699 5700
f 5658 5700 5701
f 5658 5701 5702
f 5658 5702 5659
f 5661 5703 5704
f 5661 5704 5662
f 5662 5704 5663
f 5663 5704 5705
f 5663 5705 5706
f 5663 5706 5707
f 5663 5707 5664
f 5664 5707 5665
f 5665 5707 5708
f 5665 5708 5709
f 5665 5709 5666
f 5666 5709 5710
f 5666 5710 5667
f 5669 5711 5712
f 5669 5712 5713
f 5669 5713 5714
f 5669 5714 5670
f 5670 5714 5672
f 5671 5672 5715
f 5671 5715 5713
f 5671 5713 5716
f 5671 5716 5673
f 5672 5714 5715
f 5673 5716 5674
f 5674 5717 5676
f 5674 5716 5718
f 5674 5718 5719
f 5674 5719 5717
f 5675 5676 5677
f 5676 5717 5720
f 5676 5720 5721
f 5676 5721 5722
f 5676 5722 5723
f 5676 5723 5677
f 5677 5723 5722
f 5677 5722 5724
f 5677 5724 5678
f 5678 5692 5691
f 5678 5691 5679
f 5678 5724 5693
f 5679 5691 5680
f 5680 5690 5725
f 5680 5725 5726
f 5680 5726 5681
f 5680 5691 5690
f 5681 5726 5727
f 5681 5727 5728
f 5681 5728 5684
f 5681 5684 5683
f 5684 5728 5729
f 5686 5725 5690
f 5686 5689 5730
f 5686 5730 5725
f 5687 5731 5688
f 5688 5731 5689
f 5689 5732 5730
f 5693 5724 5733
f 5693 5733 5694
f 5694 5733 5695
f 5695 5733 5734
f 5695 5734 5696
f 5696 5734 5697
f 5697 5735 5698
f 5697 5734 5735
f 5699 5736 5700
f 5700 5736 5737
f 5700 5737 5738
f 5700 5738 5739
f 5700 5739 5701
f 5701 5739 5740
f 5701 5740 5741
f 5701 5741 5742
f 5701 5742 5702
f 5703 5743 5704
f 5704 5743 5744
f 5704 5744 5745
f 5704 5745 5746
f 5704 5746 5705
f 5705 5746 5747
f 5705 5747 5706
f 5706 5747 5748
f 5706 5748 5749
f 5706 5749 5750
f 5706 5750 5707
f 5707 5750 5751
f 5707 5751 5708
f 5708 5751 5752
f 5708 5752 5709
f 5709 5752 5753
f 5709 5753 5712
f 5709 5712 5711
f 5709 5711 5710
f 5712 5753 5713
f 5713 5753 5751
f 5713 5751 5716
f 5713 5715 5714
f 5716 5751 5754
f 5716 5754 5718
f 5717 5719 5720
f 5718 5754 5755
f 5718 5755 5719
f 5719 5755 5756
f 5719 5756 5720
f 5720 5756 5721
f 5721 5756 5722
f 5722 5733 5724
f 5722 5756 5757
f 5722 5757 5733
f 5725 5730 5726
f 5726 5730 5732
f 5727 5729 5728
f 5733 5757 5758
f 5733 5758 5759
f 5733 5759 5760
f 5733 5760 5734
f 5734 5760 5761
f 5734 5761 5762
f 5734 5762 5735
f 5737 5763 5738
f 5738 5763 5764
f 5738 5764 5765
f 5738 5765 5739
f 5739 5765 5766
f 5739 5766 5767
f 5739 5767 5740
f 5740 5767 5746
f 5740 5746 5745
f 5740 5745 5768
f 5740 5768 5741
f 5744 5768 5745
f 5746 5767 5766
f 5746 5766 5747
f 5747 5766 5769
f 5747 5769 5770
f 5747 5770 5748
f 5748 5770 5771
f 5748 5771 5772
f 5748 5772 5773
f 5748 5773 5749
f 5749 5773 5774
f 5749 5774 5750
f 5750 5774 5751
f 5751 5774 5754
f 5751 5753 5752
f 5754 5774 5775
f 5754 5775 5776
f 5754 5776 5755
f 5755 5777 5756
f 5755 5776 5777
f 5756 5777 5778
f 5756 5778 5779
f 5756 5779 5780
f 5756 5780 5781
f 5756 5781 5782
f 5756 5782 5758
f 5756 5758 5757
f 5758 5782 5781
f 5758 5781 5759
f 5763 5783 5764
f 5764 5783 5784
f 5764 5784 5785
f 5764 5785 5786
f 5764 5786 5765
f 5765 5786 5766
f 5766 5786 5769
f 5769 5786 5787
f 5769 5787 5771
f 5769 5771 5770
f 5771 5787 5776
f 5771 5776 5772
f 5772 5776 5775
f 5772 5775 5773
f 5773 5775 5774
f 5776 5787 5788
f 5776 5788 5777
f 5777 5788 5789
f 5777 5789 5778
f 5778 5789 5779
f 5779 5789 5790
f 5784 5791 5785
f 5785 5791 5789
f 5785 5789 5788
f 5785 5788 5786
f 5786 5788 5787
f 5789 5791 5792
f 5789 5792 5793
f 5789 5793 5790
f 5794 5795 5796
f 5794 5796 5797
f 5794 5797 5806
f 5794 5806 5818
f 5794 5818 5807
f 5794 5807 5798
f 5794 5798 5813
f 5794 5813 5828
f 5794 5828 5846
f 5794 5846 5867
f 5794 5867 5891
f 5794 5891 5910
f 5794 5910 5928
f 5794 5928 5937
f 5794 5937 5942
f 5794 5942 5945
f 5794 5945 5946
f 5794 5946 5943
f 5794 5943 5935
f 5794 5935 5923
f 5794 5923 5906
f 5794 5906 5885
f 5794 5885 5884
f 5794 5884 5859
f 5794 5859 5836
f 5794 5836 5821
f 5794 5821 5802
f 5794 5802 5795
f 5795 5799 5800
f 5795 5800 5801
f 5795 5801 5796
f 5795 5802 5803
f 5795 5803 5804
f 5795 5804 5799
f 5796 5805 5806
f 5796 5806 5797
f 5796 5801 5805
f 5798 5807 5808
f 5798 5808 5809
f 5798 5809 5810
f 5798 5810 5811
f 5798 5811 5812
f 5798 5812 5813
f 5799 5814 5801
f 5799 5801 5800
f 5799 5804 5814
f 5801 5814 5815
f 5801 5815 5816
f 5801 5816 5817
f 5801 5817 5818
f 5801 5818 5805
f 5802 5819 5820
f 5802 5820 5803
f 5802 5821 5819
f 5803 5820 5804
f 5804 5820 5822
f 5804 5822 5823
f 5804 5823 5815
f 5804 5815 5814
f 5805 5818 5806
f 5807 5818 5824
f 5807 5824 5825
f 5807 5825 5826
f 5807 5826 5827
f 5807 5827 5808
f 5808 5827 5826
f 5808 5826 5845
f 5808 5845 5866
f 5808 5866 5890
f 5808 5890 5868
f 5808 5868 5847
f 5808 5847 5828
f 5808 5828 5813
f 5808 5813 5812
f 5808 5812 5811
f 5808 5811 5810
f 5808 5810 5809
f 5815 5823 5816
f 5816 5823 5829
f 5816 5829 5830
f 5816 5830 5831
f 5816 5831 5817
f 5817 5831 5818
f 5818 5831 5832
f 5818 5832 5833
f 5818 5833 5834
f 5818 5834 5824
f 5819 5835 5822
f 5819 5822 5820
f 5819 5821 5836
f 5819 5836 5837
f 5819 5837 5838
f 5819 5838 5839
f 5819 5839 5840
f 5819 5840 5835
f 5822 5835 5841
f 5822 5841 5842
f 5822 5842 5830
f 5822 5830 5829
f 5822 5829 5823
f 5824 5834 5825
f 5825 5843 5844
f 5825 5844 5845
f 5825 5845 5826
f 5825 5834 5843
f 5828 5847 5846
f 5830 5842 5831
f 5831 5848 5849
f 5831 5849 5850
f 5831 5850 5851
f 5831 5851 5832
f 5831 5842 5852
f 5831 5852 5848
f 5832 5851 5853
f 5832 5853 5854
f 5832 5854 5833
f 5833 5854 5834
f 5834 5854 5855
f 5834 5855 5856
f 5834 5856 5857
f 5834 5857 5858
f 5834 5858 5843
f 5835 5840 5841
f 5836 5859 5837
f 5837 5859 5860
f 5837 5860 5838
f 5838 5860 5861
f 5838 5861 5862
f 5838 5862 5839
f 5839 5862 5863
f 5839 5863 5840
f 5840 5863 5849
f 5840 5849 5841
f 5841 5852 5842
f 5841 5849 5848
f 5841 5848 5852
f 5843 5858 5864
f 5843 5864 5844
f 5844 5864 5857
f 5844 5857 5883
f 5844 5883 5865
f 5844 5865 5866
f 5844 5866 5845
f 5846 5847 5867
f 5847 5868 5869
f 5847 5869 5870
f 5847 5870 5867
f 5849 5863 5850
f 5850 5871 5872
f 5850 5872 5873
f 5850 5873 5874
f 5850 5874 5851
f 5850 5863 5871
f 5851 5874 5875
f 5851 5875 5876
f 5851 5876 5877
f 5851 5877 5878
f 5851 5878 5853
f 5853 5878 5879
f 5853 5879 5880
f 5853 5880 5854
f 5854 5880 5881
f 5854 5881 5855
f 5855 5881 5856
f 5856 5881 5882
f 5856 5882 5883
f 5856 5883 5857
f 5857 5864 5858
f 5859 5884 5860
f 5860 5884 5885
f 5860 5885 5886
f 5860 5886 5861
f 5861 5886 5887
f 5861 5887 5888
f 5861 5888 5862
f 5862 5888 5863
f 5863 5888 5872
f 5863 5872 5871
f 5865 5883 5889
f 5865 5889 5890
f 5865 5890 5866
f 5867 5869 5891
f 5867 5870 5869
f 5868 5890 5869
f 5869 5890 5889
f 5869 5889 5892
f 5869 5892 5893
f 5869 5893 5891
f 5872 5888 5894
f 5872 5894 5875
f 5872 5875 5873
f 5873 5875 5874
f 5875 5894 5895
f 5875 5895 5876
f 5876 5895 5896
f 5876 5896 5877
f 5877 5896 5878
f 5878 5896 5897
f 5878 5897 5898
f 5878 5898 5899
f 5878 5899 5900
f 5878 5900 5879
f 5879 5900 5880
f 5880 5900 5901
f 5880 5901 5902
f 5880 5902 5881
f 5881 5902 5903
f 5881 5903 5904
f 5881 5904 5905
f 5881 5905 5882
f 5882 5905 5889
f 5882 5889 5883
f 5885 5906 5907
f 5885 5907 5908
f 5885 5908 5886
f 5886 5908 5887
f 5887 5908 5888
f 5888 5908 5894
f 5889 5905 5904
f 5889 5904 5892
f 5891 5893 5909
f 5891 5909 5910
f 5892 5909 5893
f 5892 5904 5903
f 5892 5903 5911
f 5892 5911 5909
f 5894 5908 5912
f 5894 5912 5895
f 5895 5912 5913
f 5895 5913 5914
f 5895 5914 5915
f 5895 5915 5897
f 5895 5897 5896
f 5897 5915 5916
f 5897 5916 5898
f 5898 5916 5917
f 5898 5917 5899
f 5899 5917 5918
f 5899 5918 5919
f 5899 5919 5920
f 5899 5920 5921
f 5899 5921 5900
f 5900 5921 5901
f 5901 5921 5902
f 5902 5922 5911
f 5902 5911 5903
f 5902 5921 5922
f 5906 5923 5924
f 5906 5924 5925
f 5906 5925 5907
f 5907 5925 5908
f 5908 5925 5912
f 5909 5926 5910
f 5909 5911 5927
f 5909 5927 5926
f 5910 5926 5928
f 5911 5922 5927
f 5912 5925 5913
f 5913 5924 5929
f 5913 5929 5930
f 5913 5930 5931
f 5913 5931 5916
f 5913 5916 5914
f 5913 5925 5924
f 5914 5916 5915
f 5916 5931 5918
f 5916 5918 5917
f 5918 5932 5919
f 5918 5931 5932
f 5919 5932 5933
f 5919 5933 5920
f 5920 5933 5934
f 5920 5934 5927
f 5920 5927 5922
f 5920 5922 5921
f 5923 5930 5929
f 5923 5929 5924
f 5923 5935 5930
f 5926 5927 5936
f 5926 5936 5928
f 5927 5934 5936
f 5928 5936 5937
f 5930 5935 5938
f 5930 5938 5931
f 5931 5938 5932
f 5932 5938 5939
f 5932 5939 5933
f 5933 5939 5940
f 5933 5940 5941
f 5933 5941 5934
f 5934 5941 5942
f 5934 5942 5936
f 5935 5943 5938
f 5936 5942 5937
f 5938 5943 5939
f 5939 5943 5944
f 5939 5944 5940
f 5940 5944 5942
f 5940 5942 5941
f 5942 5944 5945
f 5943 5946 5944
f 5944 5946 5945
f 5947 5948 5949
f 5947 5949 5954
f 5947 5954 5963
f 5947 5963 5962
f 5947 5962 5976
f 5947 5976 5993
f 5947 5993 6024
f 5947 6024 6066
f 5947 6066 6065
f 5947 6065 6068
f 5947 6068 6104
f 5947 6104 6103
f 5947 6103 6142
f 5947 6142 6186
f 5947 6186 6227
f 5947 6227 6272
f 5947 6272 6310
f 5947 6310 6334
f 5947 6334 6346
f 5947 6346 6351
f 5947 6351 6356
f 5947 6356 6361
f 5947 6361 6366
f 5947 6366 6370
f 5947 6370 6375
f 5947 6375 6379
f 5947 6379 6381
f 5947 6381 6380
f 5947 6380 6376
f 5947 6376 6371
f 5947 6371 6367
f 5947 6367 6362
f 5947 6362 6357
f 5947 6357 6353
f 5947 6353 6348
f 5947 6348 6336
f 5947 6336 6312
f 5947 6312 6274
f 5947 6274 6229
f 5947 6229 6188
f 5947 6188 6143
f 5947 6143 6105
f 5947 6105 6069
f 5947 6069 6027
f 5947 6027 6026
f 5947 6026 6025
f 5947 6025 5994
f 5947 5994 5977
f 5947 5977 5964
f 5947 5964 5955
f 5947 5955 5950
f 5947 5950 5948
f 5948 5950 5951
f 5948 5951 5952
f 5948 5952 5953
f 5948 5953 5954
f 5948 5954 5949
f 5950 5955 5951
f 5951 5956 5957
f 5951 5957 5952
f 5951 5955 5958
f 5951 5958 5956
f 5952 5957 5959
f 5952 5959 5960
f 5952 5960 5961
f 5952 5961 5953
f 5953 5961 5962
f 5953 5962 5963
f 5953 5963 5954
f 5955 5964 5965
f 5955 5965 5958
f 5956 5966 5967
f 5956 5967 5957
f 5956 5958 5968
f 5956 5968 5969
f 5956 5969 5966
f 5957 5967 5970
f 5957 5970 5971
f 5957 5971 5959
f 5958 5965 5972
f 5958 5972 5973
f 5958 5973 5968
f 5959 5971 5974
f 5959 5974 5975
f 5959 5975 5960
f 5960 5975 5961
f 5961 5975 5976
f 5961 5976 5962
f 5964 5977 5965
f 5965 5977 5978
f 5965 5978 5979
f 5965 5979 5972
f 5966 5980 5981
f 5966 5981 5967
f 5966 5969 5980
f 5967 5981 5982
f 5967 5982 5970
f 5968 5973 5983
f 5968 5983 5984
f 5968 5984 5969
f 5969 5984 5985
f 5969 5985 5986
f 5969 5986 5987
f 5969 5987 5980
f 5970 5982 5988
f 5970 5988 5989
f 5970 5989 5971
f 5971 5989 5990
f 5971 5990 5974
f 5972 5979 5973
f 5973 5979 5983
f 5974 5990 5991
f 5974 5991 5975
f 5975 5991 5992
f 5975 5992 5976
f 5976 5992 5993
f 5977 5994 5978
f 5978 5994 5995
f 5978 5995 5979
f 5979 5995 5996
f 5979 5996 5997
f 5979 5997 5998
f 5979 5998 5999
f 5979 5999 6000
f 5979 6000 5983
f 5980 6001 5981
f 5980 5987 6002
f 5980 6002 6001
f 5981 6003 5982
f 5981 6001 6003
f 5982 6003 6004
f 5982 6004 6005
f 5982 6005 6006
f 5982 6006 6007
f 5982 6007 6008
f 5982 6008 5988
f 5983 6000 5999
f 5983 5999 5984
f 5984 6009 5985
f 5984 5999 6010
f 5984 6010 6009
f 5985 6009 5986
f 5986 6002 5987
f 5986 6009 6011
f 5986 6011 6012
f 5986 6012 6013
f 5986 6013 6014
f 5986 6014 6015
f 5986 6015 6002
f 5988 6008 6016
f 5988 6016 5990
f 5988 5990 5989
f 5990 6016 6017
f 5990 6017 6018
f 5990 6018 6019
f 5990 6019 6020
f 5990 6020 5991
f 5991 5993 5992
f 5991 6020 6021
f 5991 6021 6022
f 5991 6022 6023
f 5991 6023 5993
f 5993 6023 6024
f 5994 6025 5995
f 5995 6025 6026
f 5995 6026 6027
f 5995 6027 5996
f 5996 6027 6028
f 5996 6028 5997
f 5997 6028 5998
f 5998 6028 6029
f 5998 6029 6030
f 5998 6030 6031
f 5998 6031 6032
f 5998 6032 5999
f 5999 6032 6010
f 6001 6033 6003
f 6001 6002 6034
f 6001 6034 6033
f 6002 6035 6036
f 6002 6036 6037
f 6002 6037 6034
f 6002 6015 6038
f 6002 6038 6039
f 6002 6039 6040
f 6002 6040 6041
f 6002 6041 6035
f 6003 6042 6004
f 6003 6033 6042
f 6004 6042 6043
f 6004 6043 6044
f 6004 6044 6045
f 6004 6045 6046
f 6004 6046 6047
f 6004 6047 6005
f 6005 6047 6048
f 6005 6048 6006
f 6006 6048 6049
f 6006 6049 6050
f 6006 6050 6007
f 6007 6050 6008
f 6008 6050 6051
f 6008 6051 6016
f 6009 6010 6032
f 6009 6032 6011
f 6011 6032 6012
f 6012 6032 6013
f 6013 6032 6031
f 6013 6031 6052
f 6013 6052 6014
f 6014 6052 6015
f 6015 6053 6054
f 6015 6054 6038
f 6015 6052 6055
f 6015 6055 6053
f 6016 6051 6056
f 6016 6056 6017
f 6017 6056 6057
f 6017 6057 6058
f 6017 6058 6059
f 6017 6059 6060
f 6017 6060 6018
f 6018 6061 6062
f 6018 6062 6020
f 6018 6020 6019
f 6018 6060 6063
f 6018 6063 6064
f 6018 6064 6061
f 6020 6062 6021
f 6021 6062 6022
f 6022 6065 6066
f 6022 6066 6024
f 6022 6024 6023
f 6022 6062 6064
f 6022 6064 6067
f 6022 6067 6068
f 6022 6068 6065
f 6027 6069 6028
f 6028 6030 6029
f 6028 6069 6070
f 6028 6070 6071
f 6028 6071 6030
f 6030 6072 6052
f 6030 6052 6031
f 6030 6071 6072
f 6033 6073 6042
f 6033 6034 6037
f 6033 6037 6073
f 6035 6041 6036
f 6036 6074 6037
f 6036 6041 6075
f 6036 6075 6074
f 6037 6076 6073
f 6037 6074 6076
f 6038 6054 6039
f 6039 6054 6077
f 6039 6077 6078
f 6039 6078 6040
f 6040 6078 6079
f 6040 6079 6041
f 6041 6079 6080
f 6041 6080 6075
f 6042 6073 6043
f 6043 6081 6082
f 6043 6082 6044
f 6043 6073 6081
f 6044 6083 6084
f 6044 6084 6085
f 6044 6085 6045
f 6044 6082 6083
f 6045 6085 6046
f 6046 6085 6086
f 6046 6086 6047
f 6047 6086 6087
f 6047 6087 6048
f 6048 6087 6088
f 6048 6088 6049
f 6049 6089 6050
f 6049 6088 6090
f 6049 6090 6089
f 6050 6089 6051
f 6051 6089 6056
f 6052 6072 6091
f 6052 6091 6092
f 6052 6092 6055
f 6053 6077 6054
f 6053 6055 6093
f 6053 6093 6094
f 6053 6094 6095
f 6053 6095 6077
f 6055 6092 6093
f 6056 6089 6057
f 6057 6089 6096
f 6057 6096 6097
f 6057 6097 6058
f 6058 6060 6059
f 6058 6097 6060
f 6060 6097 6098
f 6060 6098 6063
f 6061 6064 6062
f 6063 6098 6099
f 6063 6099 6100
f 6063 6100 6101
f 6063 6101 6067
f 6063 6067 6064
f 6067 6101 6100
f 6067 6100 6102
f 6067 6102 6103
f 6067 6103 6104
f 6067 6104 6068
f 6069 6105 6106
f 6069 6106 6070
f 6070 6106 6105
f 6070 6105 6107
f 6070 6107 6108
f 6070 6108 6071
f 6071 6108 6109
f 6071 6109 6110
f 6071 6110 6072
f 6072 6110 6111
f 6072 6111 6112
f 6072 6112 6091
f 6073 6076 6081
f 6074 6113 6076
f 6074 6075 6114
f 6074 6114 6113
f 6075 6080 6078
f 6075 6078 6115
f 6075 6115 6116
f 6075 6116 6117
f 6075 6117 6114
f 6076 6118 6081
f 6076 6113 6118
f 6077 6095 6078
f 6078 6080 6079
f 6078 6095 6094
f 6078 6094 6119
f 6078 6119 6120
f 6078 6120 6115
f 6081 6121 6122
f 6081 6122 6082
f 6081 6118 6121
f 6082 6122 6083
f 6083 6123 6124
f 6083 6124 6125
f 6083 6125 6084
f 6083 6122 6123
f 6084 6125 6126
f 6084 6126 6085
f 6085 6126 6086
f 6086 6126 6127
f 6086 6127 6128
f 6086 6128 6129
f 6086 6129 6130
f 6086 6130 6087
f 6087 6130 6088
f 6088 6130 6131
f 6088 6131 6132
f 6088 6132 6090
f 6089 6090 6132
f 6089 6132 6096
f 6091 6112 6092
f 6092 6094 6093
f 6092 6112 6094
f 6094 6112 6133
f 6094 6133 6134
f 6094 6134 6119
f 6096 6132 6097
f 6097 6135 6136
f 6097 6136 6137
f 6097 6137 6098
f 6097 6132 6135
f 6098 6137 6099
f 6099 6137 6138
f 6099 6138 6139
f 6099 6139 6140
f 6099 6140 6141
f 6099 6141 6100
f 6100 6141 6102
f 6102 6141 6103
f 6103 6141 6142
f 6105 6143 6144
f 6105 6144 6107
f 6107 6144 6145
f 6107 6145 6109
f 6107 6109 6108
f 6109 6146 6110
f 6109 6145 6147
f 6109 6147 6146
f 6110 6146 6148
f 6110 6148 6149
f 6110 6149 6150
f 6110 6150 6111
f 6111 6150 6151
f 6111 6151 6112
f 6112 6151 6133
f 6113 6152 6118
f 6113 6114 6152
f 6114 6117 6153
f 6114 6153 6154
f 6114 6154 6152
f 6115 6120 6155
f 6115 6155 6116
f 6116 6155 6156
f 6116 6156 6157
f 6116 6157 6158
f 6116 6158 6159
f 6116 6159 6117
f 6117 6159 6153
f 6118 6152 6160
f 6118 6160 6121
f 6119 6134 6161
f 6119 6161 6162
f 6119 6162 6163
f 6119 6163 6120
f 6120 6163 6155
f 6121 6160 6164
f 6121 6164 6122
f 6122 6164 6165
f 6122 6165 6123
f 6123 6166 6167
f 6123 6167 6124
f 6123 6165 6166
f 6124 6167 6168
f 6124 6168 6169
f 6124 6169 6125
f 6125 6169 6170
f 6125 6170 6126
f 6126 6170 6171
f 6126 6171 6128
f 6126 6128 6127
f 6128 6171 6172
f 6128 6172 6173
f 6128 6173 6129
f 6129 6173 6130
f 6130 6173 6174
f 6130 6174 6131
f 6131 6174 6132
f 6132 6174 6175
f 6132 6175 6176
f 6132 6176 6135
f 6133 6151 6134
f 6134 6151 6161
f 6135 6177 6178
f 6135 6178 6136
f 6135 6176 6175
f 6135 6175 6177
f 6136 6178 6138
f 6136 6138 6137
f 6138 6179 6180
f 6138 6180 6139
f 6138 6178 6179
f 6139 6180 6181
f 6139 6181 6182
f 6139 6182 6140
f 6140 6182 6183
f 6140 6183 6141
f 6141 6183 6184
f 6141 6184 6185
f 6141 6185 6142
f 6142 6185 6186
f 6143 6187 6144
f 6143 6188 6189
f 6143 6189 6187
f 6144 6147 6145
f 6144 6187 6190
f 6144 6190 6191
f 6144 6191 6147
f 6146 6147 6192
f 6146 6192 6148
f 6147 6191 6193
f 6147 6193 6192
f 6148 6194 6149
f 6148 6192 6193
f 6148 6193 6194
f 6149 6151 6150
f 6149 6194 6195
f 6149 6195 6161
f 6149 6161 6151
f 6152 6196 6160
f 6152 6154 6197
f 6152 6197 6196
f 6153 6159 6197
f 6153 6197 6154
f 6155 6163 6156
f 6156 6163 6198
f 6156 6198 6157
f 6157 6199 6200
f 6157 6200 6159
f 6157 6159 6158
f 6157 6198 6201
f 6157 6201 6199
f 6159 6200 6197
f 6160 6196 6202
f 6160 6202 6203
f 6160 6203 6164
f 6161 6204 6162
f 6161 6195 6205
f 6161 6205 6206
f 6161 6206 6204
f 6162 6204 6163
f 6163 6204 6198
f 6164 6203 6207
f 6164 6207 6165
f 6165 6207 6166
f 6166 6208 6209
f 6166 6209 6167
f 6166 6207 6210
f 6166 6210 6208
f 6167 6209 6211
f 6167 6211 6168
f 6168 6170 6169
f 6168 6211 6212
f 6168 6212 6170
f 6170 6212 6171
f 6171 6212 6213
f 6171 6213 6214
f 6171 6214 6215
f 6171 6215 6172
f 6172 6215 6216
f 6172 6216 6217
f 6172 6217 6173
f 6173 6218 6174
f 6173 6217 6218
f 6174 6218 6175
f 6175 6218 6219
f 6175 6219 6177
f 6177 6220 6221
f 6177 6221 6179
f 6177 6179 6178
f 6177 6219 6220
f 6179 6221 6222
f 6179 6222 6223
f 6179 6223 6180
f 6180 6223 6224
f 6180 6224 6181
f 6181 6224 6225
f 6181 6225 6182
f 6182 6225 6226
f 6182 6226 6183
f 6183 6226 6185
f 6183 6185 6184
f 6185 6226 6227
f 6185 6227 6186
f 6187 6189 6228
f 6187 6228 6230
f 6187 6230 6273
f 6187 6273 6311
f 6187 6311 6335
f 6187 6335 6347
f 6187 6347 6349
f 6187 6349 6352
f 6187 6352 6354
f 6187 6354 6358
f 6187 6358 6363
f 6187 6363 6368
f 6187 6368 6372
f 6187 6372 6377
f 6187 6377 6382
f 6187 6382 6378
f 6187 6378 6374
f 6187 6374 6373
f 6187 6373 6369
f 6187 6369 6365
f 6187 6365 6364
f 6187 6364 6360
f 6187 6360 6359
f 6187 6359 6355
f 6187 6355 6350
f 6187 6350 6345
f 6187 6345 6332
f 6187 6332 6306
f 6187 6306 6305
f 6187 6305 6331
f 6187 6331 6344
f 6187 6344 6342
f 6187 6342 6341
f 6187 6341 6340
f 6187 6340 6324
f 6187 6324 6294
f 6187 6294 6293
f 6187 6293 6292
f 6187 6292 6251
f 6187 6251 6250
f 6187 6250 6249
f 6187 6249 6255
f 6187 6255 6285
f 6187 6285 6282
f 6187 6282 6281
f 6187 6281 6316
f 6187 6316 6317
f 6187 6317 6318
f 6187 6318 6322
f 6187 6322 6321
f 6187 6321 6320
f 6187 6320 6339
f 6187 6339 6338
f 6187 6338 6337
f 6187 6337 6314
f 6187 6314 6276
f 6187 6276 6232
f 6187 6232 6190
f 6188 6229 6230
f 6188 6230 6189
f 6189 6230 6228
f 6190 6231 6191
f 6190 6232 6231
f 6191 6231 6233
f 6191 6233 6234
f 6191 6234 6193
f 6193 6234 6194
f 6194 6234 6233
f 6194 6233 6235
f 6194 6235 6236
f 6194 6236 6206
f 6194 6206 6195
f 6195 6206 6205
f 6196 6237 6238
f 6196 6238 6202
f 6196 6197 6239
f 6196 6239 6237
f 6197 6200 6240
f 6197 6240 6239
f 6198 6204 6241
f 6198 6241 6201
f 6199 6242 6243
f 6199 6243 6244
f 6199 6244 6200
f 6199 6201 6245
f 6199 6245 6242
f 6200 6244 6240
f 6201 6241 6246
f 6201 6246 6245
f 6202 6238 6203
f 6203 6238 6247
f 6203 6247 6210
f 6203 6210 6207
f 6204 6206 6241
f 6206 6236 6248
f 6206 6248 6241
f 6208 6210 6249
f 6208 6249 6250
f 6208 6250 6251
f 6208 6251 6252
f 6208 6252 6253
f 6208 6253 6254
f 6208 6254 6209
f 6209 6254 6211
f 6210 6247 6255
f 6210 6255 6249
f 6211 6254 6253
f 6211 6253 6256
f 6211 6256 6257
f 6211 6257 6212
f 6212 6257 6258
f 6212 6258 6213
f 6213 6258 6259
f 6213 6259 6214
f 6214 6259 6215
f 6215 6259 6216
f 6216 6259 6260
f 6216 6260 6261
f 6216 6261 6262
f 6216 6262 6263
f 6216 6263 6217
f 6217 6263 6264
f 6217 6264 6265
f 6217 6265 6266
f 6217 6266 6219
f 6217 6219 6218
f 6219 6266 6221
f 6219 6221 6220
f 6221 6267 6222
f 6221 6266 6265
f 6221 6265 6267
f 6222 6267 6268
f 6222 6268 6224
f 6222 6224 6223
f 6224 6268 6269
f 6224 6269 6225
f 6225 6269 6270
f 6225 6270 6271
f 6225 6271 6226
f 6226 6272 6227
f 6226 6271 6272
f 6229 6273 6230
f 6229 6274 6273
f 6231 6232 6275
f 6231 6275 6233
f 6232 6276 6275
f 6233 6275 6235
f 6235 6275 6277
f 6235 6277 6278
f 6235 6278 6279
f 6235 6279 6248
f 6235 6248 6280
f 6235 6280 6236
f 6236 6280 6248
f 6237 6281 6282
f 6237 6282 6238
f 6237 6239 6283
f 6237 6283 6284
f 6237 6284 6281
f 6238 6282 6285
f 6238 6285 6247
f 6239 6240 6283
f 6240 6284 6283
f 6240 6244 6286
f 6240 6286 6284
f 6241 6248 6287
f 6241 6287 6288
f 6241 6288 6245
f 6241 6245 6246
f 6242 6245 6243
f 6243 6286 6244
f 6243 6245 6289
f 6243 6289 6290
f 6243 6290 6291
f 6243 6291 6286
f 6245 6288 6289
f 6247 6285 6255
f 6248 6279 6287
f 6251 6292 6253
f 6251 6253 6252
f 6253 6292 6293
f 6253 6293 6294
f 6253 6294 6295
f 6253 6295 6256
f 6256 6295 6296
f 6256 6296 6257
f 6257 6296 6297
f 6257 6297 6258
f 6258 6297 6296
f 6258 6296 6298
f 6258 6298 6259
f 6259 6298 6299
f 6259 6299 6300
f 6259 6300 6260
f 6260 6300 6262
f 6260 6262 6261
f 6262 6301 6267
f 6262 6267 6264
f 6262 6264 6263
f 6262 6300 6301
f 6264 6267 6265
f 6267 6301 6302
f 6267 6302 6268
f 6268 6302 6269
f 6269 6302 6303
f 6269 6303 6270
f 6270 6303 6304
f 6270 6304 6305
f 6270 6305 6306
f 6270 6306 6307
f 6270 6307 6308
f 6270 6308 6271
f 6271 6308 6309
f 6271 6309 6272
f 6272 6309 6306
f 6272 6306 6310
f 6273 6274 6311
f 6274 6312 6311
f 6275 6276 6313
f 6275 6313 6277
f 6276 6314 6313
f 6277 6313 6278
f 6278 6313 6314
f 6278 6314 6315
f 6278 6315 6287
f 6278 6287 6279
f 6281 6284 6316
f 6284 6317 6316
f 6284 6286 6318
f 6284 6318 6317
f 6286 6291 6319
f 6286 6319 6320
f 6286 6320 6321
f 6286 6321 6322
f 6286 6322 6318
f 6287 6315 6289
f 6287 6289 6288
f 6289 6315 6290
f 6290 6315 6323
f 6290 6323 6291
f 6291 6323 6319
f 6294 6324 6295
f 6295 6324 6298
f 6295 6298 6296
f 6298 6325 6326
f 6298 6326 6299
f 6298 6324 6325
f 6299 6326 6327
f 6299 6327 6300
f 6300 6327 6301
f 6301 6327 6328
f 6301 6328 6302
f 6302 6329 6330
f 6302 6330 6303
f 6302 6328 6329
f 6303 6330 6304
f 6304 6330 6331
f 6304 6331 6305
f 6306 6309 6307
f 6306 6332 6333
f 6306 6333 6310
f 6307 6309 6308
f 6310 6333 6332
f 6310 6332 6334
f 6311 6312 6335
f 6312 6336 6335
f 6314 6337 6315
f 6315 6337 6338
f 6315 6338 6323
f 6319 6323 6339
f 6319 6339 6320
f 6323 6338 6339
f 6324 6340 6325
f 6325 6340 6341
f 6325 6341 6342
f 6325 6342 6326
f 6326 6342 6327
f 6327 6342 6343
f 6327 6343 6329
f 6327 6329 6328
f 6329 6331 6330
f 6329 6343 6331
f 6331 6343 6344
f 6332 6345 6334
f 6334 6345 6346
f 6335 6336 6347
f 6336 6348 6349
f 6336 6349 6347
f 6342 6344 6343
f 6345 6350 6351
f 6345 6351 6346
f 6348 6352 6349
f 6348 6353 6354
f 6348 6354 6352
f 6350 6355 6356
f 6350 6356 6351
f 6353 6357 6358
f 6353 6358 6354
f 6355 6359 6356
f 6356 6359 6360
f 6356 6360 6361
f 6357 6362 6363
f 6357 6363 6358
f 6360 6364 6361
f 6361 6364 6365
f 6361 6365 6366
f 6362 6367 6368
f 6362 6368 6363
f 6365 6369 6366
f 6366 6369 6370
f 6367 6371 6372
f 6367 6372 6368
f 6369 6373 6370
f 6370 6373 6374
f 6370 6374 6375
f 6371 6376 6377
f 6371 6377 6372
f 6374 6378 6375
f 6375 6378 6379
f 6376 6380 6377
f 6377 6380 6381
f 6377 6381 6382
f 6378 6382 6381
f 6378 6381 6379
f 6383 6384 6388
f 6383 6388 6396
f 6383 6396 6407
f 6383 6407 6425
f 6383 6425 6468
f 6383 6468 6471
f 6383 6471 6537
f 6383 6537 6534
f 6383 6534 6533
f 6383 6533 6618
f 6383 6618 6724
f 6383 6724 6634
f 6383 6634 6549
f 6383 6549 6484
f 6383 6484 6438
f 6383 6438 6414
f 6383 6414 6401
f 6383 6401 6390
f 6383 6390 6385
f 6383 6385 6392
f 6383 6392 6405
f 6383 6405 6422
f 6383 6422 6463
f 6383 6463 6522
f 6383 6522 6605
f 6383 6605 6712
f 6383 6712 6713
f 6383 6713 6606
f 6383 6606 6523
f 6383 6523 6464
f 6383 6464 6423
f 6383 6423 6406
f 6383 6406 6393
f 6383 6393 6386
f 6383 6386 6387
f 6383 6387 6384
f 6384 6387 6389
f 6384 6389 6388
f 6385 6390 6391
f 6385 6391 6392
f 6386 6393 6394
f 6386 6394 6387
f 6387 6394 6395
f 6387 6395 6389
f 6388 6389 6396
f 6389 6397 6396
f 6389 6395 6398
f 6389 6398 6399
f 6389 6399 6400
f 6389 6400 6397
f 6390 6401 6415
f 6390 6415 6441
f 6390 6441 6492
f 6390 6492 6564
f 6390 6564 6651
f 6390 6651 6763
f 6390 6763 6872
f 6390 6872 6874
f 6390 6874 6961
f 6390 6961 6962
f 6390 6962 6875
f 6390 6875 6766
f 6390 6766 6659
f 6390 6659 6565
f 6390 6565 6493
f 6390 6493 6442
f 6390 6442 6416
f 6390 6416 6402
f 6390 6402 6391
f 6391 6402 6403
f 6391 6403 6417
f 6391 6417 6457
f 6391 6457 6511
f 6391 6511 6583
f 6391 6583 6680
f 6391 6680 6800
f 6391 6800 6902
f 6391 6902 6901
f 6391 6901 6801
f 6391 6801 6681
f 6391 6681 6585
f 6391 6585 6584
f 6391 6584 6512
f 6391 6512 6458
f 6391 6458 6419
f 6391 6419 6404
f 6391 6404 6392
f 6392 6404 6405
f 6393 6395 6394
f 6393 6406 6398
f 6393 6398 6395
f 6396 6397 6408
f 6396 6408 6407
f 6397 6400 6409
f 6397 6409 6410
f 6397 6410 6411
f 6397 6411 6408
f 6398 6406 6412
f 6398 6412 6413
f 6398 6413 6399
f 6399 6413 6400
f 6400 6413 6409
f 6401 6414 6415
f 6402 6416 6403
f 6403 6416 6418
f 6403 6418 6455
f 6403 6455 6417
f 6404 6419 6405
f 6405 6419 6420
f 6405 6420 6421
f 6405 6421 6422
f 6406 6423 6424
f 6406 6424 6412
f 6407 6408 6425
f 6408 6411 6426
f 6408 6426 6427
f 6408 6427 6425
f 6409 6413 6428
f 6409 6428 6410
f 6410 6428 6429
f 6410 6429 6430
f 6410 6430 6411
f 6411 6430 6431
f 6411 6431 6432
f 6411 6432 6426
f 6412 6424 6433
f 6412 6433 6413
f 6413 6433 6434
f 6413 6434 6435
f 6413 6435 6436
f 6413 6436 6437
f 6413 6437 6429
f 6413 6429 6428
f 6414 6438 6439
f 6414 6439 6440
f 6414 6440 6415
f 6415 6440 6441
f 6416 6442 6443
f 6416 6443 6444
f 6416 6444 6445
f 6416 6445 6446
f 6416 6446 6447
f 6416 6447 6448
f 6416 6448 6449
f 6416 6449 6450
f 6416 6450 6451
f 6416 6451 6452
f 6416 6452 6453
f 6416 6453 6454
f 6416 6454 6418
f 6417 6455 6456
f 6417 6456 6457
f 6418 6454 6455
f 6419 6458 6459
f 6419 6459 6460
f 6419 6460 6420
f 6420 6460 6421
f 6421 6460 6461
f 6421 6461 6462
f 6421 6462 6463
f 6421 6463 6422
f 6423 6464 6424
f 6424 6434 6433
f 6424 6464 6465
f 6424 6465 6466
f 6424 6466 6467
f 6424 6467 6434
f 6425 6427 6468
f 6426 6432 6427
f 6427 6432 6469
f 6427 6469 6470
f 6427 6470 6471
f 6427 6471 6468
f 6429 6472 6473
f 6429 6473 6430
f 6429 6437 6474
f 6429 6474 6475
f 6429 6475 6476
f 6429 6476 6477
f 6429 6477 6478
f 6429 6478 6472
f 6430 6473 6472
f 6430 6472 6479
f 6430 6479 6431
f 6431 6479 6480
f 6431 6480 6481
f 6431 6481 6469
f 6431 6469 6432
f 6434 6467 6435
f 6435 6467 6436
f 6436 6467 6482
f 6436 6482 6483
f 6436 6483 6474
f 6436 6474 6437
f 6438 6484 6485
f 6438 6485 6439
f 6439 6485 6486
f 6439 6486 6440
f 6440 6487 6488
f 6440 6488 6489
f 6440 6489 6441
f 6440 6486 6485
f 6440 6485 6487
f 6441 6489 6490
f 6441 6490 6491
f 6441 6491 6492
f 6442 6493 6494
f 6442 6494 6443
f 6443 6494 6495
f 6443 6495 6496
f 6443 6496 6497
f 6443 6497 6498
f 6443 6498 6499
f 6443 6499 6444
f 6444 6499 6445
f 6445 6499 6498
f 6445 6498 6446
f 6446 6498 6500
f 6446 6500 6447
f 6447 6500 6448
f 6448 6500 6449
f 6449 6500 6501
f 6449 6501 6502
f 6449 6502 6503
f 6449 6503 6504
f 6449 6504 6505
f 6449 6505 6450
f 6450 6505 6506
f 6450 6506 6451
f 6451 6506 6452
f 6452 6506 6453
f 6453 6506 6507
f 6453 6507 6454
f 6454 6507 6455
f 6455 6507 6456
f 6456 6507 6508
f 6456 6508 6509
f 6456 6509 6510
f 6456 6510 6457
f 6457 6510 6511
f 6458 6512 6513
f 6458 6513 6514
f 6458 6514 6459
f 6459 6514 6515
f 6459 6515 6516
f 6459 6516 6460
f 6460 6516 6517
f 6460 6517 6518
f 6460 6518 6519
f 6460 6519 6520
f 6460 6520 6461
f 6461 6520 6521
f 6461 6521 6522
f 6461 6522 6462
f 6462 6522 6463
f 6464 6523 6465
f 6465 6523 6524
f 6465 6524 6525
f 6465 6525 6467
f 6465 6467 6466
f 6467 6483 6482
f 6467 6525 6526
f 6467 6526 6527
f 6467 6527 6528
f 6467 6528 6529
f 6467 6529 6530
f 6467 6530 6531
f 6467 6531 6483
f 6469 6532 6533
f 6469 6533 6534
f 6469 6534 6535
f 6469 6535 6470
f 6469 6481 6536
f 6469 6536 6532
f 6470 6535 6471
f 6471 6535 6537
f 6472 6538 6479
f 6472 6478 6539
f 6472 6539 6540
f 6472 6540 6538
f 6474 6483 6475
f 6475 6483 6531
f 6475 6531 6530
f 6475 6530 6541
f 6475 6541 6542
f 6475 6542 6476
f 6476 6542 6543
f 6476 6543 6544
f 6476 6544 6477
f 6477 6545 6539
f 6477 6539 6478
f 6477 6544 6545
f 6479 6538 6480
f 6480 6536 6481
f 6480 6538 6546
f 6480 6546 6547
f 6480 6547 6548
f 6480 6548 6536
f 6484 6549 6550
f 6484 6550 6551
f 6484 6551 6485
f 6485 6551 6552
f 6485 6552 6487
f 6487 6552 6488
f 6488 6552 6553
f 6488 6553 6554
f 6488 6554 6555
f 6488 6555 6556
f 6488 6556 6557
f 6488 6557 6489
f 6489 6557 6491
f 6489 6491 6490
f 6491 6557 6558
f 6491 6558 6559
f 6491 6559 6492
f 6492 6559 6560
f 6492 6560 6561
f 6492 6561 6562
f 6492 6562 6563
f 6492 6563 6564
f 6493 6565 6494
f 6494 6496 6495
f 6494 6565 6566
f 6494 6566 6567
f 6494 6567 6568
f 6494 6568 6496
f 6496 6569 6570
f 6496 6570 6497
f 6496 6568 6569
f 6497 6570 6498
f 6498 6570 6571
f 6498 6571 6572
f 6498 6572 6573
f 6498 6573 6500
f 6500 6573 6501
f 6501 6573 6572
f 6501 6572 6574
f 6501 6574 6502
f 6502 6574 6503
f 6503 6575 6505
f 6503 6505 6504
f 6503 6574 6576
f 6503 6576 6577
f 6503 6577 6578
f 6503 6578 6575
f 6505 6575 6579
f 6505 6579 6506
f 6506 6579 6508
f 6506 6508 6507
f 6508 6579 6509
f 6509 6579 6575
f 6509 6575 6580
f 6509 6580 6581
f 6509 6581 6582
f 6509 6582 6510
f 6510 6582 6583
f 6510 6583 6511
f 6512 6584 6513
f 6513 6584 6585
f 6513 6585 6586
f 6513 6586 6587
f 6513 6587 6588
f 6513 6588 6589
f 6513 6589 6515
f 6513 6515 6514
f 6515 6589 6590
f 6515 6590 6516
f 6516 6591 6517
f 6516 6590 6591
f 6517 6591 6592
f 6517 6592 6518
f 6518 6592 6519
f 6519 6592 6593
f 6519 6593 6594
f 6519 6594 6520
f 6520 6594 6595
f 6520 6595 6596
f 6520 6596 6597
f 6520 6597 6598
f 6520 6598 6599
f 6520 6599 6600
f 6520 6600 6601
f 6520 6601 6602
f 6520 6602 6603
f 6520 6603 6604
f 6520 6604 6521
f 6521 6604 6605
f 6521 6605 6522
f 6523 6606 6607
f 6523 6607 6608
f 6523 6608 6524
f 6524 6608 6525
f 6525 6608 6526
f 6526 6608 6609
f 6526 6609 6527
f 6527 6610 6611
f 6527 6611 6528
f 6527 6609 6610
f 6528 6611 6612
f 6528 6612 6529
f 6529 6612 6530
f 6530 6612 6613
f 6530 6613 6614
f 6530 6614 6615
f 6530 6615 6541
f 6532 6616 6533
f 6532 6536 6548
f 6532 6548 6616
f 6533 6617 6618
f 6533 6616 6617
f 6534 6537 6535
f 6538 6540 6546
f 6539 6545 6619
f 6539 6619 6540
f 6540 6619 6620
f 6540 6620 6546
f 6541 6615 6621
f 6541 6621 6542
f 6542 6621 6543
f 6543 6622 6623
f 6543 6623 6624
f 6543 6624 6545
f 6543 6545 6544
f 6543 6621 6625
f 6543 6625 6626
f 6543 6626 6622
f 6545 6620 6619
f 6545 6624 6623
f 6545 6623 6627
f 6545 6627 6620
f 6546 6628 6547
f 6546 6620 6629
f 6546 6629 6630
f 6546 6630 6628
f 6547 6628 6631
f 6547 6631 6548
f 6548 6632 6617
f 6548 6617 6616
f 6548 6631 6633
f 6548 6633 6632
f 6549 6634 6635
f 6549 6635 6550
f 6550 6635 6636
f 6550 6636 6637
f 6550 6637 6638
f 6550 6638 6551
f 6551 6638 6554
f 6551 6554 6552
f 6552 6554 6553
f 6554 6638 6639
f 6554 6639 6640
f 6554 6640 6555
f 6555 6640 6641
f 6555 6641 6642
f 6555 6642 6643
f 6555 6643 6556
f 6556 6643 6557
f 6557 6643 6644
f 6557 6644 6558
f 6558 6644 6645
f 6558 6645 6646
f 6558 6646 6560
f 6558 6560 6559
f 6560 6646 6645
f 6560 6645 6561
f 6561 6645 6562
f 6562 6645 6647
f 6562 6647 6648
f 6562 6648 6563
f 6563 6648 6649
f 6563 6649 6564
f 6564 6650 6651
f 6564 6649 6652
f 6564 6652 6653
f 6564 6653 6654
f 6564 6654 6655
f 6564 6655 6656
f 6564 6656 6657
f 6564 6657 6658
f 6564 6658 6650
f 6565 6659 6660
f 6565 6660 6661
f 6565 6661 6566
f 6566 6661 6662
f 6566 6662 6663
f 6566 6663 6664
f 6566 6664 6568
f 6566 6568 6567
f 6568 6664 6665
f 6568 6665 6666
f 6568 6666 6667
f 6568 6667 6569
f 6569 6668 6570
f 6569 6667 6668
f 6570 6669 6571
f 6570 6668 6669
f 6571 6669 6670
f 6571 6670 6572
f 6572 6670 6576
f 6572 6576 6574
f 6575 6671 6672
f 6575 6672 6673
f 6575 6673 6674
f 6575 6674 6580
f 6575 6578 6675
f 6575 6675 6671
f 6576 6670 6669
f 6576 6669 6577
f 6577 6669 6578
f 6578 6669 6676
f 6578 6676 6675
f 6580 6677 6581
f 6580 6674 6677
f 6581 6677 6678
f 6581 6678 6582
f 6582 6678 6679
f 6582 6679 6680
f 6582 6680 6583
f 6585 6681 6682
f 6585 6682 6586
f 6586 6682 6683
f 6586 6683 6588
f 6586 6588 6587
f 6588 6683 6684
f 6588 6684 6685
f 6588 6685 6686
f 6588 6686 6687
f 6588 6687 6589
f 6589 6687 6688
f 6589 6688 6591
f 6589 6591 6590
f 6591 6688 6689
f 6591 6689 6690
f 6591 6690 6592
f 6592 6690 6593
f 6593 6691 6692
f 6593 6692 6594
f 6593 6690 6691
f 6594 6692 6595
f 6595 6692 6693
f 6595 6693 6596
f 6596 6693 6597
f 6597 6693 6694
f 6597 6694 6695
f 6597 6695 6598
f 6598 6695 6599
f 6599 6695 6696
f 6599 6696 6697
f 6599 6697 6698
f 6599 6698 6600
f 6600 6698 6699
f 6600 6699 6700
f 6600 6700 6701
f 6600 6701 6601
f 6601 6701 6702
f 6601 6702 6703
f 6601 6703 6704
f 6601 6704 6602
f 6602 6704 6705
f 6602 6705 6603
f 6603 6706 6707
f 6603 6707 6708
f 6603 6708 6604
f 6603 6705 6709
f 6603 6709 6710
f 6603 6710 6706
f 6604 6708 6605
f 6605 6711 6712
f 6605 6708 6711
f 6606 6713 6607
f 6607 6713 6714
f 6607 6714 6608
f 6608 6714 6609
f 6609 6714 6715
f 6609 6715 6610
f 6610 6715 6716
f 6610 6716 6611
f 6611 6716 6717
f 6611 6717 6612
f 6612 6717 6718
f 6612 6718 6719
f 6612 6719 6613
f 6613 6719 6720
f 6613 6720 6721
f 6613 6721 6614
f 6614 6721 6722
f 6614 6722 6615
f 6615 6722 6723
f 6615 6723 6621
f 6617 6724 6618
f 6617 6632 6636
f 6617 6636 6635
f 6617 6635 6724
f 6620 6627 6623
f 6620 6623 6725
f 6620 6725 6726
f 6620 6726 6727
f 6620 6727 6629
f 6621 6723 6728
f 6621 6728 6729
f 6621 6729 6730
f 6621 6730 6731
f 6621 6731 6625
f 6622 6626 6623
f 6623 6626 6732
f 6623 6732 6733
f 6623 6733 6734
f 6623 6734 6725
f 6625 6731 6626
f 6626 6731 6735
f 6626 6735 6736
f 6626 6736 6732
f 6628 6630 6737
f 6628 6737 6633
f 6628 6633 6631
f 6629 6727 6630
f 6630 6727 6738
f 6630 6738 6737
f 6632 6633 6636
f 6633 6737 6636
f 6634 6724 6635
f 6636 6737 6739
f 6636 6739 6740
f 6636 6740 6637
f 6637 6741 6742
f 6637 6742 6743
f 6637 6743 6744
f 6637 6744 6638
f 6637 6740 6741
f 6638 6744 6639
f 6639 6744 6743
f 6639 6743 6745
f 6639 6745 6640
f 6640 6745 6746
f 6640 6746 6747
f 6640 6747 6748
f 6640 6748 6641
f 6641 6748 6642
f 6642 6644 6643
f 6642 6748 6747
f 6642 6747 6746
f 6642 6746 6749
f 6642 6749 6750
f 6642 6750 6751
f 6642 6751 6752
f 6642 6752 6644
f 6644 6752 6645
f 6645 6752 6753
f 6645 6753 6754
f 6645 6754 6647
f 6647 6754 6755
f 6647 6755 6756
f 6647 6756 6757
f 6647 6757 6649
f 6647 6649 6648
f 6649 6757 6758
f 6649 6758 6652
f 6650 6658 6759
f 6650 6759 6760
f 6650 6760 6761
f 6650 6761 6651
f 6651 6761 6762
f 6651 6762 6763
f 6652 6758 6653
f 6653 6758 6764
f 6653 6764 6654
f 6654 6764 6765
f 6654 6765 6655
f 6655 6765 6656
f 6656 6765 6657
f 6657 6765 6759
f 6657 6759 6658
f 6659 6766 6660
f 6660 6766 6767
f 6660 6767 6661
f 6661 6767 6662
f 6662 6664 6663
f 6662 6767 6768
f 6662 6768 6769
f 6662 6769 6770
f 6662 6770 6771
f 6662 6771 6664
f 6664 6771 6772
f 6664 6772 6773
f 6664 6773 6774
f 6664 6774 6665
f 6665 6774 6666
f 6666 6774 6773
f 6666 6773 6775
f 6666 6775 6776
f 6666 6776 6777
f 6666 6777 6668
f 6666 6668 6778
f 6666 6778 6667
f 6667 6778 6668
f 6668 6777 6779
f 6668 6779 6780
f 6668 6780 6781
f 6668 6781 6782
f 6668 6782 6783
f 6668 6783 6669
f 6669 6784 6676
f 6669 6783 6785
f 6669 6785 6786
f 6669 6786 6787
f 6669 6787 6784
f 6671 6788 6789
f 6671 6789 6790
f 6671 6790 6672
f 6671 6675 6788
f 6672 6791 6674
f 6672 6674 6673
f 6672 6790 6791
f 6674 6791 6792
f 6674 6792 6793
f 6674 6793 6677
f 6675 6676 6794
f 6675 6794 6788
f 6676 6784 6795
f 6676 6795 6789
f 6676 6789 6794
f 6677 6793 6678
f 6678 6793 6796
f 6678 6796 6797
f 6678 6797 6798
f 6678 6798 6679
f 6679 6798 6799
f 6679 6799 6800
f 6679 6800 6680
f 6681 6801 6682
f 6682 6798 6802
f 6682 6802 6683
f 6682 6801 6799
f 6682 6799 6798
f 6683 6803 6684
f 6683 6802 6803
f 6684 6796 6804
f 6684 6804 6805
f 6684 6805 6685
f 6684 6803 6796
f 6685 6805 6806
f 6685 6806 6686
f 6686 6807 6687
f 6686 6806 6808
f 6686 6808 6807
f 6687 6807 6688
f 6688 6807 6689
f 6689 6807 6809
f 6689 6809 6690
f 6690 6809 6691
f 6691 6809 6810
f 6691 6810 6811
f 6691 6811 6692
f 6692 6811 6694
f 6692 6694 6693
f 6694 6812 6695
f 6694 6811 6812
f 6695 6812 6813
f 6695 6813 6814
f 6695 6814 6815
f 6695 6815 6696
f 6696 6815 6697
f 6697 6815 6816
f 6697 6816 6698
f 6698 6816 6699
f 6699 6816 6817
f 6699 6817 6818
f 6699 6818 6819
f 6699 6819 6820
f 6699 6820 6821
f 6699 6821 6700
f 6700 6822 6702
f 6700 6702 6701
f 6700 6821 6823
f 6700 6823 6822
f 6702 6822 6703
f 6703 6822 6824
f 6703 6824 6704
f 6704 6824 6825
f 6704 6825 6705
f 6705 6825 6826
f 6705 6826 6709
f 6706 6718 6707
f 6706 6710 6718
f 6707 6718 6717
f 6707 6717 6716
f 6707 6716 6827
f 6707 6827 6708
f 6708 6827 6828
f 6708 6828 6711
f 6709 6829 6830
f 6709 6830 6831
f 6709 6831 6710
f 6709 6826 6832
f 6709 6832 6833
f 6709 6833 6829
f 6710 6831 6718
f 6711 6828 6713
f 6711 6713 6712
f 6713 6834 6714
f 6713 6828 6834
f 6714 6834 6715
f 6715 6828 6827
f 6715 6827 6716
f 6715 6834 6828
f 6718 6831 6830
f 6718 6830 6720
f 6718 6720 6719
f 6720 6830 6721
f 6721 6830 6835
f 6721 6835 6722
f 6722 6835 6836
f 6722 6836 6728
f 6722 6728 6723
f 6725 6734 6733
f 6725 6733 6837
f 6725 6837 6838
f 6725 6838 6839
f 6725 6839 6726
f 6726 6839 6727
f 6727 6840 6841
f 6727 6841 6738
f 6727 6839 6842
f 6727 6842 6840
f 6728 6843 6844
f 6728 6844 6729
f 6728 6836 6845
f 6728 6845 6843
f 6729 6844 6730
f 6730 6844 6846
f 6730 6846 6847
f 6730 6847 6848
f 6730 6848 6849
f 6730 6849 6735
f 6730 6735 6731
f 6732 6850 6733
f 6732 6736 6850
f 6733 6850 6837
f 6735 6849 6736
f 6736 6849 6848
f 6736 6848 6851
f 6736 6851 6852
f 6736 6852 6853
f 6736 6853 6850
f 6737 6738 6841
f 6737 6841 6739
f 6739 6841 6740
f 6740 6841 6741
f 6741 6743 6742
f 6741 6841 6854
f 6741 6854 6855
f 6741 6855 6743
f 6743 6855 6856
f 6743 6856 6857
f 6743 6857 6746
f 6743 6746 6745
f 6746 6857 6858
f 6746 6858 6749
f 6749 6858 6750
f 6750 6859 6860
f 6750 6860 6861
f 6750 6861 6862
f 6750 6862 6751
f 6750 6858 6859
f 6751 6862 6752
f 6752 6862 6863
f 6752 6863 6753
f 6753 6863 6864
f 6753 6864 6754
f 6754 6864 6865
f 6754 6865 6755
f 6755 6865 6756
f 6756 6865 6866
f 6756 6866 6764
f 6756 6764 6757
f 6757 6764 6758
f 6759 6765 6867
f 6759 6867 6760
f 6760 6867 6868
f 6760 6868 6761
f 6761 6869 6870
f 6761 6870 6871
f 6761 6871 6762
f 6761 6868 6869
f 6762 6872 6763
f 6762 6871 6873
f 6762 6873 6874
f 6762 6874 6872
f 6764 6866 6867
f 6764 6867 6765
f 6766 6875 6767
f 6767 6875 6768
f 6768 6875 6876
f 6768 6876 6874
f 6768 6874 6769
f 6769 6873 6871
f 6769 6871 6870
f 6769 6870 6877
f 6769 6877 6878
f 6769 6878 6879
f 6769 6879 6771
f 6769 6771 6770
f 6769 6874 6873
f 6771 6880 6773
f 6771 6773 6772
f 6771 6879 6881
f 6771 6881 6882
f 6771 6882 6880
f 6773 6883 6775
f 6773 6880 6884
f 6773 6884 6885
f 6773 6885 6883
f 6775 6883 6886
f 6775 6886 6776
f 6776 6887 6777
f 6776 6886 6887
f 6777 6887 6779
f 6779 6887 6780
f 6780 6887 6781
f 6781 6888 6889
f 6781 6889 6782
f 6781 6887 6888
f 6782 6889 6783
f 6783 6889 6785
f 6784 6787 6890
f 6784 6890 6795
f 6785 6787 6786
f 6785 6889 6787
f 6787 6891 6892
f 6787 6892 6893
f 6787 6893 6795
f 6787 6795 6890
f 6787 6889 6888
f 6787 6888 6894
f 6787 6894 6895
f 6787 6895 6896
f 6787 6896 6891
f 6788 6794 6789
f 6789 6795 6893
f 6789 6893 6897
f 6789 6897 6898
f 6789 6898 6790
f 6790 6898 6899
f 6790 6899 6791
f 6791 6796 6792
f 6791 6899 6796
f 6792 6796 6793
f 6796 6899 6804
f 6796 6803 6900
f 6796 6900 6798
f 6796 6798 6797
f 6798 6900 6803
f 6798 6803 6802
f 6799 6801 6901
f 6799 6901 6902
f 6799 6902 6800
f 6804 6899 6805
f 6805 6899 6903
f 6805 6903 6806
f 6806 6903 6904
f 6806 6904 6808
f 6807 6808 6809
f 6808 6904 6810
f 6808 6810 6809
f 6810 6904 6905
f 6810 6905 6811
f 6811 6905 6812
f 6812 6905 6813
f 6813 6905 6906
f 6813 6906 6907
f 6813 6907 6908
f 6813 6908 6909
f 6813 6909 6814
f 6814 6909 6910
f 6814 6910 6815
f 6815 6910 6816
f 6816 6910 6818
f 6816 6818 6817
f 6818 6910 6909
f 6818 6909 6911
f 6818 6911 6819
f 6819 6912 6820
f 6819 6911 6912
f 6820 6912 6913
f 6820 6913 6914
f 6820 6914 6915
f 6820 6915 6821
f 6821 6915 6916
f 6821 6916 6917
f 6821 6917 6823
f 6822 6823 6917
f 6822 6917 6918
f 6822 6918 6824
f 6824 6918 6919
f 6824 6919 6920
f 6824 6920 6825
f 6825 6920 6826
f 6826 6920 6921
f 6826 6921 6832
f 6829 6833 6922
f 6829 6922 6830
f 6830 6922 6836
f 6830 6836 6835
f 6832 6921 6923
f 6832 6923 6924
f 6832 6924 6925
f 6832 6925 6926
f 6832 6926 6927
f 6832 6927 6928
f 6832 6928 6929
f 6832 6929 6833
f 6833 6929 6930
f 6833 6930 6931
f 6833 6931 6922
f 6836 6922 6845
f 6837 6850 6853
f 6837 6853 6932
f 6837 6932 6838
f 6838 6932 6933
f 6838 6933 6839
f 6839 6934 6842
f 6839 6933 6934
f 6840 6842 6935
f 6840 6935 6936
f 6840 6936 6937
f 6840 6937 6854
f 6840 6854 6841
f 6842 6934 6938
f 6842 6938 6939
f 6842 6939 6935
f 6843 6845 6940
f 6843 6940 6941
f 6843 6941 6846
f 6843 6846 6844
f 6845 6922 6940
f 6846 6941 6942
f 6846 6942 6943
f 6846 6943 6848
f 6846 6848 6847
f 6848 6943 6944
f 6848 6944 6945
f 6848 6945 6946
f 6848 6946 6851
f 6851 6946 6852
f 6852 6946 6947
f 6852 6947 6948
f 6852 6948 6853
f 6853 6949 6932
f 6853 6948 6949
f 6854 6937 6855
f 6855 6937 6856
f 6856 6937 6950
f 6856 6950 6857
f 6857 6950 6951
f 6857 6951 6858
f 6858 6951 6859
f 6859 6951 6952
f 6859 6952 6953
f 6859 6953 6860
f 6860 6953 6861
f 6861 6953 6954
f 6861 6954 6955
f 6861 6955 6864
f 6861 6864 6863
f 6861 6863 6862
f 6864 6955 6865
f 6865 6955 6956
f 6865 6956 6866
f 6866 6956 6957
f 6866 6957 6958
f 6866 6958 6868
f 6866 6868 6867
f 6868 6958 6959
f 6868 6959 6960
f 6868 6960 6877
f 6868 6877 6869
f 6869 6877 6870
f 6874 6876 6961
f 6875 6962 6876
f 6876 6962 6961
f 6877 6960 6878
f 6878 6960 6879
f 6879 6960 6881
f 6880 6882 6884
f 6881 6960 6963
f 6881 6963 6884
f 6881 6884 6882
f 6883 6964 6886
f 6883 6885 6965
f 6883 6965 6964
f 6884 6966 6965
f 6884 6965 6885
f 6884 6963 6967
f 6884 6967 6968
f 6884 6968 6966
f 6886 6964 6965
f 6886 6965 6969
f 6886 6969 6970
f 6886 6970 6887
f 6887 6971 6894
f 6887 6894 6888
f 6887 6970 6972
f 6887 6972 6971
f 6891 6896 6973
f 6891 6973 6974
f 6891 6974 6892
f 6892 6974 6893
f 6893 6974 6975
f 6893 6975 6976
f 6893 6976 6897
f 6894 6971 6895
f 6895 6977 6896
f 6895 6971 6977
f 6896 6977 6978
f 6896 6978 6979
f 6896 6979 6980
f 6896 6980 6981
f 6896 6981 6973
f 6897 6976 6898
f 6898 6976 6982
f 6898 6982 6899
f 6899 6906 6903
f 6899 6982 6983
f 6899 6983 6906
f 6903 6906 6904
f 6904 6906 6905
f 6906 6983 6907
f 6907 6983 6908
f 6908 6984 6985
f 6908 6985 6909
f 6908 6983 6984
f 6909 6985 6911
f 6911 6985 6986
f 6911 6986 6912
f 6912 6987 6913
f 6912 6986 6987
f 6913 6987 6988
f 6913 6988 6989
f 6913 6989 6914
f 6914 6989 6915
f 6915 6989 6917
f 6915 6917 6916
f 6917 6989 6990
f 6917 6990 6991
f 6917 6991 6919
f 6917 6919 6918
f 6919 6991 6992
f 6919 6992 6920
f 6920 6992 6921
f 6921 6992 6923
f 6922 6931 6940
f 6923 6992 6993
f 6923 6993 6924
f 6924 6994 6925
f 6924 6993 6994
f 6925 6994 6995
f 6925 6995 6926
f 6926 6996 6927
f 6926 6995 6996
f 6927 6996 6997
f 6927 6997 6928
f 6928 6997 6998
f 6928 6998 6999
f 6928 6999 6929
f 6929 6999 6930
f 6930 6999 7000
f 6930 7000 6931
f 6931 7000 7001
f 6931 7001 7002
f 6931 7002 6940
f 6932 6949 7003
f 6932 7003 6933
f 6933 6938 6934
f 6933 7003 7004
f 6933 7004 7005
f 6933 7005 6938
f 6935 6939 6936
f 6936 6939 6937
f 6937 6939 7006
f 6937 7006 6950
f 6938 7005 7007
f 6938 7007 7008
f 6938 7008 7009
f 6938 7009 6939
f 6939 7010 7006
f 6939 7009 7010
f 6940 7002 7011
f 6940 7011 7012
f 6940 7012 6941
f 6941 7012 6942
f 6942 6944 6943
f 6942 7012 7013
f 6942 7013 6944
f 6944 7014 6945
f 6944 7013 7015
f 6944 7015 7016
f 6944 7016 7017
f 6944 7017 7014
f 6945 7014 7017
f 6945 7017 7018
f 6945 7018 7019
f 6945 7019 7020
f 6945 7020 6946
f 6946 7020 7021
f 6946 7021 6948
f 6946 6948 6947
f 6948 7021 7020
f 6948 7020 7022
f 6948 7022 7023
f 6948 7023 7024
f 6948 7024 7025
f 6948 7025 7026
f 6948 7026 6949
f 6949 7026 7025
f 6949 7025 7027
f 6949 7027 7028
f 6949 7028 7003
f 6950 7006 7029
f 6950 7029 6951
f 6951 7029 7006
f 6951 7006 7030
f 6951 7030 6952
f 6952 7030 7031
f 6952 7031 7032
f 6952 7032 6953
f 6953 7032 7033
f 6953 7033 6954
f 6954 7033 6955
f 6955 7033 6957
f 6955 6957 6956
f 6957 7033 7034
f 6957 7034 7035
f 6957 7035 6959
f 6957 6959 6958
f 6959 7035 7036
f 6959 7036 6960
f 6960 7036 6963
f 6963 7036 6967
f 6965 7037 6969
f 6965 6966 7038
f 6965 7038 7039
f 6965 7039 7037
f 6966 7040 7041
f 6966 7041 7038
f 6966 6968 7042
f 6966 7042 7040
f 6967 7036 7042
f 6967 7042 6968
f 6969 7043 7044
f 6969 7044 6970
f 6969 7037 7045
f 6969 7045 7043
f 6970 7046 6972
f 6970 7044 7046
f 6971 6972 6977
f 6972 7046 7047
f 6972 7047 7048
f 6972 7048 6978
f 6972 6978 6977
f 6973 6981 6974
f 6974 6981 6975
f 6975 6981 6984
f 6975 6984 6983
f 6975 6983 6976
f 6976 6983 6982
f 6978 7048 7049
f 6978 7049 7050
f 6978 7050 6979
f 6979 7050 6980
f 6980 7050 7049
f 6980 7049 7051
f 6980 7051 7052
f 6980 7052 7053
f 6980 7053 7054
f 6980 7054 6987
f 6980 6987 7055
f 6980 7055 7056
f 6980 7056 6981
f 6981 7056 7057
f 6981 7057 6984
f 6984 7057 6986
f 6984 6986 6985
f 6986 7057 7055
f 6986 7055 6987
f 6987 7054 6988
f 6988 7054 7052
f 6988 7052 7058
f 6988 7058 6989
f 6989 7058 7059
f 6989 7059 6990
f 6990 7059 6991
f 6991 7059 7060
f 6991 7060 7061
f 6991 7061 6992
f 6992 7061 6993
f 6993 7061 7062
f 6993 7062 7063
f 6993 7063 6994
f 6994 7063 7064
f 6994 7064 7065
f 6994 7065 6996
f 6994 6996 6995
f 6996 7065 6998
f 6996 6998 6997
f 6998 7065 7066
f 6998 7066 7067
f 6998 7067 7068
f 6998 7068 7069
f 6998 7069 6999
f 6999 7069 7000
f 7000 7069 7068
f 7000 7068 7001
f 7001 7070 7002
f 7001 7068 7017
f 7001 7017 7070
f 7002 7070 7015
f 7002 7015 7011
f 7003 7028 7004
f 7004 7071 7072
f 7004 7072 7073
f 7004 7073 7008
f 7004 7008 7005
f 7004 7028 7025
f 7004 7025 7071
f 7005 7008 7007
f 7006 7010 7074
f 7006 7074 7075
f 7006 7075 7030
f 7008 7073 7076
f 7008 7076 7077
f 7008 7077 7009
f 7009 7078 7079
f 7009 7079 7030
f 7009 7030 7075
f 7009 7075 7010
f 7009 7077 7078
f 7010 7075 7074
f 7011 7015 7080
f 7011 7080 7012
f 7012 7080 7081
f 7012 7081 7082
f 7012 7082 7013
f 7013 7082 7080
f 7013 7080 7015
f 7015 7070 7017
f 7015 7017 7016
f 7017 7019 7083
f 7017 7083 7018
f 7017 7068 7084
f 7017 7084 7019
f 7018 7083 7019
f 7019 7084 7068
f 7019 7068 7085
f 7019 7085 7086
f 7019 7086 7087
f 7019 7087 7088
f 7019 7088 7020
f 7020 7088 7022
f 7022 7088 7089
f 7022 7089 7023
f 7023 7089 7024
f 7024 7089 7090
f 7024 7090 7025
f 7025 7090 7091
f 7025 7091 7092
f 7025 7092 7071
f 7025 7028 7027
f 7030 7079 7093
f 7030 7093 7031
f 7031 7093 7032
f 7032 7093 7094
f 7032 7094 7095
f 7032 7095 7033
f 7033 7095 7096
f 7033 7096 7034
f 7034 7042 7035
f 7034 7096 7042
f 7035 7042 7036
f 7037 7039 7097
f 7037 7097 7045
f 7038 7098 7039
f 7038 7041 7099
f 7038 7099 7098
f 7039 7098 7097
f 7040 7042 7041
f 7041 7042 7099
f 7042 7096 7100
f 7042 7100 7101
f 7042 7101 7099
f 7043 7045 7102
f 7043 7102 7046
f 7043 7046 7044
f 7045 7097 7103
f 7045 7103 7102
f 7046 7104 7105
f 7046 7105 7047
f 7046 7102 7106
f 7046 7106 7107
f 7046 7107 7104
f 7047 7105 7108
f 7047 7108 7048
f 7048 7108 7049
f 7049 7108 7051
f 7051 7108 7052
f 7052 7054 7053
f 7052 7108 7105
f 7052 7105 7058
f 7055 7057 7056
f 7058 7105 7109
f 7058 7109 7059
f 7059 7109 7107
f 7059 7107 7110
f 7059 7110 7111
f 7059 7111 7060
f 7060 7111 7061
f 7061 7111 7062
f 7062 7111 7112
f 7062 7112 7113
f 7062 7113 7063
f 7063 7113 7114
f 7063 7114 7064
f 7064 7114 7115
f 7064 7115 7065
f 7065 7115 7067
f 7065 7067 7066
f 7067 7115 7114
f 7067 7114 7116
f 7067 7116 7117
f 7067 7117 7118
f 7067 7118 7119
f 7067 7119 7120
f 7067 7120 7086
f 7067 7086 7068
f 7068 7086 7085
f 7071 7092 7072
f 7072 7092 7091
f 7072 7091 7121
f 7072 7121 7122
f 7072 7122 7123
f 7072 7123 7076
f 7072 7076 7073
f 7076 7123 7124
f 7076 7124 7077
f 7077 7093 7078
f 7077 7124 7125
f 7077 7125 7093
f 7078 7093 7079
f 7080 7082 7081
f 7086 7120 7126
f 7086 7126 7087
f 7087 7127 7089
f 7087 7089 7088
f 7087 7126 7127
f 7089 7128 7090
f 7089 7127 7129
f 7089 7129 7128
f 7090 7128 7130
f 7090 7130 7131
f 7090 7131 7091
f 7091 7132 7121
f 7091 7131 7133
f 7091 7133 7132
f 7093 7125 7094
f 7094 7125 7124
f 7094 7124 7134
f 7094 7134 7095
f 7095 7134 7096
f 7096 7134 7124
f 7096 7124 7135
f 7096 7135 7101
f 7096 7101 7100
f 7097 7098 7103
f 7098 7099 7136
f 7098 7136 7137
f 7098 7137 7103
f 7099 7138 7139
f 7099 7139 7136
f 7099 7101 7135
f 7099 7135 7138
f 7102 7140 7106
f 7102 7103 7141
f 7102 7141 7140
f 7103 7137 7142
f 7103 7142 7143
f 7103 7143 7141
f 7104 7107 7105
f 7105 7107 7109
f 7106 7140 7107
f 7107 7140 7144
f 7107 7144 7111
f 7107 7111 7110
f 7111 7144 7112
f 7112 7144 7140
f 7112 7140 7145
f 7112 7145 7146
f 7112 7146 7114
f 7112 7114 7113
f 7114 7146 7143
f 7114 7143 7147
f 7114 7147 7117
f 7114 7117 7116
f 7117 7148 7149
f 7117 7149 7150
f 7117 7150 7118
f 7117 7147 7143
f 7117 7143 7151
f 7117 7151 7148
f 7118 7150 7119
f 7119 7126 7120
f 7119 7150 7129
f 7119 7129 7127
f 7119 7127 7126
f 7121 7132 7152
f 7121 7152 7153
f 7121 7153 7122
f 7122 7135 7123
f 7122 7153 7133
f 7122 7133 7154
f 7122 7154 7139
f 7122 7139 7138
f 7122 7138 7135
f 7123 7135 7124
f 7128 7129 7130
f 7129 7131 7130
f 7129 7150 7131
f 7131 7150 7133
f 7132 7133 7152
f 7133 7153 7152
f 7133 7150 7149
f 7133 7149 7154
f 7136 7155 7137
f 7136 7139 7154
f 7136 7154 7155
f 7137 7148 7151
f 7137 7151 7143
f 7137 7143 7142
f 7137 7155 7149
f 7137 7149 7148
f 7140 7141 7143
f 7140 7143 7145
f 7143 7146 7145
f 7149 7155 7154
f 7156 7157 7158
f 7156 7158 7159
f 7156 7159 7171
f 7156 7171 7198
f 7156 7198 7206
f 7156 7206 7205
f 7156 7205 7243
f 7156 7243 7282
f 7156 7282 7327
f 7156 7327 7373
f 7156 7373 7419
f 7156 7419 7469
f 7156 7469 7519
f 7156 7519 7518
f 7156 7518 7517
f 7156 7517 7564
f 7156 7564 7563
f 7156 7563 7607
f 7156 7607 7649
f 7156 7649 7690
f 7156 7690 7737
f 7156 7737 7783
f 7156 7783 7825
f 7156 7825 7874
f 7156 7874 7922
f 7156 7922 7921
f 7156 7921 7954
f 7156 7954 7977
f 7156 7977 7992
f 7156 7992 7996
f 7156 7996 7997
f 7156 7997 7995
f 7156 7995 7982
f 7156 7982 7958
f 7156 7958 7924
f 7156 7924 7876
f 7156 7876 7828
f 7156 7828 7827
f 7156 7827 7785
f 7156 7785 7740
f 7156 7740 7739
f 7156 7739 7693
f 7156 7693 7692
f 7156 7692 7651
f 7156 7651 7610
f 7156 7610 7609
f 7156 7609 7567
f 7156 7567 7566
f 7156 7566 7521
f 7156 7521 7471
f 7156 7471 7422
f 7156 7422 7421
f 7156 7421 7375
f 7156 7375 7329
f 7156 7329 7284
f 7156 7284 7247
f 7156 7247 7246
f 7156 7246 7244
f 7156 7244 7207
f 7156 7207 7174
f 7156 7174 7160
f 7156 7160 7161
f 7156 7161 7162
f 7156 7162 7163
f 7156 7163 7157
f 7157 7163 7164
f 7157 7164 7158
f 7158 7164 7165
f 7158 7165 7166
f 7158 7166 7167
f 7158 7167 7168
f 7158 7168 7169
f 7158 7169 7170
f 7158 7170 7159
f 7159 7170 7172
f 7159 7172 7173
f 7159 7173 7171
f 7160 7174 7175
f 7160 7175 7176
f 7160 7176 7161
f 7161 7176 7209
f 7161 7209 7208
f 7161 7208 7245
f 7161 7245 7283
f 7161 7283 7328
f 7161 7328 7374
f 7161 7374 7420
f 7161 7420 7470
f 7161 7470 7520
f 7161 7520 7565
f 7161 7565 7608
f 7161 7608 7650
f 7161 7650 7691
f 7161 7691 7738
f 7161 7738 7784
f 7161 7784 7826
f 7161 7826 7875
f 7161 7875 7923
f 7161 7923 7957
f 7161 7957 7981
f 7161 7981 7994
f 7161 7994 7993
f 7161 7993 7978
f 7161 7978 7956
f 7161 7956 7980
f 7161 7980 7984
f 7161 7984 7962
f 7161 7962 7928
f 7161 7928 7880
f 7161 7880 7836
f 7161 7836 7829
f 7161 7829 7788
f 7161 7788 7787
f 7161 7787 7743
f 7161 7743 7741
f 7161 7741 7695
f 7161 7695 7694
f 7161 7694 7652
f 7161 7652 7613
f 7161 7613 7569
f 7161 7569 7522
f 7161 7522 7472
f 7161 7472 7423
f 7161 7423 7376
f 7161 7376 7330
f 7161 7330 7285
f 7161 7285 7248
f 7161 7248 7210
f 7161 7210 7177
f 7161 7177 7162
f 7162 7177 7178
f 7162 7178 7179
f 7162 7179 7163
f 7163 7179 7164
f 7164 7180 7181
f 7164 7181 7165
f 7164 7179 7182
f 7164 7182 7183
f 7164 7183 7184
f 7164 7184 7185
f 7164 7185 7186
f 7164 7186 7187
f 7164 7187 7188
f 7164 7188 7180
f 7165 7181 7189
f 7165 7189 7190
f 7165 7190 7166
f 7166 7190 7189
f 7166 7189 7191
f 7166 7191 7167
f 7167 7192 7169
f 7167 7169 7168
f 7167 7191 7193
f 7167 7193 7194
f 7167 7194 7195
f 7167 7195 7192
f 7169 7192 7196
f 7169 7196 7197
f 7169 7197 7170
f 7170 7197 7172
f 7171 7173 7199
f 7171 7199 7198
f 7172 7197 7200
f 7172 7200 7173
f 7173 7200 7201
f 7173 7201 7202
f 7173 7202 7203
f 7173 7203 7204
f 7173 7204 7205
f 7173 7205 7206
f 7173 7206 7199
f 7174 7207 7208
f 7174 7208 7209
f 7174 7209 7176
f 7174 7176 7175
f 7177 7210 7211
f 7177 7211 7212
f 7177 7212 7213
f 7177 7213 7214
f 7177 7214 7178
f 7178 7215 7216
f 7178 7216 7182
f 7178 7182 7179
f 7178 7214 7215
f 7180 7217 7189
f 7180 7189 7181
f 7180 7188 7218
f 7180 7218 7217
f 7182 7216 7219
f 7182 7219 7220
f 7182 7220 7183
f 7183 7220 7221
f 7183 7221 7184
f 7184 7221 7222
f 7184 7222 7223
f 7184 7223 7224
f 7184 7224 7185
f 7185 7224 7225
f 7185 7225 7186
f 7186 7225 7226
f 7186 7226 7187
f 7187 7226 7188
f 7188 7226 7227
f 7188 7227 7217
f 7188 7217 7218
f 7189 7217 7194
f 7189 7194 7193
f 7189 7193 7191
f 7192 7195 7228
f 7192 7228 7196
f 7194 7217 7229
f 7194 7229 7195
f 7195 7229 7230
f 7195 7230 7228
f 7196 7228 7197
f 7197 7231 7232
f 7197 7232 7233
f 7197 7233 7200
f 7197 7228 7234
f 7197 7234 7235
f 7197 7235 7231
f 7198 7199 7206
f 7200 7233 7236
f 7200 7236 7237
f 7200 7237 7238
f 7200 7238 7201
f 7201 7238 7239
f 7201 7239 7202
f 7202 7239 7240
f 7202 7240 7241
f 7202 7241 7242
f 7202 7242 7243
f 7202 7243 7205
f 7202 7205 7204
f 7202 7204 7203
f 7207 7244 7208
f 7208 7244 7246
f 7208 7246 7247
f 7208 7247 7245
f 7210 7248 7249
f 7210 7249 7211
f 7211 7250 7212
f 7211 7249 7250
f 7212 7250 7251
f 7212 7251 7252
f 7212 7252 7213
f 7213 7252 7253
f 7213 7253 7254
f 7213 7254 7214
f 7214 7254 7215
f 7215 7254 7255
f 7215 7255 7219
f 7215 7219 7216
f 7217 7256 7229
f 7217 7227 7256
f 7219 7257 7221
f 7219 7221 7220
f 7219 7255 7257
f 7221 7257 7258
f 7221 7258 7259
f 7221 7259 7222
f 7222 7260 7261
f 7222 7261 7262
f 7222 7262 7223
f 7222 7259 7260
f 7223 7262 7263
f 7223 7263 7225
f 7223 7225 7224
f 7225 7263 7264
f 7225 7264 7226
f 7226 7264 7265
f 7226 7265 7256
f 7226 7256 7227
f 7228 7230 7266
f 7228 7266 7234
f 7229 7256 7267
f 7229 7267 7268
f 7229 7268 7230
f 7230 7268 7269
f 7230 7269 7266
f 7231 7235 7270
f 7231 7270 7232
f 7232 7270 7233
f 7233 7270 7271
f 7233 7271 7236
f 7234 7266 7235
f 7235 7266 7272
f 7235 7272 7273
f 7235 7273 7270
f 7236 7274 7275
f 7236 7275 7237
f 7236 7271 7276
f 7236 7276 7274
f 7237 7275 7238
f 7238 7275 7277
f 7238 7277 7239
f 7239 7277 7240
f 7240 7277 7278
f 7240 7278 7279
f 7240 7279 7241
f 7241 7279 7242
f 7242 7279 7280
f 7242 7280 7281
f 7242 7281 7243
f 7243 7281 7282
f 7245 7247 7284
f 7245 7284 7283
f 7248 7285 7249
f 7249 7285 7286
f 7249 7286 7287
f 7249 7287 7250
f 7250 7287 7251
f 7251 7287 7288
f 7251 7288 7252
f 7252 7289 7290
f 7252 7290 7291
f 7252 7291 7253
f 7252 7288 7289
f 7253 7291 7254
f 7254 7291 7292
f 7254 7292 7293
f 7254 7293 7255
f 7255 7293 7294
f 7255 7294 7295
f 7255 7295 7296
f 7255 7296 7257
f 7256 7265 7297
f 7256 7297 7298
f 7256 7298 7299
f 7256 7299 7267
f 7257 7300 7258
f 7257 7296 7295
f 7257 7295 7300
f 7258 7301 7302
f 7258 7302 7303
f 7258 7303 7259
f 7258 7300 7304
f 7258 7304 7301
f 7259 7303 7305
f 7259 7305 7306
f 7259 7306 7260
f 7260 7306 7305
f 7260 7305 7261
f 7261 7305 7307
f 7261 7307 7262
f 7262 7307 7297
f 7262 7297 7263
f 7263 7297 7265
f 7263 7265 7264
f 7266 7269 7308
f 7266 7308 7309
f 7266 7309 7272
f 7267 7299 7310
f 7267 7310 7311
f 7267 7311 7268
f 7268 7311 7312
f 7268 7312 7313
f 7268 7313 7314
f 7268 7314 7269
f 7269 7314 7315
f 7269 7315 7316
f 7269 7316 7308
f 7270 7273 7317
f 7270 7317 7271
f 7271 7317 7276
f 7272 7309 7318
f 7272 7318 7273
f 7273 7318 7317
f 7274 7319 7275
f 7274 7276 7320
f 7274 7320 7319
f 7275 7319 7316
f 7275 7316 7321
f 7275 7321 7322
f 7275 7322 7277
f 7276 7317 7320
f 7277 7323 7278
f 7277 7322 7323
f 7278 7324 7325
f 7278 7325 7279
f 7278 7323 7324
f 7279 7325 7324
f 7279 7324 7326
f 7279 7326 7281
f 7279 7281 7280
f 7281 7326 7324
f 7281 7324 7282
f 7282 7324 7327
f 7283 7284 7328
f 7284 7329 7328
f 7285 7330 7286
f 7286 7331 7332
f 7286 7332 7287
f 7286 7330 7331
f 7287 7332 7333
f 7287 7333 7289
f 7287 7289 7288
f 7289 7333 7334
f 7289 7334 7290
f 7290 7334 7335
f 7290 7335 7336
f 7290 7336 7337
f 7290 7337 7291
f 7291 7337 7338
f 7291 7338 7339
f 7291 7339 7340
f 7291 7340 7341
f 7291 7341 7342
f 7291 7342 7294
f 7291 7294 7292
f 7292 7294 7293
f 7294 7342 7343
f 7294 7343 7344
f 7294 7344 7345
f 7294 7345 7300
f 7294 7300 7295
f 7297 7307 7346
f 7297 7346 7347
f 7297 7347 7348
f 7297 7348 7298
f 7298 7349 7299
f 7298 7348 7349
f 7299 7349 7310
f 7300 7345 7304
f 7301 7350 7302
f 7301 7304 7350
f 7302 7350 7351
f 7302 7351 7303
f 7303 7352 7305
f 7303 7351 7352
f 7304 7353 7354
f 7304 7354 7355
f 7304 7355 7356
f 7304 7356 7350
f 7304 7345 7353
f 7305 7352 7357
f 7305 7357 7358
f 7305 7358 7307
f 7307 7358 7359
f 7307 7359 7346
f 7308 7316 7309
f 7309 7316 7318
f 7310 7349 7360
f 7310 7360 7311
f 7311 7360 7361
f 7311 7361 7362
f 7311 7362 7312
f 7312 7362 7363
f 7312 7363 7313
f 7313 7364 7365
f 7313 7365 7314
f 7313 7363 7364
f 7314 7365 7366
f 7314 7366 7315
f 7315 7366 7367
f 7315 7367 7316
f 7316 7367 7368
f 7316 7368 7322
f 7316 7322 7321
f 7316 7319 7320
f 7316 7320 7318
f 7317 7318 7320
f 7322 7368 7369
f 7322 7369 7370
f 7322 7370 7323
f 7323 7370 7371
f 7323 7371 7324
f 7324 7371 7370
f 7324 7370 7372
f 7324 7372 7327
f 7327 7372 7373
f 7328 7329 7375
f 7328 7375 7374
f 7330 7376 7331
f 7331 7377 7378
f 7331 7378 7332
f 7331 7376 7377
f 7332 7378 7379
f 7332 7379 7380
f 7332 7380 7333
f 7333 7380 7381
f 7333 7381 7382
f 7333 7382 7383
f 7333 7383 7384
f 7333 7384 7336
f 7333 7336 7335
f 7333 7335 7334
f 7336 7384 7338
f 7336 7338 7337
f 7338 7385 7339
f 7338 7384 7385
f 7339 7385 7386
f 7339 7386 7340
f 7340 7387 7341
f 7340 7386 7387
f 7341 7386 7342
f 7341 7387 7386
f 7342 7386 7388
f 7342 7388 7389
f 7342 7389 7343
f 7343 7389 7388
f 7343 7388 7386
f 7343 7386 7353
f 7343 7353 7344
f 7344 7353 7345
f 7346 7359 7390
f 7346 7390 7391
f 7346 7391 7347
f 7347 7391 7392
f 7347 7392 7393
f 7347 7393 7348
f 7348 7393 7349
f 7349 7393 7360
f 7350 7394 7351
f 7350 7356 7395
f 7350 7395 7394
f 7351 7394 7396
f 7351 7396 7352
f 7352 7396 7397
f 7352 7397 7358
f 7352 7358 7357
f 7353 7386 7398
f 7353 7398 7354
f 7354 7398 7399
f 7354 7399 7400
f 7354 7400 7401
f 7354 7401 7402
f 7354 7402 7355
f 7355 7402 7356
f 7356 7402 7403
f 7356 7403 7395
f 7358 7397 7359
f 7359 7397 7404
f 7359 7404 7390
f 7360 7393 7405
f 7360 7405 7406
f 7360 7406 7361
f 7361 7406 7407
f 7361 7407 7362
f 7362 7408 7409
f 7362 7409 7363
f 7362 7407 7408
f 7363 7409 7410
f 7363 7410 7364
f 7364 7410 7365
f 7365 7410 7411
f 7365 7411 7412
f 7365 7412 7366
f 7366 7412 7413
f 7366 7413 7367
f 7367 7413 7414
f 7367 7414 7415
f 7367 7415 7368
f 7368 7415 7416
f 7368 7416 7369
f 7369 7416 7370
f 7370 7416 7417
f 7370 7417 7372
f 7372 7418 7419
f 7372 7419 7373
f 7372 7417 7418
f 7374 7375 7421
f 7374 7421 7422
f 7374 7422 7420
f 7376 7423 7377
f 7377 7424 7378
f 7377 7423 7424
f 7378 7424 7425
f 7378 7425 7426
f 7378 7426 7379
f 7379 7426 7427
f 7379 7427 7382
f 7379 7382 7380
f 7380 7382 7381
f 7382 7428 7383
f 7382 7427 7428
f 7383 7428 7384
f 7384 7428 7429
f 7384 7429 7430
f 7384 7430 7385
f 7385 7430 7429
f 7385 7429 7431
f 7385 7431 7432
f 7385 7432 7386
f 7386 7432 7398
f 7390 7404 7433
f 7390 7433 7434
f 7390 7434 7391
f 7391 7434 7435
f 7391 7435 7436
f 7391 7436 7392
f 7392 7436 7393
f 7393 7436 7405
f 7394 7395 7437
f 7394 7437 7438
f 7394 7438 7396
f 7395 7403 7437
f 7396 7438 7439
f 7396 7439 7397
f 7397 7439 7404
f 7398 7432 7431
f 7398 7431 7399
f 7399 7431 7440
f 7399 7440 7441
f 7399 7441 7400
f 7400 7441 7442
f 7400 7442 7443
f 7400 7443 7401
f 7401 7443 7444
f 7401 7444 7445
f 7401 7445 7446
f 7401 7446 7447
f 7401 7447 7448
f 7401 7448 7402
f 7402 7448 7447
f 7402 7447 7437
f 7402 7437 7403
f 7404 7439 7484
f 7404 7484 7433
f 7405 7436 7449
f 7405 7449 7450
f 7405 7450 7406
f 7406 7450 7451
f 7406 7451 7407
f 7407 7452 7408
f 7407 7451 7452
f 7408 7452 7409
f 7409 7453 7410
f 7409 7452 7454
f 7409 7454 7453
f 7410 7455 7456
f 7410 7456 7411
f 7410 7453 7455
f 7411 7456 7457
f 7411 7457 7412
f 7412 7457 7458
f 7412 7458 7413
f 7413 7459 7460
f 7413 7460 7461
f 7413 7461 7414
f 7413 7458 7459
f 7414 7461 7415
f 7415 7461 7462
f 7415 7462 7416
f 7416 7462 7417
f 7417 7462 7463
f 7417 7463 7418
f 7418 7463 7462
f 7418 7462 7464
f 7418 7464 7465
f 7418 7465 7466
f 7418 7466 7467
f 7418 7467 7468
f 7418 7468 7469
f 7418 7469 7419
f 7420 7422 7471
f 7420 7471 7470
f 7423 7472 7473
f 7423 7473 7474
f 7423 7474 7475
f 7423 7475 7476
f 7423 7476 7424
f 7424 7476 7477
f 7424 7477 7425
f 7425 7478 7479
f 7425 7479 7480
f 7425 7480 7481
f 7425 7481 7426
f 7425 7477 7478
f 7426 7481 7480
f 7426 7480 7427
f 7427 7480 7428
f 7428 7480 7482
f 7428 7482 7483
f 7428 7483 7429
f 7429 7483 7440
f 7429 7440 7431
f 7433 7484 7485
f 7433 7485 7486
f 7433 7486 7434
f 7434 7486 7487
f 7434 7487 7435
f 7435 7449 7436
f 7435 7487 7449
f 7437 7447 7438
f 7438 7447 7488
f 7438 7488 7489
f 7438 7489 7484
f 7438 7484 7439
f 7440 7483 7441
f 7441 7483 7490
f 7441 7490 7491
f 7441 7491 7442
f 7442 7491 7492
f 7442 7492 7493
f 7442 7493 7443
f 7443 7493 7444
f 7444 7494 7445
f 7444 7493 7494
f 7445 7494 7495
f 7445 7495 7446
f 7446 7496 7497
f 7446 7497 7447
f 7446 7495 7498
f 7446 7498 7496
f 7447 7497 7488
f 7449 7487 7499
f 7449 7499 7500
f 7449 7500 7501
f 7449 7501 7450
f 7450 7501 7451
f 7451 7501 7452
f 7452 7501 7502
f 7452 7502 7454
f 7453 7503 7506
f 7453 7506 7455
f 7453 7454 7504
f 7453 7504 7505
f 7453 7505 7503
f 7454 7502 7504
f 7455 7506 7507
f 7455 7507 7508
f 7455 7508 7456
f 7456 7508 7457
f 7457 7508 7458
f 7458 7508 7459
f 7459 7509 7510
f 7459 7510 7511
f 7459 7511 7460
f 7459 7508 7509
f 7460 7511 7461
f 7461 7511 7464
f 7461 7464 7462
f 7464 7511 7512
f 7464 7512 7513
f 7464 7513 7465
f 7465 7513 7466
f 7466 7513 7514
f 7466 7514 7515
f 7466 7515 7516
f 7466 7516 7467
f 7467 7516 7517
f 7467 7517 7518
f 7467 7518 7519
f 7467 7519 7468
f 7468 7519 7469
f 7470 7471 7521
f 7470 7521 7520
f 7472 7522 7473
f 7473 7523 7524
f 7473 7524 7477
f 7473 7477 7525
f 7473 7525 7475
f 7473 7475 7474
f 7473 7522 7526
f 7473 7526 7523
f 7475 7477 7476
f 7475 7525 7477
f 7477 7524 7527
f 7477 7527 7528
f 7477 7528 7478
f 7478 7529 7479
f 7478 7528 7529
f 7479 7529 7530
f 7479 7530 7480
f 7480 7530 7531
f 7480 7531 7482
f 7482 7531 7532
f 7482 7532 7491
f 7482 7491 7490
f 7482 7490 7483
f 7484 7489 7533
f 7484 7533 7485
f 7485 7533 7534
f 7485 7534 7535
f 7485 7535 7536
f 7485 7536 7486
f 7486 7536 7487
f 7487 7536 7499
f 7488 7533 7489
f 7488 7497 7533
f 7491 7532 7531
f 7491 7531 7492
f 7492 7537 7493
f 7492 7531 7538
f 7492 7538 7539
f 7492 7539 7537
f 7493 7537 7578
f 7493 7578 7540
f 7493 7540 7494
f 7494 7541 7542
f 7494 7542 7495
f 7494 7540 7541
f 7495 7542 7498
f 7496 7498 7543
f 7496 7543 7544
f 7496 7544 7497
f 7497 7544 7533
f 7498 7542 7545
f 7498 7545 7543
f 7499 7536 7577
f 7499 7577 7546
f 7499 7546 7500
f 7500 7547 7501
f 7500 7546 7547
f 7501 7547 7548
f 7501 7548 7502
f 7502 7549 7504
f 7502 7548 7549
f 7503 7550 7506
f 7503 7505 7551
f 7503 7551 7550
f 7504 7549 7552
f 7504 7552 7551
f 7504 7551 7505
f 7506 7553 7554
f 7506 7554 7555
f 7506 7555 7507
f 7506 7550 7553
f 7507 7555 7508
f 7508 7555 7509
f 7509 7556 7557
f 7509 7557 7558
f 7509 7558 7510
f 7509 7555 7556
f 7510 7558 7511
f 7511 7558 7512
f 7512 7558 7600
f 7512 7600 7559
f 7512 7559 7513
f 7513 7559 7560
f 7513 7560 7514
f 7514 7560 7561
f 7514 7561 7562
f 7514 7562 7515
f 7515 7562 7563
f 7515 7563 7564
f 7515 7564 7516
f 7516 7564 7517
f 7520 7521 7566
f 7520 7566 7567
f 7520 7567 7565
f 7522 7568 7526
f 7522 7569 7568
f 7523 7526 7570
f 7523 7570 7571
f 7523 7571 7572
f 7523 7572 7524
f 7524 7572 7527
f 7526 7568 7570
f 7527 7572 7528
f 7528 7572 7573
f 7528 7573 7529
f 7529 7573 7574
f 7529 7574 7531
f 7529 7531 7530
f 7531 7574 7538
f 7533 7544 7534
f 7534 7544 7586
f 7534 7586 7575
f 7534 7575 7535
f 7535 7575 7576
f 7535 7576 7536
f 7536 7576 7577
f 7537 7539 7579
f 7537 7579 7578
f 7538 7574 7539
f 7539 7574 7580
f 7539 7580 7579
f 7540 7578 7581
f 7540 7581 7541
f 7541 7582 7583
f 7541 7583 7542
f 7541 7581 7582
f 7542 7583 7584
f 7542 7584 7545
f 7543 7585 7618
f 7543 7618 7586
f 7543 7586 7544
f 7543 7545 7584
f 7543 7584 7585
f 7546 7577 7587
f 7546 7587 7588
f 7546 7588 7589
f 7546 7589 7547
f 7547 7590 7548
f 7547 7589 7590
f 7548 7590 7591
f 7548 7591 7593
f 7548 7593 7549
f 7549 7592 7552
f 7549 7593 7592
f 7550 7594 7553
f 7550 7551 7594
f 7551 7592 7594
f 7551 7552 7592
f 7553 7595 7554
f 7553 7594 7595
f 7554 7595 7555
f 7555 7595 7596
f 7555 7596 7597
f 7555 7597 7556
f 7556 7598 7599
f 7556 7599 7557
f 7556 7597 7598
f 7557 7599 7600
f 7557 7600 7558
f 7559 7600 7601
f 7559 7601 7602
f 7559 7602 7603
f 7559 7603 7560
f 7560 7603 7561
f 7561 7603 7604
f 7561 7604 7562
f 7562 7604 7605
f 7562 7605 7606
f 7562 7606 7607
f 7562 7607 7563
f 7565 7567 7609
f 7565 7609 7610
f 7565 7610 7608
f 7568 7611 7612
f 7568 7612 7570
f 7568 7569 7611
f 7569 7613 7611
f 7570 7612 7571
f 7571 7614 7615
f 7571 7615 7616
f 7571 7616 7617
f 7571 7617 7572
f 7571 7612 7614
f 7572 7617 7616
f 7572 7616 7573
f 7573 7616 7580
f 7573 7580 7574
f 7575 7586 7618
f 7575 7618 7619
f 7575 7619 7620
f 7575 7620 7576
f 7576 7620 7577
f 7577 7620 7587
f 7578 7621 7622
f 7578 7622 7581
f 7578 7579 7621
f 7579 7623 7621
f 7579 7580 7616
f 7579 7616 7624
f 7579 7624 7623
f 7581 7622 7582
f 7582 7625 7626
f 7582 7626 7583
f 7582 7622 7627
f 7582 7627 7625
f 7583 7626 7628
f 7583 7628 7584
f 7584 7628 7585
f 7585 7629 7618
f 7585 7628 7629
f 7587 7630 7632
f 7587 7632 7588
f 7587 7620 7631
f 7587 7631 7630
f 7588 7632 7633
f 7588 7633 7589
f 7589 7633 7590
f 7590 7633 7634
f 7590 7634 7591
f 7591 7635 7593
f 7591 7634 7635
f 7592 7636 7594
f 7592 7593 7636
f 7593 7635 7637
f 7593 7637 7636
f 7594 7638 7639
f 7594 7639 7595
f 7594 7636 7638
f 7595 7639 7596
f 7596 7639 7597
f 7597 7639 7640
f 7597 7640 7598
f 7598 7641 7599
f 7598 7640 7641
f 7599 7642 7601
f 7599 7601 7600
f 7599 7641 7643
f 7599 7643 7642
f 7601 7644 7645
f 7601 7645 7602
f 7601 7642 7644
f 7602 7645 7646
f 7602 7646 7603
f 7603 7646 7605
f 7603 7605 7604
f 7605 7646 7647
f 7605 7647 7606
f 7606 7647 7648
f 7606 7648 7649
f 7606 7649 7607
f 7608 7610 7650
f 7610 7651 7650
f 7611 7613 7652
f 7611 7652 7653
f 7611 7653 7654
f 7611 7654 7612
f 7612 7654 7655
f 7612 7655 7656
f 7612 7656 7614
f 7614 7656 7615
f 7615 7656 7657
f 7615 7657 7624
f 7615 7624 7616
f 7618 7658 7619
f 7618 7629 7658
f 7619 7658 7631
f 7619 7631 7620
f 7621 7659 7661
f 7621 7661 7622
f 7621 7623 7660
f 7621 7660 7659
f 7622 7661 7627
f 7623 7624 7662
f 7623 7662 7660
f 7624 7657 7662
f 7625 7663 7626
f 7625 7627 7664
f 7625 7664 7663
f 7626 7665 7666
f 7626 7666 7628
f 7626 7663 7665
f 7627 7661 7664
f 7628 7666 7667
f 7628 7667 7629
f 7629 7667 7668
f 7629 7668 7669
f 7629 7669 7658
f 7630 7670 7671
f 7630 7671 7632
f 7630 7631 7670
f 7631 7658 7669
f 7631 7669 7672
f 7631 7672 7670
f 7632 7671 7673
f 7632 7673 7633
f 7633 7673 7674
f 7633 7674 7634
f 7634 7674 7635
f 7635 7675 7676
f 7635 7676 7677
f 7635 7677 7637
f 7635 7674 7675
f 7636 7678 7679
f 7636 7679 7638
f 7636 7637 7678
f 7637 7677 7678
f 7638 7679 7680
f 7638 7680 7639
f 7639 7680 7640
f 7640 7680 7681
f 7640 7681 7641
f 7641 7681 7643
f 7642 7682 7644
f 7642 7643 7683
f 7642 7683 7682
f 7643 7681 7680
f 7643 7680 7684
f 7643 7684 7685
f 7643 7685 7686
f 7643 7686 7683
f 7644 7687 7688
f 7644 7688 7645
f 7644 7682 7687
f 7645 7688 7647
f 7645 7647 7646
f 7647 7688 7689
f 7647 7689 7648
f 7648 7690 7649
f 7648 7689 7690
f 7650 7651 7692
f 7650 7692 7693
f 7650 7693 7691
f 7652 7694 7653
f 7653 7694 7695
f 7653 7695 7696
f 7653 7696 7654
f 7654 7696 7697
f 7654 7697 7655
f 7655 7698 7699
f 7655 7699 7700
f 7655 7700 7662
f 7655 7662 7657
f 7655 7657 7656
f 7655 7697 7701
f 7655 7701 7698
f 7659 7702 7661
f 7659 7660 7702
f 7660 7662 7700
f 7660 7700 7703
f 7660 7703 7702
f 7661 7704 7664
f 7661 7702 7704
f 7663 7705 7665
f 7663 7664 7705
f 7664 7704 7706
f 7664 7706 7705
f 7665 7705 7707
f 7665 7707 7666
f 7666 7708 7709
f 7666 7709 7710
f 7666 7710 7667
f 7666 7707 7708
f 7667 7710 7668
f 7668 7710 7711
f 7668 7711 7669
f 7669 7711 7714
f 7669 7714 7672
f 7670 7712 7713
f 7670 7713 7671
f 7670 7672 7714
f 7670 7714 7712
f 7671 7713 7715
f 7671 7715 7716
f 7671 7716 7673
f 7673 7716 7717
f 7673 7717 7674
f 7674 7717 7718
f 7674 7718 7675
f 7675 7718 7719
f 7675 7719 7676
f 7676 7719 7720
f 7676 7720 7677
f 7677 7720 7721
f 7677 7721 7678
f 7678 7722 7679
f 7678 7721 7722
f 7679 7723 7684
f 7679 7684 7680
f 7679 7722 7723
f 7682 7724 7687
f 7682 7683 7724
f 7683 7725 7724
f 7683 7686 7726
f 7683 7726 7727
f 7683 7727 7725
f 7684 7723 7685
f 7685 7723 7728
f 7685 7728 7729
f 7685 7729 7686
f 7686 7729 7730
f 7686 7730 7726
f 7687 7724 7688
f 7688 7724 7731
f 7688 7731 7689
f 7689 7731 7732
f 7689 7732 7733
f 7689 7733 7734
f 7689 7734 7735
f 7689 7735 7736
f 7689 7736 7737
f 7689 7737 7690
f 7691 7693 7739
f 7691 7739 7740
f 7691 7740 7738
f 7695 7741 7696
f 7696 7742 7697
f 7696 7741 7743
f 7696 7743 7742
f 7697 7742 7701
f 7698 7701 7744
f 7698 7744 7745
f 7698 7745 7746
f 7698 7746 7700
f 7698 7700 7699
f 7700 7746 7703
f 7701 7742 7747
f 7701 7747 7748
f 7701 7748 7744
f 7702 7703 7749
f 7702 7749 7750
f 7702 7750 7751
f 7702 7751 7704
f 7703 7746 7749
f 7704 7751 7706
f 7705 7752 7707
f 7705 7706 7753
f 7705 7753 7752
f 7706 7751 7754
f 7706 7754 7753
f 7707 7752 7708
f 7708 7752 7755
f 7708 7755 7756
f 7708 7756 7757
f 7708 7757 7709
f 7709 7757 7758
f 7709 7758 7710
f 7710 7758 7711
f 7711 7758 7759
f 7711 7759 7714
f 7712 7760 7761
f 7712 7761 7715
f 7712 7715 7713
f 7712 7714 7760
f 7714 7759 7760
f 7715 7761 7762
f 7715 7762 7763
f 7715 7763 7764
f 7715 7764 7716
f 7716 7764 7717
f 7717 7764 7765
f 7717 7765 7718
f 7718 7765 7766
f 7718 7766 7719
f 7719 7766 7767
f 7719 7767 7720
f 7720 7767 7721
f 7721 7767 7722
f 7722 7728 7723
f 7722 7767 7768
f 7722 7768 7728
f 7724 7769 7731
f 7724 7725 7769
f 7725 7770 7769
f 7725 7727 7771
f 7725 7771 7770
f 7726 7730 7772
f 7726 7772 7727
f 7727 7772 7771
f 7728 7768 7729
f 7729 7773 7730
f 7729 7768 7774
f 7729 7774 7773
f 7730 7775 7772
f 7730 7773 7775
f 7731 7769 7776
f 7731 7776 7732
f 7732 7776 7733
f 7733 7776 7777
f 7733 7777 7778
f 7733 7778 7734
f 7734 7779 7780
f 7734 7780 7735
f 7734 7778 7779
f 7735 7781 7782
f 7735 7782 7737
f 7735 7737 7736
f 7735 7780 7781
f 7737 7782 7783
f 7738 7740 7785
f 7738 7785 7784
f 7742 7786 7747
f 7742 7743 7787
f 7742 7787 7788
f 7742 7788 7786
f 7744 7748 7745
f 7745 7748 7789
f 7745 7789 7790
f 7745 7790 7746
f 7746 7790 7749
f 7747 7786 7791
f 7747 7791 7792
f 7747 7792 7748
f 7748 7793 7789
f 7748 7792 7793
f 7749 7790 7794
f 7749 7794 7750
f 7750 7794 7795
f 7750 7795 7751
f 7751 7795 7754
f 7752 7753 7796
f 7752 7796 7797
f 7752 7797 7798
f 7752 7798 7755
f 7753 7754 7796
f 7754 7799 7796
f 7754 7795 7799
f 7755 7798 7756
f 7756 7798 7800
f 7756 7800 7757
f 7757 7800 7801
f 7757 7801 7758
f 7758 7801 7802
f 7758 7802 7759
f 7759 7802 7803
f 7759 7803 7804
f 7759 7804 7760
f 7760 7804 7761
f 7761 7804 7762
f 7762 7804 7805
f 7762 7805 7806
f 7762 7806 7763
f 7763 7806 7807
f 7763 7807 7765
f 7763 7765 7764
f 7765 7807 7808
f 7765 7808 7766
f 7766 7808 7809
f 7766 7809 7767
f 7767 7809 7774
f 7767 7774 7768
f 7769 7810 7777
f 7769 7777 7776
f 7769 7770 7810
f 7770 7811 7810
f 7770 7771 7812
f 7770 7812 7811
f 7771 7772 7813
f 7771 7813 7814
f 7771 7814 7815
f 7771 7815 7812
f 7772 7775 7816
f 7772 7816 7813
f 7773 7774 7817
f 7773 7817 7775
f 7774 7809 7817
f 7775 7818 7816
f 7775 7817 7819
f 7775 7819 7818
f 7777 7820 7821
f 7777 7821 7779
f 7777 7779 7778
f 7777 7810 7822
f 7777 7822 7820
f 7779 7823 7824
f 7779 7824 7780
f 7779 7821 7823
f 7780 7824 7781
f 7781 7824 7782
f 7782 7824 7825
f 7782 7825 7783
f 7784 7785 7827
f 7784 7827 7828
f 7784 7828 7826
f 7786 7788 7791
f 7788 7829 7791
f 7789 7793 7830
f 7789 7830 7831
f 7789 7831 7832
f 7789 7832 7833
f 7789 7833 7790
f 7790 7833 7794
f 7791 7834 7835
f 7791 7835 7792
f 7791 7829 7836
f 7791 7836 7834
f 7792 7835 7834
f 7792 7834 7837
f 7792 7837 7838
f 7792 7838 7830
f 7792 7830 7793
f 7794 7833 7795
f 7795 7833 7839
f 7795 7839 7799
f 7796 7799 7840
f 7796 7840 7841
f 7796 7841 7797
f 7797 7841 7798
f 7798 7842 7843
f 7798 7843 7800
f 7798 7841 7844
f 7798 7844 7842
f 7799 7839 7845
f 7799 7845 7846
f 7799 7846 7840
f 7800 7843 7842
f 7800 7842 7801
f 7801 7842 7847
f 7801 7847 7802
f 7802 7847 7848
f 7802 7848 7849
f 7802 7849 7803
f 7803 7849 7805
f 7803 7805 7804
f 7805 7849 7850
f 7805 7850 7851
f 7805 7851 7806
f 7806 7851 7852
f 7806 7852 7853
f 7806 7853 7854
f 7806 7854 7808
f 7806 7808 7807
f 7808 7855 7856
f 7808 7856 7857
f 7808 7857 7809
f 7808 7854 7855
f 7809 7857 7817
f 7810 7811 7822
f 7811 7858 7822
f 7811 7812 7859
f 7811 7859 7858
f 7812 7815 7859
f 7813 7816 7860
f 7813 7860 7861
f 7813 7861 7862
f 7813 7862 7814
f 7814 7862 7863
f 7814 7863 7815
f 7815 7863 7859
f 7816 7818 7864
f 7816 7864 7860
f 7817 7857 7819
f 7818 7865 7864
f 7818 7819 7866
f 7818 7866 7867
f 7818 7867 7853
f 7818 7853 7868
f 7818 7868 7865
f 7819 7857 7856
f 7819 7856 7866
f 7820 7822 7869
f 7820 7869 7870
f 7820 7870 7871
f 7820 7871 7821
f 7821 7871 7823
f 7822 7858 7869
f 7823 7871 7872
f 7823 7872 7873
f 7823 7873 7824
f 7824 7873 7874
f 7824 7874 7825
f 7826 7828 7876
f 7826 7876 7875
f 7830 7877 7831
f 7830 7838 7877
f 7831 7877 7832
f 7832 7877 7878
f 7832 7878 7879
f 7832 7879 7845
f 7832 7845 7833
f 7833 7845 7839
f 7834 7836 7837
f 7836 7880 7881
f 7836 7881 7837
f 7837 7882 7838
f 7837 7881 7882
f 7838 7882 7883
f 7838 7883 7877
f 7840 7846 7884
f 7840 7884 7885
f 7840 7885 7841
f 7841 7885 7886
f 7841 7886 7887
f 7841 7887 7888
f 7841 7888 7844
f 7842 7889 7890
f 7842 7890 7891
f 7842 7891 7892
f 7842 7892 7847
f 7842 7844 7888
f 7842 7888 7893
f 7842 7893 7889
f 7845 7894 7884
f 7845 7884 7846
f 7845 7879 7894
f 7847 7892 7891
f 7847 7891 7895
f 7847 7895 7896
f 7847 7896 7848
f 7848 7896 7897
f 7848 7897 7849
f 7849 7897 7850
f 7850 7897 7898
f 7850 7898 7899
f 7850 7899 7900
f 7850 7900 7851
f 7851 7901 7902
f 7851 7902 7852
f 7851 7900 7901
f 7852 7902 7868
f 7852 7868 7853
f 7853 7867 7855
f 7853 7855 7854
f 7855 7867 7866
f 7855 7866 7856
f 7858 7859 7863
f 7858 7863 7869
f 7860 7864 7903
f 7860 7903 7904
f 7860 7904 7905
f 7860 7905 7861
f 7861 7905 7906
f 7861 7906 7862
f 7862 7906 7863
f 7863 7906 7869
f 7864 7907 7908
f 7864 7908 7909
f 7864 7909 7910
f 7864 7910 7911
f 7864 7911 7903
f 7864 7865 7912
f 7864 7912 7913
f 7864 7913 7914
f 7864 7914 7915
f 7864 7915 7907
f 7865 7868 7902
f 7865 7902 7901
f 7865 7901 7916
f 7865 7916 7917
f 7865 7917 7912
f 7869 7906 7870
f 7870 7906 7918
f 7870 7918 7919
f 7870 7919 7872
f 7870 7872 7871
f 7872 7920 7921
f 7872 7921 7922
f 7872 7922 7873
f 7872 7919 7918
f 7872 7918 7920
f 7873 7922 7874
f 7875 7876 7923
f 7876 7924 7923
f 7877 7883 7878
f 7878 7883 7879
f 7879 7883 7925
f 7879 7925 7926
f 7879 7926 7927
f 7879 7927 7884
f 7879 7884 7894
f 7880 7928 7929
f 7880 7929 7882
f 7880 7882 7881
f 7882 7930 7883
f 7882 7929 7931
f 7882 7931 7930
f 7883 7930 7925
f 7884 7926 7932
f 7884 7932 7885
f 7884 7927 7926
f 7885 7932 7933
f 7885 7933 7886
f 7886 7934 7887
f 7886 7933 7935
f 7886 7935 7934
f 7887 7934 7936
f 7887 7936 7888
f 7888 7936 7937
f 7888 7937 7893
f 7889 7938 7891
f 7889 7891 7890
f 7889 7893 7939
f 7889 7939 7940
f 7889 7940 7938
f 7891 7938 7895
f 7893 7937 7939
f 7895 7938 7896
f 7896 7938 7940
f 7896 7940 7941
f 7896 7941 7897
f 7897 7941 7942
f 7897 7942 7898
f 7898 7943 7944
f 7898 7944 7899
f 7898 7942 7945
f 7898 7945 7946
f 7898 7946 7947
f 7898 7947 7943
f 7899 7944 7948
f 7899 7948 7900
f 7900 7948 7949
f 7900 7949 7901
f 7901 7949 7950
f 7901 7950 7916
f 7903 7951 7904
f 7903 7911 7951
f 7904 7951 7918
f 7904 7918 7905
f 7905 7918 7906
f 7907 7909 7908
f 7907 7915 7914
f 7907 7914 7951
f 7907 7951 7909
f 7909 7951 7910
f 7910 7951 7911
f 7912 7917 7952
f 7912 7952 7913
f 7913 7952 7951
f 7913 7951 7914
f 7916 7950 7917
f 7917 7950 7949
f 7917 7949 7953
f 7917 7953 7952
f 7918 7951 7920
f 7920 7954 7921
f 7920 7951 7955
f 7920 7955 7956
f 7920 7956 7954
f 7923 7924 7958
f 7923 7958 7957
f 7925 7959 7933
f 7925 7933 7926
f 7925 7930 7960
f 7925 7960 7961
f 7925 7961 7959
f 7926 7933 7932
f 7928 7962 7963
f 7928 7963 7929
f 7929 7963 7931
f 7930 7931 7963
f 7930 7963 7964
f 7930 7964 7960
f 7933 7959 7965
f 7933 7965 7935
f 7934 7935 7966
f 7934 7966 7967
f 7934 7967 7936
f 7935 7965 7966
f 7936 7967 7968
f 7936 7968 7937
f 7937 7968 7967
f 7937 7967 7969
f 7937 7969 7939
f 7939 7945 7940
f 7939 7969 7945
f 7940 7942 7941
f 7940 7945 7942
f 7943 7947 7944
f 7944 7947 7970
f 7944 7970 7948
f 7945 7969 7946
f 7946 7969 7970
f 7946 7970 7947
f 7948 7970 7971
f 7948 7971 7953
f 7948 7953 7949
f 7951 7952 7972
f 7951 7972 7973
f 7951 7973 7955
f 7952 7953 7974
f 7952 7974 7975
f 7952 7975 7976
f 7952 7976 7972
f 7953 7971 7974
f 7954 7956 7978
f 7954 7978 7979
f 7954 7979 7977
f 7955 7973 7980
f 7955 7980 7956
f 7957 7958 7981
f 7958 7982 7981
f 7959 7961 7966
f 7959 7966 7965
f 7960 7964 7983
f 7960 7983 7961
f 7961 7983 7966
f 7962 7984 7985
f 7962 7985 7963
f 7963 7986 7983
f 7963 7983 7964
f 7963 7985 7984
f 7963 7984 7980
f 7963 7980 7986
f 7966 7983 7987
f 7966 7987 7975
f 7966 7975 7988
f 7966 7988 7967
f 7967 7988 7969
f 7969 7988 7989
f 7969 7989 7974
f 7969 7974 7970
f 7970 7974 7971
f 7972 7976 7990
f 7972 7990 7973
f 7973 7990 7991
f 7973 7991 7980
f 7974 7989 7975
f 7975 7989 7988
f 7975 7987 7991
f 7975 7991 7990
f 7975 7990 7976
f 7977 7979 7992
f 7978 7993 7979
f 7979 7993 7992
f 7980 7991 7986
f 7981 7982 7994
f 7982 7995 7994
f 7983 7986 7991
f 7983 7991 7987
f 7992 7993 7996
f 7993 7994 7997
f 7993 7997 7996
f 7994 7995 7997
f 7998 7999 8003
f 7998 8003 8011
f 7998 8011 8026
f 7998 8026 8025
f 7998 8025 8093
f 7998 8093 8168
f 7998 8168 8255
f 7998 8255 8347
f 7998 8347 8346
f 7998 8346 8446
f 7998 8446 8496
f 7998 8496 8428
f 7998 8428 8333
f 7998 8333 8240
f 7998 8240 8161
f 7998 8161 8088
f 7998 8088 8022
f 7998 8022 8008
f 7998 8008 8000
f 7998 8000 8001
f 7998 8001 8004
f 7998 8004 7999
f 7999 8002 8003
f 7999 8004 8005
f 7999 8005 8006
f 7999 8006 8002
f 8000 8007 8001
f 8000 8008 8007
f 8001 8007 8017
f 8001 8017 8037
f 8001 8037 8108
f 8001 8108 8188
f 8001 8188 8280
f 8001 8280 8279
f 8001 8279 8278
f 8001 8278 8375
f 8001 8375 8374
f 8001 8374 8447
f 8001 8447 8348
f 8001 8348 8256
f 8001 8256 8173
f 8001 8173 8097
f 8001 8097 8028
f 8001 8028 8012
f 8001 8012 8004
f 8002 8009 8003
f 8002 8006 8010
f 8002 8010 8009
f 8003 8009 8011
f 8004 8012 8013
f 8004 8013 8005
f 8005 8013 8014
f 8005 8014 8015
f 8005 8015 8006
f 8006 8015 8016
f 8006 8016 8010
f 8007 8008 8018
f 8007 8018 8019
f 8007 8019 8020
f 8007 8020 8021
f 8007 8021 8017
f 8008 8022 8089
f 8008 8089 8160
f 8008 8160 8238
f 8008 8238 8328
f 8008 8328 8424
f 8008 8424 8489
f 8008 8489 8548
f 8008 8548 8551
f 8008 8551 8550
f 8008 8550 8581
f 8008 8581 8566
f 8008 8566 8521
f 8008 8521 8520
f 8008 8520 8519
f 8008 8519 8518
f 8008 8518 8517
f 8008 8517 8460
f 8008 8460 8378
f 8008 8378 8284
f 8008 8284 8281
f 8008 8281 8189
f 8008 8189 8109
f 8008 8109 8038
f 8008 8038 8019
f 8008 8019 8018
f 8009 8023 8024
f 8009 8024 8025
f 8009 8025 8026
f 8009 8026 8011
f 8009 8010 8023
f 8010 8016 8027
f 8010 8027 8023
f 8012 8028 8029
f 8012 8029 8013
f 8013 8029 8030
f 8013 8030 8014
f 8014 8030 8031
f 8014 8031 8015
f 8015 8031 8032
f 8015 8032 8016
f 8016 8032 8033
f 8016 8033 8034
f 8016 8034 8027
f 8017 8021 8035
f 8017 8035 8036
f 8017 8036 8037
f 8019 8038 8039
f 8019 8039 8040
f 8019 8040 8020
f 8020 8041 8042
f 8020 8042 8043
f 8020 8043 8021
f 8020 8040 8044
f 8020 8044 8045
f 8020 8045 8046
f 8020 8046 8047
f 8020 8047 8048
f 8020 8048 8049
f 8020 8049 8050
f 8020 8050 8051
f 8020 8051 8052
f 8020 8052 8053
f 8020 8053 8054
f 8020 8054 8055
f 8020 8055 8056
f 8020 8056 8057
f 8020 8057 8058
f 8020 8058 8059
f 8020 8059 8060
f 8020 8060 8061
f 8020 8061 8062
f 8020 8062 8063
f 8020 8063 8064
f 8020 8064 8065
f 8020 8065 8066
f 8020 8066 8041
f 8021 8067 8068
f 8021 8068 8069
f 8021 8069 8070
f 8021 8070 8071
f 8021 8071 8072
f 8021 8072 8073
f 8021 8073 8074
f 8021 8074 8075
f 8021 8075 8076
f 8021 8076 8077
f 8021 8077 8078
f 8021 8078 8079
f 8021 8079 8080
f 8021 8080 8081
f 8021 8081 8082
f 8021 8082 8083
f 8021 8083 8084
f 8021 8084 8085
f 8021 8085 8086
f 8021 8086 8035
f 8021 8043 8087
f 8021 8087 8067
f 8022 8088 8089
f 8023 8090 8091
f 8023 8091 8024
f 8023 8027 8090
f 8024 8091 8092
f 8024 8092 8093
f 8024 8093 8025
f 8027 8034 8094
f 8027 8094 8095
f 8027 8095 8096
f 8027 8096 8090
f 8028 8097 8098
f 8028 8098 8029
f 8029 8099 8100
f 8029 8100 8101
f 8029 8101 8030
f 8029 8098 8099
f 8030 8101 8031
f 8031 8101 8032
f 8032 8102 8103
f 8032 8103 8104
f 8032 8104 8033
f 8032 8101 8102
f 8033 8104 8105
f 8033 8105 8034
f 8034 8105 8106
f 8034 8106 8094
f 8035 8086 8036
f 8036 8086 8085
f 8036 8085 8107
f 8036 8107 8108
f 8036 8108 8037
f 8038 8109 8110
f 8038 8110 8039
f 8039 8110 8111
f 8039 8111 8040
f 8040 8111 8044
f 8041 8087 8042
f 8041 8066 8112
f 8041 8112 8087
f 8042 8087 8043
f 8044 8111 8113
f 8044 8113 8045
f 8045 8113 8046
f 8046 8114 8115
f 8046 8115 8047
f 8046 8113 8114
f 8047 8115 8048
f 8048 8115 8116
f 8048 8116 8049
f 8049 8116 8117
f 8049 8117 8050
f 8050 8117 8051
f 8051 8117 8118
f 8051 8118 8052
f 8052 8118 8119
f 8052 8119 8120
f 8052 8120 8053
f 8053 8120 8121
f 8053 8121 8054
f 8054 8121 8122
f 8054 8122 8055
f 8055 8122 8056
f 8056 8122 8123
f 8056 8123 8057
f 8057 8123 8124
f 8057 8124 8125
f 8057 8125 8058
f 8058 8125 8124
f 8058 8124 8059
f 8059 8124 8060
f 8060 8124 8126
f 8060 8126 8127
f 8060 8127 8061
f 8061 8127 8128
f 8061 8128 8129
f 8061 8129 8062
f 8062 8129 8063
f 8063 8129 8128
f 8063 8128 8064
f 8064 8130 8131
f 8064 8131 8065
f 8064 8128 8130
f 8065 8112 8066
f 8065 8131 8112
f 8067 8132 8068
f 8067 8087 8132
f 8068 8133 8134
f 8068 8134 8135
f 8068 8135 8069
f 8068 8132 8136
f 8068 8136 8137
f 8068 8137 8138
f 8068 8138 8133
f 8069 8135 8070
f 8070 8139 8071
f 8070 8135 8139
f 8071 8139 8072
f 8072 8140 8073
f 8072 8139 8140
f 8073 8141 8074
f 8073 8140 8141
f 8074 8141 8075
f 8075 8142 8076
f 8075 8141 8142
f 8076 8142 8077
f 8077 8143 8078
f 8077 8142 8144
f 8077 8144 8143
f 8078 8143 8079
f 8079 8143 8145
f 8079 8145 8146
f 8079 8146 8080
f 8080 8146 8147
f 8080 8147 8148
f 8080 8148 8149
f 8080 8149 8081
f 8081 8149 8150
f 8081 8150 8082
f 8082 8150 8151
f 8082 8151 8083
f 8083 8151 8084
f 8084 8151 8152
f 8084 8152 8107
f 8084 8107 8085
f 8087 8153 8132
f 8087 8112 8154
f 8087 8154 8155
f 8087 8155 8156
f 8087 8156 8157
f 8087 8157 8158
f 8087 8158 8159
f 8087 8159 8153
f 8088 8160 8089
f 8088 8161 8160
f 8090 8096 8162
f 8090 8162 8163
f 8090 8163 8164
f 8090 8164 8091
f 8091 8164 8165
f 8091 8165 8166
f 8091 8166 8092
f 8092 8166 8167
f 8092 8167 8093
f 8093 8167 8168
f 8094 8106 8169
f 8094 8169 8095
f 8095 8169 8170
f 8095 8170 8096
f 8096 8170 8171
f 8096 8171 8172
f 8096 8172 8162
f 8097 8173 8174
f 8097 8174 8098
f 8098 8174 8175
f 8098 8175 8099
f 8099 8176 8177
f 8099 8177 8178
f 8099 8178 8100
f 8099 8175 8176
f 8100 8178 8179
f 8100 8179 8101
f 8101 8179 8102
f 8102 8180 8103
f 8102 8179 8178
f 8102 8178 8180
f 8103 8180 8181
f 8103 8181 8104
f 8104 8182 8183
f 8104 8183 8106
f 8104 8106 8105
f 8104 8181 8182
f 8106 8183 8184
f 8106 8184 8185
f 8106 8185 8169
f 8107 8152 8186
f 8107 8186 8187
f 8107 8187 8188
f 8107 8188 8108
f 8109 8189 8190
f 8109 8190 8110
f 8110 8190 8111
f 8111 8190 8191
f 8111 8191 8192
f 8111 8192 8113
f 8112 8131 8155
f 8112 8155 8193
f 8112 8193 8154
f 8113 8192 8114
f 8114 8116 8115
f 8114 8192 8116
f 8116 8194 8117
f 8116 8192 8195
f 8116 8195 8194
f 8117 8196 8197
f 8117 8197 8198
f 8117 8198 8199
f 8117 8199 8200
f 8117 8200 8201
f 8117 8201 8118
f 8117 8194 8202
f 8117 8202 8203
f 8117 8203 8196
f 8118 8201 8119
f 8119 8201 8120
f 8120 8204 8205
f 8120 8205 8124
f 8120 8124 8123
f 8120 8123 8122
f 8120 8122 8121
f 8120 8201 8200
f 8120 8200 8204
f 8124 8206 8126
f 8124 8205 8207
f 8124 8207 8206
f 8126 8206 8208
f 8126 8208 8209
f 8126 8209 8127
f 8127 8209 8128
f 8128 8210 8130
f 8128 8209 8208
f 8128 8208 8210
f 8130 8211 8131
f 8130 8210 8211
f 8131 8211 8155
f 8132 8159 8212
f 8132 8212 8136
f 8132 8153 8159
f 8133 8213 8214
f 8133 8214 8134
f 8133 8138 8215
f 8133 8215 8216
f 8133 8216 8213
f 8134 8214 8217
f 8134 8217 8218
f 8134 8218 8135
f 8135 8218 8139
f 8136 8212 8219
f 8136 8219 8137
f 8137 8219 8220
f 8137 8220 8138
f 8138 8220 8215
f 8139 8218 8221
f 8139 8221 8140
f 8140 8221 8222
f 8140 8222 8141
f 8141 8222 8223
f 8141 8223 8142
f 8142 8223 8144
f 8143 8144 8145
f 8144 8224 8145
f 8144 8223 8225
f 8144 8225 8224
f 8145 8226 8146
f 8145 8224 8226
f 8146 8227 8228
f 8146 8228 8229
f 8146 8229 8148
f 8146 8148 8147
f 8146 8226 8227
f 8148 8230 8231
f 8148 8231 8150
f 8148 8150 8149
f 8148 8229 8230
f 8150 8231 8152
f 8150 8152 8151
f 8152 8231 8230
f 8152 8230 8232
f 8152 8232 8186
f 8154 8193 8155
f 8155 8233 8234
f 8155 8234 8235
f 8155 8235 8156
f 8155 8211 8208
f 8155 8208 8236
f 8155 8236 8233
f 8156 8237 8157
f 8156 8235 8237
f 8157 8237 8215
f 8157 8215 8158
f 8158 8215 8220
f 8158 8220 8219
f 8158 8219 8159
f 8159 8219 8212
f 8160 8161 8239
f 8160 8239 8238
f 8161 8240 8241
f 8161 8241 8242
f 8161 8242 8239
f 8162 8243 8244
f 8162 8244 8163
f 8162 8172 8245
f 8162 8245 8243
f 8163 8246 8247
f 8163 8247 8248
f 8163 8248 8164
f 8163 8244 8249
f 8163 8249 8246
f 8164 8248 8165
f 8165 8248 8250
f 8165 8250 8166
f 8166 8250 8251
f 8166 8251 8252
f 8166 8252 8167
f 8167 8252 8253
f 8167 8253 8254
f 8167 8254 8255
f 8167 8255 8168
f 8169 8185 8245
f 8169 8245 8172
f 8169 8172 8171
f 8169 8171 8170
f 8173 8256 8174
f 8174 8256 8257
f 8174 8257 8175
f 8175 8257 8258
f 8175 8258 8176
f 8176 8258 8259
f 8176 8259 8260
f 8176 8260 8261
f 8176 8261 8177
f 8177 8261 8262
f 8177 8262 8180
f 8177 8180 8178
f 8180 8262 8263
f 8180 8263 8181
f 8181 8263 8264
f 8181 8264 8265
f 8181 8265 8182
f 8182 8266 8267
f 8182 8267 8184
f 8182 8184 8183
f 8182 8265 8264
f 8182 8264 8266
f 8184 8267 8268
f 8184 8268 8185
f 8185 8268 8269
f 8185 8269 8270
f 8185 8270 8271
f 8185 8271 8272
f 8185 8272 8273
f 8185 8273 8245
f 8186 8274 8187
f 8186 8232 8275
f 8186 8275 8274
f 8187 8274 8276
f 8187 8276 8277
f 8187 8277 8278
f 8187 8278 8279
f 8187 8279 8280
f 8187 8280 8188
f 8189 8281 8190
f 8190 8282 8283
f 8190 8283 8195
f 8190 8195 8191
f 8190 8281 8284
f 8190 8284 8285
f 8190 8285 8282
f 8191 8195 8192
f 8194 8195 8202
f 8195 8283 8202
f 8196 8286 8287
f 8196 8287 8288
f 8196 8288 8197
f 8196 8203 8289
f 8196 8289 8286
f 8197 8288 8290
f 8197 8290 8198
f 8198 8290 8291
f 8198 8291 8199
f 8199 8292 8207
f 8199 8207 8204
f 8199 8204 8200
f 8199 8291 8292
f 8202 8293 8294
f 8202 8294 8203
f 8202 8283 8293
f 8203 8294 8289
f 8204 8207 8205
f 8206 8207 8208
f 8207 8292 8295
f 8207 8295 8296
f 8207 8296 8297
f 8207 8297 8208
f 8208 8297 8298
f 8208 8298 8299
f 8208 8299 8300
f 8208 8300 8236
f 8208 8211 8210
f 8213 8301 8214
f 8213 8216 8302
f 8213 8302 8303
f 8213 8303 8301
f 8214 8301 8304
f 8214 8304 8305
f 8214 8305 8306
f 8214 8306 8217
f 8215 8237 8216
f 8216 8237 8302
f 8217 8306 8307
f 8217 8307 8218
f 8218 8307 8308
f 8218 8308 8221
f 8221 8308 8222
f 8222 8308 8309
f 8222 8309 8223
f 8223 8309 8225
f 8224 8310 8311
f 8224 8311 8226
f 8224 8225 8310
f 8225 8312 8310
f 8225 8309 8313
f 8225 8313 8312
f 8226 8311 8227
f 8227 8311 8314
f 8227 8314 8315
f 8227 8315 8316
f 8227 8316 8317
f 8227 8317 8228
f 8228 8317 8318
f 8228 8318 8319
f 8228 8319 8229
f 8229 8319 8230
f 8230 8320 8275
f 8230 8275 8232
f 8230 8319 8320
f 8233 8321 8234
f 8233 8236 8300
f 8233 8300 8321
f 8234 8321 8322
f 8234 8322 8323
f 8234 8323 8324
f 8234 8324 8325
f 8234 8325 8235
f 8235 8325 8237
f 8237 8326 8327
f 8237 8327 8302
f 8237 8325 8326
f 8238 8239 8328
f 8239 8242 8329
f 8239 8329 8330
f 8239 8330 8331
f 8239 8331 8332
f 8239 8332 8328
f 8240 8333 8334
f 8240 8334 8241
f 8241 8334 8335
f 8241 8335 8336
f 8241 8336 8337
f 8241 8337 8242
f 8242 8337 8329
f 8243 8273 8272
f 8243 8272 8244
f 8243 8245 8273
f 8244 8272 8338
f 8244 8338 8339
f 8244 8339 8249
f 8246 8249 8247
f 8247 8249 8340
f 8247 8340 8341
f 8247 8341 8251
f 8247 8251 8250
f 8247 8250 8248
f 8249 8342 8340
f 8249 8339 8342
f 8251 8341 8343
f 8251 8343 8253
f 8251 8253 8252
f 8253 8343 8344
f 8253 8344 8345
f 8253 8345 8346
f 8253 8346 8254
f 8254 8346 8347
f 8254 8347 8255
f 8256 8348 8349
f 8256 8349 8257
f 8257 8350 8351
f 8257 8351 8259
f 8257 8259 8258
f 8257 8349 8352
f 8257 8352 8353
f 8257 8353 8350
f 8259 8351 8354
f 8259 8354 8260
f 8260 8354 8315
f 8260 8315 8355
f 8260 8355 8261
f 8261 8355 8262
f 8262 8355 8356
f 8262 8356 8357
f 8262 8357 8263
f 8263 8357 8264
f 8264 8358 8359
f 8264 8359 8266
f 8264 8357 8358
f 8266 8360 8361
f 8266 8361 8267
f 8266 8359 8362
f 8266 8362 8363
f 8266 8363 8360
f 8267 8361 8364
f 8267 8364 8365
f 8267 8365 8366
f 8267 8366 8367
f 8267 8367 8268
f 8268 8367 8269
f 8269 8367 8368
f 8269 8368 8369
f 8269 8369 8270
f 8270 8369 8370
f 8270 8370 8271
f 8271 8370 8272
f 8272 8370 8338
f 8274 8275 8371
f 8274 8371 8276
f 8275 8320 8372
f 8275 8372 8371
f 8276 8373 8277
f 8276 8371 8373
f 8277 8373 8353
f 8277 8353 8352
f 8277 8352 8374
f 8277 8374 8375
f 8277 8375 8278
f 8282 8285 8376
f 8282 8376 8377
f 8282 8377 8283
f 8283 8377 8293
f 8284 8378 8285
f 8285 8378 8376
f 8286 8379 8380
f 8286 8380 8381
f 8286 8381 8382
f 8286 8382 8287
f 8286 8289 8294
f 8286 8294 8383
f 8286 8383 8384
f 8286 8384 8385
f 8286 8385 8386
f 8286 8386 8379
f 8287 8382 8288
f 8288 8382 8290
f 8290 8382 8387
f 8290 8387 8292
f 8290 8292 8291
f 8292 8387 8295
f 8293 8377 8294
f 8294 8377 8388
f 8294 8388 8383
f 8295 8389 8296
f 8295 8387 8390
f 8295 8390 8389
f 8296 8389 8391
f 8296 8391 8298
f 8296 8298 8297
f 8298 8391 8392
f 8298 8392 8393
f 8298 8393 8299
f 8299 8393 8394
f 8299 8394 8395
f 8299 8395 8300
f 8300 8395 8321
f 8301 8396 8397
f 8301 8397 8304
f 8301 8303 8398
f 8301 8398 8399
f 8301 8399 8400
f 8301 8400 8401
f 8301 8401 8402
f 8301 8402 8403
f 8301 8403 8396
f 8302 8327 8303
f 8303 8327 8404
f 8303 8404 8398
f 8304 8397 8305
f 8305 8405 8406
f 8305 8406 8306
f 8305 8397 8405
f 8306 8406 8407
f 8306 8407 8307
f 8307 8407 8308
f 8308 8407 8408
f 8308 8408 8309
f 8309 8408 8313
f 8310 8409 8311
f 8310 8312 8410
f 8310 8410 8409
f 8311 8409 8314
f 8312 8313 8411
f 8312 8411 8410
f 8313 8408 8412
f 8313 8412 8411
f 8314 8413 8315
f 8314 8409 8413
f 8315 8354 8317
f 8315 8317 8316
f 8315 8413 8357
f 8315 8357 8356
f 8315 8356 8355
f 8317 8354 8318
f 8318 8354 8351
f 8318 8351 8414
f 8318 8414 8319
f 8319 8414 8415
f 8319 8415 8372
f 8319 8372 8320
f 8321 8395 8322
f 8322 8395 8416
f 8322 8416 8323
f 8323 8416 8417
f 8323 8417 8418
f 8323 8418 8419
f 8323 8419 8420
f 8323 8420 8421
f 8323 8421 8324
f 8324 8421 8422
f 8324 8422 8326
f 8324 8326 8325
f 8326 8422 8327
f 8327 8422 8423
f 8327 8423 8404
f 8328 8332 8425
f 8328 8425 8424
f 8329 8337 8330
f 8330 8337 8426
f 8330 8426 8427
f 8330 8427 8331
f 8331 8427 8425
f 8331 8425 8332
f 8333 8428 8429
f 8333 8429 8334
f 8334 8429 8335
f 8335 8429 8430
f 8335 8430 8431
f 8335 8431 8432
f 8335 8432 8433
f 8335 8433 8336
f 8336 8433 8337
f 8337 8433 8434
f 8337 8434 8426
f 8338 8435 8436
f 8338 8436 8339
f 8338 8370 8437
f 8338 8437 8435
f 8339 8436 8438
f 8339 8438 8342
f 8340 8342 8341
f 8341 8342 8439
f 8341 8439 8440
f 8341 8440 8343
f 8342 8441 8442
f 8342 8442 8443
f 8342 8443 8439
f 8342 8438 8441
f 8343 8440 8344
f 8344 8440 8444
f 8344 8444 8345
f 8345 8445 8346
f 8345 8444 8430
f 8345 8430 8445
f 8346 8445 8446
f 8348 8447 8352
f 8348 8352 8349
f 8350 8353 8448
f 8350 8448 8414
f 8350 8414 8351
f 8352 8447 8374
f 8353 8373 8448
f 8357 8413 8362
f 8357 8362 8358
f 8358 8362 8359
f 8360 8411 8449
f 8360 8449 8361
f 8360 8363 8410
f 8360 8410 8411
f 8361 8449 8450
f 8361 8450 8364
f 8362 8413 8409
f 8362 8409 8410
f 8362 8410 8363
f 8364 8450 8405
f 8364 8405 8451
f 8364 8451 8365
f 8365 8451 8452
f 8365 8452 8366
f 8366 8452 8368
f 8366 8368 8367
f 8368 8452 8453
f 8368 8453 8454
f 8368 8454 8369
f 8369 8454 8370
f 8370 8454 8455
f 8370 8455 8437
f 8371 8372 8456
f 8371 8456 8373
f 8372 8415 8456
f 8373 8456 8448
f 8376 8457 8458
f 8376 8458 8459
f 8376 8459 8377
f 8376 8378 8460
f 8376 8460 8461
f 8376 8461 8457
f 8377 8459 8388
f 8379 8462 8463
f 8379 8463 8380
f 8379 8386 8464
f 8379 8464 8465
f 8379 8465 8462
f 8380 8463 8381
f 8381 8463 8466
f 8381 8466 8467
f 8381 8467 8468
f 8381 8468 8382
f 8382 8468 8390
f 8382 8390 8387
f 8383 8388 8384
f 8384 8388 8469
f 8384 8469 8470
f 8384 8470 8471
f 8384 8471 8464
f 8384 8464 8386
f 8384 8386 8385
f 8388 8459 8469
f 8389 8390 8472
f 8389 8472 8392
f 8389 8392 8391
f 8390 8468 8472
f 8392 8472 8473
f 8392 8473 8474
f 8392 8474 8475
f 8392 8475 8476
f 8392 8476 8477
f 8392 8477 8393
f 8393 8477 8394
f 8394 8417 8416
f 8394 8416 8395
f 8394 8477 8417
f 8396 8451 8478
f 8396 8478 8405
f 8396 8405 8397
f 8396 8403 8479
f 8396 8479 8480
f 8396 8480 8451
f 8398 8404 8399
f 8399 8404 8481
f 8399 8481 8420
f 8399 8420 8482
f 8399 8482 8400
f 8400 8482 8483
f 8400 8483 8484
f 8400 8484 8402
f 8400 8402 8401
f 8402 8484 8479
f 8402 8479 8403
f 8404 8423 8481
f 8405 8478 8451
f 8405 8450 8406
f 8406 8450 8412
f 8406 8412 8408
f 8406 8408 8407
f 8411 8412 8449
f 8412 8450 8449
f 8414 8448 8456
f 8414 8456 8415
f 8417 8485 8418
f 8417 8477 8485
f 8418 8486 8419
f 8418 8485 8487
f 8418 8487 8486
f 8419 8486 8488
f 8419 8488 8483
f 8419 8483 8482
f 8419 8482 8420
f 8420 8481 8421
f 8421 8481 8423
f 8421 8423 8422
f 8424 8425 8489
f 8425 8427 8490
f 8425 8490 8489
f 8426 8491 8492
f 8426 8492 8427
f 8426 8434 8491
f 8427 8493 8494
f 8427 8494 8490
f 8427 8492 8495
f 8427 8495 8493
f 8428 8496 8430
f 8428 8430 8429
f 8430 8496 8445
f 8430 8444 8431
f 8431 8444 8497
f 8431 8497 8498
f 8431 8498 8433
f 8431 8433 8432
f 8433 8498 8434
f 8434 8498 8497
f 8434 8497 8499
f 8434 8499 8500
f 8434 8500 8501
f 8434 8501 8502
f 8434 8502 8491
f 8435 8484 8503
f 8435 8503 8436
f 8435 8437 8455
f 8435 8455 8504
f 8435 8504 8484
f 8436 8503 8505
f 8436 8505 8506
f 8436 8506 8438
f 8438 8506 8441
f 8439 8507 8508
f 8439 8508 8440
f 8439 8443 8507
f 8440 8497 8444
f 8440 8508 8497
f 8441 8506 8509
f 8441 8509 8442
f 8442 8509 8510
f 8442 8510 8511
f 8442 8511 8512
f 8442 8512 8513
f 8442 8513 8514
f 8442 8514 8515
f 8442 8515 8507
f 8442 8507 8443
f 8445 8496 8446
f 8451 8480 8452
f 8452 8480 8453
f 8453 8455 8454
f 8453 8480 8516
f 8453 8516 8455
f 8455 8516 8504
f 8457 8461 8517
f 8457 8517 8518
f 8457 8518 8519
f 8457 8519 8520
f 8457 8520 8521
f 8457 8521 8522
f 8457 8522 8523
f 8457 8523 8524
f 8457 8524 8470
f 8457 8470 8469
f 8457 8469 8458
f 8458 8469 8459
f 8460 8517 8461
f 8462 8465 8525
f 8462 8525 8526
f 8462 8526 8463
f 8463 8526 8527
f 8463 8527 8528
f 8463 8528 8529
f 8463 8529 8530
f 8463 8530 8531
f 8463 8531 8466
f 8464 8532 8533
f 8464 8533 8465
f 8464 8471 8470
f 8464 8470 8524
f 8464 8524 8534
f 8464 8534 8535
f 8464 8535 8532
f 8465 8533 8525
f 8466 8531 8536
f 8466 8536 8467
f 8467 8536 8468
f 8468 8536 8472
f 8472 8537 8474
f 8472 8474 8473
f 8472 8536 8538
f 8472 8538 8537
f 8474 8537 8539
f 8474 8539 8475
f 8475 8539 8540
f 8475 8540 8476
f 8476 8540 8477
f 8477 8540 8485
f 8479 8484 8516
f 8479 8516 8480
f 8483 8488 8541
f 8483 8541 8542
f 8483 8542 8484
f 8484 8542 8543
f 8484 8543 8503
f 8484 8504 8516
f 8485 8540 8487
f 8486 8487 8544
f 8486 8544 8488
f 8487 8540 8545
f 8487 8545 8546
f 8487 8546 8544
f 8488 8544 8547
f 8488 8547 8541
f 8489 8490 8548
f 8490 8494 8549
f 8490 8549 8550
f 8490 8550 8551
f 8490 8551 8548
f 8491 8502 8495
f 8491 8495 8492
f 8493 8552 8553
f 8493 8553 8494
f 8493 8495 8554
f 8493 8554 8552
f 8494 8553 8549
f 8495 8502 8555
f 8495 8555 8532
f 8495 8532 8554
f 8497 8508 8499
f 8499 8508 8556
f 8499 8556 8500
f 8500 8557 8501
f 8500 8556 8558
f 8500 8558 8559
f 8500 8559 8557
f 8501 8557 8502
f 8502 8557 8555
f 8503 8543 8542
f 8503 8542 8505
f 8505 8542 8509
f 8505 8509 8506
f 8507 8515 8556
f 8507 8556 8508
f 8509 8542 8560
f 8509 8560 8561
f 8509 8561 8562
f 8509 8562 8510
f 8510 8562 8511
f 8511 8562 8512
f 8512 8562 8563
f 8512 8563 8564
f 8512 8564 8565
f 8512 8565 8558
f 8512 8558 8514
f 8512 8514 8513
f 8514 8558 8556
f 8514 8556 8515
f 8521 8566 8522
f 8522 8567 8523
f 8522 8566 8568
f 8522 8568 8567
f 8523 8567 8534
f 8523 8534 8524
f 8525 8533 8555
f 8525 8555 8526
f 8526 8555 8569
f 8526 8569 8565
f 8526 8565 8570
f 8526 8570 8528
f 8526 8528 8527
f 8528 8564 8571
f 8528 8571 8572
f 8528 8572 8573
f 8528 8573 8530
f 8528 8530 8529
f 8528 8570 8565
f 8528 8565 8564
f 8530 8573 8537
f 8530 8537 8538
f 8530 8538 8531
f 8531 8538 8536
f 8532 8555 8533
f 8532 8535 8534
f 8532 8534 8554
f 8534 8567 8553
f 8534 8553 8552
f 8534 8552 8554
f 8537 8574 8539
f 8537 8573 8574
f 8539 8574 8575
f 8539 8575 8576
f 8539 8576 8540
f 8540 8576 8545
f 8541 8577 8542
f 8541 8547 8577
f 8542 8577 8560
f 8544 8546 8547
f 8545 8578 8547
f 8545 8547 8546
f 8545 8576 8575
f 8545 8575 8572
f 8545 8572 8579
f 8545 8579 8580
f 8545 8580 8578
f 8547 8578 8577
f 8549 8553 8550
f 8550 8553 8581
f 8553 8567 8568
f 8553 8568 8566
f 8553 8566 8581
f 8555 8557 8569
f 8557 8559 8565
f 8557 8565 8569
f 8558 8565 8559
f 8560 8577 8578
f 8560 8578 8561
f 8561 8578 8580
f 8561 8580 8562
f 8562 8580 8582
f 8562 8582 8571
f 8562 8571 8563
f 8563 8571 8564
f 8571 8582 8580
f 8571 8580 8579
f 8571 8579 8572
f 8572 8575 8574
f 8572 8574 8573
f 8583 8584 8589
f 8583 8589 8595
f 8583 8595 8619
f 8583 8619 8641
f 8583 8641 8662
f 8583 8662 8661
f 8583 8661 8684
f 8583 8684 8704
f 8583 8704 8703
f 8583 8703 8716
f 8583 8716 8726
f 8583 8726 8725
f 8583 8725 8724
f 8583 8724 8730
f 8583 8730 8728
f 8583 8728 8727
f 8583 8727 8717
f 8583 8717 8705
f 8583 8705 8685
f 8583 8685 8663
f 8583 8663 8643
f 8583 8643 8620
f 8583 8620 8596
f 8583 8596 8590
f 8583 8590 8585
f 8583 8585 8586
f 8583 8586 8587
f 8583 8587 8592
f 8583 8592 8598
f 8583 8598 8624
f 8583 8624 8633
f 8583 8633 8617
f 8583 8617 8616
f 8583 8616 8615
f 8583 8615 8614
f 8583 8614 8613
f 8583 8613 8612
f 8583 8612 8611
f 8583 8611 8610
f 8583 8610 8605
f 8583 8605 8593
f 8583 8593 8588
f 8583 8588 8584
f 8584 8588 8589
f 8585 8590 8591
f 8585 8591 8586
f 8586 8591 8587
f 8587 8591 8592
f 8588 8593 8594
f 8588 8594 8589
f 8589 8594 8609
f 8589 8609 8637
f 8589 8637 8656
f 8589 8656 8679
f 8589 8679 8657
f 8589 8657 8638
f 8589 8638 8618
f 8589 8618 8595
f 8590 8596 8597
f 8590 8597 8591
f 8591 8598 8592
f 8591 8597 8599
f 8591 8599 8600
f 8591 8600 8601
f 8591 8601 8602
f 8591 8602 8603
f 8591 8603 8604
f 8591 8604 8598
f 8593 8605 8594
f 8594 8606 8607
f 8594 8607 8608
f 8594 8608 8609
f 8594 8605 8610
f 8594 8610 8611
f 8594 8611 8612
f 8594 8612 8613
f 8594 8613 8614
f 8594 8614 8615
f 8594 8615 8616
f 8594 8616 8617
f 8594 8617 8606
f 8595 8618 8619
f 8596 8620 8621
f 8596 8621 8597
f 8597 8621 8622
f 8597 8622 8599
f 8598 8604 8623
f 8598 8623 8624
f 8599 8622 8600
f 8600 8622 8601
f 8601 8622 8625
f 8601 8625 8626
f 8601 8626 8627
f 8601 8627 8602
f 8602 8627 8603
f 8603 8627 8628
f 8603 8628 8629
f 8603 8629 8630
f 8603 8630 8604
f 8604 8630 8631
f 8604 8631 8632
f 8604 8632 8623
f 8606 8617 8633
f 8606 8633 8607
f 8607 8634 8608
f 8607 8633 8635
f 8607 8635 8634
f 8608 8634 8636
f 8608 8636 8609
f 8609 8636 8637
f 8618 8638 8639
f 8618 8639 8640
f 8618 8640 8641
f 8618 8641 8642
f 8618 8642 8619
f 8619 8642 8641
f 8620 8643 8644
f 8620 8644 8621
f 8621 8644 8645
f 8621 8645 8622
f 8622 8645 8646
f 8622 8646 8628
f 8622 8628 8625
f 8623 8635 8633
f 8623 8633 8624
f 8623 8632 8635
f 8625 8628 8626
f 8626 8628 8627
f 8628 8646 8647
f 8628 8647 8648
f 8628 8648 8649
f 8628 8649 8629
f 8629 8649 8650
f 8629 8650 8632
f 8629 8632 8630
f 8630 8632 8631
f 8632 8650 8651
f 8632 8651 8635
f 8634 8652 8636
f 8634 8635 8653
f 8634 8653 8651
f 8634 8651 8652
f 8635 8651 8653
f 8636 8652 8654
f 8636 8654 8655
f 8636 8655 8656
f 8636 8656 8637
f 8638 8657 8639
f 8639 8658 8640
f 8639 8657 8658
f 8640 8658 8659
f 8640 8659 8660
f 8640 8660 8661
f 8640 8661 8662
f 8640 8662 8641
f 8643 8663 8664
f 8643 8664 8665
f 8643 8665 8644
f 8644 8665 8645
f 8645 8665 8666
f 8645 8666 8646
f 8646 8666 8647
f 8647 8666 8667
f 8647 8667 8648
f 8648 8667 8668
f 8648 8668 8649
f 8649 8669 8650
f 8649 8668 8670
f 8649 8670 8671
f 8649 8671 8669
f 8650 8669 8672
f 8650 8672 8673
f 8650 8673 8674
f 8650 8674 8651
f 8651 8674 8652
f 8652 8674 8673
f 8652 8673 8672
f 8652 8672 8675
f 8652 8675 8654
f 8654 8675 8676
f 8654 8676 8677
f 8654 8677 8655
f 8655 8677 8678
f 8655 8678 8656
f 8656 8678 8680
f 8656 8680 8679
f 8657 8679 8681
f 8657 8681 8658
f 8658 8681 8682
f 8658 8682 8683
f 8658 8683 8659
f 8659 8683 8684
f 8659 8684 8660
f 8660 8684 8661
f 8663 8685 8664
f 8664 8685 8665
f 8665 8685 8686
f 8665 8686 8687
f 8665 8687 8666
f 8666 8687 8667
f 8667 8687 8688
f 8667 8688 8668
f 8668 8688 8689
f 8668 8689 8690
f 8668 8690 8670
f 8669 8671 8691
f 8669 8691 8672
f 8670 8690 8692
f 8670 8692 8693
f 8670 8693 8691
f 8670 8691 8671
f 8672 8691 8675
f 8675 8691 8676
f 8676 8694 8678
f 8676 8678 8677
f 8676 8691 8694
f 8678 8694 8680
f 8679 8680 8695
f 8679 8695 8681
f 8680 8696 8697
f 8680 8697 8698
f 8680 8698 8695
f 8680 8694 8696
f 8681 8695 8698
f 8681 8698 8697
f 8681 8697 8699
f 8681 8699 8682
f 8682 8699 8700
f 8682 8700 8701
f 8682 8701 8702
f 8682 8702 8703
f 8682 8703 8683
f 8683 8703 8704
f 8683 8704 8684
f 8685 8688 8686
f 8685 8705 8688
f 8686 8688 8687
f 8688 8705 8706
f 8688 8706 8707
f 8688 8707 8708
f 8688 8708 8709
f 8688 8709 8689
f 8689 8709 8710
f 8689 8710 8692
f 8689 8692 8690
f 8691 8693 8694
f 8692 8710 8693
f 8693 8711 8712
f 8693 8712 8694
f 8693 8710 8711
f 8694 8712 8713
f 8694 8713 8696
f 8696 8713 8714
f 8696 8714 8699
f 8696 8699 8697
f 8699 8714 8700
f 8700 8714 8713
f 8700 8713 8702
f 8700 8702 8701
f 8702 8713 8715
f 8702 8715 8716
f 8702 8716 8703
f 8705 8717 8706
f 8706 8717 8718
f 8706 8718 8719
f 8706 8719 8707
f 8707 8719 8720
f 8707 8720 8708
f 8708 8720 8709
f 8709 8720 8710
f 8710 8720 8721
f 8710 8721 8711
f 8711 8721 8722
f 8711 8722 8712
f 8712 8722 8723
f 8712 8723 8724
f 8712 8724 8725
f 8712 8725 8715
f 8712 8715 8713
f 8715 8725 8726
f 8715 8726 8716
f 8717 8727 8718
f 8718 8727 8728
f 8718 8728 8719
f 8719 8728 8720
f 8720 8728 8729
f 8720 8729 8721
f 8721 8729 8723
f 8721 8723 8722
f 8723 8729 8728
f 8723 8728 8730
f 8723 8730 8724
f 8731 8732 8738
f 8731 8738 8733
f 8731 8733 8734
f 8731 8734 8735
f 8731 8735 8736
f 8731 8736 8737
f 8731 8737 8732
f 8732 8737 8738
f 8733 8739 8740
f 8733 8740 8741
f 8733 8741 8734
f 8733 8738 8749
f 8733 8749 8742
f 8733 8742 8743
f 8733 8743 8739
f 8734 8741 8744
f 8734 8744 8735
f 8735 8744 8745
f 8735 8745 8746
f 8735 8746 8747
f 8735 8747 8736
f 8736 8747 8748
f 8736 8748 8737
f 8737 8748 8749
f 8737 8749 8738
f 8739 8743 8750
f 8739 8750 8751
f 8739 8751 8752
f 8739 8752 8753
f 8739 8753 8740
f 8740 8753 8741
f 8741 8753 8744
f 8742 8749 8766
f 8742 8766 8754
f 8742 8754 8755
f 8742 8755 8743
f 8743 8755 8756
f 8743 8756 8750
f 8744 8757 8745
f 8744 8753 8752
f 8744 8752 8758
f 8744 8758 8759
f 8744 8759 8757
f 8745 8757 8746
f 8746 8760 8761
f 8746 8761 8762
f 8746 8762 8763
f 8746 8763 8747
f 8746 8757 8760
f 8747 8763 8764
f 8747 8764 8748
f 8748 8764 8749
f 8749 8765 8766
f 8749 8764 8767
f 8749 8767 8765
f 8750 8756 8768
f 8750 8768 8769
f 8750 8769 8770
f 8750 8770 8751
f 8751 8771 8772
f 8751 8772 8773
f 8751 8773 8758
f 8751 8758 8752
f 8751 8770 8774
f 8751 8774 8771
f 8754 8766 8775
f 8754 8775 8755
f 8755 8775 8776
f 8755 8776 8777
f 8755 8777 8756
f 8756 8778 8768
f 8756 8777 8778
f 8757 8779 8807
f 8757 8807 8780
f 8757 8780 8781
f 8757 8781 8760
f 8757 8759 8782
f 8757 8782 8808
f 8757 8808 8779
f 8758 8773 8783
f 8758 8783 8782
f 8758 8782 8759
f 8760 8784 8761
f 8760 8781 8784
f 8761 8784 8785
f 8761 8785 8762
f 8762 8785 8786
f 8762 8786 8787
f 8762 8787 8763
f 8763 8787 8788
f 8763 8788 8764
f 8764 8788 8767
f 8765 8789 8825
f 8765 8825 8866
f 8765 8866 8884
f 8765 8884 8887
f 8765 8887 8886
f 8765 8886 8894
f 8765 8894 8888
f 8765 8888 8871
f 8765 8871 8843
f 8765 8843 8842
f 8765 8842 8841
f 8765 8841 8840
f 8765 8840 8805
f 8765 8805 8804
f 8765 8804 8776
f 8765 8776 8775
f 8765 8775 8766
f 8765 8767 8790
f 8765 8790 8789
f 8767 8788 8791
f 8767 8791 8824
f 8767 8824 8865
f 8767 8865 8864
f 8767 8864 8863
f 8767 8863 8883
f 8767 8883 8893
f 8767 8893 8892
f 8767 8892 8890
f 8767 8890 8889
f 8767 8889 8885
f 8767 8885 8867
f 8767 8867 8831
f 8767 8831 8830
f 8767 8830 8829
f 8767 8829 8828
f 8767 8828 8827
f 8767 8827 8826
f 8767 8826 8790
f 8768 8778 8792
f 8768 8792 8793
f 8768 8793 8794
f 8768 8794 8795
f 8768 8795 8769
f 8769 8795 8770
f 8770 8796 8797
f 8770 8797 8798
f 8770 8798 8799
f 8770 8799 8774
f 8770 8795 8794
f 8770 8794 8796
f 8771 8774 8800
f 8771 8800 8801
f 8771 8801 8772
f 8772 8801 8802
f 8772 8802 8773
f 8773 8802 8803
f 8773 8803 8783
f 8774 8799 8800
f 8776 8804 8777
f 8777 8804 8805
f 8777 8805 8806
f 8777 8806 8778
f 8778 8806 8792
f 8779 8808 8809
f 8779 8809 8810
f 8779 8810 8811
f 8779 8811 8812
f 8779 8812 8813
f 8779 8813 8807
f 8780 8807 8813
f 8780 8813 8814
f 8780 8814 8815
f 8780 8815 8781
f 8781 8815 8784
f 8782 8783 8808
f 8783 8816 8808
f 8783 8803 8802
f 8783 8802 8839
f 8783 8839 8837
f 8783 8837 8797
f 8783 8797 8836
f 8783 8836 8835
f 8783 8835 8870
f 8783 8870 8868
f 8783 8868 8833
f 8783 8833 8869
f 8783 8869 8845
f 8783 8845 8872
f 8783 8872 8871
f 8783 8871 8888
f 8783 8888 8885
f 8783 8885 8889
f 8783 8889 8877
f 8783 8877 8875
f 8783 8875 8874
f 8783 8874 8873
f 8783 8873 8851
f 8783 8851 8812
f 8783 8812 8811
f 8783 8811 8850
f 8783 8850 8849
f 8783 8849 8848
f 8783 8848 8809
f 8783 8809 8816
f 8784 8815 8854
f 8784 8854 8817
f 8784 8817 8785
f 8785 8817 8818
f 8785 8818 8819
f 8785 8819 8820
f 8785 8820 8786
f 8786 8820 8821
f 8786 8821 8822
f 8786 8822 8823
f 8786 8823 8787
f 8787 8823 8824
f 8787 8824 8791
f 8787 8791 8788
f 8789 8790 8826
f 8789 8826 8827
f 8789 8827 8828
f 8789 8828 8829
f 8789 8829 8830
f 8789 8830 8831
f 8789 8831 8825
f 8792 8832 8833
f 8792 8833 8793
f 8792 8806 8832
f 8793 8833 8794
f 8794 8834 8835
f 8794 8835 8796
f 8794 8833 8834
f 8796 8836 8797
f 8796 8835 8836
f 8797 8837 8838
f 8797 8838 8800
f 8797 8800 8798
f 8798 8800 8799
f 8800 8838 8837
f 8800 8837 8801
f 8801 8837 8839
f 8801 8839 8802
f 8805 8840 8806
f 8806 8840 8841
f 8806 8841 8842
f 8806 8842 8843
f 8806 8843 8844
f 8806 8844 8845
f 8806 8845 8846
f 8806 8846 8847
f 8806 8847 8832
f 8808 8816 8809
f 8809 8848 8810
f 8810 8848 8849
f 8810 8849 8850
f 8810 8850 8811
f 8812 8851 8813
f 8813 8851 8814
f 8814 8851 8815
f 8815 8851 8852
f 8815 8852 8853
f 8815 8853 8854
f 8817 8854 8855
f 8817 8855 8818
f 8818 8855 8856
f 8818 8856 8857
f 8818 8857 8819
f 8819 8857 8858
f 8819 8858 8820
f 8820 8858 8859
f 8820 8859 8821
f 8821 8859 8860
f 8821 8860 8861
f 8821 8861 8822
f 8822 8861 8862
f 8822 8862 8863
f 8822 8863 8864
f 8822 8864 8865
f 8822 8865 8823
f 8823 8865 8824
f 8825 8831 8867
f 8825 8867 8866
f 8832 8847 8833
f 8833 8868 8834
f 8833 8847 8846
f 8833 8846 8869
f 8834 8868 8870
f 8834 8870 8835
f 8843 8871 8844
f 8844 8871 8872
f 8844 8872 8845
f 8845 8869 8846
f 8851 8873 8852
f 8852 8873 8853
f 8853 8873 8855
f 8853 8855 8854
f 8855 8873 8874
f 8855 8874 8875
f 8855 8875 8876
f 8855 8876 8856
f 8856 8876 8877
f 8856 8877 8857
f 8857 8877 8878
f 8857 8878 8879
f 8857 8879 8858
f 8858 8879 8880
f 8858 8880 8859
f 8859 8880 8881
f 8859 8881 8882
f 8859 8882 8860
f 8860 8882 8861
f 8861 8882 8862
f 8862 8882 8883
f 8862 8883 8863
f 8866 8867 8884
f 8867 8885 8886
f 8867 8886 8887
f 8867 8887 8884
f 8875 8877 8876
f 8877 8889 8890
f 8877 8890 8878
f 8878 8890 8879
f 8879 8890 8880
f 8880 8891 8882
f 8880 8882 8881
f 8880 8890 8892
f 8880 8892 8893
f 8880 8893 8891
f 8882 8891 8893
f 8882 8893 8883
f 8885 8888 8894
f 8885 8894 8886
f 8895 8896 8897
f 8895 8897 8902
f 8895 8902 8898
f 8895 8898 8904
f 8895 8904 8922
f 8895 8922 8921
f 8895 8921 8944
f 8895 8944 8987
f 8895 8987 9036
f 8895 9036 9035
f 8895 9035 9088
f 8895 9088 9087
f 8895 9087 9135
f 8895 9135 9134
f 8895 9134 9173
f 8895 9173 9172
f 8895 9172 9171
f 8895 9171 9182
f 8895 9182 9181
f 8895 9181 9144
f 8895 9144 9095
f 8895 9095 9048
f 8895 9048 9047
f 8895 9047 8995
f 8895 8995 8994
f 8895 8994 8948
f 8895 8948 8924
f 8895 8924 8905
f 8895 8905 8899
f 8895 8899 8900
f 8895 8900 8896
f 8896 8901 8908
f 8896 8908 8930
f 8896 8930 8969
f 8896 8969 9012
f 8896 9012 9066
f 8896 9066 9021
f 8896 9021 8976
f 8896 8976 8935
f 8896 8935 8911
f 8896 8911 8902
f 8896 8902 8897
f 8896 8900 8907
f 8896 8907 8929
f 8896 8929 8968
f 8896 8968 9011
f 8896 9011 9065
f 8896 9065 9110
f 8896 9110 9153
f 8896 9153 9158
f 8896 9158 9120
f 8896 9120 9074
f 8896 9074 9073
f 8896 9073 9018
f 8896 9018 8971
f 8896 8971 8932
f 8896 8932 8909
f 8896 8909 8901
f 8898 8903 8904
f 8898 8902 8903
f 8899 8905 8923
f 8899 8923 8945
f 8899 8945 8988
f 8899 8988 9037
f 8899 9037 9038
f 8899 9038 9050
f 8899 9050 8997
f 8899 8997 8950
f 8899 8950 8926
f 8899 8926 8906
f 8899 8906 8900
f 8900 8906 8926
f 8900 8926 8907
f 8901 8909 8910
f 8901 8910 8908
f 8902 8911 8912
f 8902 8912 8913
f 8902 8913 8914
f 8902 8914 8915
f 8902 8915 8916
f 8902 8916 8917
f 8902 8917 8918
f 8902 8918 8919
f 8902 8919 8903
f 8903 8919 8920
f 8903 8920 8921
f 8903 8921 8922
f 8903 8922 8904
f 8905 8924 8925
f 8905 8925 8923
f 8907 8927 8928
f 8907 8928 8929
f 8907 8926 8927
f 8908 8910 8931
f 8908 8931 8930
f 8909 8932 8933
f 8909 8933 8910
f 8910 8933 8934
f 8910 8934 8931
f 8911 8935 8936
f 8911 8936 8937
f 8911 8937 8912
f 8912 8937 8938
f 8912 8938 8913
f 8913 8938 8914
f 8914 8938 8915
f 8915 8938 8916
f 8916 8938 8939
f 8916 8939 8917
f 8917 8939 8940
f 8917 8940 8918
f 8918 8940 8920
f 8918 8920 8919
f 8920 8940 8941
f 8920 8941 8942
f 8920 8942 8943
f 8920 8943 8921
f 8921 8943 8944
f 8923 8925 8946
f 8923 8946 8947
f 8923 8947 8945
f 8924 8948 8949
f 8924 8949 8925
f 8925 8949 8946
f 8926 8950 8951
f 8926 8951 8952
f 8926 8952 8953
f 8926 8953 8954
f 8926 8954 8955
f 8926 8955 8956
f 8926 8956 8957
f 8926 8957 8958
f 8926 8958 8959
f 8926 8959 8960
f 8926 8960 8961
f 8926 8961 8927
f 8927 8961 8962
f 8927 8962 8928
f 8928 8962 8963
f 8928 8963 8929
f 8929 8963 8964
f 8929 8964 8965
f 8929 8965 8966
f 8929 8966 8967
f 8929 8967 8968
f 8930 8931 8969
f 8931 8934 8970
f 8931 8970 8969
f 8932 8971 8972
f 8932 8972 8933
f 8933 8973 8974
f 8933 8974 8934
f 8933 8972 8975
f 8933 8975 8973
f 8934 8974 8973
f 8934 8973 8970
f 8935 8976 8936
f 8936 8977 8978
f 8936 8978 8937
f 8936 8976 8977
f 8937 8978 8979
f 8937 8979 8980
f 8937 8980 8938
f 8938 8980 8981
f 8938 8981 8939
f 8939 8981 8940
f 8940 8981 8982
f 8940 8982 8941
f 8941 8982 8983
f 8941 8983 8984
f 8941 8984 8942
f 8942 8984 8985
f 8942 8985 8986
f 8942 8986 8943
f 8943 8986 8987
f 8943 8987 8944
f 8945 8947 8989
f 8945 8989 8988
f 8946 8949 8990
f 8946 8990 8947
f 8947 8991 8989
f 8947 8990 8992
f 8947 8992 8993
f 8947 8993 8991
f 8948 8994 8949
f 8949 8994 8995
f 8949 8995 8996
f 8949 8996 8990
f 8950 8997 8998
f 8950 8998 8952
f 8950 8952 8951
f 8952 8998 8999
f 8952 8999 8953
f 8953 9000 9001
f 8953 9001 8954
f 8953 8999 9000
f 8954 9001 8955
f 8955 9001 9002
f 8955 9002 8956
f 8956 9002 8957
f 8957 9002 8958
f 8958 9002 9003
f 8958 9003 8959
f 8959 9003 9004
f 8959 9004 9005
f 8959 9005 8960
f 8960 9005 9006
f 8960 9006 8961
f 8961 9006 8962
f 8962 9006 8963
f 8963 9006 8964
f 8964 9006 9005
f 8964 9005 8965
f 8965 9007 9008
f 8965 9008 8967
f 8965 8967 8966
f 8965 9005 9007
f 8967 9008 9009
f 8967 9009 9010
f 8967 9010 9011
f 8967 9011 8968
f 8969 8970 9012
f 8970 8973 9013
f 8970 9013 9014
f 8970 9014 9015
f 8970 9015 9016
f 8970 9016 9017
f 8970 9017 9012
f 8971 9018 9019
f 8971 9019 8972
f 8972 9019 9020
f 8972 9020 8975
f 8973 8975 9020
f 8973 9020 9013
f 8976 9021 8977
f 8977 9022 9023
f 8977 9023 9024
f 8977 9024 8978
f 8977 9021 9022
f 8978 9024 9025
f 8978 9025 9026
f 8978 9026 8979
f 8979 9026 9027
f 8979 9027 8980
f 8980 9027 9028
f 8980 9028 9029
f 8980 9029 8982
f 8980 8982 8981
f 8982 9029 8983
f 8983 9029 9030
f 8983 9030 9031
f 8983 9031 9032
f 8983 9032 8984
f 8984 9032 8985
f 8985 9032 9033
f 8985 9033 9034
f 8985 9034 8986
f 8986 9034 9035
f 8986 9035 9036
f 8986 9036 8987
f 8988 8989 9037
f 8989 9038 9037
f 8989 8991 9038
f 8990 8996 9039
f 8990 9039 9040
f 8990 9040 8992
f 8991 9041 9042
f 8991 9042 9043
f 8991 9043 9038
f 8991 8993 9041
f 8992 9044 8993
f 8992 9040 9044
f 8993 9045 9041
f 8993 9044 9046
f 8993 9046 9045
f 8995 9047 8996
f 8996 9047 9048
f 8996 9048 9049
f 8996 9049 9039
f 8997 9050 9043
f 8997 9043 9042
f 8997 9042 8998
f 8998 9041 9051
f 8998 9051 9052
f 8998 9052 9053
f 8998 9053 8999
f 8998 9042 9041
f 8999 9002 9054
f 8999 9054 9000
f 8999 9053 9055
f 8999 9055 9056
f 8999 9056 9057
f 8999 9057 9058
f 8999 9058 9002
f 9000 9054 9001
f 9001 9054 9002
f 9002 9058 9003
f 9003 9058 9059
f 9003 9059 9060
f 9003 9060 9004
f 9004 9060 9005
f 9005 9060 9007
f 9007 9060 9008
f 9008 9060 9061
f 9008 9061 9009
f 9009 9062 9063
f 9009 9063 9064
f 9009 9064 9010
f 9009 9061 9062
f 9010 9065 9011
f 9010 9064 9065
f 9012 9017 9066
f 9013 9020 9014
f 9014 9067 9016
f 9014 9016 9015
f 9014 9020 9068
f 9014 9068 9069
f 9014 9069 9067
f 9016 9070 9071
f 9016 9071 9072
f 9016 9072 9017
f 9016 9067 9070
f 9017 9072 9071
f 9017 9071 9066
f 9018 9073 9019
f 9019 9073 9074
f 9019 9074 9075
f 9019 9075 9068
f 9019 9068 9020
f 9021 9066 9022
f 9022 9066 9071
f 9022 9071 9023
f 9023 9071 9076
f 9023 9076 9077
f 9023 9077 9024
f 9024 9077 9078
f 9024 9078 9025
f 9025 9078 9079
f 9025 9079 9026
f 9026 9028 9027
f 9026 9079 9080
f 9026 9080 9081
f 9026 9081 9028
f 9028 9030 9029
f 9028 9081 9030
f 9030 9081 9082
f 9030 9082 9031
f 9031 9082 9083
f 9031 9083 9084
f 9031 9084 9032
f 9032 9084 9033
f 9033 9084 9085
f 9033 9085 9086
f 9033 9086 9034
f 9034 9086 9087
f 9034 9087 9088
f 9034 9088 9035
f 9038 9043 9050
f 9039 9049 9040
f 9040 9049 9089
f 9040 9089 9090
f 9040 9090 9091
f 9040 9091 9046
f 9040 9046 9044
f 9041 9045 9051
f 9045 9046 9051
f 9046 9091 9092
f 9046 9092 9093
f 9046 9093 9094
f 9046 9094 9052
f 9046 9052 9051
f 9048 9095 9096
f 9048 9096 9049
f 9049 9096 9089
f 9052 9055 9053
f 9052 9094 9097
f 9052 9097 9056
f 9052 9056 9055
f 9056 9097 9057
f 9057 9098 9099
f 9057 9099 9100
f 9057 9100 9101
f 9057 9101 9058
f 9057 9097 9098
f 9058 9101 9102
f 9058 9102 9059
f 9059 9102 9103
f 9059 9103 9060
f 9060 9104 9061
f 9060 9103 9104
f 9061 9104 9105
f 9061 9105 9106
f 9061 9106 9062
f 9062 9107 9108
f 9062 9108 9109
f 9062 9109 9064
f 9062 9064 9063
f 9062 9106 9107
f 9064 9109 9065
f 9065 9109 9110
f 9067 9111 9070
f 9067 9069 9112
f 9067 9112 9113
f 9067 9113 9111
f 9068 9075 9114
f 9068 9114 9115
f 9068 9115 9116
f 9068 9116 9117
f 9068 9117 9069
f 9069 9117 9118
f 9069 9118 9119
f 9069 9119 9112
f 9070 9076 9071
f 9070 9111 9076
f 9074 9120 9075
f 9075 9120 9114
f 9076 9111 9077
f 9077 9111 9121
f 9077 9121 9122
f 9077 9122 9078
f 9078 9122 9123
f 9078 9123 9124
f 9078 9124 9125
f 9078 9125 9079
f 9079 9125 9080
f 9080 9125 9126
f 9080 9126 9127
f 9080 9127 9128
f 9080 9128 9081
f 9081 9128 9129
f 9081 9129 9082
f 9082 9129 9083
f 9083 9129 9130
f 9083 9130 9131
f 9083 9131 9084
f 9084 9131 9085
f 9085 9131 9132
f 9085 9132 9133
f 9085 9133 9086
f 9086 9133 9134
f 9086 9134 9135
f 9086 9135 9087
f 9089 9096 9090
f 9090 9096 9136
f 9090 9136 9137
f 9090 9137 9138
f 9090 9138 9091
f 9091 9138 9139
f 9091 9139 9092
f 9092 9139 9140
f 9092 9140 9141
f 9092 9141 9093
f 9093 9141 9142
f 9093 9142 9143
f 9093 9143 9098
f 9093 9098 9097
f 9093 9097 9094
f 9095 9144 9145
f 9095 9145 9096
f 9096 9145 9136
f 9098 9143 9146
f 9098 9146 9099
f 9099 9146 9147
f 9099 9147 9100
f 9100 9147 9105
f 9100 9105 9104
f 9100 9104 9102
f 9100 9102 9101
f 9102 9104 9103
f 9105 9147 9148
f 9105 9148 9149
f 9105 9149 9106
f 9106 9149 9150
f 9106 9150 9107
f 9107 9150 9151
f 9107 9151 9152
f 9107 9152 9108
f 9108 9152 9109
f 9109 9153 9110
f 9109 9152 9115
f 9109 9115 9153
f 9111 9113 9154
f 9111 9154 9123
f 9111 9123 9121
f 9112 9119 9113
f 9113 9119 9155
f 9113 9155 9156
f 9113 9156 9157
f 9113 9157 9154
f 9114 9158 9115
f 9114 9120 9158
f 9115 9152 9116
f 9115 9158 9153
f 9116 9152 9151
f 9116 9151 9117
f 9117 9151 9118
f 9118 9159 9155
f 9118 9155 9119
f 9118 9151 9150
f 9118 9150 9160
f 9118 9160 9159
f 9121 9123 9122
f 9123 9154 9157
f 9123 9157 9124
f 9124 9157 9161
f 9124 9161 9126
f 9124 9126 9125
f 9126 9161 9162
f 9126 9162 9163
f 9126 9163 9127
f 9127 9163 9164
f 9127 9164 9128
f 9128 9164 9165
f 9128 9165 9129
f 9129 9165 9130
f 9130 9165 9166
f 9130 9166 9167
f 9130 9167 9168
f 9130 9168 9131
f 9131 9168 9132
f 9132 9168 9169
f 9132 9169 9170
f 9132 9170 9133
f 9133 9170 9171
f 9133 9171 9172
f 9133 9172 9173
f 9133 9173 9134
f 9136 9145 9169
f 9136 9169 9137
f 9137 9169 9174
f 9137 9174 9175
f 9137 9175 9138
f 9138 9175 9176
f 9138 9176 9139
f 9139 9176 9177
f 9139 9177 9178
f 9139 9178 9140
f 9140 9178 9141
f 9141 9178 9179
f 9141 9179 9142
f 9142 9179 9180
f 9142 9180 9143
f 9143 9180 9146
f 9144 9181 9145
f 9145 9181 9182
f 9145 9182 9170
f 9145 9170 9169
f 9146 9180 9183
f 9146 9183 9147
f 9147 9183 9184
f 9147 9184 9148
f 9148 9183 9160
f 9148 9160 9150
f 9148 9150 9149
f 9148 9184 9183
f 9155 9159 9185
f 9155 9185 9186
f 9155 9186 9187
f 9155 9187 9156
f 9156 9187 9157
f 9157 9187 9188
f 9157 9188 9161
f 9159 9160 9189
f 9159 9189 9185
f 9160 9183 9190
f 9160 9190 9189
f 9161 9188 9162
f 9162 9188 9191
f 9162 9191 9192
f 9162 9192 9163
f 9163 9192 9193
f 9163 9193 9164
f 9164 9193 9166
f 9164 9166 9165
f 9166 9193 9176
f 9166 9176 9167
f 9167 9176 9175
f 9167 9175 9174
f 9167 9174 9168
f 9168 9174 9169
f 9170 9182 9171
f 9176 9193 9177
f 9177 9194 9178
f 9177 9193 9192
f 9177 9192 9194
f 9178 9194 9180
f 9178 9180 9179
f 9180 9194 9191
f 9180 9191 9195
f 9180 9195 9183
f 9183 9195 9189
f 9183 9189 9190
f 9185 9189 9186
f 9186 9189 9187
f 9187 9189 9188
f 9188 9189 9195
f 9188 9195 9191
f 9191 9194 9192
f 9196 9197 9202
f 9196 9202 9208
f 9196 9208 9217
f 9196 9217 9230
f 9196 9230 9252
f 9196 9252 9275
f 9196 9275 9297
f 9196 9297 9261
f 9196 9261 9238
f 9196 9238 9220
f 9196 9220 9211
f 9196 9211 9204
f 9196 9204 9203
f 9196 9203 9198
f 9196 9198 9199
f 9196 9199 9200
f 9196 9200 9207
f 9196 9207 9216
f 9196 9216 9229
f 9196 9229 9250
f 9196 9250 9251
f 9196 9251 9274
f 9196 9274 9318
f 9196 9318 9360
f 9196 9360 9362
f 9196 9362 9366
f 9196 9366 9324
f 9196 9324 9282
f 9196 9282 9255
f 9196 9255 9232
f 9196 9232 9218
f 9196 9218 9209
f 9196 9209 9201
f 9196 9201 9197
f 9197 9201 9202
f 9198 9203 9199
f 9199 9203 9204
f 9199 9204 9205
f 9199 9205 9206
f 9199 9206 9200
f 9200 9206 9207
f 9201 9208 9202
f 9201 9209 9210
f 9201 9210 9208
f 9204 9211 9212
f 9204 9212 9205
f 9205 9213 9214
f 9205 9214 9215
f 9205 9215 9216
f 9205 9216 9207
f 9205 9207 9206
f 9205 9212 9213
f 9208 9210 9219
f 9208 9219 9237
f 9208 9237 9260
f 9208 9260 9296
f 9208 9296 9343
f 9208 9343 9342
f 9208 9342 9389
f 9208 9389 9388
f 9208 9388 9434
f 9208 9434 9433
f 9208 9433 9476
f 9208 9476 9490
f 9208 9490 9447
f 9208 9447 9445
f 9208 9445 9405
f 9208 9405 9363
f 9208 9363 9319
f 9208 9319 9279
f 9208 9279 9254
f 9208 9254 9231
f 9208 9231 9217
f 9209 9218 9234
f 9209 9234 9258
f 9209 9258 9288
f 9209 9288 9332
f 9209 9332 9374
f 9209 9374 9417
f 9209 9417 9416
f 9209 9416 9459
f 9209 9459 9493
f 9209 9493 9494
f 9209 9494 9466
f 9209 9466 9465
f 9209 9465 9461
f 9209 9461 9421
f 9209 9421 9420
f 9209 9420 9419
f 9209 9419 9376
f 9209 9376 9334
f 9209 9334 9289
f 9209 9289 9259
f 9209 9259 9235
f 9209 9235 9219
f 9209 9219 9210
f 9211 9220 9221
f 9211 9221 9222
f 9211 9222 9213
f 9211 9213 9212
f 9213 9222 9223
f 9213 9223 9224
f 9213 9224 9225
f 9213 9225 9214
f 9214 9225 9226
f 9214 9226 9227
f 9214 9227 9228
f 9214 9228 9215
f 9215 9228 9229
f 9215 9229 9216
f 9217 9231 9230
f 9218 9232 9233
f 9218 9233 9234
f 9219 9235 9236
f 9219 9236 9237
f 9220 9238 9239
f 9220 9239 9221
f 9221 9239 9240
f 9221 9240 9241
f 9221 9241 9223
f 9221 9223 9222
f 9223 9241 9242
f 9223 9242 9243
f 9223 9243 9244
f 9223 9244 9225
f 9223 9225 9224
f 9225 9244 9245
f 9225 9245 9246
f 9225 9246 9227
f 9225 9227 9226
f 9227 9247 9228
f 9227 9246 9248
f 9227 9248 9249
f 9227 9249 9247
f 9228 9250 9229
f 9228 9247 9251
f 9228 9251 9250
f 9230 9231 9253
f 9230 9253 9252
f 9231 9254 9253
f 9232 9255 9256
f 9232 9256 9233
f 9233 9256 9257
f 9233 9257 9234
f 9234 9257 9258
f 9235 9259 9236
f 9236 9259 9260
f 9236 9260 9237
f 9238 9261 9262
f 9238 9262 9239
f 9239 9262 9263
f 9239 9263 9264
f 9239 9264 9240
f 9240 9264 9265
f 9240 9265 9241
f 9241 9265 9266
f 9241 9266 9242
f 9242 9267 9244
f 9242 9244 9243
f 9242 9266 9267
f 9244 9268 9245
f 9244 9267 9268
f 9245 9268 9269
f 9245 9269 9246
f 9246 9269 9270
f 9246 9270 9248
f 9247 9249 9251
f 9248 9271 9272
f 9248 9272 9249
f 9248 9270 9271
f 9249 9272 9273
f 9249 9273 9274
f 9249 9274 9251
f 9252 9253 9276
f 9252 9276 9275
f 9253 9277 9278
f 9253 9278 9275
f 9253 9275 9276
f 9253 9254 9279
f 9253 9279 9280
f 9253 9280 9281
f 9253 9281 9277
f 9255 9282 9283
f 9255 9283 9256
f 9256 9283 9257
f 9257 9283 9284
f 9257 9284 9285
f 9257 9285 9286
f 9257 9286 9287
f 9257 9287 9258
f 9258 9287 9288
f 9259 9289 9290
f 9259 9290 9291
f 9259 9291 9260
f 9260 9292 9293
f 9260 9293 9294
f 9260 9294 9295
f 9260 9295 9296
f 9260 9291 9290
f 9260 9290 9292
f 9261 9297 9278
f 9261 9278 9262
f 9262 9278 9298
f 9262 9298 9299
f 9262 9299 9263
f 9263 9299 9300
f 9263 9300 9301
f 9263 9301 9302
f 9263 9302 9265
f 9263 9265 9264
f 9265 9302 9303
f 9265 9303 9304
f 9265 9304 9266
f 9266 9304 9267
f 9267 9304 9305
f 9267 9305 9306
f 9267 9306 9268
f 9268 9306 9307
f 9268 9307 9308
f 9268 9308 9309
f 9268 9309 9310
f 9268 9310 9269
f 9269 9310 9270
f 9270 9310 9309
f 9270 9309 9311
f 9270 9311 9271
f 9271 9311 9312
f 9271 9312 9313
f 9271 9313 9272
f 9272 9313 9314
f 9272 9314 9315
f 9272 9315 9316
f 9272 9316 9317
f 9272 9317 9273
f 9273 9317 9318
f 9273 9318 9274
f 9275 9278 9297
f 9277 9298 9278
f 9277 9281 9298
f 9279 9319 9320
f 9279 9320 9321
f 9279 9321 9280
f 9280 9321 9281
f 9281 9321 9322
f 9281 9322 9300
f 9281 9300 9323
f 9281 9323 9298
f 9282 9324 9283
f 9283 9324 9325
f 9283 9325 9284
f 9284 9326 9285
f 9284 9325 9327
f 9284 9327 9326
f 9285 9326 9328
f 9285 9328 9329
f 9285 9329 9286
f 9286 9329 9287
f 9287 9329 9330
f 9287 9330 9288
f 9288 9331 9332
f 9288 9330 9333
f 9288 9333 9331
f 9289 9334 9290
f 9290 9334 9293
f 9290 9293 9292
f 9293 9335 9336
f 9293 9336 9337
f 9293 9337 9295
f 9293 9295 9294
f 9293 9334 9338
f 9293 9338 9339
f 9293 9339 9335
f 9295 9337 9340
f 9295 9340 9341
f 9295 9341 9342
f 9295 9342 9343
f 9295 9343 9296
f 9298 9323 9299
f 9299 9323 9300
f 9300 9322 9301
f 9301 9322 9344
f 9301 9344 9303
f 9301 9303 9302
f 9303 9344 9345
f 9303 9345 9305
f 9303 9305 9304
f 9305 9345 9346
f 9305 9346 9347
f 9305 9347 9348
f 9305 9348 9349
f 9305 9349 9350
f 9305 9350 9351
f 9305 9351 9306
f 9306 9351 9307
f 9307 9351 9308
f 9308 9351 9350
f 9308 9350 9352
f 9308 9352 9353
f 9308 9353 9354
f 9308 9354 9309
f 9309 9354 9311
f 9311 9354 9312
f 9312 9355 9313
f 9312 9354 9355
f 9313 9355 9314
f 9314 9355 9356
f 9314 9356 9357
f 9314 9357 9358
f 9314 9358 9315
f 9315 9358 9359
f 9315 9359 9316
f 9316 9359 9317
f 9317 9360 9318
f 9317 9359 9327
f 9317 9327 9361
f 9317 9361 9362
f 9317 9362 9360
f 9319 9363 9320
f 9320 9363 9321
f 9321 9363 9364
f 9321 9364 9322
f 9322 9364 9365
f 9322 9365 9344
f 9324 9366 9361
f 9324 9361 9325
f 9325 9361 9327
f 9326 9327 9328
f 9327 9359 9367
f 9327 9367 9357
f 9327 9357 9368
f 9327 9368 9328
f 9328 9369 9370
f 9328 9370 9329
f 9328 9368 9371
f 9328 9371 9369
f 9329 9370 9372
f 9329 9372 9330
f 9330 9372 9333
f 9331 9373 9374
f 9331 9374 9332
f 9331 9333 9375
f 9331 9375 9373
f 9333 9372 9375
f 9334 9376 9338
f 9335 9339 9377
f 9335 9377 9378
f 9335 9378 9379
f 9335 9379 9380
f 9335 9380 9381
f 9335 9381 9382
f 9335 9382 9336
f 9336 9382 9337
f 9337 9382 9383
f 9337 9383 9384
f 9337 9384 9341
f 9337 9341 9340
f 9338 9376 9377
f 9338 9377 9339
f 9341 9385 9386
f 9341 9386 9387
f 9341 9387 9388
f 9341 9388 9389
f 9341 9389 9342
f 9341 9384 9385
f 9344 9365 9390
f 9344 9390 9345
f 9345 9390 9391
f 9345 9391 9392
f 9345 9392 9347
f 9345 9347 9346
f 9347 9392 9393
f 9347 9393 9349
f 9347 9349 9348
f 9349 9393 9394
f 9349 9394 9350
f 9350 9394 9395
f 9350 9395 9352
f 9352 9395 9353
f 9353 9395 9394
f 9353 9394 9396
f 9353 9396 9397
f 9353 9397 9398
f 9353 9398 9399
f 9353 9399 9354
f 9354 9399 9398
f 9354 9398 9400
f 9354 9400 9401
f 9354 9401 9355
f 9355 9401 9402
f 9355 9402 9403
f 9355 9403 9356
f 9356 9403 9357
f 9357 9359 9358
f 9357 9403 9404
f 9357 9404 9368
f 9357 9367 9359
f 9361 9366 9362
f 9363 9405 9406
f 9363 9406 9364
f 9364 9406 9365
f 9365 9406 9405
f 9365 9405 9407
f 9365 9407 9408
f 9365 9408 9409
f 9365 9409 9410
f 9365 9410 9390
f 9368 9404 9371
f 9369 9371 9411
f 9369 9411 9370
f 9370 9411 9372
f 9371 9412 9413
f 9371 9413 9414
f 9371 9414 9411
f 9371 9404 9402
f 9371 9402 9412
f 9372 9411 9375
f 9373 9415 9416
f 9373 9416 9417
f 9373 9417 9374
f 9373 9375 9418
f 9373 9418 9415
f 9375 9411 9418
f 9376 9419 9377
f 9377 9419 9420
f 9377 9420 9421
f 9377 9421 9378
f 9378 9421 9379
f 9379 9422 9423
f 9379 9423 9380
f 9379 9421 9424
f 9379 9424 9425
f 9379 9425 9426
f 9379 9426 9422
f 9380 9427 9381
f 9380 9423 9427
f 9381 9427 9428
f 9381 9428 9429
f 9381 9429 9382
f 9382 9429 9383
f 9383 9429 9385
f 9383 9385 9384
f 9385 9429 9430
f 9385 9430 9431
f 9385 9431 9386
f 9386 9431 9387
f 9387 9431 9432
f 9387 9432 9433
f 9387 9433 9434
f 9387 9434 9388
f 9390 9410 9409
f 9390 9409 9391
f 9391 9409 9435
f 9391 9435 9392
f 9392 9435 9436
f 9392 9436 9393
f 9393 9436 9437
f 9393 9437 9438
f 9393 9438 9439
f 9393 9439 9394
f 9394 9439 9396
f 9396 9439 9440
f 9396 9440 9441
f 9396 9441 9442
f 9396 9442 9397
f 9397 9442 9443
f 9397 9443 9398
f 9398 9443 9444
f 9398 9444 9400
f 9400 9444 9412
f 9400 9412 9401
f 9401 9412 9402
f 9402 9404 9403
f 9405 9445 9446
f 9405 9446 9408
f 9405 9408 9407
f 9408 9446 9445
f 9408 9445 9409
f 9409 9445 9447
f 9409 9447 9448
f 9409 9448 9449
f 9409 9449 9450
f 9409 9450 9435
f 9411 9451 9452
f 9411 9452 9453
f 9411 9453 9418
f 9411 9414 9413
f 9411 9413 9451
f 9412 9454 9455
f 9412 9455 9456
f 9412 9456 9413
f 9412 9444 9454
f 9413 9456 9457
f 9413 9457 9451
f 9415 9418 9458
f 9415 9458 9416
f 9416 9458 9459
f 9418 9460 9458
f 9418 9453 9452
f 9418 9452 9460
f 9421 9461 9424
f 9422 9426 9425
f 9422 9425 9462
f 9422 9462 9463
f 9422 9463 9464
f 9422 9464 9427
f 9422 9427 9423
f 9424 9461 9425
f 9425 9461 9465
f 9425 9465 9466
f 9425 9466 9462
f 9427 9467 9468
f 9427 9468 9428
f 9427 9464 9467
f 9428 9468 9469
f 9428 9469 9429
f 9429 9469 9470
f 9429 9470 9471
f 9429 9471 9430
f 9430 9471 9431
f 9431 9471 9472
f 9431 9472 9473
f 9431 9473 9432
f 9432 9473 9433
f 9433 9473 9474
f 9433 9474 9475
f 9433 9475 9476
f 9435 9450 9477
f 9435 9477 9478
f 9435 9478 9436
f 9436 9478 9437
f 9437 9478 9479
f 9437 9479 9439
f 9437 9439 9438
f 9439 9479 9478
f 9439 9478 9480
f 9439 9480 9481
f 9439 9481 9482
f 9439 9482 9440
f 9440 9483 9484
f 9440 9484 9468
f 9440 9468 9485
f 9440 9485 9441
f 9440 9482 9486
f 9440 9486 9483
f 9441 9487 9455
f 9441 9455 9443
f 9441 9443 9442
f 9441 9485 9488
f 9441 9488 9487
f 9443 9455 9454
f 9443 9454 9444
f 9447 9489 9448
f 9447 9490 9489
f 9448 9490 9475
f 9448 9475 9450
f 9448 9450 9449
f 9448 9489 9490
f 9450 9475 9474
f 9450 9474 9477
f 9451 9457 9452
f 9452 9457 9456
f 9452 9456 9488
f 9452 9488 9491
f 9452 9491 9460
f 9455 9487 9456
f 9456 9487 9488
f 9458 9460 9491
f 9458 9491 9462
f 9458 9462 9492
f 9458 9492 9459
f 9459 9492 9493
f 9462 9491 9488
f 9462 9488 9463
f 9462 9466 9494
f 9462 9494 9492
f 9463 9488 9467
f 9463 9467 9464
f 9467 9488 9468
f 9468 9488 9495
f 9468 9495 9485
f 9468 9484 9469
f 9469 9484 9483
f 9469 9483 9470
f 9470 9483 9471
f 9471 9483 9496
f 9471 9496 9497
f 9471 9497 9478
f 9471 9478 9498
f 9471 9498 9472
f 9472 9498 9473
f 9473 9498 9474
f 9474 9498 9499
f 9474 9499 9478
f 9474 9478 9477
f 9475 9490 9476
f 9478 9499 9498
f 9478 9497 9480
f 9480 9497 9500
f 9480 9500 9481
f 9481 9500 9482
f 9482 9500 9486
f 9483 9486 9496
f 9485 9495 9488
f 9486 9500 9496
f 9492 9494 9493
f 9496 9500 9497
f 9501 9502 9505
f 9501 9505 9518
f 9501 9518 9554
f 9501 9554 9598
f 9501 9598 9655
f 9501 9655 9711
f 9501 9711 9684
f 9501 9684 9625
f 9501 9625 9581
f 9501 9581 9541
f 9501 9541 9509
f 9501 9509 9503
f 9501 9503 9516
f 9501 9516 9504
f 9501 9504 9502
f 9502 9504 9506
f 9502 9506 9507
f 9502 9507 9508
f 9502 9508 9540
f 9502 9540 9580
f 9502 9580 9624
f 9502 9624 9683
f 9502 9683 9750
f 9502 9750 9811
f 9502 9811 9871
f 9502 9871 9922
f 9502 9922 9926
f 9502 9926 9925
f 9502 9925 9980
f 9502 9980 10020
f 9502 10020 10025
f 9502 10025 10035
f 9502 10035 10038
f 9502 10038 10039
f 9502 10039 10036
f 9502 10036 10028
f 9502 10028 10027
f 9502 10027 9996
f 9502 9996 9941
f 9502 9941 9944
f 9502 9944 9940
f 9502 9940 9889
f 9502 9889 9833
f 9502 9833 9768
f 9502 9768 9704
f 9502 9704 9642
f 9502 9642 9592
f 9502 9592 9551
f 9502 9551 9517
f 9502 9517 9505
f 9503 9509 9510
f 9503 9510 9511
f 9503 9511 9512
f 9503 9512 9513
f 9503 9513 9514
f 9503 9514 9515
f 9503 9515 9516
f 9504 9516 9550
f 9504 9550 9591
f 9504 9591 9590
f 9504 9590 9641
f 9504 9641 9640
f 9504 9640 9639
f 9504 9639 9703
f 9504 9703 9767
f 9504 9767 9790
f 9504 9790 9787
f 9504 9787 9719
f 9504 9719 9658
f 9504 9658 9656
f 9504 9656 9602
f 9504 9602 9601
f 9504 9601 9600
f 9504 9600 9556
f 9504 9556 9519
f 9504 9519 9506
f 9505 9517 9518
f 9506 9519 9520
f 9506 9520 9521
f 9506 9521 9522
f 9506 9522 9523
f 9506 9523 9524
f 9506 9524 9525
f 9506 9525 9526
f 9506 9526 9527
f 9506 9527 9528
f 9506 9528 9529
f 9506 9529 9530
f 9506 9530 9531
f 9506 9531 9532
f 9506 9532 9533
f 9506 9533 9534
f 9506 9534 9535
f 9506 9535 9536
f 9506 9536 9537
f 9506 9537 9538
f 9506 9538 9539
f 9506 9539 9507
f 9507 9539 9508
f 9508 9539 9540
f 9509 9541 9542
f 9509 9542 9510
f 9510 9542 9543
f 9510 9543 9544
f 9510 9544 9511
f 9511 9544 9545
f 9511 9545 9546
f 9511 9546 9512
f 9512 9546 9547
f 9512 9547 9513
f 9513 9547 9548
f 9513 9548 9514
f 9514 9548 9515
f 9515 9548 9549
f 9515 9549 9516
f 9516 9549 9550
f 9517 9551 9552
f 9517 9552 9553
f 9517 9553 9518
f 9518 9553 9554
f 9519 9555 9520
f 9519 9556 9557
f 9519 9557 9555
f 9520 9555 9558
f 9520 9558 9559
f 9520 9559 9521
f 9521 9559 9522
f 9522 9559 9560
f 9522 9560 9561
f 9522 9561 9523
f 9523 9561 9524
f 9524 9561 9525
f 9525 9561 9562
f 9525 9562 9563
f 9525 9563 9526
f 9526 9563 9527
f 9527 9563 9564
f 9527 9564 9528
f 9528 9564 9529
f 9529 9564 9565
f 9529 9565 9566
f 9529 9566 9530
f 9530 9566 9567
f 9530 9567 9568
f 9530 9568 9531
f 9531 9568 9532
f 9532 9568 9569
f 9532 9569 9533
f 9533 9569 9534
f 9534 9569 9570
f 9534 9570 9535
f 9535 9570 9536
f 9536 9570 9571
f 9536 9571 9572
f 9536 9572 9573
f 9536 9573 9537
f 9537 9573 9538
f 9538 9573 9574
f 9538 9574 9575
f 9538 9575 9539
f 9539 9575 9540
f 9540 9575 9576
f 9540 9576 9577
f 9540 9577 9578
f 9540 9578 9579
f 9540 9579 9580
f 9541 9581 9542
f 9542 9581 9582
f 9542 9582 9583
f 9542 9583 9543
f 9543 9583 9584
f 9543 9584 9585
f 9543 9585 9544
f 9544 9585 9545
f 9545 9585 9586
f 9545 9586 9547
f 9545 9547 9546
f 9547 9586 9587
f 9547 9587 9548
f 9548 9587 9588
f 9548 9588 9549
f 9549 9588 9589
f 9549 9589 9590
f 9549 9590 9591
f 9549 9591 9550
f 9551 9592 9552
f 9552 9554 9553
f 9552 9592 9593
f 9552 9593 9594
f 9552 9594 9595
f 9552 9595 9596
f 9552 9596 9597
f 9552 9597 9554
f 9554 9597 9598
f 9555 9557 9599
f 9555 9599 9558
f 9556 9600 9557
f 9557 9600 9601
f 9557 9601 9602
f 9557 9602 9603
f 9557 9603 9604
f 9557 9604 9599
f 9558 9599 9605
f 9558 9605 9606
f 9558 9606 9607
f 9558 9607 9559
f 9559 9607 9560
f 9560 9607 9561
f 9561 9607 9608
f 9561 9608 9609
f 9561 9609 9562
f 9562 9609 9610
f 9562 9610 9563
f 9563 9610 9564
f 9564 9610 9611
f 9564 9611 9566
f 9564 9566 9565
f 9566 9610 9612
f 9566 9612 9613
f 9566 9613 9614
f 9566 9614 9567
f 9566 9611 9610
f 9567 9614 9568
f 9568 9614 9569
f 9569 9614 9615
f 9569 9615 9616
f 9569 9616 9617
f 9569 9617 9618
f 9569 9618 9619
f 9569 9619 9570
f 9570 9619 9571
f 9571 9619 9572
f 9572 9619 9620
f 9572 9620 9575
f 9572 9575 9574
f 9572 9574 9573
f 9575 9620 9621
f 9575 9621 9576
f 9576 9621 9622
f 9576 9622 9577
f 9577 9622 9578
f 9578 9622 9579
f 9579 9622 9623
f 9579 9623 9580
f 9580 9623 9624
f 9581 9625 9626
f 9581 9626 9582
f 9582 9627 9628
f 9582 9628 9583
f 9582 9626 9629
f 9582 9629 9627
f 9583 9628 9584
f 9584 9628 9585
f 9585 9628 9630
f 9585 9630 9631
f 9585 9631 9632
f 9585 9632 9633
f 9585 9633 9586
f 9586 9633 9634
f 9586 9634 9635
f 9586 9635 9636
f 9586 9636 9588
f 9586 9588 9587
f 9588 9636 9637
f 9588 9637 9638
f 9588 9638 9589
f 9589 9638 9639
f 9589 9639 9640
f 9589 9640 9641
f 9589 9641 9590
f 9592 9642 9643
f 9592 9643 9644
f 9592 9644 9593
f 9593 9644 9594
f 9594 9644 9645
f 9594 9645 9596
f 9594 9596 9646
f 9594 9646 9595
f 9595 9646 9596
f 9596 9647 9597
f 9596 9645 9648
f 9596 9648 9649
f 9596 9649 9650
f 9596 9650 9651
f 9596 9651 9652
f 9596 9652 9653
f 9596 9653 9654
f 9596 9654 9647
f 9597 9647 9598
f 9598 9647 9655
f 9599 9604 9605
f 9602 9656 9603
f 9603 9657 9604
f 9603 9656 9658
f 9603 9658 9659
f 9603 9659 9660
f 9603 9660 9657
f 9604 9661 9605
f 9604 9657 9661
f 9605 9661 9606
f 9606 9662 9607
f 9606 9661 9663
f 9606 9663 9662
f 9607 9662 9608
f 9608 9662 9664
f 9608 9664 9609
f 9609 9664 9665
f 9609 9665 9666
f 9609 9666 9667
f 9609 9667 9668
f 9609 9668 9610
f 9610 9668 9669
f 9610 9669 9612
f 9612 9670 9671
f 9612 9671 9672
f 9612 9672 9613
f 9612 9669 9670
f 9613 9615 9614
f 9613 9672 9615
f 9615 9672 9673
f 9615 9673 9674
f 9615 9674 9616
f 9616 9674 9618
f 9616 9618 9617
f 9618 9674 9675
f 9618 9675 9676
f 9618 9676 9677
f 9618 9677 9619
f 9619 9677 9620
f 9620 9677 9621
f 9621 9677 9678
f 9621 9678 9622
f 9622 9679 9623
f 9622 9678 9679
f 9623 9679 9680
f 9623 9680 9681
f 9623 9681 9624
f 9624 9681 9682
f 9624 9682 9683
f 9625 9684 9626
f 9626 9684 9654
f 9626 9654 9685
f 9626 9685 9629
f 9627 9686 9628
f 9627 9629 9686
f 9628 9687 9688
f 9628 9688 9689
f 9628 9689 9630
f 9628 9686 9687
f 9629 9685 9690
f 9629 9690 9650
f 9629 9650 9691
f 9629 9691 9692
f 9629 9692 9693
f 9629 9693 9694
f 9629 9694 9695
f 9629 9695 9686
f 9630 9689 9631
f 9631 9689 9696
f 9631 9696 9697
f 9631 9697 9632
f 9632 9697 9633
f 9633 9698 9699
f 9633 9699 9634
f 9633 9697 9698
f 9634 9699 9635
f 9635 9637 9636
f 9635 9699 9638
f 9635 9638 9637
f 9638 9699 9700
f 9638 9700 9701
f 9638 9701 9702
f 9638 9702 9703
f 9638 9703 9639
f 9642 9704 9643
f 9643 9704 9705
f 9643 9705 9644
f 9644 9705 9706
f 9644 9706 9707
f 9644 9707 9708
f 9644 9708 9709
f 9644 9709 9645
f 9645 9709 9710
f 9645 9710 9648
f 9647 9654 9711
f 9647 9711 9655
f 9648 9710 9712
f 9648 9712 9713
f 9648 9713 9714
f 9648 9714 9650
f 9648 9650 9649
f 9650 9714 9692
f 9650 9692 9691
f 9650 9690 9651
f 9651 9690 9653
f 9651 9653 9652
f 9653 9690 9685
f 9653 9685 9654
f 9654 9684 9711
f 9657 9660 9715
f 9657 9715 9716
f 9657 9716 9717
f 9657 9717 9718
f 9657 9718 9661
f 9658 9719 9659
f 9659 9720 9660
f 9659 9719 9721
f 9659 9721 9720
f 9660 9720 9722
f 9660 9722 9723
f 9660 9723 9724
f 9660 9724 9716
f 9660 9716 9715
f 9661 9718 9725
f 9661 9725 9663
f 9662 9663 9726
f 9662 9726 9664
f 9663 9725 9726
f 9664 9726 9727
f 9664 9727 9665
f 9665 9727 9728
f 9665 9728 9666
f 9666 9729 9730
f 9666 9730 9667
f 9666 9728 9731
f 9666 9731 9732
f 9666 9732 9733
f 9666 9733 9729
f 9667 9730 9668
f 9668 9730 9669
f 9669 9730 9670
f 9670 9729 9733
f 9670 9733 9671
f 9670 9730 9729
f 9671 9733 9672
f 9672 9733 9734
f 9672 9734 9673
f 9673 9735 9736
f 9673 9736 9737
f 9673 9737 9674
f 9673 9734 9735
f 9674 9737 9738
f 9674 9738 9739
f 9674 9739 9675
f 9675 9740 9676
f 9675 9739 9741
f 9675 9741 9740
f 9676 9740 9742
f 9676 9742 9743
f 9676 9743 9677
f 9677 9743 9742
f 9677 9742 9678
f 9678 9742 9679
f 9679 9742 9740
f 9679 9740 9744
f 9679 9744 9680
f 9680 9744 9681
f 9681 9745 9746
f 9681 9746 9682
f 9681 9744 9747
f 9681 9747 9748
f 9681 9748 9749
f 9681 9749 9745
f 9682 9750 9683
f 9682 9746 9750
f 9686 9695 9694
f 9686 9694 9751
f 9686 9751 9752
f 9686 9752 9687
f 9687 9752 9753
f 9687 9753 9754
f 9687 9754 9755
f 9687 9755 9756
f 9687 9756 9688
f 9688 9756 9689
f 9689 9756 9696
f 9692 9714 9694
f 9692 9694 9693
f 9694 9757 9758
f 9694 9758 9754
f 9694 9754 9751
f 9694 9714 9757
f 9696 9759 9697
f 9696 9756 9759
f 9697 9759 9760
f 9697 9760 9761
f 9697 9761 9698
f 9698 9761 9699
f 9699 9762 9700
f 9699 9761 9762
f 9700 9763 9701
f 9700 9762 9763
f 9701 9763 9764
f 9701 9764 9765
f 9701 9765 9766
f 9701 9766 9702
f 9702 9766 9720
f 9702 9720 9721
f 9702 9721 9767
f 9702 9767 9703
f 9704 9768 9769
f 9704 9769 9705
f 9705 9769 9770
f 9705 9770 9771
f 9705 9771 9772
f 9705 9772 9706
f 9706 9772 9773
f 9706 9773 9707
f 9707 9773 9708
f 9708 9773 9774
f 9708 9774 9713
f 9708 9713 9709
f 9709 9713 9712
f 9709 9712 9710
f 9713 9775 9776
f 9713 9776 9777
f 9713 9777 9714
f 9713 9774 9775
f 9714 9777 9778
f 9714 9778 9757
f 9716 9724 9723
f 9716 9723 9779
f 9716 9779 9780
f 9716 9780 9781
f 9716 9781 9782
f 9716 9782 9783
f 9716 9783 9784
f 9716 9784 9785
f 9716 9785 9786
f 9716 9786 9717
f 9717 9786 9718
f 9718 9786 9725
f 9719 9787 9721
f 9720 9788 9723
f 9720 9723 9722
f 9720 9766 9764
f 9720 9764 9789
f 9720 9789 9788
f 9721 9790 9767
f 9721 9787 9790
f 9723 9788 9789
f 9723 9789 9791
f 9723 9791 9792
f 9723 9792 9793
f 9723 9793 9794
f 9723 9794 9779
f 9725 9786 9795
f 9725 9795 9796
f 9725 9796 9726
f 9726 9796 9728
f 9726 9728 9727
f 9728 9797 9798
f 9728 9798 9799
f 9728 9799 9731
f 9728 9796 9797
f 9731 9799 9732
f 9732 9799 9800
f 9732 9800 9801
f 9732 9801 9802
f 9732 9802 9733
f 9733 9802 9803
f 9733 9803 9734
f 9734 9803 9735
f 9735 9803 9804
f 9735 9804 9805
f 9735 9805 9806
f 9735 9806 9736
f 9736 9806 9737
f 9737 9806 9738
f 9738 9806 9807
f 9738 9807 9808
f 9738 9808 9739
f 9739 9808 9741
f 9740 9741 9747
f 9740 9747 9744
f 9741 9808 9747
f 9745 9749 9746
f 9746 9749 9809
f 9746 9809 9810
f 9746 9810 9811
f 9746 9811 9750
f 9747 9808 9748
f 9748 9812 9749
f 9748 9808 9812
f 9749 9813 9814
f 9749 9814 9815
f 9749 9815 9816
f 9749 9816 9809
f 9749 9812 9813
f 9751 9754 9753
f 9751 9753 9752
f 9754 9758 9817
f 9754 9817 9818
f 9754 9818 9819
f 9754 9819 9755
f 9755 9819 9820
f 9755 9820 9821
f 9755 9821 9822
f 9755 9822 9823
f 9755 9823 9756
f 9756 9823 9759
f 9757 9778 9817
f 9757 9817 9758
f 9759 9824 9760
f 9759 9823 9824
f 9760 9825 9826
f 9760 9826 9827
f 9760 9827 9761
f 9760 9824 9828
f 9760 9828 9825
f 9761 9827 9762
f 9762 9827 9826
f 9762 9826 9829
f 9762 9829 9764
f 9762 9764 9763
f 9764 9829 9826
f 9764 9826 9830
f 9764 9830 9831
f 9764 9831 9832
f 9764 9832 9789
f 9764 9766 9765
f 9768 9833 9769
f 9769 9834 9770
f 9769 9833 9835
f 9769 9835 9836
f 9769 9836 9834
f 9770 9834 9771
f 9771 9834 9836
f 9771 9836 9837
f 9771 9837 9838
f 9771 9838 9773
f 9771 9773 9772
f 9773 9838 9774
f 9774 9838 9775
f 9775 9838 9776
f 9776 9838 9839
f 9776 9839 9840
f 9776 9840 9841
f 9776 9841 9842
f 9776 9842 9843
f 9776 9843 9777
f 9777 9843 9842
f 9777 9842 9844
f 9777 9844 9817
f 9777 9817 9778
f 9779 9794 9780
f 9780 9794 9845
f 9780 9845 9781
f 9781 9846 9782
f 9781 9845 9846
f 9782 9847 9797
f 9782 9797 9783
f 9782 9846 9847
f 9783 9848 9784
f 9783 9797 9848
f 9784 9848 9785
f 9785 9848 9795
f 9785 9795 9786
f 9789 9832 9849
f 9789 9849 9791
f 9791 9849 9792
f 9792 9849 9850
f 9792 9850 9851
f 9792 9851 9852
f 9792 9852 9793
f 9793 9852 9794
f 9794 9852 9853
f 9794 9853 9854
f 9794 9854 9845
f 9795 9797 9796
f 9795 9848 9797
f 9797 9847 9798
f 9798 9847 9855
f 9798 9855 9856
f 9798 9856 9800
f 9798 9800 9799
f 9800 9856 9855
f 9800 9855 9857
f 9800 9857 9858
f 9800 9858 9859
f 9800 9859 9860
f 9800 9860 9861
f 9800 9861 9801
f 9801 9861 9802
f 9802 9861 9862
f 9802 9862 9803
f 9803 9862 9804
f 9804 9862 9861
f 9804 9861 9863
f 9804 9863 9805
f 9805 9863 9864
f 9805 9864 9806
f 9806 9864 9865
f 9806 9865 9866
f 9806 9866 9807
f 9807 9866 9867
f 9807 9867 9868
f 9807 9868 9808
f 9808 9868 9869
f 9808 9869 9812
f 9809 9816 9870
f 9809 9870 9810
f 9810 9871 9811
f 9810 9870 9872
f 9810 9872 9871
f 9812 9869 9813
f 9813 9869 9814
f 9814 9869 9873
f 9814 9873 9874
f 9814 9874 9815
f 9815 9874 9875
f 9815 9875 9816
f 9816 9876 9870
f 9816 9875 9877
f 9816 9877 9878
f 9816 9878 9876
f 9817 9844 9879
f 9817 9879 9880
f 9817 9880 9881
f 9817 9881 9820
f 9817 9820 9818
f 9818 9820 9819
f 9820 9880 9882
f 9820 9882 9883
f 9820 9883 9821
f 9820 9881 9880
f 9821 9883 9828
f 9821 9828 9822
f 9822 9828 9823
f 9823 9828 9824
f 9825 9828 9826
f 9826 9828 9884
f 9826 9884 9885
f 9826 9885 9886
f 9826 9886 9831
f 9826 9831 9830
f 9828 9883 9887
f 9828 9887 9885
f 9828 9885 9884
f 9831 9850 9849
f 9831 9849 9832
f 9831 9886 9888
f 9831 9888 9850
f 9833 9889 9890
f 9833 9890 9835
f 9835 9890 9891
f 9835 9891 9892
f 9835 9892 9893
f 9835 9893 9839
f 9835 9839 9894
f 9835 9894 9837
f 9835 9837 9836
f 9837 9894 9838
f 9838 9894 9895
f 9838 9895 9839
f 9839 9893 9840
f 9839 9895 9894
f 9840 9893 9896
f 9840 9896 9841
f 9841 9896 9897
f 9841 9897 9842
f 9842 9897 9898
f 9842 9898 9899
f 9842 9899 9900
f 9842 9900 9901
f 9842 9901 9844
f 9844 9901 9879
f 9845 9902 9846
f 9845 9854 9903
f 9845 9903 9902
f 9846 9902 9904
f 9846 9904 9905
f 9846 9905 9847
f 9847 9905 9855
f 9850 9888 9906
f 9850 9906 9851
f 9851 9906 9907
f 9851 9907 9852
f 9852 9907 9908
f 9852 9908 9853
f 9853 9908 9909
f 9853 9909 9854
f 9854 9909 9903
f 9855 9905 9904
f 9855 9904 9910
f 9855 9910 9858
f 9855 9858 9857
f 9858 9910 9911
f 9858 9911 9912
f 9858 9912 9913
f 9858 9913 9914
f 9858 9914 9859
f 9859 9914 9860
f 9860 9914 9915
f 9860 9915 9865
f 9860 9865 9864
f 9860 9864 9863
f 9860 9863 9861
f 9865 9915 9914
f 9865 9914 9916
f 9865 9916 9917
f 9865 9917 9918
f 9865 9918 9866
f 9866 9918 9919
f 9866 9919 9867
f 9867 9919 9920
f 9867 9920 9921
f 9867 9921 9869
f 9867 9869 9868
f 9869 9921 9873
f 9870 9876 9872
f 9871 9872 9922
f 9872 9876 9923
f 9872 9923 9924
f 9872 9924 9925
f 9872 9925 9926
f 9872 9926 9922
f 9873 9921 9920
f 9873 9920 9927
f 9873 9927 9928
f 9873 9928 9875
f 9873 9875 9874
f 9875 9928 9877
f 9876 9878 9923
f 9877 9928 9929
f 9877 9929 9930
f 9877 9930 9931
f 9877 9931 9878
f 9878 9931 9923
f 9879 9901 9932
f 9879 9932 9933
f 9879 9933 9880
f 9880 9933 9882
f 9882 9933 9883
f 9883 9933 9934
f 9883 9934 9935
f 9883 9935 9936
f 9883 9936 9937
f 9883 9937 9938
f 9883 9938 9887
f 9885 9939 9888
f 9885 9888 9886
f 9885 9887 9937
f 9885 9937 9939
f 9887 9938 9937
f 9888 9939 9906
f 9889 9940 9890
f 9890 9940 9891
f 9891 9941 9942
f 9891 9942 9943
f 9891 9943 9893
f 9891 9893 9892
f 9891 9940 9944
f 9891 9944 9941
f 9893 9943 9942
f 9893 9942 9896
f 9896 9945 9946
f 9896 9946 9947
f 9896 9947 9948
f 9896 9948 9897
f 9896 9942 9945
f 9897 9948 9949
f 9897 9949 9898
f 9898 9949 9950
f 9898 9950 9951
f 9898 9951 9899
f 9899 9951 9900
f 9900 9951 9933
f 9900 9933 9901
f 9901 9933 9932
f 9902 9903 9952
f 9902 9952 9953
f 9902 9953 9904
f 9903 9909 9954
f 9903 9954 9955
f 9903 9955 9952
f 9904 9953 9910
f 9906 9956 9907
f 9906 9939 9957
f 9906 9957 9958
f 9906 9958 9956
f 9907 9956 9958
f 9907 9958 9959
f 9907 9959 9960
f 9907 9960 9961
f 9907 9961 9908
f 9908 9961 9909
f 9909 9962 9954
f 9909 9961 9963
f 9909 9963 9964
f 9909 9964 9962
f 9910 9952 9955
f 9910 9955 9965
f 9910 9965 9911
f 9910 9953 9952
f 9911 9965 9912
f 9912 9955 9966
f 9912 9966 9967
f 9912 9967 9968
f 9912 9968 9969
f 9912 9969 9970
f 9912 9970 9914
f 9912 9914 9913
f 9912 9965 9955
f 9914 9970 9971
f 9914 9971 9972
f 9914 9972 9916
f 9916 9972 9917
f 9917 9973 9920
f 9917 9920 9919
f 9917 9919 9918
f 9917 9972 9974
f 9917 9974 9975
f 9917 9975 9976
f 9917 9976 9973
f 9920 9973 9977
f 9920 9977 9978
f 9920 9978 9927
f 9923 9931 9924
f 9924 9931 9925
f 9925 9931 9979
f 9925 9979 9980
f 9927 9978 9928
f 9928 9978 9981
f 9928 9981 9982
f 9928 9982 9983
f 9928 9983 9984
f 9928 9984 9929
f 9929 9984 9985
f 9929 9985 9986
f 9929 9986 9930
f 9930 9980 9931
f 9930 9986 9987
f 9930 9987 9988
f 9930 9988 9989
f 9930 9989 9980
f 9931 9980 9979
f 9933 9951 9990
f 9933 9990 9991
f 9933 9991 9992
f 9933 9992 9934
f 9934 9991 9993
f 9934 9993 9994
f 9934 9994 9935
f 9934 9992 9991
f 9935 9994 9957
f 9935 9957 9936
f 9936 9957 9995
f 9936 9995 9937
f 9937 9995 9939
f 9939 9995 9957
f 9941 9996 9942
f 9942 9996 9997
f 9942 9997 9998
f 9942 9998 9999
f 9942 9999 9946
f 9942 9946 9945
f 9946 9999 10000
f 9946 10000 10001
f 9946 10001 9947
f 9947 9949 9948
f 9947 10001 10002
f 9947 10002 9982
f 9947 9982 10003
f 9947 10003 9949
f 9949 10003 9981
f 9949 9981 10004
f 9949 10004 9950
f 9950 10004 9981
f 9950 9981 10005
f 9950 10005 10006
f 9950 10006 10007
f 9950 10007 9951
f 9951 10007 9991
f 9951 9991 9990
f 9954 10008 9955
f 9954 9962 10008
f 9955 10008 9962
f 9955 9962 9964
f 9955 9964 10009
f 9955 10009 9966
f 9957 9994 10010
f 9957 10010 9958
f 9958 10010 10011
f 9958 10011 9959
f 9959 10012 10013
f 9959 10013 9960
f 9959 10011 10012
f 9960 10014 9961
f 9960 10013 10014
f 9961 10014 9963
f 9963 10014 10013
f 9963 10013 9964
f 9964 10013 10012
f 9964 10012 10015
f 9964 10015 10009
f 9966 10009 9967
f 9967 10009 9968
f 9968 10015 10012
f 9968 10012 9969
f 9968 10009 10015
f 9969 10012 10016
f 9969 10016 9974
f 9969 9974 9970
f 9970 9974 9971
f 9971 9974 9972
f 9973 9976 10017
f 9973 10017 9977
f 9974 10016 10018
f 9974 10018 9975
f 9975 10018 9976
f 9976 9978 10017
f 9976 10018 10006
f 9976 10006 10005
f 9976 10005 10019
f 9976 10019 9978
f 9977 10017 9978
f 9978 10019 9981
f 9980 9989 10020
f 9981 10019 10005
f 9981 10003 9982
f 9982 10002 10021
f 9982 10021 9983
f 9983 10021 9985
f 9983 9985 9984
f 9985 10021 9986
f 9986 10021 10022
f 9986 10022 9987
f 9987 10022 9988
f 9988 10023 9989
f 9988 10022 10024
f 9988 10024 10023
f 9989 10023 10025
f 9989 10025 10020
f 9991 10007 10026
f 9991 10026 9993
f 9993 10026 10010
f 9993 10010 9994
f 9996 10027 9997
f 9997 10027 9998
f 9998 10028 10029
f 9998 10029 10000
f 9998 10000 9999
f 9998 10027 10028
f 10000 10030 10031
f 10000 10031 10032
f 10000 10032 10001
f 10000 10029 10030
f 10001 10032 10002
f 10002 10032 10021
f 10006 10018 10007
f 10007 10018 10026
f 10010 10018 10011
f 10010 10026 10018
f 10011 10018 10012
f 10012 10018 10016
f 10021 10032 10022
f 10022 10032 10031
f 10022 10031 10024
f 10023 10024 10033
f 10023 10033 10034
f 10023 10034 10025
f 10024 10031 10033
f 10025 10034 10035
f 10028 10036 10029
f 10029 10036 10037
f 10029 10037 10030
f 10030 10037 10031
f 10031 10037 10033
f 10033 10037 10034
f 10034 10037 10038
f 10034 10038 10035
f 10036 10039 10037
f 10037 10039 10038

