# https://github.com/mikedh/trimesh
mtllib material.mtl

o geometry_0
usemtl material_0
v 0.03557524 0.03870419 0.06671489
v -0.02742778 -0.00151104 0.07620565
v -0.05665350 -0.00283953 0.00827909
v -0.02830112 0.00589194 0.02681136
v 0.04267094 0.02843694 0.02663814
v -0.00291635 -0.03805310 0.09195798
v 0.04661273 0.02630370 0.09100663
v 0.05764304 0.00996397 0.08342454
v 0.00505473 0.03926069 0.07342432
v 0.04373364 -0.03195968 0.09183053
v -0.03772798 -0.00428023 0.00008728
v 0.04881401 -0.02748137 0.01129751
v 0.00952496 0.04381505 0.00645842
v -0.05181069 -0.01141120 0.06268847
v -0.05819473 0.00747145 0.03143720
v -0.02511678 -0.01434359 0.09191997
v -0.03132685 0.00706196 0.00138301
v 0.04786992 0.00545782 0.00794750
v -0.02545791 -0.00380063 0.07387074
v 0.05469866 0.01838109 0.06353822
v -0.02527983 -0.01657049 0.06595106
v -0.05380380 -0.01232057 0.00602398
v 0.04560404 0.02796022 0.09164488
v 0.05409468 0.01887066 0.09184167
v 0.05444777 -0.01848218 0.09118628
v -0.05676903 0.00720125 0.03616078
v -0.00732369 0.03394272 0.06417709
v -0.02534341 -0.00194617 0.05372263
v 0.02672330 0.03976146 0.09159726
v -0.05220514 -0.01145593 0.06298731
v 0.04081284 0.02977660 0.02251301
v -0.00923614 0.00988298 0.00225491
v 0.03040634 -0.02176894 0.00227282
v 0.02778873 -0.02415045 0.00276161
v 0.01571384 0.03008675 0.00373865
v 0.00608940 0.04261323 0.03329346
v 0.03995523 -0.01933676 0.00596552
v 0.03724363 -0.03127285 0.01846426
v -0.02400555 0.02030830 0.09154431
v 0.04258685 0.02934962 0.04576574
v 0.03383883 -0.03749597 0.09178693
v -0.01200893 -0.00011258 0.00138973
v -0.03414715 -0.00026820 0.07090219
v 0.04522155 0.00373078 0.00483310
v -0.03291833 0.00202182 0.00167403
v -0.02398982 -0.01119596 0.07926456
v -0.05584067 -0.00974037 0.02324166
v 0.03884058 0.02977423 0.01556032
v 0.05520899 -0.01714131 0.09054960
v 0.03937210 -0.03252494 0.05505629
v -0.04235237 0.00133978 0.07091020
v -0.04751375 0.00598128 0.00269974
v -0.05721612 0.00163097 0.00963240
v -0.01092128 0.03525506 0.08338212
v 0.04981039 -0.01557866 0.01930670
v 0.03275084 -0.03929593 0.09185629
v 0.05751521 0.00281144 0.09199712
v 0.05646584 0.00905480 0.09195028
v 0.02443930 -0.04253889 0.06846918
v -0.04206286 0.00783902 0.07364710
v 0.03590885 0.03257864 0.01661216
v -0.00434035 -0.03454930 0.03171624
v -0.01956539 -0.02643312 0.07311958
v -0.02804886 0.00772211 0.07305682
v 0.00187963 0.04143831 0.03077862
v -0.01754630 -0.02741757 0.09185033
v 0.04484487 -0.02772986 0.06579857
v 0.05386225 0.00137916 0.02508119
v -0.01771550 -0.02854910 0.06546274
v -0.01989866 0.02255896 0.08961169
v -0.03451015 -0.00975119 0.07580359
v 0.05089394 0.02026765 0.08992374
v 0.05247039 0.00264957 0.01682406
v -0.02505730 0.00099559 0.03453218
v -0.02243184 0.02288965 0.02319344
v 0.03077345 0.02874083 0.00570237
v 0.03672476 -0.03775038 0.04885963
v 0.02990046 -0.03832757 0.09062662
v -0.02810799 -0.00529651 0.09177454
v 0.04522326 -0.01815427 0.01130089
v 0.00785931 -0.02028767 0.00100360
v 0.03875171 -0.03399122 0.09129625
v -0.01768508 -0.02848112 0.00936329
v 0.00191928 -0.03744190 0.02944274
v 0.01548482 -0.04358630 0.06343901
v -0.05556448 -0.01245051 0.00993406
v 0.02021415 -0.04325376 0.06277517
v 0.02817874 0.04166060 0.08078720
v -0.00743410 -0.03704636 0.07155448
v -0.01434522 -0.01120919 0.00583948
v 0.05635885 -0.01208070 0.03592634
v -0.02353042 -0.00700847 0.02001839
v 0.00945968 0.03988639 0.03771224
v 0.05102691 -0.02481616 0.08325328
v -0.04644627 -0.00203394 0.00382654
v -0.04565873 0.00091217 0.06756741
v -0.02104852 0.02505445 0.00854554
v 0.04003419 -0.03294183 0.09122599
v 0.01404716 0.04093451 0.08796312
v 0.02402332 -0.03862182 0.02933976
v -0.05131471 0.00818446 0.00234066
v -0.00580877 -0.02934042 0.01223531
v -0.00169505 0.04028303 0.07906970
v 0.03041967 -0.03119416 0.00946258
v -0.05243894 -0.00760876 0.01083598
v 0.02194270 0.04040960 0.09107269
v -0.05304361 0.00388383 0.01103759
v -0.05514200 -0.00864048 0.02682308
v 0.03420115 0.03533176 0.03065813
v 0.02309085 -0.03902635 0.03501998
v -0.01593260 -0.02593455 0.08043082
v -0.01663092 0.03054867 0.00066706
v 0.03403503 -0.00339564 0.00148826
v 0.02459552 0.03988781 0.09104956
v 0.04970990 0.02162940 0.08562431
v -0.05599482 0.00851651 0.01101030
v 0.03081173 0.03765704 0.07864961
v -0.02895295 0.00867607 0.06849010
v 0.04533982 -0.02241832 0.01736028
v 0.02434155 0.03336487 0.00788103
v 0.05304532 -0.02129118 0.06095540
v 0.05812158 -0.00110911 0.02768801
v 0.05611172 -0.01311090 0.02832110
v 0.04403888 0.03190452 0.09189666
v -0.02683712 0.01089806 0.09184076
v 0.03091701 -0.03488280 0.01664703
v -0.00258992 0.00248482 0.00093755
v 0.04781250 0.02519817 0.09141065
v 0.04580127 0.03090150 0.01915270
v 0.02130078 0.03962589 0.03371730
v -0.02551260 0.01056494 0.09166751
v 0.03495553 -0.01525240 0.00178831
v -0.05149861 0.00414195 0.05793040
v 0.05465218 0.01014306 0.07095135
v 0.05421739 0.00394969 0.03079193
v -0.05086933 0.00418196 0.05985659
v 0.05816329 -0.00317406 0.02000837
v 0.04985449 0.02201137 0.08989034
v 0.01415381 -0.03846795 0.02075257
v 0.05117150 -0.01355408 0.02431244
v -0.04997925 0.00768174 0.06596681
v 0.05748171 -0.00983480 0.08818304
v -0.03413039 -0.00769008 0.07179022
v 0.02056075 0.02418355 0.00219867
v -0.05687943 0.00781462 0.03837194
v 0.05538981 0.00328655 0.06297523
v 0.03351411 -0.03678566 0.09055851
v 0.03106433 0.01981228 0.00255456
v 0.00761492 0.03687086 0.01305281
v -0.01066936 -0.00878891 0.00279618
v 0.04017263 -0.03167322 0.04656158
v 0.02879743 -0.03908760 0.09135583
v -0.02072892 -0.02462290 0.00880101
v 0.02853594 -0.03458392 0.01362554
v 0.04323904 -0.01571374 0.00675648
v -0.02466387 0.01413358 0.09175542
v 0.01996566 0.04333156 0.05821011
v 0.05400752 0.01369974 0.09099157
v -0.01012998 -0.03524800 0.06088959
v -0.03576734 -0.00764750 0.07226696
v -0.05169105 0.00772118 0.06246239
v 0.00361297 -0.03820485 0.03731026
v -0.05475062 -0.01239389 0.00772327
v 0.00361980 0.03939755 0.09103845
v -0.01072576 -0.02794670 0.01824432
v -0.01317109 -0.02749872 0.02494145
v 0.04485274 0.03232992 0.07952807
v -0.05726260 0.00567822 0.01265774
v -0.01280671 0.02550559 0.01326135
v -0.02942978 0.00936708 0.00000000
v 0.02263556 -0.03773928 0.01820626
v 0.02106151 -0.04132599 0.09154368
v 0.00644865 0.04273341 0.02756059
v 0.03979083 0.01286225 0.00307936
v 0.01117832 -0.03709014 0.01490557
v -0.01655743 -0.02485034 0.04716809
v -0.05689242 0.00837766 0.01364330
v -0.03632347 -0.00933098 0.07633973
v 0.05818585 0.00237512 0.02445750
v -0.05346608 -0.00506836 0.02034730
v -0.05267786 -0.01232241 0.00442876
v 0.04130232 0.03056385 0.04703877
v -0.05486102 -0.01024405 0.00645315
v 0.03720159 -0.00323187 0.00198905
v 0.01568205 -0.03847058 0.01753622
v 0.05042259 0.02048317 0.07606908
v 0.05059862 -0.01999167 0.08844060
v -0.01502508 0.02585666 0.02025750
v -0.02841015 0.00887747 0.07150490
v -0.04170907 -0.01029097 0.07390524
v 0.05437805 -0.01777741 0.00547528
v 0.03451528 0.03502615 0.02814718
v 0.03451972 0.03606031 0.08280304
v 0.00687216 0.03973146 0.07786062
v 0.02324091 -0.04190320 0.09190711
v 0.00775506 -0.00281476 0.00049900
v 0.00846193 -0.04273535 0.00054281
v 0.03874317 0.03697767 0.08758536
v 0.03148135 0.04032680 0.04307443
v 0.05503501 -0.00810309 0.08115662
v -0.03823659 0.00525996 0.00000000
v 0.04839324 -0.02556526 0.09188062
v -0.04960940 0.00584176 0.00000000
v 0.00368168 0.02014648 0.00197546
v 0.05075996 0.01872832 0.04999054
v 0.04489854 0.02652220 0.03180140
v -0.05144084 -0.00030087 0.01048738
v -0.05581468 0.00586174 0.03959886
v -0.05485008 -0.01139275 0.05185089
v 0.05593125 -0.01420648 0.09155082
v 0.00763133 -0.04063803 0.09139610
v -0.02544457 -0.00027448 0.05454487
v 0.00150672 -0.03369833 0.01250131
v -0.05554260 0.00826719 0.00857800
v 0.01874846 0.00274391 0.00060392
v -0.04766722 -0.00433892 0.00490144
v -0.05624229 0.00783863 0.04530952
v -0.02421576 -0.00629288 0.02441409
v -0.02377755 -0.01179757 0.07227952
v -0.04555174 0.00582866 0.07033200
v 0.04877983 -0.02751598 0.00638705
v -0.02777984 -0.00962266 0.06892041
v -0.05656701 0.00829316 0.01178008
v -0.02130248 -0.01863874 0.09099152
v -0.05280160 0.00784727 0.06105263
v -0.01184929 0.03078358 0.07704567
v -0.02760005 0.00927615 0.00000000
v 0.01687499 0.00721094 0.00076749
v -0.02083044 -0.01873202 0.06073234
v 0.03569864 0.03869789 0.07514888
v -0.02240380 0.01392393 0.02218227
v 0.00183657 -0.04144112 0.08181144
v -0.05810244 0.00182633 0.04467083
v -0.04952395 -0.01228866 0.00253932
v -0.03377080 0.00042295 0.07659000
v 0.05478549 -0.00897678 0.07790625
v 0.03807219 0.03311687 0.04775851
v -0.05695497 0.00849549 0.01494926
v 0.04499494 0.02619261 0.02896380
v 0.04508278 -0.03180695 0.06497653
v -0.05274656 -0.00592180 0.04875932
v -0.01809354 0.00566132 0.00690816
v 0.02312196 0.03966874 0.04939584
v -0.02447895 0.01307104 0.09105903
v 0.02732763 0.02438077 0.00258802
v 0.05086626 0.02470842 0.05758594
v -0.05815986 -0.01171543 0.02517079
v -0.01125385 0.02294767 0.00797442
v -0.05500219 0.00818672 0.00735269
v 0.05482309 -0.01686841 0.02431800
v -0.02436137 -0.00888393 0.05775043
v -0.02243490 0.02232201 0.09180386
v 0.05395728 0.02018976 0.07390738
v -0.02803381 -0.00037449 0.07330647
v -0.05821694 0.00577594 0.02069661
v 0.04110237 0.03488287 0.01045519
v -0.02023670 -0.02426319 0.09179454
v -0.05497313 -0.01179921 0.05359378
v 0.05143436 0.00195984 0.01325349
v -0.05444059 -0.01164094 0.05698353
v -0.00500038 0.02650938 0.00595772
v 0.05747864 -0.00978638 0.08457110
v -0.03991284 -0.01000077 0.07408149
v -0.00911102 -0.01728558 0.00463882
v 0.00891621 0.04307802 0.08669274
v 0.03246509 -0.00413394 0.00126870
v 0.03063639 0.03342611 0.01178342
v -0.05826445 0.00012553 0.04348868
v 0.02381516 0.04257629 0.09151679
v -0.05756169 -0.01095276 0.04337050
v 0.04411990 0.02639142 0.02272733
v -0.05142785 0.00780146 0.06357166
v 0.03135761 -0.04027799 0.00000000
v -0.02691642 -0.01182473 0.06679202
v -0.05010400 -0.01227901 0.00178761
v -0.01055177 0.01257296 0.00280275
v -0.02822420 -0.00619546 0.00749982
v -0.04887519 -0.01006192 0.00000000
v -0.02822351 -0.00661309 0.05077289
v 0.02419287 -0.03802701 0.02336820
v -0.05087719 0.00824838 0.00371657
v 0.03102947 -0.03514824 0.01806960
v -0.02427181 0.00745260 0.02664386
v -0.05533204 0.00420758 0.02783789
v 0.05396583 0.01340405 0.08870409
v -0.01594490 -0.01806574 0.01205105
v -0.00254616 -0.02167350 0.00333645
v -0.05355905 -0.00472965 0.02909867
v 0.01933194 0.04049129 0.08574438
v -0.05373235 0.00014503 0.00310512
v -0.03063090 -0.00890089 0.00027457
v 0.05267514 0.01316150 0.04188223
v 0.03832890 -0.03685406 0.06538630
v -0.02370953 -0.01146324 0.05844668
v 0.00534187 0.03415367 0.00932205
v -0.05704350 -0.01194876 0.04437347
v -0.02886441 -0.00954958 0.06943124
v -0.02798800 0.00660841 0.08394675
v 0.04630374 -0.02622075 0.08697244
v 0.01646550 -0.04026887 0.05283398
v -0.00881672 0.03231891 0.03202709
v -0.00417866 -0.02349322 0.00510264
v 0.03529770 -0.03870464 0.07458769
v 0.03276144 0.03743359 0.09157599
v 0.01482411 -0.03840398 0.01704299
v 0.03873736 -0.03663055 0.07294011
v -0.04036232 -0.00308534 0.07692326
v 0.03471730 -0.03873827 0.01080453
v 0.03323315 0.03510004 0.01923012
v -0.01638139 0.02557574 0.03288964
v 0.05397301 -0.01323377 0.09034593
v -0.05855089 -0.00641842 0.02015984
v -0.04883519 0.00081182 0.06230609
v -0.05163293 -0.00431117 0.01094711
v -0.00315322 -0.00909656 0.00124152
v 0.05714127 -0.00927233 0.00000000
v 0.02721826 -0.03895584 0.06750987
v -0.05853346 -0.00450529 0.01958751
v -0.01915555 -0.02668802 0.03880437
v 0.03982775 -0.03572884 0.03168632
v -0.02186237 0.01676660 0.03117216
v 0.05759657 0.01035616 0.09092769
v -0.05650616 0.00741548 0.04086575
v -0.04486776 -0.01043041 0.07354634
v 0.05655404 0.01435534 0.09054934
v 0.05401778 -0.01868091 0.01789009
v 0.05445565 -0.01377319 0.09176082
v -0.01327123 -0.02801414 0.03287270
v 0.00414894 0.04012599 0.09179263
v -0.01965152 0.02204631 0.07761241
v 0.00143836 0.03835432 0.08838779
v -0.00853575 -0.03379289 0.09168253
v 0.02681629 0.03699899 0.01682002
v -0.03793374 -0.00632572 0.07217823
v 0.01815713 -0.03232375 0.00680536
v 0.02436993 -0.03988037 0.08005567
v -0.00423881 -0.03147627 0.01416928
v 0.04231649 0.03389886 0.05070022
v 0.03715409 0.03739832 0.01928093
v 0.03943125 -0.03613225 0.06626033
v -0.05707562 0.00351261 0.01044356
v 0.03270368 0.03685677 0.07636670
v 0.02710649 0.04164466 0.09170465
v 0.04863286 0.02789729 0.06394041
v 0.01503843 0.04066653 0.05632197
v 0.05056513 0.01650836 0.02668824
v 0.03464005 0.02013468 0.00306941
v 0.03429038 -0.03903673 0.09167765
v -0.04367483 -0.00911028 0.00000000
v -0.05250832 0.00560232 0.00844517
v 0.05477558 0.01867607 0.08577355
v 0.05836497 -0.00272589 0.09148810
v 0.04480216 -0.02784848 0.07593490
v -0.02834964 0.00926538 0.00383553
v -0.01391042 -0.02143239 0.01240373
v 0.05645389 0.01445196 0.08649561
v -0.04802509 0.00774985 0.06902723
v -0.05546226 0.00853421 0.00980242
v -0.04076122 -0.00646121 0.07189316
v -0.02789434 0.00906906 0.00630123
v -0.02850346 0.00930380 0.00000000
v -0.02526375 -0.01657279 0.06352851
v 0.02111416 -0.03553119 0.01160052
v -0.04477240 -0.00429071 0.06850970
v -0.02254599 0.01617097 0.04234026
v 0.03363238 -0.03685536 0.09104962
v -0.05282073 0.00450612 0.00259418
v -0.02367192 0.01018854 0.02441386
v -0.01562154 -0.02751210 0.09166946
v 0.02297226 -0.04051387 0.09104010
v -0.02200148 -0.01302112 0.02099848
v -0.05437461 0.00789987 0.05645121
v 0.04976153 -0.01316857 0.01597323
v 0.03366110 -0.03922476 0.01648695
v -0.01770250 -0.02429104 0.09104223
v 0.03672750 -0.03791124 0.07109440
v -0.00527348 0.03703840 0.09191957
v -0.01454346 -0.02640521 0.02684722
v 0.05458691 -0.00883054 0.06701640
v -0.01803850 -0.00655669 0.00787965
v 0.03446436 -0.03009473 0.01139656
v 0.05817970 -0.00537491 0.07642625
v 0.01119064 0.04411744 0.00000000
v 0.03578000 0.03870280 0.08764922
v 0.03805682 -0.03586319 0.09186404
v -0.03605616 -0.00468654 0.00000000
v -0.05469011 -0.01255440 0.00853828
v -0.02099826 0.01932007 0.04754209
v -0.01950829 0.02357848 0.09102849
v -0.02335062 -0.01383716 0.09049901
v -0.00269587 -0.03950793 0.09165828
v -0.01686676 0.01685120 0.00995884
v -0.01423788 0.03265053 0.03294566
v -0.02639925 0.01409074 0.05023674
v -0.02867402 0.00440297 0.07402261
v 0.03905594 0.00750705 0.00248590
v -0.02053442 0.02001797 0.05557043
v 0.05673657 0.01101875 0.03127121
v -0.00678737 -0.03129982 0.01863552
v 0.02462800 -0.03949522 0.06740608
v 0.03582922 0.03408617 0.02640954
v -0.03093545 -0.00775215 0.07002457
v -0.01290788 0.03397407 0.00000000
v -0.01955752 -0.02627542 0.03286659
v 0.03846050 -0.02833314 0.01365571
v -0.02165078 -0.02324104 0.01593676
v -0.01368721 -0.02597896 0.02064305
v -0.02733172 -0.00942272 0.00000000
v 0.01580956 0.03126392 0.00460521
v -0.02766430 0.00839107 0.07215860
v -0.03255428 -0.00190100 0.00165311
v 0.00752435 0.03938412 0.03331059
v 0.05608952 0.00308226 0.08988430
v -0.02650658 0.01467651 0.09100737
v -0.02230398 -0.02274688 0.09053136
v -0.04864172 -0.00690692 0.06395527
v 0.00018664 -0.03731859 0.04612675
v 0.01410220 0.03119796 0.00462881
v -0.02684634 -0.01190913 0.07734478
v 0.01419347 -0.03360087 0.00802641
v 0.02076004 -0.04326831 0.06952564
v 0.02294799 -0.03939850 0.04773232
v -0.02342821 0.01647899 0.09149615
v -0.01205232 -0.03166266 0.09186795
v 0.01630622 0.04430486 0.00173572
v -0.04310298 0.00793784 0.07461889
v -0.01772608 0.02018509 0.01582299
v -0.02244276 -0.01589231 0.08869831
v 0.02410947 -0.03870440 0.03107316
v 0.04808630 0.02193795 0.03169309
v 0.05552621 0.00590730 0.08753066
v -0.02243148 -0.01083167 0.01961718
v -0.05708246 -0.01170013 0.03019237
v 0.04827601 0.00037137 0.00810582
v -0.02295138 0.01630238 0.08880412
v -0.01201199 -0.03367647 0.03708685
v -0.02390880 0.00760173 0.02228891
v -0.04394726 0.00212302 0.00178584
v 0.01293628 0.01496901 0.00121409
v -0.03081445 0.00864773 0.07079778
v -0.00725395 0.01053786 0.00204124
v -0.05669142 -0.00828049 0.01025021
v 0.04070314 -0.03242847 0.09125391
v 0.03318461 0.03542834 0.02210438
v -0.02158959 -0.02378537 0.09100356
v 0.04158912 -0.01850508 0.00684413
v -0.01931277 0.02142792 0.03055005
v -0.02211120 0.01984671 0.09168662
v -0.01519051 0.00357911 0.00396182
v -0.04371585 -0.00435706 0.06961833
v -0.01360586 -0.03018414 0.09187054
v -0.00310365 -0.00072664 0.00087682
v -0.05411620 0.00158486 0.02270431
v 0.02525079 0.03849796 0.02523426
v 0.04537709 0.02596757 0.03079624
v -0.04002392 0.00817127 0.07515836
v -0.02147201 0.00951678 0.01402706
v -0.05428266 -0.00926768 0.04668463
v 0.03515756 0.02442599 0.00495967
v -0.05689138 0.00830450 0.01882904
v 0.05371768 -0.00721623 0.03482176
v 0.05398190 0.00340237 0.02702185
v -0.02127102 -0.01840337 0.09042256
v -0.05434419 -0.01014383 0.05054667
v -0.01575450 -0.00888139 0.00622513
v -0.01968979 0.02137389 0.03622856
v -0.02738743 -0.00905750 0.00000000
v 0.04113553 0.02007271 0.00714274
v -0.02799210 0.00822867 0.09147571
v -0.05398016 -0.00317026 0.06271901
v -0.02860292 -0.00296284 0.02530197
v -0.02746536 0.01012808 0.00202433
v -0.04584090 -0.01093248 0.07161380
v -0.00051373 -0.01507764 0.00130659
v -0.04522598 -0.00578500 0.07463203
v 0.03974128 0.03223781 0.08658962
v -0.04951197 0.00077646 0.06076780
v 0.03055949 -0.03784949 0.06682013
v 0.02635963 -0.02365179 0.00222830
v 0.00011145 -0.03795317 0.09109078
v 0.05655370 0.01179037 0.03647370
v 0.05358505 -0.01505203 0.09153022
v 0.00983604 -0.04328506 0.07370910
v 0.00161064 -0.03770552 0.04213461
v -0.05150133 0.00177918 0.00963237
v 0.04939408 0.02676161 0.06002941
v 0.01999404 0.04335650 0.08103203
v -0.02752005 -0.00966718 0.00706559
v -0.01474410 -0.00041911 0.00352317
v -0.03609375 -0.00147143 0.00071182
v 0.01684628 -0.04330591 0.04012918
v -0.02095279 0.02526181 0.02988798
v 0.00031175 -0.03723774 0.04176733
v 0.05281495 0.01024800 0.02699212
v -0.01919997 -0.01967926 0.02441754
v 0.04135361 -0.03476050 0.05106870
v -0.00056090 0.01361482 0.00149956
v -0.00527758 0.03104676 0.01171331
v 0.01694883 0.02288002 0.00193203
v 0.04136455 0.01528902 0.00464069
v 0.04836625 0.02006331 0.02199800
v 0.05826277 0.00374720 0.09156072
v -0.01839056 -0.01110857 0.01047921
v 0.04872686 -0.02743422 0.02650942
v -0.00569903 -0.03779082 0.01920747
v -0.05828564 0.00752476 0.02656397
v -0.05601053 -0.00291145 0.05669360
v 0.03236905 -0.03658295 0.04825547
v 0.05372588 -0.00342225 0.02535949
v -0.03071464 0.00029372 0.07553369
v 0.04095198 -0.03503118 0.02501105
v 0.03631973 -0.03485700 0.07664854
v 0.04883351 0.02782769 0.00000000
v -0.02457909 -0.00912991 0.07837557
v 0.01427756 -0.03235504 0.00663630
v 0.03055710 0.03640788 0.01949231
v 0.03712060 0.01783975 0.00326873
v -0.04994505 -0.01127217 0.06736353
v 0.05593571 0.00305873 0.08843013
v -0.01747484 0.01549132 0.00988847
v -0.02341795 0.00357188 0.01716416
v 0.00143495 -0.03160310 0.00948971
v 0.02068690 -0.04086131 0.09054896
v 0.00642474 0.04142231 0.09197089
v -0.02866307 0.00414451 0.09111901
v -0.05018124 -0.01130907 0.06670377
v 0.00425730 -0.03976600 0.09147026
v -0.02173076 -0.01715885 0.07415174
v -0.05349239 -0.01125343 0.00877229
v -0.04298573 0.00542027 0.07187218
v -0.05173410 -0.01248742 0.00382961
v 0.05817185 0.00652197 0.07533545
v -0.00473922 -0.02572938 0.00718040
v -0.03002691 -0.00422740 0.07508663
v -0.00263570 0.03981043 0.03538766
v 0.02825670 0.03011334 0.00577346
v 0.03937075 -0.03622726 0.05419779
v 0.05100984 0.01643610 0.03080272
v -0.05469489 -0.00654923 0.05987347
v 0.05486139 0.01872914 0.09107345
v 0.01478823 0.04359277 0.07655642
v -0.00936088 0.03292632 0.08816194
v 0.03526694 -0.03528226 0.05919878
v -0.05346231 -0.00454725 0.03392116
v 0.02196972 -0.04020169 0.07576729
v 0.03028262 -0.03964468 0.09189725
v -0.00550625 0.03472049 0.04064096
v -0.00226757 -0.03899450 0.09192226
v -0.05354058 0.00178222 0.04504072
v 0.04963130 -0.02191039 0.08939866
v 0.05103411 -0.02461833 0.09110576
v -0.00084904 -0.01752370 0.00173926
v -0.05536381 0.00753173 0.04895185
v -0.05264743 0.00141722 0.04998325
v -0.01037982 0.03463425 0.09192984
v -0.04677918 0.00008245 0.00396634
v -0.01939036 0.02443804 0.09162576
v 0.05105393 0.02513467 0.08497625
v 0.00949354 -0.04339703 0.08044027
v -0.02130212 0.01586692 0.02023561
v -0.05113832 -0.01015401 0.06195606
v 0.00084156 -0.03703318 0.02917038
v -0.01184552 -0.03385452 0.04842869
v 0.04520722 0.01336670 0.00754445
v -0.00475426 0.03574322 0.08135900
v -0.02934123 -0.01186025 0.00000000
v -0.00613587 0.03445243 0.04856261
v -0.00289821 0.03803224 0.09188830
v -0.01269766 -0.03007765 0.09161879
v -0.04542286 0.00785497 0.07310976
v -0.03273202 0.00407109 0.07078047
v -0.01163975 -0.00397644 0.00225651
v -0.01111199 -0.03269666 0.09189618
v -0.00568673 0.02446142 0.00496356
v -0.04733496 -0.01035285 0.07163780
v 0.01638142 0.03995387 0.02902252
v 0.05199631 -0.01808576 0.09121134
v 0.05024999 0.02571315 0.02587896
v -0.02272612 0.01378551 0.02416729
v 0.05463408 -0.00084980 0.04053667
v -0.02805601 -0.00821112 0.09111627
v 0.05183668 -0.01594280 0.05080065
v 0.00476421 0.01035258 0.00108732
v -0.02174511 0.01793350 0.05604579
v -0.05350845 -0.00520782 0.01964832
v 0.02410811 -0.04011431 0.08892331
v -0.02550506 -0.01661279 0.08653734
v 0.04528720 0.00971393 0.00601341
v -0.00921731 0.03046767 0.01721343
v -0.02671747 0.01293814 0.06959439
v 0.03769553 0.03179218 0.01845656
v 0.04356173 0.00611003 0.00380840
v -0.05304187 0.00003192 0.04579476
v -0.02591557 -0.01564842 0.09057235
v 0.03087772 0.03075062 0.00806072
v 0.05494479 -0.01117875 0.09153081
v -0.00936737 0.03162246 0.02709954
v 0.04769733 0.02441300 0.06695953
v 0.02774979 0.04222083 0.00000000
v 0.00351215 -0.03595529 0.01656394
v -0.05485246 0.00767160 0.00667323
v -0.05283884 -0.00015781 0.04722808
v -0.02571185 -0.01542157 0.02479848
v -0.05178571 -0.01151376 0.00583512
v -0.02456951 0.00016172 0.02246366
v -0.05729403 -0.01217946 0.01720222
v -0.05431581 0.00361938 0.01725748
v 0.05576617 0.01584036 0.07148204
v -0.02972201 0.00921820 0.07176328
v -0.02735837 0.01048651 0.01533067
v 0.05209578 0.00354922 0.01590975
v 0.04859732 -0.02121424 0.03611280
v -0.02035530 0.02655120 0.08745611
v -0.01554223 0.02209103 0.01340262
v 0.04151393 0.03509573 0.08217482
v 0.03661472 0.02004727 0.00374404
v 0.02751565 -0.04163086 0.05474368
v -0.05849482 -0.00803208 0.03365693
v 0.05561099 -0.01604237 0.09043855
v 0.04196273 0.03095608 0.09102530
v -0.03851618 0.00779440 0.07415744
v -0.01986514 -0.01735217 0.02088294
v -0.04856514 -0.01120737 0.06875661
v 0.05110897 0.02488828 0.07282348
v -0.00751850 -0.03394003 0.09123805
v -0.00900573 -0.03156666 0.03484996
v 0.03378416 -0.03916183 0.00663941
v 0.01103512 0.03589715 0.01054146
v 0.00771509 0.03765448 0.01557661
v 0.05549306 -0.01465780 0.00297683
v -0.02597197 0.01539662 0.09165963
v -0.01485518 0.02023765 0.00988637
v 0.01849041 0.02059085 0.00170034
v 0.04859185 0.02319554 0.06664950
v -0.05404612 0.00002538 0.06259222
v -0.01099303 -0.03022274 0.03984821
v -0.00215306 0.04008851 0.07170216
v -0.02778871 -0.00207143 0.07415286
v 0.00957797 -0.02632050 0.00281178
v 0.04808255 -0.02367133 0.05725626
v -0.02891977 -0.00016019 0.09106328
v -0.05858301 -0.00582006 0.02061855
v -0.00380538 -0.03885763 0.00000000
v 0.05132397 -0.01794787 0.06300304
v -0.05595344 0.00469326 0.00731467
v -0.02024865 -0.02062598 0.09115136
v 0.00556611 -0.03971881 0.08874524
v 0.05745678 -0.00841466 0.05873952
v -0.02478725 -0.01756881 0.00000000
v -0.02452473 0.00741654 0.03790506
v -0.05453799 0.00711963 0.01014600
v 0.00085387 -0.03899995 0.09181972
v 0.05345278 -0.01982686 0.00366126
v 0.01180420 -0.04030335 0.05865662
v 0.01110451 0.04337834 0.06604994
v -0.02695981 0.01154825 0.07771393
v -0.02511710 -0.01067016 0.09176838
v 0.00253423 -0.04091702 0.09194570
v -0.00332411 0.03958763 0.09126744
v 0.01680425 -0.04371447 0.07348323
v 0.03518560 0.03864112 0.05239029
v -0.04531792 -0.00424391 0.00261439
v 0.05120160 0.02488876 0.08166250
v -0.04645205 0.00345976 0.07355233
v -0.02823990 -0.00159813 0.00000000
v -0.02893891 -0.00319951 0.00565123
v -0.02316124 0.02215200 0.09132147
v -0.01248265 -0.03311155 0.01492697
v 0.01009787 0.04092156 0.09109563
v 0.02830045 -0.02562938 0.00376810
v 0.00520071 0.03122597 0.00590262
v 0.01981426 -0.02398867 0.00169642
v 0.01806520 0.03901594 0.01827959
v -0.00949384 -0.03213183 0.08129168
v -0.01745330 0.02969590 0.09156715
v 0.02324128 0.02604864 0.00253952
v 0.02438533 -0.03458405 0.01109265
v 0.05798728 0.00671008 0.05895480
v 0.01144599 0.03810253 0.01537906
v -0.02643855 -0.01319132 0.00330676
v -0.02179946 -0.01622834 0.04307553
v 0.05739970 -0.01006120 0.09106102
v -0.03106430 0.00777791 0.00117505
v -0.01470102 -0.02597064 0.02482908
v 0.04936128 -0.02652251 0.03084891
v 0.01812502 -0.04054050 0.06941892
v 0.02460067 -0.04301805 0.08681023
v 0.00798034 -0.04356722 0.09052546
v -0.02220040 0.01911217 0.09145322
v 0.04150333 0.02483219 0.01172221
v 0.04027896 0.00828590 0.00273504
v 0.04842129 0.01321777 0.01162380
v 0.01946219 -0.04326725 0.09178419
v -0.00827356 -0.03477519 0.09191154
v -0.01789800 -0.02181477 0.02425560
v -0.00415745 -0.03229788 0.01595074
v -0.02401577 0.01173012 0.05102010
v -0.00826126 -0.03638108 0.02525142
v 0.03776595 -0.03423941 0.08968699
v -0.00572261 -0.03773786 0.04782895
v 0.05142515 0.02453678 0.00000000
v -0.05847807 0.00596357 0.02559833
v -0.02802422 0.00903038 0.00000000
v 0.03034450 0.04061977 0.09166958
v -0.01235652 0.03135004 0.09144686
v 0.02737038 -0.04008084 0.09180857
v -0.03169392 0.00915008 0.07341349
v 0.00374630 -0.04154353 0.03699403
v -0.04586242 0.00200997 0.00296122
v -0.05793766 0.00802443 0.03137152
v -0.03011133 0.00783431 0.06926540
v -0.01077051 -0.01499563 0.00472323
v 0.03455872 -0.01763725 0.00222102
v 0.03149675 -0.03565478 0.02556646
v -0.03579260 -0.00947525 0.07358388
v -0.05670577 -0.00010723 0.05409492
v -0.00533978 0.03471324 0.03627385
v -0.01671498 0.03032687 0.02393548
v 0.04217671 -0.01312396 0.00473305
v 0.01408854 0.04066773 0.04791427
v -0.00279840 0.03601059 0.03562243
v -0.01067241 0.03104240 0.03233006
v -0.02852258 0.00384549 0.09150825
v 0.00096770 0.04115393 0.05710543
v -0.02886508 -0.00656808 0.06721235
v 0.02880087 -0.03763775 0.04067092
v 0.05155333 -0.01991931 0.09172365
v -0.02816265 0.00906644 0.06802044
v -0.01030974 0.02610291 0.01010234
v -0.05038530 -0.01020730 0.00529172
v -0.01178740 -0.02989267 0.05798682
v -0.05545199 0.00461786 0.03610097
v 0.04379006 0.02925153 0.09107968
v 0.03381527 -0.03406356 0.02133566
v -0.02743596 -0.00212554 0.07553237
v 0.03670975 0.03813633 0.00000000
v -0.04799363 0.00855650 0.00027210
v 0.00757461 -0.03949824 0.05159675
v -0.00117239 0.00396250 0.00088510
v 0.04179832 0.03022961 0.05616775
v 0.04810067 -0.02877257 0.07580396
v 0.00286203 0.03833064 0.04561882
v -0.00002492 -0.04108719 0.09117443
v 0.04880344 0.02034680 0.02881795
v 0.04023111 0.03142686 0.04658755
v 0.01310891 -0.00322540 0.00049148
v -0.00229012 0.03999461 0.05183621
v 0.02676230 -0.03928780 0.08062580
v -0.01541472 0.03161900 0.06873869
v -0.05277867 -0.00434811 0.01587364
v -0.01619782 -0.02015177 0.01481714
v -0.01768505 0.00776002 0.00688273
v -0.01794312 -0.02830060 0.09128861
v -0.01346946 -0.03257611 0.04831686
v -0.05494508 -0.01147906 0.05587780
v 0.02240965 0.03074982 0.00456636
v 0.00351319 0.04193922 0.08598172
v 0.05785363 -0.00779666 0.08469230
v 0.02748968 0.03883124 0.08812244
v 0.01795411 -0.03953428 0.03303520
v 0.03825953 -0.03358145 0.08024096
v -0.02963552 0.00914705 0.07284805
v 0.01079381 -0.03917289 0.02916657
v -0.02499507 0.01175369 0.09141452
v -0.04879518 0.00408791 0.00487748
v 0.00860962 -0.04337652 0.09148920
v 0.05288914 0.01589466 0.08862853
v -0.00250068 -0.03935156 0.05014277
v -0.00905802 0.01313891 0.00249514
v -0.05455336 -0.00795773 0.03175182
v -0.05665176 -0.00876791 0.00987193
v -0.02539977 -0.00562039 0.08272718
v 0.05606834 0.00409097 0.09110038
v -0.01752098 0.02432931 0.03569687
v 0.03673743 0.03098421 0.01391507
v -0.02040212 -0.02505350 0.01583261
v 0.05625531 0.00047327 0.08994532
v 0.03656824 0.03000270 0.01175133
v 0.01820124 -0.03492019 0.00991620
v 0.03981957 0.03273731 0.09100463
v 0.02940964 -0.03553358 0.01682203
v -0.02125426 -0.00716486 0.01282318
v 0.00762349 0.03877884 0.02076163
v 0.04630171 -0.02355141 0.02708122
v 0.03011344 0.03751220 0.05791505
v -0.01214972 0.01816445 0.00561462
v 0.05540352 0.00603499 0.07204918
v -0.01206188 -0.00601735 0.00283603
v 0.02696568 0.03825759 0.03073094
v -0.01223483 0.03246194 0.09186853
v 0.05392244 0.02004470 0.00722477
v -0.01144012 -0.03467395 0.08290419
v -0.05361577 -0.01184169 0.00535239
v -0.04415814 0.00759437 0.07454143
v -0.03680334 -0.00023389 0.07157516
v -0.02367737 -0.02002575 0.06791137
v -0.02384725 0.02031994 0.00000000
v -0.00642674 -0.03460549 0.09103110
v -0.04160308 -0.00184628 0.07086170
v -0.04886457 0.00793582 0.00010588
v 0.02131380 0.04014009 0.05763335
v 0.01406155 -0.03938034 0.02915985
v 0.04959030 0.02190443 0.08818889
v -0.05103713 0.00099680 0.05656153
v -0.02679710 0.01276229 0.03479391
v -0.00167759 0.01645663 0.00178099
v 0.05327881 -0.02024842 0.04418238
v -0.03466188 0.00666580 0.07286113
v -0.00333060 -0.03894405 0.04446657
v -0.00822536 0.03640035 0.09187794
v -0.05538807 0.00002401 0.05875689
v 0.00078996 0.03847903 0.09101910
v -0.01601016 -0.02597240 0.08673596
v 0.02914884 -0.03712145 0.03189212
v 0.00727416 -0.04248743 0.00642663
v -0.02956203 -0.00574956 0.00286753
v -0.04583507 -0.01064794 0.07117355
v -0.05580919 -0.01082189 0.04488796
v 0.02294561 0.04091770 0.09185567
v -0.05642001 -0.01209354 0.01695838
v 0.01883702 0.04046455 0.05567872
v -0.02377308 0.02045756 0.01068448
v 0.04475159 0.02569775 0.02308806
v 0.05201512 -0.01693173 0.07566058
v 0.03206622 -0.03991909 0.01389229
v 0.00241084 0.03861099 0.08830778
v -0.00283086 0.03535675 0.02264669
v -0.01858025 -0.02187509 0.03659349
v 0.01205066 -0.03005195 0.00473306
v -0.01253699 -0.02965130 0.09056718
v 0.05800027 0.00449636 0.05094678
v -0.02460368 0.00741286 0.04265647
v 0.05817665 -0.00320688 0.01687355
v -0.01156043 0.02678778 0.01315192
v -0.04664962 0.00851223 0.00000000
v 0.00751651 0.03980320 0.07236285
v -0.02476844 0.00941735 0.07578175
v 0.04803676 -0.02883553 0.08134984
v 0.04777459 -0.02418793 0.07724134
v 0.03351345 -0.03917857 0.03851451
v 0.03221080 0.04007633 0.01644792
v -0.05353852 0.00402222 0.04969609
v 0.04595443 0.03071451 0.04884000
v 0.00482746 0.02994510 0.00491848
v -0.04670670 -0.01068458 0.07195989
v 0.00203485 -0.03751561 0.03105339
v 0.04500009 0.03231387 0.08760493
v 0.04736441 0.02916481 0.04279836
v -0.05833723 -0.01106398 0.02727079
v -0.02394535 -0.00658671 0.02225907
v 0.01394465 -0.04330571 0.04960094
v 0.02584556 -0.03761082 0.02379494
v -0.00258510 0.03579343 0.02811158
v 0.00791677 -0.04246646 0.09193429
v -0.05324729 0.00771183 0.05767454
v -0.02638180 0.01414491 0.05625685
v -0.04886901 0.00776070 0.06797425
v -0.00511042 0.03770767 0.09195218
v 0.02831755 0.03880535 0.08986896
v -0.00992110 -0.03283440 0.09169903
v 0.01790660 -0.03994086 0.04138861
v -0.02723599 -0.00983464 0.07509746
v -0.05864863 -0.00279147 0.02058532
v 0.03708404 -0.01323122 0.00220270
v 0.03157367 0.04027012 0.03850444
v 0.04225123 -0.02844835 0.02839091
v -0.00141165 -0.03986381 0.00000000
v -0.03781135 -0.00986270 0.07415719
v -0.01558392 0.02853058 0.09152106
v -0.02547052 0.01667357 0.02376753
v 0.02773271 0.03836158 0.05948511
v 0.04488558 -0.02759502 0.05812227
v 0.00402215 0.04206317 0.04519278
v 0.05600819 -0.01503294 0.08562405
v -0.02300126 0.01516659 0.05148780
v 0.00377673 -0.04174637 0.05826609
v -0.02387254 0.01196566 0.04535368
v -0.01923414 -0.02677498 0.09136205
v 0.00667052 -0.04233293 0.02066872
v 0.00553536 -0.04223725 0.05713946
v 0.00238726 0.03840184 0.06988901
v 0.01709104 -0.00207535 0.00052883
v -0.05281797 -0.00851787 0.01083642
v 0.05166442 -0.01733767 0.06803464
v -0.05552479 -0.01198007 0.00898858
v -0.05517444 -0.01005568 0.04526101
v -0.01439304 0.01859676 0.00793624
v -0.02401645 0.01360141 0.08886854
v 0.01125424 0.04337563 0.08939252
v -0.02838277 -0.00496003 0.09153147
v -0.01227824 -0.02910562 0.04022109
v 0.00522499 -0.03757457 0.02275066
v 0.01056377 -0.04017486 0.05908057
v -0.05593805 -0.01138149 0.05218516
v 0.03760428 0.03466034 0.09144031
v -0.02880764 -0.00985583 0.07054099
v -0.00430408 0.00814610 0.00146951
v 0.04155256 0.00834226 0.00310563
v 0.03691518 -0.03815897 0.08504612
v 0.03752840 0.03710883 0.09178683
v -0.01401055 -0.02800620 0.07388797
v -0.05084742 0.00848992 0.00237079
v 0.04890839 0.02212393 0.05417745
v -0.05731692 0.00113279 0.01016706
v 0.03867928 0.03703639 0.09054860
v 0.05031734 -0.01594418 0.02503814
v 0.03255877 -0.01996391 0.00224768
v -0.02291718 0.00347884 0.01538670
v 0.03474877 -0.03545112 0.04887938
v -0.00838943 0.03276360 0.03725864
v -0.02169007 -0.02132481 0.09189502
v 0.00211142 0.04111933 0.09177346
v -0.02177347 -0.01600042 0.03648343
v 0.03764324 0.03312967 0.03173757
v 0.04341989 -0.03297956 0.09158484
v 0.05121016 -0.00344830 0.01338181
v 0.02041107 0.04363674 0.01573614
v -0.02132467 -0.01699392 0.03706066
v 0.03914278 -0.03428983 0.09171012
v -0.02359328 -0.01994448 0.03848649
v -0.01020309 -0.03517056 0.05799475
v 0.00756300 -0.03893033 0.03356933
v -0.05596471 0.00006001 0.05681711
v 0.05149557 -0.01589577 0.04290194
v -0.05866708 -0.00308976 0.02383141
v 0.01213031 -0.04419629 0.09049523
v -0.01928096 -0.02130885 0.05302764
v -0.02802181 0.00761398 0.02622657
v -0.02574260 0.01588473 0.00000000
v -0.05050595 0.00402783 0.00033222
v 0.04601254 0.02640488 0.08788695
v 0.00077835 -0.02616948 0.00469993
v 0.03044363 -0.02454255 0.00378952
v -0.01628292 -0.02767232 0.09183838
v 0.04365848 0.03309577 0.00398153
v -0.05338333 -0.00812586 0.01350857
v 0.04943546 0.02346254 0.09163697
v 0.04199795 -0.02179292 0.00999505
v -0.02441192 -0.01108966 0.09107361
v -0.02554640 0.00145632 0.05963932
v 0.03413522 0.00084671 0.00156626
v 0.01173585 -0.04315886 0.04932719
v 0.05820366 -0.00042880 0.00155262
v 0.02933001 0.03803482 0.07424437
v 0.02539368 0.03702320 0.01567987
v -0.05029436 0.00213215 0.00000000
v 0.04692279 -0.02954955 0.02152148
v 0.05086116 -0.00552914 0.01331961
v 0.02907296 0.03595784 0.01601922
v -0.03199847 -0.00523175 0.00099307
v -0.02761847 0.00791927 0.07349867
v -0.02490584 -0.00727284 0.06585893
v -0.00477920 -0.01769998 0.00278939
v 0.00589905 -0.03964053 0.08240137
v 0.05787722 0.00519724 0.04755647
v -0.05115129 -0.00477622 0.05555721
v 0.05437945 -0.01124172 0.08870029
v 0.05254562 0.00781160 0.01915349
v -0.02113154 -0.02377132 0.09161637
v -0.04816897 0.00082624 0.06366135
v -0.02760309 -0.00992546 0.05858193
v -0.02733887 0.01053386 0.04313374
v -0.01815059 0.02584329 0.09153657
v -0.05245086 0.00847210 0.00408340
v -0.01648664 0.02432528 0.02191898
v 0.02509118 -0.04222387 0.00000000
v -0.03904768 0.00425719 0.07229325
v -0.00762992 0.03390468 0.07054337
v 0.04154812 -0.02851758 0.02377662
v -0.05724309 -0.01224456 0.02139356
v -0.02757916 -0.00955761 0.01097084
v -0.05557162 -0.01015110 0.04222764
v -0.01855666 -0.02253937 0.07833527
v -0.03579089 0.00268866 0.00074469
v 0.05337657 -0.02000131 0.00000000
v 0.04681512 0.02512997 0.05469873
v -0.00034861 0.03630175 0.02027335
v 0.04471912 0.03212705 0.00000000
v 0.03089517 0.02742598 0.00465340
v 0.01033476 -0.03325795 0.00805405
v -0.02746705 -0.00824664 0.07506819
v 0.04437389 -0.03236392 0.00000000
v 0.00990203 0.00325341 0.00060975
v -0.02560998 0.00347307 0.07436226
v 0.00974377 -0.04381947 0.09092338
v -0.03155650 0.00414428 0.06989310
v 0.04588813 -0.00329758 0.00566362
v -0.04493986 -0.00590837 0.00190837
v 0.03259398 0.03924324 0.09190595
v 0.00249254 -0.04202203 0.08915092
v 0.04913398 -0.02303919 0.09122601
v -0.00913970 0.03649343 0.09087232
v 0.03636316 0.03418996 0.04505621
v -0.05586592 -0.00914650 0.00797974
v -0.05376137 -0.00789929 0.01561937
v -0.05358397 -0.00583490 0.03739557
v 0.01257159 -0.04316425 0.01581906
v 0.04145378 -0.03121619 0.08876027
v 0.04058421 -0.02443535 0.01098149
v -0.00220295 -0.03182491 0.01243995
v -0.05793765 0.00674388 0.04082284
v 0.00576951 -0.04296350 0.08906124
v -0.03063190 0.00908861 0.00000000
v 0.02134628 -0.04342012 0.09148362
v -0.00070478 0.04064188 0.01403142
v -0.01295366 -0.03262173 0.00000000
v -0.05853240 0.00419193 0.03543833
v 0.05811103 -0.00353166 0.05995731
v 0.05645050 -0.01192864 0.00694776
v 0.00184822 -0.04117375 0.05860286
v 0.03326257 0.03292016 0.01309762
v 0.04350124 -0.02920409 0.07609770
v 0.03703448 0.03477014 0.08999043
v 0.05507162 -0.01636547 0.09160672
v -0.00862357 0.03530360 0.09192343
v -0.00888505 -0.01556553 0.00379355
v -0.04869809 -0.00462221 0.06249054
v 0.05490858 0.00997696 0.08897464
v 0.01098284 0.04344239 0.03094373
v 0.05412480 0.01970089 0.00097761
v -0.02550265 0.00914399 0.09105416
v 0.04152693 0.03514251 0.09105514
v -0.00283769 -0.03182115 0.01310066
v 0.05019258 -0.02532878 0.09154519
v 0.05019566 0.02000380 0.05333746
v 0.01361993 0.02201206 0.00182381
v 0.03917150 -0.03687486 0.09045962
v 0.03952630 0.03632812 0.00000000
v -0.02741065 0.01036032 0.00000000
v 0.03384331 0.00839157 0.00195078
v -0.05724411 -0.01236278 0.01796761
v 0.01415931 0.04372907 0.02588192
v -0.05006637 0.00404592 0.00000000
v -0.00920157 0.03625048 0.06623618
v -0.02530234 0.00640865 0.07562408
v 0.01066359 0.04091739 0.08989108
v -0.02836123 0.00150951 0.09181939
v 0.02318284 0.04306670 0.01529802
v 0.00218252 0.04196539 0.00552089
v 0.04234797 -0.03010120 0.05730358
v 0.05608784 -0.00400274 0.09112029
v 0.05845147 -0.00301415 0.08516195
v -0.02694544 -0.01198748 0.02505793
v -0.02729511 0.00579955 0.09193777
v -0.05634411 -0.01245984 0.01480492
v 0.02897316 0.04061445 0.09189130
v 0.00044918 -0.04057083 0.01177197
v 0.03265414 -0.03441083 0.01835726
v -0.03297332 -0.00598451 0.07051790
v 0.04815230 -0.01984123 0.02302106
v 0.01052823 -0.04374351 0.09136304
v 0.03013464 -0.03834984 0.09103169
v 0.04597529 0.03071657 0.05350999
v -0.04528680 -0.00718375 0.06907380
v 0.04510538 -0.01676327 0.00971058
v 0.04099473 0.03039972 0.03183366
v -0.00503213 0.01998385 0.00278103
v 0.00485618 0.03882353 0.03452688
v 0.01500975 0.04359313 0.06371312
v -0.00520304 0.03448010 0.02953555
v -0.00292793 0.03431752 0.01722507
v -0.02506649 0.01786896 0.06706749
v -0.02382332 0.01032756 0.02882265
v 0.05825903 -0.00569819 0.09054253
v 0.04845857 0.02796031 0.03200261
v 0.04592231 0.02552840 0.03737252
v -0.01270140 0.03392715 0.05687119
v 0.01801565 -0.03856797 0.02106170
v -0.02809530 -0.00317855 0.07682353
v 0.01137080 0.04339501 0.05140145
v 0.02108650 0.03906134 0.01995033
v -0.00340886 -0.03544195 0.03768156
v -0.04252187 -0.00595822 0.07598590
v 0.05154856 -0.01916624 0.09138180
v 0.01899802 0.04052900 0.06836744
v -0.02903323 0.00909967 0.00243256
v -0.05037366 0.00132629 0.00000000
v 0.02103010 -0.03444791 0.00967454
v -0.04730623 0.00085337 0.06518786
v 0.01456573 -0.04087979 0.07378590
v 0.04195591 0.03044303 0.08797504
v 0.05237506 0.01757795 0.09096558
v 0.00529849 -0.04201593 0.02029724
v 0.04660218 0.02432647 0.03230564
v 0.05754089 -0.00730433 0.00676447
v -0.02628813 -0.00867785 0.09192669
v 0.04975301 -0.02125970 0.07668564
v -0.01123536 -0.03443875 0.05723115
v 0.05596855 0.01055745 0.09193127
v 0.04415753 -0.01344829 0.00662549
v -0.04841883 -0.00286041 0.07283082
v -0.05856624 0.00329317 0.02050683
v -0.00973753 -0.00306090 0.00191257
v 0.05545583 -0.01262664 0.09191868
v 0.05756071 -0.00786241 0.05819040
v -0.00018761 0.04056200 0.09165223
v 0.03752806 -0.03163062 0.02197284
v -0.05670472 0.00042402 0.00829855
v 0.01172902 0.00857455 0.00084496
v 0.04209606 0.03454953 0.09144336
v -0.01819399 -0.02184070 0.02669681
v 0.03483526 0.02613271 0.00600200
v -0.02519057 -0.00558800 0.06588143
v -0.02772135 -0.00924827 0.02320305
v 0.05514580 0.01685263 0.02533086
v 0.02845907 -0.03805210 0.04831282
v 0.03248666 -0.01671396 0.00150557
v 0.05777776 -0.00596573 0.00751338
v -0.02376657 -0.01969468 0.00000000
v -0.05316662 -0.00837053 0.00328353
v -0.03172501 -0.00627539 0.07584199
v -0.01964567 0.02156482 0.04858846
v 0.00608364 -0.04215105 0.03716908
v -0.05744099 -0.01169521 0.01688603
v -0.01543863 0.03156959 0.05760319
v -0.02400858 -0.00928957 0.03869916
v 0.03480962 0.02862047 0.00838844
v -0.02381750 0.01320673 0.07808523
v 0.02816375 -0.04136808 0.02102854
v -0.02617465 0.00310410 0.09056699
v 0.05328668 -0.00065600 0.01941695
v 0.04926183 -0.02004439 0.03608641
v -0.05871732 0.00037994 0.02841523
v 0.00717436 -0.04293357 0.08028360
v 0.04611441 0.03067412 0.05941722
v -0.02432544 0.01169526 0.08263140
v -0.03447421 0.00843044 0.07374125
v -0.02029136 -0.02274724 0.09186477
v -0.02142173 -0.01536310 0.02441138
v -0.00032844 -0.03725343 0.05124468
v 0.04010055 -0.03522003 0.09180249
v -0.01651364 0.03058651 0.03136172
v 0.04001646 0.03186262 0.06421816
v -0.05710806 -0.00561293 0.01083745
v 0.01928652 -0.04307948 0.03247530
v 0.02987521 0.03751018 0.04959821
v -0.01606347 0.02648751 0.07086821
v 0.05079008 -0.02444894 0.02185117
v 0.00423819 -0.03915651 0.08191931
v 0.04703116 0.01827758 0.01304842
v 0.02113197 0.04023798 0.06824345
v -0.02287649 0.01548742 0.04732206
v 0.03041630 0.03436821 0.01317455
v -0.02768512 -0.01232733 0.00019998
v -0.02794592 0.00783276 0.01597862
v 0.01869381 -0.04372239 0.07735869
v 0.00408574 -0.03866811 0.04872770
v -0.00098916 0.03700801 0.04912485
v -0.02837729 0.00005920 0.07731943
v -0.02058942 0.02006668 0.06124088
v 0.05291445 0.00551232 0.01936241
v -0.01944947 0.02724086 0.00953265
v -0.02758599 0.00997373 0.00767278
v 0.00173338 -0.00575259 0.00059115
v 0.03437450 0.03614437 0.08798510
v 0.04347664 0.03299681 0.03053771
v 0.02396492 0.04047256 0.09170828
v -0.02144805 -0.01689796 0.04121829
v -0.03176705 0.00422900 0.07604521
v -0.05486611 0.00619176 0.01351439
v 0.04287608 0.03346685 0.02453189
v 0.01400550 -0.03991607 0.03853314
v 0.03483423 0.03571938 0.07547962
v -0.02037886 0.02233745 0.09136731
v 0.01812674 0.04072022 0.08825409
v 0.00088876 -0.03799242 0.08041550
v 0.04193472 0.03040041 0.08587611
v -0.04888882 0.00711758 0.07034446
v -0.00522354 0.03629444 0.09166460
v -0.01047209 -0.02125470 0.00804999
v 0.03214280 0.03796864 0.09172537
v -0.05570834 -0.00972820 0.02094291
v -0.02988845 0.00920048 0.07096178
v -0.01098549 -0.02871454 0.02153699
v 0.03740775 -0.00709678 0.00196874
v -0.04729563 0.00391071 0.06688319
v -0.01263918 0.02869620 0.02389012
v -0.01858639 0.02686046 0.09189455
v -0.05577123 -0.00966577 0.02817635
v 0.02841054 0.04145864 0.09142374
v -0.02767862 0.00901974 0.00000000
v -0.00405010 0.03914705 0.02095782
v 0.02045108 0.03256844 0.00592743
v -0.01095985 -0.03114536 0.09100933
v 0.00391962 0.03588969 0.01311241
v -0.00893461 0.03289727 0.06654158
v -0.00324308 0.01302131 0.00171155
v -0.01671804 -0.02493036 0.06770116
v 0.02449780 0.03466702 0.00985024
v 0.05048655 -0.02289716 0.09188915
v -0.02975138 -0.00894964 0.00093518
v 0.05871844 0.00110988 0.09070453
v 0.05662039 -0.01147535 0.02174300
v -0.02755796 0.00988159 0.06752312
v 0.04822238 -0.02842286 0.05977613
v -0.02029238 -0.00324753 0.00991131
v -0.02842754 0.00965785 0.00264523
v -0.02702132 0.01179696 0.08433690
v -0.01555280 0.03151639 0.09161134
v 0.01376282 -0.04326774 0.00000000
v 0.01385237 -0.02894619 0.00385577
v 0.05655510 0.01185183 0.03204792
v -0.02473459 -0.01769566 0.00000000
v 0.05656194 -0.01295534 0.09125685
v 0.03434339 -0.03962085 0.09051018
v -0.00555818 -0.03589940 0.09177168
v 0.02997058 -0.04123504 0.08263475
v -0.01027862 0.03565437 0.09155489
v -0.00870115 0.03277411 0.05045977
v 0.04468461 -0.02931706 0.09172783
v -0.01998099 -0.02016832 0.05252731
v -0.00571097 -0.03488519 0.08820571
v -0.01962277 0.02493935 0.09183939
v -0.04972147 -0.00478225 0.06014797
v 0.04259955 0.02973834 0.06806830
v 0.04942556 -0.02033976 0.04102215
v -0.01427373 -0.03098222 0.09182234
v -0.01899691 -0.02134864 0.04049778
v 0.05783280 -0.00560774 0.00000000
v -0.00402822 -0.01240540 0.00171716
v -0.05730836 0.00595279 0.04738590
v -0.00638092 -0.03791917 0.08287766
v -0.05739381 0.00834303 0.02491497
v -0.02527772 -0.01255851 0.09193976
v 0.01481082 -0.04070540 0.06534313
v -0.00941964 0.03365044 0.09156499
v 0.02077375 0.04329180 0.03254705
v -0.03470220 0.00422736 0.07184664
v -0.02385168 0.01281543 0.05603109
v -0.01326025 0.01912829 0.00713241
v -0.02970968 -0.01128714 0.00000000
v 0.02410609 -0.04001778 0.08595325
v -0.05420640 0.00143756 0.02946454
v -0.02480500 -0.00379792 0.03498384
v -0.01806717 0.01350760 0.00952658
v 0.05649050 0.01443890 0.09107450
v -0.00939640 -0.03553950 0.03697566
v -0.04982265 0.00582357 0.00477631
v -0.02707019 -0.01152519 0.06295750
v -0.01586692 0.01054102 0.00580622
v -0.05313721 0.00759426 0.06117605
v -0.02041030 -0.01003212 0.01290149
v -0.02067008 -0.01459304 0.01859656
v 0.05678138 0.01211061 0.00000000
v -0.02083483 0.01124953 0.01354973
v 0.04322165 0.02824997 0.03166806
v 0.05005108 0.01791768 0.02876344
v -0.03036459 -0.00998786 0.07327885
v -0.05835978 -0.00298084 0.01729560
v 0.05819820 -0.00074094 0.02123995
v -0.00751540 -0.03676934 0.04862562
v 0.02495344 0.04251706 0.09091284
v 0.00544001 0.04245235 0.02959055
v -0.02579660 0.01659896 0.09102842
v 0.04499430 -0.03167770 0.02193263
v -0.05755549 -0.01207976 0.01847481
v 0.04106720 0.03512874 0.06723810
v 0.01989119 0.04338703 0.08926016
v -0.00732125 0.03780129 0.00000000
v 0.02567023 0.04248501 0.01564614
v -0.01160485 -0.02937181 0.03116847
v 0.05315167 -0.02034163 0.03587492
v 0.05420445 -0.00606682 0.04246344
v 0.05106422 -0.01586807 0.03313207
v -0.02558809 -0.00312831 0.07904246
v -0.00703652 0.03776335 0.00965783
v -0.01272258 -0.02749088 0.02289775
v -0.01131875 0.03079794 0.05037407
v 0.03435878 0.03922100 0.09144440
v -0.02181208 0.00063630 0.01218984
v -0.01988493 -0.01854367 0.02533432
v 0.00654236 -0.04292822 0.09150285
v 0.05388281 0.01352636 0.07687671
v -0.02845829 0.00459541 0.03409474
v 0.02465812 0.03942507 0.07337901
v 0.03279635 0.03584849 0.02613219
v 0.03419642 0.03937647 0.00888834
v -0.02687878 0.01202984 0.07494876
v -0.05724136 0.00803309 0.03352038
v 0.03630882 -0.03677665 0.09188251
v 0.03762344 -0.02192320 0.00597553
v -0.01146163 -0.03372846 0.00000000
v -0.01049635 -0.01226459 0.00361655
v -0.03385758 -0.00607762 0.07648172
v -0.05546872 0.00820936 0.01150346
v -0.02282931 -0.02182459 0.08390458
v -0.00882762 -0.02599114 0.01124603
v 0.04140287 -0.03518704 0.09095508
v -0.05852487 -0.00832449 0.02576306
v 0.03221698 0.04025175 0.07342010
v 0.05383256 -0.00039284 0.02479919
v -0.00741969 -0.03738566 0.08457541
v 0.00990751 -0.04287558 0.03340912
v -0.01161750 -0.03361612 0.00000000
v 0.00430998 0.04133781 0.09193904
v 0.05515641 -0.01719350 0.08131734
v -0.01003285 -0.03131021 0.05379699
v 0.05778495 0.00908205 0.09108916
v -0.03995245 -0.00501276 0.07172718
v -0.01081116 -0.00617556 0.00242161
v 0.00004004 -0.03588374 0.02274303
v -0.04108693 0.00804010 0.07535132
v -0.04983495 -0.01076869 0.06827041
v 0.04843260 0.02479781 0.09163626
v -0.05035827 0.00755364 0.06752306
v -0.02533173 -0.00542136 0.07905259
v 0.03513572 0.02225777 0.00381972
v 0.01177279 0.03935225 0.01981816
v -0.01159049 -0.03031579 0.07158395
v 0.00241531 -0.04124308 0.02743018
v 0.04040067 0.03581456 0.08123173
v 0.04049911 -0.02864089 0.01856754
v -0.01443882 -0.02794046 0.09102159
v -0.01128525 0.03070848 0.04069632
v 0.02748902 -0.04223264 0.08843532
v -0.04215578 -0.00625140 0.07131791
v 0.00658440 -0.04319218 0.09105517
v -0.01546563 -0.03085623 0.04256988
v 0.04797525 -0.02176336 0.03139985
v -0.01764742 -0.02864525 0.05647169
v 0.00117452 0.03359626 0.01087502
v 0.01290658 -0.02591475 0.00246214
v -0.04729289 -0.01055040 0.06931952
v -0.00721152 0.03190084 0.01721461
v -0.03573584 0.00847059 0.07436541
v 0.03260596 -0.03615778 0.04312653
v 0.01921885 -0.04029119 0.06653402
v -0.02304226 0.01385378 0.03119349
v -0.03170210 -0.00824757 0.07546898
v -0.04797480 0.00504724 0.06692094
v 0.03051851 0.03703143 0.03070332
v -0.02364214 -0.01160618 0.05044643
v 0.03017635 0.04125363 0.00508388
v 0.05800816 0.00003894 0.03792511
v 0.00900649 -0.04193157 0.09196169
v -0.00402992 -0.02858243 0.00967487
v -0.01041465 0.01022796 0.00251923
v -0.00918515 -0.03288929 0.09137141
v 0.03946991 -0.00630936 0.00231312
v 0.02450841 0.00376048 0.00086475
v -0.00375306 -0.03350778 0.02012906
v 0.04796329 0.02404959 0.08788669
v -0.03315241 0.00880481 0.07313447
v -0.01870944 -0.00468326 0.00808098
v -0.04802231 0.00824805 0.00142134
v -0.01643262 -0.02565870 0.09046126
v -0.03638152 0.00829873 0.07625068
v 0.01796063 -0.04010655 0.04831987
v -0.01861373 0.02860568 0.08431475
v -0.02167091 0.02423178 0.03010811
v -0.02017923 0.02240331 0.09100619
v -0.05237941 0.00775440 0.06035606
v 0.05621466 -0.01417558 0.09105465
v -0.01921395 -0.02659698 0.01554622
v -0.01684860 0.03032291 0.00000000
v -0.00442130 0.03567804 0.06271180
v -0.05727349 0.00779721 0.04325670
v -0.01973317 -0.02644395 0.08608198
v 0.04213606 0.02661365 0.01596157
v 0.02384837 0.02415851 0.00233322
v 0.01597436 0.04381328 0.02606964
v -0.05551349 -0.00992152 0.01869028
v -0.05175081 -0.00611113 0.05415966
v -0.03126663 -0.00629328 0.06958954
v -0.02591725 0.00537355 0.08906994
v 0.01408037 0.03955742 0.01984889
v -0.01697986 -0.00339803 0.00579627
v 0.02520571 -0.04211547 0.03157447
v -0.01188855 -0.03019844 0.08730275
v -0.00847555 -0.01302406 0.00283852
v -0.04102300 0.00159645 0.07139382
v -0.03953236 0.00173420 0.07180257
v -0.01791677 -0.01818328 0.01610589
v -0.02167808 0.02420201 0.03274687
v -0.05693954 -0.01011799 0.01247836
v -0.01922044 0.02219734 0.04892411
v -0.02849555 -0.00576188 0.09107252
v -0.00704916 -0.03033995 0.01615000
v -0.04870047 0.00792674 0.00000000
v -0.01667394 -0.01479900 0.01047517
v -0.00371921 -0.03889642 0.01357996
v -0.05753361 0.00812979 0.03745330
v 0.03530902 0.02744458 0.00757495
v 0.04983985 -0.02130447 0.08398723
v 0.04686505 0.02199740 0.01898069
v 0.00757601 0.03979117 0.06766930
v 0.05467856 -0.00879492 0.07174183
v 0.00882738 0.04304663 0.09095583
v -0.00008847 0.03570447 0.01731287
v -0.00192469 -0.03670057 0.06078108
v -0.02169859 0.01616111 0.02374516
v 0.01426597 -0.03790884 0.01612069
v -0.03350687 0.00883664 0.07512012
v 0.00088672 -0.02387335 0.00328645
v 0.05418019 -0.01840694 0.09158820
v -0.04250886 -0.00926584 0.07538461
v 0.00579550 -0.04242179 0.07272543
v 0.02531099 0.04038460 0.09181426
v -0.00776423 -0.03690961 0.07748285
v -0.01712445 -0.00896995 0.00770528
v -0.02639545 0.00502164 0.09163070
v 0.02785955 0.03363109 0.01013023
v -0.05316831 0.00852045 0.00550275
v -0.03076553 -0.00319360 0.00255202
v -0.03583975 -0.00476166 0.00000000
v -0.02830687 -0.00890005 0.06767315
v -0.02628948 -0.00069155 0.09112900
v 0.03671388 -0.02766164 0.01035243
v 0.04284156 -0.00315216 0.00329214
v 0.05553548 -0.00028822 0.06381857
v 0.03287429 0.04003613 0.08161427
v 0.00496045 -0.03699216 0.01979267
v 0.00155087 0.03780154 0.03279011
v -0.04010045 0.00806875 0.07435182
v -0.01288049 -0.00871753 0.00383373
v 0.03131289 -0.04098609 0.09046175
v 0.04041708 0.02962471 0.01926537
v 0.02029249 0.04304049 0.09174055
v 0.03105653 -0.04098349 0.09101360
v 0.04330711 0.02534155 0.01602497
v 0.05083282 0.02097759 0.09147558
v -0.05443404 0.00851349 0.00771611
v 0.01530782 -0.04091795 0.07867356
v -0.05408095 -0.01257024 0.00737309
v 0.02879236 0.04141709 0.05937860
v -0.04952048 0.00772860 0.06689872
v 0.01820982 0.03138001 0.00466516
v 0.00937873 0.04396430 0.00044289
v -0.02789566 0.00914617 0.06380300
v 0.01402021 -0.03873644 0.02269609
v -0.02429740 0.01866591 0.09181267
v -0.01685817 0.03028772 0.07669634
v 0.03232124 -0.03278807 0.01349963
v -0.02288639 -0.01367082 0.04568360
v 0.02287933 -0.03994463 0.07142561
v -0.02139677 -0.01122910 0.01623966
v -0.00293065 0.03623607 0.04907425
v -0.02497897 -0.00908542 0.09103446
v -0.04379032 -0.00173715 0.06913391
v -0.02269497 0.02259853 0.06490748
v 0.04468394 -0.02762204 0.04976656
v 0.02105952 -0.04344395 0.07799702
v 0.01423453 -0.03428931 0.00895485
v -0.01183967 0.00603813 0.00238618
v 0.02333804 -0.04268765 0.05664444
v -0.05690228 -0.00742318 0.01016807
v -0.04412632 -0.00883981 0.07131046
v -0.02758119 -0.00968956 0.00000000
v -0.03720597 0.00838077 0.07592561
v 0.05703844 0.01121025 0.09166815
v 0.02475007 0.03886924 0.03357790
v 0.04242831 -0.03017578 0.06518421
v 0.00515939 0.03852186 0.02486482
v -0.05582898 -0.00629051 0.05652269
v -0.05661618 0.00800129 0.04471915
v 0.05748963 -0.00992297 0.09063002
v 0.03788869 -0.03347938 0.04953575
v -0.02458930 -0.01851633 0.09101640
v -0.05652799 -0.01137501 0.04288298
v -0.05381536 0.00422734 0.00370080
v -0.05748985 -0.01206228 0.03932618
v 0.03999187 0.01707214 0.00447430
v 0.04804533 -0.00344317 0.00807509
v -0.02029100 -0.01992363 0.07298456
v 0.03965450 0.03396581 0.09186857
v 0.02451696 0.03948699 0.07659034
v 0.04211248 0.03015113 0.06309842
v -0.01415238 0.02789296 0.03263181
v 0.01096987 -0.03852737 0.02291742
v 0.04605905 0.02713122 0.09138004
v -0.04398003 -0.00429781 0.00167223
v 0.05656605 0.00157752 0.09156947
v -0.02726228 -0.00979910 0.00000000
v 0.05656913 -0.01174297 0.01551388
v 0.03224467 -0.03009608 0.00937958
v 0.00968055 -0.04313953 0.09182778
v -0.03940178 -0.00303060 0.07713231
v 0.05352802 -0.01456453 0.09098725
v -0.00203680 -0.03691819 0.09058668
v -0.00054923 -0.03751832 0.08642760
v -0.05759752 0.00820784 0.01743512
v 0.03034590 -0.03768927 0.05791028
v 0.00856180 0.04300423 0.06015492
v 0.00751551 0.04188747 0.09196779
v 0.04514368 -0.02539637 0.02978117
v -0.04874353 0.00782527 0.06897766
v -0.01199143 -0.03398948 0.06683088
v -0.02493658 0.00018475 0.02762774
v 0.04463028 0.02756399 0.05387337
v 0.04918425 -0.02200716 0.05702185
v -0.04706933 -0.00185362 0.06499502
v -0.01389431 -0.03184471 0.00000000
v 0.03730214 -0.03297521 0.03545356
v -0.02771245 -0.00171327 0.07674764
v -0.04976316 -0.00422670 0.00772445
v -0.00426098 -0.03829213 0.09185117
v 0.05604752 0.01511380 0.09157113
v 0.00766044 -0.03999732 0.07902574
v -0.05559860 -0.01029969 0.00794421
v -0.02357206 0.01349298 0.04878101
v -0.02444437 0.01387066 0.09148890
v -0.01403000 0.02819171 0.05527571
v -0.05069153 0.00767222 0.06454247
v -0.00807596 -0.03640810 0.03666574
v 0.05720627 0.00949553 0.01071602
v 0.04697101 -0.02015148 0.01800422
v 0.05755970 0.00892272 0.06033008
v 0.05309767 -0.00572512 0.02203147
v 0.00033743 -0.04054720 0.00000000
v 0.02807660 0.01349309 0.00174260
v -0.02415656 -0.00313853 0.02011436
v -0.05294339 0.00789456 0.05991909
v -0.02651678 0.01462769 0.08873690
v 0.04506233 -0.03167750 0.04168234
v 0.02248693 0.04299002 0.09100667
v 0.04593874 0.02621762 0.05440196
v 0.03421625 -0.02183168 0.00387977
v -0.00086917 -0.00902004 0.00092149
v -0.00200262 -0.03686420 0.08690825
v 0.03221220 0.04031299 0.08199122
v 0.04026566 0.02430028 0.00963627
v -0.00812279 -0.03333387 0.09050467
v 0.05409611 0.01404156 0.09147599
v 0.01647033 0.04072206 0.06867172
v -0.02806486 0.00901655 0.06614472
v -0.00032500 0.04067616 0.04199641
v -0.02465014 0.01143429 0.08861833
v 0.03730830 0.03367289 0.05477684
v 0.05708732 -0.00892353 0.03868488
v 0.05498893 0.00634767 0.05921726
v -0.02533787 0.00366071 0.05680892
v -0.02008249 0.01835478 0.02037093
v 0.03540064 -0.03540100 0.07113081
v -0.00983595 0.00092916 0.00109534
v -0.02470722 0.01844103 0.00000000
v -0.05646783 -0.00680475 0.00848705
v 0.04040136 0.02844789 0.01604395
v -0.03143376 0.00873500 0.00000000
v -0.02381577 0.01084399 0.03284156
v 0.01976917 -0.02612990 0.00261271
v -0.02931692 -0.00482394 0.00367494
v -0.01758896 -0.02369343 0.05410764
v 0.05232791 -0.00668668 0.01853089
v -0.05670163 0.00591278 0.05069631
v -0.02904894 0.00921380 0.07033192
v -0.00288347 0.04006063 0.00000000
v -0.02992193 0.00815922 0.07447622
v 0.04463267 -0.02447936 0.02028465
v 0.05522410 0.00303860 0.05859788
v 0.03632319 0.03440245 0.05766265
v 0.02757687 -0.04174832 0.07070115
v 0.02706176 -0.03948548 0.09106472
v 0.02032633 0.04344788 0.02749621
v 0.04841518 -0.02392291 0.09105295
v -0.04722656 0.00774588 0.07006097
v -0.02044891 0.00140788 0.00976330
v 0.05393444 0.02001310 0.01430661
v 0.04789665 -0.02356158 0.04521097
v 0.05140057 -0.02366281 0.00000000
v 0.05236483 -0.02234266 0.05406964
v -0.01326058 -0.00774306 0.00386078
v 0.04258624 -0.02609824 0.01738136
v 0.05484161 0.00614439 0.05437199
v 0.04547900 -0.02752442 0.09106496
v -0.04814912 -0.00518630 0.07266309
v -0.02810997 0.00674567 0.09165292
v 0.05265879 -0.01927868 0.09192063
v 0.05012185 -0.02139503 0.09103068
v 0.04504798 0.02821844 0.09145720
v 0.00549711 -0.03727473 0.02076420
v -0.01252637 -0.03217499 0.09187884
v -0.02389952 0.01362416 0.08717298
v 0.04837894 -0.01433858 0.01359862
v 0.00777768 -0.04340867 0.08894801
v -0.05531181 0.00776922 0.05006869
v 0.00480459 0.03895157 0.04576959
v 0.05328294 0.01528634 0.08239236
v -0.05373229 -0.00019578 0.03096822
v 0.04033813 -0.03166741 0.04980688
v 0.01487544 0.02612546 0.00242232
v -0.03780072 -0.00457191 0.00000000
v 0.05662143 -0.00493402 0.09185215
v 0.03850875 -0.03194275 0.03162208
v 0.04026020 0.03224590 0.08992829
v 0.03728813 0.03724767 0.03806488
v -0.02929846 -0.00015100 0.00526158
v -0.00610882 -0.03471203 0.09055870
v 0.01288061 -0.03775655 0.01625612
v 0.05243729 -0.01747054 0.09139797
v -0.03104102 -0.00578848 0.07556545
v -0.02439036 -0.00809213 0.04501854
v -0.02780166 0.00816696 0.07234955
v 0.03686770 0.03801917 0.00091900
v -0.00548433 -0.00101315 0.00103981
v 0.03424394 0.03684510 0.09165875
v 0.03923202 -0.00408291 0.00223100
v -0.02937024 -0.00842952 0.07386331
v -0.00381662 -0.03884776 0.00080886
v -0.00687551 -0.03150961 0.02008842
v -0.02796402 0.00779530 0.01104658
v -0.04485164 0.00085345 0.06850178
v -0.02822551 0.00968120 0.00321485
v 0.04440571 0.02013771 0.01103436
v 0.01676942 0.02813244 0.00278179
v 0.01598360 0.03836058 0.01556928
v 0.05641532 -0.00451103 0.09166996
v 0.01660365 0.00300585 0.00057730
v -0.00228735 0.03999289 0.06678754
v 0.03105243 0.02474367 0.00324296
v -0.02800435 -0.00959457 0.06992442
v -0.05722870 0.00703147 0.01379715
v 0.05233065 -0.02278698 0.07312299
v 0.03142125 -0.03533090 0.02122152
v 0.05023773 -0.02584209 0.06496149
v -0.03542751 0.00865596 0.07478327
v 0.03982951 -0.03365884 0.09166993
v -0.05712069 0.00752293 0.04588576
v 0.00465932 -0.01811397 0.00100540
v -0.01624939 -0.02480327 0.02957483
v -0.00714691 0.03771658 0.09095047
v -0.00023100 -0.03735187 0.05537823
v 0.03468522 0.03886649 0.09165163
v -0.02497725 0.00557998 0.04816905
v 0.05745580 0.00653398 0.09192234
v -0.02427209 -0.01864924 0.05356124
v 0.02674319 0.03902279 0.08554913
v -0.02243279 0.02298682 0.05668932
v 0.00766933 0.02804202 0.00324167
v -0.02531702 0.00106095 0.04751077
v -0.00868541 -0.01243492 0.00280963
v -0.02863465 0.00023257 0.08536481
v -0.04436763 0.00792517 0.07342314
v 0.05459995 0.01226326 0.09135870
v -0.04979084 -0.00218665 0.00807898
v -0.03053924 0.00569776 0.00264428
v -0.02590083 0.00352446 0.08237228
v -0.05705164 0.00718099 0.04724114
v -0.03998388 0.00093007 0.07158296
v -0.05424638 -0.00730421 0.01976724
v 0.00552103 0.03292427 0.00768605
v -0.03070536 -0.01010234 0.07256980
v -0.00506287 0.02387832 0.00433412
v -0.00935023 0.02037075 0.00486857
v -0.01494914 -0.03176468 0.09054377
v -0.00225112 0.04000884 0.05948282
v 0.04579074 -0.02748971 0.09141259
v 0.01245574 -0.04319959 0.00117519
v -0.03094258 0.00896652 0.00000000
v 0.01491099 -0.04107745 0.08576319
v -0.04380091 0.00114353 0.06964104
v 0.03766584 0.03391260 0.08443400
v -0.02025852 -0.01987177 0.06706932
v 0.02419498 -0.03889891 0.03779250
v -0.02506886 -0.00299592 0.04245285
v -0.01570591 -0.01295385 0.00801285
v 0.04598831 0.00578950 0.00579363
v -0.02068715 -0.01882946 0.05270461
v -0.02855843 -0.00290181 0.01715637
v -0.02995747 0.00407365 0.06816422
v 0.04057433 -0.02764925 0.01604093
v 0.05554438 -0.01365474 0.09187076
v 0.05721175 0.00964840 0.09177517
v -0.02224035 0.00570849 0.01425243
v 0.02597446 0.04235390 0.01923851
v -0.05058829 -0.00590537 0.00037862
v -0.01558593 -0.03083547 0.05938977
v 0.04138032 -0.02575298 0.01372772
v 0.05468199 -0.01695651 0.03789720
v 0.01679370 -0.04348611 0.05685471
v -0.01391378 -0.03188330 0.00930792
v -0.05285281 -0.01086759 0.06253743
v 0.02870179 0.02485112 0.00280564
v 0.03045392 -0.03800556 0.08585957
v -0.01802272 -0.02035916 0.02028570
v 0.05189416 -0.01752214 0.08856923
v 0.02136374 0.04380485 0.00000000
v 0.01165180 0.03963972 0.02402317
v 0.05794528 -0.00307636 0.03979964
v -0.02430354 -0.01823763 0.09159600
v -0.01896339 0.02238838 0.05425507
v 0.00116531 0.04126420 0.07908562
v 0.01876596 -0.04350589 0.06837578
v 0.01194200 -0.04093333 0.08658112
v 0.01412960 0.03908728 0.01805025
v 0.05657016 0.01382097 0.09140658
v -0.05683151 0.00726378 0.02526517
v 0.02445988 0.03849169 0.02125277
v 0.02586234 -0.03922026 0.06572177
v 0.05439145 -0.01184158 0.09042583
v 0.05518309 -0.01721587 0.08621500
v -0.00650634 0.03754709 0.09184293
v 0.03059577 0.03220434 0.00983385
v -0.04500751 -0.00205060 0.00260197
v 0.00058765 -0.03706179 0.03322690
v -0.01551312 -0.01126569 0.00698472
v 0.05090427 -0.01561792 0.02956021
v -0.05129960 -0.01089247 0.06273788
v 0.05300608 0.01605726 0.09016360
v 0.04635644 -0.02919409 0.09183874
v -0.02171840 -0.01699015 0.06100794
v -0.04026656 0.00468935 0.07649696
v -0.05863799 0.00296620 0.02741374
v -0.00797170 -0.03647088 0.04375380
v -0.02162133 -0.01719690 0.06624457
v 0.02090947 -0.04363085 0.08265656
v -0.01969077 0.02362906 0.09142618
v -0.00288893 0.02659481 0.00501963
v 0.04243824 -0.03021597 0.07384450
v 0.05285329 -0.01315764 0.05079714
v -0.05503904 -0.00685281 0.00553436
v 0.03632832 0.02618102 0.00732452
v -0.01127225 -0.03160701 0.09169948
v 0.00946727 -0.04291212 0.00613224
v 0.05129804 -0.02441110 0.09052372
v 0.03554831 0.03881846 0.00000000
v -0.01765253 -0.02852711 0.00000000
v -0.00032636 -0.04042339 0.07272200
v 0.03582381 0.03526902 0.08808215
v -0.03303960 0.00175549 0.07064829
v 0.03101552 -0.04031004 0.04878641
v 0.02786811 -0.02863101 0.00583997
v -0.05307293 -0.00017945 0.01701963
v -0.04230000 -0.00459049 0.07090873
v -0.01709538 0.02204388 0.01757917
v -0.05515321 -0.00958485 0.04006067
v -0.02907593 0.00914495 0.06942965
v -0.05348892 -0.00469859 0.02244886
v 0.01835373 -0.03449517 0.00933026
v 0.01433401 -0.04054635 0.06209656
v 0.02422404 -0.03835429 0.02709443
v -0.05696960 0.00800974 0.04361601
v 0.01225168 0.04046942 0.04498949
v 0.01776616 -0.03838848 0.01684160
v -0.00594474 -0.03758862 0.03777398
v 0.05741410 -0.00793192 0.00000000
v 0.05478966 -0.00726509 0.06177621
v -0.04461510 0.00575819 0.07109097
v 0.05382916 -0.02005127 0.07506735
v 0.02460311 -0.01771967 0.00068594
v -0.02378295 -0.00551999 0.01995473
v 0.04674782 -0.02545178 0.06348886
v 0.00378360 -0.03875402 0.05749600
v 0.04044854 -0.03185355 0.07265458
v -0.04303046 -0.00816034 0.00000000
v 0.03459089 -0.01330781 0.00154172
v -0.02831540 0.00207276 0.07346923
v 0.05446391 0.01169492 0.08895693
v 0.00344999 0.03660491 0.01568225
v 0.04842988 0.02791358 0.05116979
v -0.04817099 0.00831570 0.00000000
v -0.02034431 0.02312544 0.09168127
v -0.00817815 0.03441929 0.09156194
v 0.00477247 -0.04165090 0.09195297
v -0.05455435 -0.01175158 0.05592624
v -0.01325134 0.02677892 0.01742801
v 0.03330841 0.01980644 0.00278087
v 0.04853585 -0.02321969 0.08811130
v -0.02591587 -0.00006030 0.08202881
v -0.02381269 -0.02020811 0.08594640
v 0.02466600 -0.04194410 0.09187676
v 0.00445424 0.04199844 0.09158146
v -0.05406897 0.00592651 0.05135781
v 0.00919758 -0.04148605 0.09183771
v 0.03291293 -0.03469172 0.02215645
v -0.05012616 0.00848974 0.00226339
v 0.03212881 -0.03720549 0.07513360
v 0.00894054 0.03991755 0.04359370
v -0.05554868 0.00790998 0.05190870
v 0.05111961 0.02415796 0.03901461
v 0.01813122 -0.04109790 0.09052472
v -0.02247073 -0.00073059 0.01386625
v 0.05559531 -0.01463973 0.01106272
v -0.02849348 0.00779355 0.07335062
v 0.03617451 -0.03465812 0.05179541
v -0.01789864 0.02437007 0.07162894
v -0.01718971 0.02535654 0.07748537
v -0.01928845 0.02748131 0.01981846
v -0.05489992 0.00793518 0.01023525
v 0.03487972 -0.03532257 0.04798979
v 0.00775718 -0.02924817 0.00468771
v 0.05378712 0.02047497 0.09154874
v -0.05498059 0.00361073 0.03482662
v 0.04766457 0.02911988 0.09154416
v 0.00532108 -0.04205489 0.00000000
v -0.03073030 -0.00540939 0.00172752
v 0.05476471 0.00160958 0.04300622
v -0.00919915 -0.00876762 0.00236268
v 0.03647975 -0.03781372 0.00765714
v -0.02582323 0.01631271 0.09143217
v 0.04776984 0.01095303 0.00954497
v -0.01408331 -0.03184934 0.01983237
v -0.02677074 -0.01239373 0.00273780
v 0.01987822 -0.04300814 0.02318470
v 0.02216256 0.03996725 0.05972655
v 0.00772437 -0.03917416 0.03928783
v 0.01866821 -0.04360081 0.07343092
v 0.05017006 0.02600990 0.01594374
v -0.05273317 -0.00485541 0.04749269
v -0.04152989 0.00469175 0.07608602
v 0.00502302 0.01308958 0.00123275
v 0.05140263 -0.01235255 0.02272205
v -0.01842434 -0.02179878 0.03047460
v 0.02235295 0.03932772 0.03101677
v 0.05796784 0.00794095 0.08862813
v 0.04151808 -0.00331907 0.00273767
v 0.02690488 0.03579103 0.01324867
v 0.05096853 -0.01925124 0.08848765
v -0.01106818 0.03158905 0.08583057
v 0.05841288 0.00149290 0.06666886
v 0.03190492 0.04030983 0.05913019
v -0.03179539 -0.00456390 0.06965852
v -0.02435685 0.00874145 0.04244890
v 0.00766968 0.03283804 0.00701322
v 0.04932236 0.01331324 0.01307799
v 0.03339933 0.03633982 0.06667355
v 0.01388624 -0.02767618 0.00322250
v -0.01428943 0.02845480 0.07800590
v -0.02846100 0.00641352 0.00642329
v 0.00225980 0.02928058 0.00516434
v 0.04461969 -0.03212361 0.00000000
v 0.03604839 -0.03806152 0.04916247
v 0.03753698 0.03734360 0.05655168
v 0.05495305 -0.00918706 0.08641771
v -0.00463662 0.00254841 0.00117486
v 0.00787887 -0.03811482 0.02260337
v 0.03719517 0.03280348 0.02190535
v -0.05748266 -0.00014755 0.05026632
v 0.05330209 -0.00706895 0.02653521
v -0.00934886 0.03145008 0.02398114
v -0.00234852 -0.01138802 0.00125812
v -0.01766176 -0.02845571 0.02249940
v 0.00448398 0.02576275 0.00276193
v 0.01061201 -0.03978428 0.04383432
v -0.05491906 -0.01251734 0.01039040
v -0.01422653 0.03260079 0.04159307
v 0.04887048 0.02066228 0.03183150
v -0.02078251 0.02022522 0.08261175
v -0.03582913 0.00404761 0.00053639
v 0.02140100 0.04014357 0.07502713
v -0.01841272 -0.00081649 0.00701278
v -0.05437079 -0.00727218 0.02511810
v 0.04687464 0.02003386 0.01525860
v -0.00168985 -0.03959513 0.04050662
v -0.05034013 0.00779355 0.06627896
v 0.02264794 -0.01844240 0.00064295
v 0.02650701 0.03838487 0.03268191
v -0.02153245 -0.01587831 0.02968349
v 0.00980567 -0.04244892 0.09196388
v 0.05740898 0.00846391 0.01787825
v -0.00480548 -0.03200609 0.01632897
v -0.05608259 -0.01225088 0.01469598
v 0.03938722 0.02836497 0.01314065
v 0.01847713 -0.04065954 0.07357694
v 0.02084385 -0.03185839 0.00678431
v 0.03152346 -0.01326523 0.00110084
v -0.01441419 0.02806492 0.06646791
v -0.03619624 0.00006340 0.00086772
v 0.03687113 -0.03810216 0.09119523
v 0.00248745 -0.04135960 0.00000000
v -0.00687515 -0.03743117 0.07681756
v -0.04765074 0.00759910 0.06939401
v 0.05481769 0.01026555 0.08218784
v -0.02243962 0.00998509 0.01704608
v -0.02672664 -0.01240803 0.00111732
v 0.01073575 -0.04045995 0.07375578
v -0.01936227 0.02206231 0.06233127
v 0.04337892 0.03362917 0.08464246
v -0.02916138 0.00007026 0.06671565
v -0.05261079 -0.00794098 0.00252911
v -0.03108408 0.00855737 0.07495868
v -0.01585766 -0.03083355 0.08581658
v -0.02626793 -0.01385070 0.06448396
v -0.01034114 -0.03532995 0.07849870
v 0.05503030 0.00999109 0.08999620
v -0.02766082 -0.00927928 0.01567635
v 0.03149270 -0.04027533 0.06217239
v -0.02792230 -0.01151881 0.00176499
v -0.04813543 -0.01159175 0.00000000
v -0.04918104 0.00765192 0.06725150
v -0.02800400 0.00878117 0.07097505
v -0.01408776 0.00771095 0.00378085
v -0.01767030 -0.02412112 0.09051910
v -0.00348813 -0.03580463 0.05099716
v -0.04303797 0.00354800 0.07553091
v 0.00071515 -0.04045871 0.09190761
v 0.05321972 -0.01145716 0.04629971
v -0.00610744 0.03537143 0.09105693
v 0.05190886 0.00185481 0.01473167
v -0.04582922 -0.01076035 0.07252621
v -0.02500219 0.01864710 0.08767877
v -0.05291227 0.00399683 0.05256851
v 0.04500868 -0.03172085 0.01712685
v -0.02770525 0.00783419 0.07305188
v 0.03722354 -0.03448759 0.08888458
v -0.01230246 -0.02996817 0.09104653
v -0.03741377 -0.00207758 0.07143634
v -0.05280802 -0.01140997 0.05972343
v -0.02681722 -0.01198172 0.07125261
v -0.05831839 -0.00800813 0.02089073
v 0.05771388 -0.00642193 0.02721190
v 0.05657906 0.01174083 0.04013402
v -0.05760878 0.00401159 0.04744519
v 0.05527504 0.00782016 0.08877438
v -0.03248893 -0.01006300 0.07316963
v -0.03012495 -0.00786332 0.06938095
v 0.04224170 -0.02030062 0.00892401
v 0.05581237 0.01548456 0.06594433
v 0.03490331 -0.03364762 0.02380250
v 0.04356691 0.02802355 0.03514745
v -0.04874488 0.00408885 0.07142841
v 0.01600856 0.03951123 0.01987765
v 0.04926084 0.01776742 0.01900598
v -0.04681774 -0.01232634 0.00000000
v -0.02642687 -0.01406572 0.08605949
v -0.04033696 0.00787928 0.07597971
v 0.05592107 0.01581054 0.08220747
v 0.02433787 -0.00902017 0.00059088
v -0.02439958 0.01070837 0.06931492
v 0.01796510 -0.02629375 0.00260473
v -0.03470559 -0.00246990 0.07087034
v -0.03365451 0.00694022 0.00000000
v -0.02936407 0.00224310 0.00497662
v 0.00984396 -0.04291895 0.04269414
v -0.02384447 0.01158326 0.04263652
v 0.02699718 -0.03816734 0.03829889
v -0.02444982 0.01009780 0.06213645
v -0.05761357 -0.01020080 0.04464868
v 0.00547730 -0.03801575 0.02546176
v 0.00792741 0.01998816 0.00174258
v 0.02359340 -0.04287214 0.07417053
v -0.00528230 0.03852978 0.03040206
v 0.00566085 0.04251863 0.05771683
v 0.02377559 -0.02745922 0.00382190
v 0.01599147 0.04390998 0.01944711
v 0.03804800 0.03689508 0.05077996
v 0.01836263 -0.01623253 0.00048861
v 0.05520531 0.01699545 0.01552962
v 0.05599319 -0.00784518 0.09180444
v 0.04654547 0.02438344 0.03080374
v -0.04340849 0.00782972 0.07327193
v 0.05564728 -0.00300392 0.07458498
v -0.02223009 0.01368929 0.02032923
v 0.02449715 0.03967203 0.08840507
v -0.02318750 0.01440989 0.04329392
v -0.02729883 0.01151528 0.08858745
v 0.00087820 -0.03576402 0.02036790
v 0.04646788 0.03074096 0.08570698
v 0.04865822 -0.02756447 0.03126518
v 0.04638927 0.03047451 0.06694570
v 0.04595516 0.02522281 0.03178812
v 0.00973048 0.04288800 0.09171875
v 0.01270562 -0.04320332 0.00836889
v 0.04920136 -0.01571871 0.01764652
v 0.04780540 -0.02846822 0.09153998
v 0.04684422 -0.02556877 0.08381841
v 0.05200936 -0.01314440 0.03244164
v 0.04912275 0.01598052 0.01581928
v -0.02122447 0.02530517 0.09113069
v -0.02769910 0.00888142 0.07090412
v 0.02051640 0.04325886 0.05044055
v -0.05499870 0.00723147 0.05641597
v 0.02235535 -0.04278599 0.00748390
v 0.03050145 0.01371279 0.00200147
v -0.04676407 0.00848107 0.00000000
v -0.02426695 0.01938985 0.01150990
v -0.05427474 0.00718862 0.00958567
v -0.02434762 -0.01857436 0.06271157
v -0.02486717 -0.00293391 0.02877133
v -0.01742932 0.02434982 0.03281418
v -0.01269862 -0.02402705 0.01410293
v -0.01470917 0.01327682 0.00562031
v 0.03788427 0.03313331 0.04193870
v 0.03044710 -0.02600441 0.00480146
v 0.00104671 -0.03817365 0.08664852
v -0.05329305 -0.00784034 0.04892424
v 0.02635115 0.03411399 0.00996466
v 0.05857491 -0.00071090 0.08483023
v 0.03871454 0.03684727 0.00000000
v -0.01544954 0.03183924 0.09090421
v 0.05315546 -0.00902734 0.03057951
v 0.01544184 -0.04422460 0.09107650
v -0.02226973 -0.01573113 0.06099167
v 0.01404622 0.04014024 0.03100394
v -0.00861293 -0.03202014 0.03957679
v 0.04538673 -0.03133958 0.01138088
v 0.03217702 -0.02793367 0.00718326
v 0.04994105 0.01981844 0.04548848
v 0.05099315 0.01889101 0.05777254
v 0.04618110 -0.02621288 0.06319992
v -0.02364553 -0.00921933 0.02444307
v 0.05020869 -0.02602905 0.07963486
v 0.02290875 -0.03895422 0.03177944
v 0.01249951 -0.04320880 0.00000000
v -0.01033737 -0.03160696 0.09057102
v -0.01471053 0.03240735 0.00026615
v -0.01129684 0.02914303 0.01896574
v -0.03264513 -0.00724069 0.07088702
v -0.01575375 0.03158293 0.08750523
v 0.04952643 0.02663864 0.09169127
v -0.05442650 0.00726074 0.05819495
v 0.05635552 0.01259506 0.02995773
v -0.01399443 -0.02793827 0.06875795
v -0.02029269 -0.00089555 0.00958698
v 0.04306069 -0.02781178 0.03035837
v 0.02433582 -0.03756618 0.01974274
v 0.00018637 0.04096369 0.08596156
v 0.02451322 0.03555674 0.01143266
v 0.03466439 0.03517852 0.04097659
v -0.00042308 -0.03735821 0.06289390
v 0.04971990 -0.02639510 0.05808702
v 0.00815746 0.01297925 0.00114458
v 0.05498040 0.00482821 0.05497940
v -0.01834572 0.02895240 0.09108917
v -0.02044377 -0.02513991 0.09137813
v 0.05796204 -0.00306040 0.03256670
v 0.04746154 -0.00323095 0.00735692
v 0.00344966 0.04191835 0.07979404
v 0.00222631 -0.00076106 0.00057067
v -0.04948798 0.00415298 0.06320631
v -0.02813456 0.00901966 0.06939766
v -0.00800792 -0.03630081 0.09183480
v 0.03171967 -0.00792730 0.00111817
v 0.04529239 0.02649842 0.04253601
v 0.05308266 0.01549290 0.06864017
v -0.02444401 0.00530792 0.02434653
v 0.05229888 -0.02273690 0.06355886
v 0.05457433 -0.01143521 0.09104742
v 0.01379806 0.02997935 0.00378034
v 0.02202482 0.04032676 0.09063384
v -0.00929792 0.03286349 0.07990020
v -0.04587467 -0.00587885 0.00267056
v -0.01445725 -0.00360955 0.00376796
v -0.04822806 0.00765559 0.07077334
v -0.01576366 0.02640277 0.05572768
v -0.05644559 0.00819756 0.01595878
v -0.02371868 -0.01975044 0.05013552
v 0.05766125 -0.00673534 0.02102266
v 0.02686524 0.02588109 0.00279269
v -0.02414902 0.02026959 0.09100785
v -0.00410851 -0.03060327 0.01225622
v 0.05145939 0.02126771 0.09189571
v -0.05599440 0.00811359 0.01372182
v -0.05616701 0.00776696 0.00954049
v 0.03169233 0.04046610 0.09110685
v -0.02509755 0.00654227 0.06608422
v -0.00907984 -0.03658696 0.09052559
v -0.04425482 0.00772470 0.07435807
v -0.00233655 -0.03950744 0.05937539
v 0.05340533 -0.00076386 0.02094341
v -0.02394667 -0.01922798 0.02385879
v -0.02412133 0.00759618 0.02428546
v -0.03627690 0.00813588 0.07417681
v 0.03381499 0.01727741 0.00255575
v -0.00547235 -0.03858777 0.08665012
v -0.02095512 0.02558880 0.09146666
v -0.05787710 0.00805041 0.02034361
v -0.02541305 -0.01687582 0.09055123
v -0.05385020 -0.01141783 0.05919843
v -0.00921246 0.02426784 0.00717237
v -0.01953625 -0.01141404 0.01232670
v 0.05029551 -0.02585969 0.07288155
v -0.02573845 0.00538760 0.08414494
v 0.05546749 0.01093714 0.09180508
v 0.03963094 0.02841750 0.01401637
v 0.00182981 -0.04003724 0.09199659
v 0.03254891 0.03724524 0.09098293
v -0.02502885 -0.00722056 0.07822206
v -0.02843878 -0.00566363 0.08793575
v -0.05206423 0.00127113 0.05253986
v -0.03158619 0.00098738 0.06959309
v -0.00507106 -0.03461298 0.04589125
v -0.00813199 -0.00870933 0.00219966
v 0.02075259 -0.04293661 0.03394399
v 0.05409237 -0.01831842 0.03775970
v 0.02539544 -0.04252347 0.07757106
v -0.01520103 0.03175753 0.04898902
v 0.04028004 -0.02151919 0.00779605
v 0.05524360 0.01605853 0.04412770
v -0.03269674 -0.00984537 0.07271066
v -0.03838452 -0.00852279 0.07664668
v -0.02622075 0.00107926 0.09053755
v -0.02762013 -0.00269560 0.07538247
v -0.00486802 -0.03529617 0.08322634
v 0.02436385 0.03871217 0.02505114
v -0.04545971 -0.01164018 0.00000000
v 0.05815483 0.00207962 0.00194755
v -0.02453527 0.01888567 0.05946915
v -0.01263094 0.03396230 0.03437635
v -0.00755193 -0.03688005 0.05780655
v -0.02557746 0.00771935 0.08900460
v 0.04153860 0.03474102 0.00000000
v 0.05816884 -0.00288893 0.00200748
v -0.02819711 -0.00280467 0.00000000
v 0.02483282 0.04254532 0.07555681
v -0.05645687 0.00798324 0.04712295
v 0.03988662 0.03570761 0.04984209
v 0.02055776 -0.04071923 0.08566719
v -0.05390694 0.00400063 0.01437053
v -0.05810680 0.00426976 0.04267794
v 0.05792445 0.00506060 0.00148465
v 0.03823976 0.02427019 0.00752736
v -0.02816601 0.00322948 0.07372005
v 0.04796811 -0.02387824 0.06384197
v 0.04814756 0.00356376 0.00803359
v -0.01835494 0.02876597 0.07802332
v 0.01735531 -0.04330372 0.00000000
v 0.00904515 0.03507203 0.00951822
v 0.03609181 0.03416945 0.03303286
v 0.04371014 0.02813984 0.04318574
v -0.05419748 0.00148493 0.02611457
v 0.00469558 0.03907733 0.06893468
v 0.05667546 0.01214738 0.01799067
v -0.01918897 -0.01734584 0.01847510
v 0.01835614 -0.03679030 0.01333159
v -0.05138230 -0.00027895 0.05455797
v -0.02897986 -0.00990767 0.07134055
v -0.02740376 -0.00647797 0.09191299
v -0.03037207 -0.00934587 0.07067249
v 0.05494691 0.01260493 0.09178401
v -0.04235638 -0.00175989 0.07038225
v 0.04121046 0.01345731 0.00383326
v 0.03832317 0.03144523 0.01899867
v -0.05320212 -0.00246159 0.01972868
v 0.04165277 0.03057140 0.07009130
v 0.03273144 0.03209852 0.01136021
v -0.01906967 0.00537980 0.00802682
v 0.02669673 -0.04093093 0.09192522
v -0.04619050 -0.01213911 0.00000000
v 0.00893851 0.03996326 0.05148248
v -0.02404887 0.01823003 0.09190633
v -0.00278466 -0.02579097 0.00601039
v -0.00654598 0.03383891 0.03260331
v -0.04198312 0.00624752 0.00000000
v -0.01433077 0.03046402 0.09180361
v -0.00706690 -0.03273933 0.03023608
v 0.05243766 -0.01582062 0.07323311
v -0.02185101 0.02392419 0.00000000
v 0.04579247 0.00795530 0.00594077
v -0.02884314 -0.00010207 0.08852359
v 0.04816192 0.02623695 0.09191353
v 0.01998625 0.04334566 0.06911140
v -0.00512574 0.01337048 0.00200247
v 0.05289330 -0.00501984 0.01948349
v -0.02813422 -0.00016721 0.07421665
v 0.04729782 0.02875706 0.09187470
v -0.05245457 0.00823361 0.00561958
v 0.00819028 0.04295247 0.05557303
v 0.00749332 0.02415606 0.00234950
v -0.02662750 0.01307102 0.00000000
v 0.05711811 0.01161085 0.09143994
v -0.02767038 0.00946913 0.02330215
v -0.05505850 0.00793091 0.05285777
v 0.05091078 0.02477230 0.06117304
v 0.05213960 -0.02241522 0.01506576
v -0.02862574 0.00934344 0.00000000
v -0.02993557 -0.00329141 0.06801729
v -0.03264547 0.00663875 0.07151626
v -0.04882964 0.00772484 0.00000000
v 0.03902559 0.03662184 0.09151124
v -0.02423379 -0.01884972 0.09136475
v -0.04234168 0.00380873 0.07586540
v -0.00165053 0.04036259 0.08680341
v 0.02766611 -0.04215633 0.09101219
v -0.01844586 -0.02245202 0.05008817
v 0.02453100 0.03938239 0.05857964
v 0.02461953 0.03957462 0.08211897
v -0.02699871 -0.01180264 0.04321236
v 0.05586913 0.00300090 0.08418380
v -0.04677295 0.00773495 0.07056100
v -0.02340865 -0.01426844 0.09124304
v -0.02594080 0.01539783 0.03403911
v -0.05236160 -0.01092709 0.06360101
v 0.03724987 -0.03739859 0.00000000
v 0.00548654 0.03957278 0.08807249
v 0.01817567 0.04064566 0.06882242
v 0.00356999 -0.04186967 0.07710990
v -0.05689131 -0.00634806 0.05219708
v -0.05854910 0.00009932 0.03858079
v 0.05232076 0.02234104 0.03137373
v -0.04165737 -0.01043566 0.07421159
v 0.05057273 -0.01084674 0.01605463
v 0.04847365 0.00782498 0.00933284
v 0.02135487 0.03989375 0.04004154
v -0.01460866 -0.02922959 0.09183977
v -0.03420653 0.00212032 0.07124292
v 0.02879717 -0.02255694 0.00220947
v -0.01591644 0.02624113 0.04920314
v -0.01905976 -0.00311175 0.00804002
v -0.03935868 -0.00622176 0.07211359
v -0.05615777 0.00595068 0.02793931
v 0.04683637 -0.01319806 0.00986875
v -0.01774173 0.02417974 0.05882216
v 0.04657488 0.00365417 0.00615192
v 0.05087113 -0.02449279 0.00532339
v -0.02551695 0.00973198 0.09142132
v 0.03574111 -0.01344050 0.00178027
v -0.01693231 -0.02614322 0.09165811
v -0.02340318 0.01427332 0.05882478
v 0.00259172 0.03835920 0.06227996
v -0.02960743 0.00804703 0.00253544
v -0.02173205 -0.00325511 0.01226841
v 0.00373269 -0.04159221 0.04406241
v -0.05672416 -0.01085221 0.02916923
v 0.01555499 -0.04432507 0.09046981
v -0.00745725 -0.03700911 0.06560055
v 0.03367007 0.03638575 0.07552172
v -0.05461517 -0.00856831 0.03862748
v -0.05041052 0.00583279 0.00061942
v 0.04865447 0.02309922 0.08565506
v -0.00760833 0.03402726 0.08576054
v -0.03473360 -0.00528421 0.00000000
v 0.05357214 -0.00728631 0.03123057
v -0.04040736 -0.00547948 0.00000000
v -0.05589150 0.00024535 0.00645871
v 0.03327630 -0.01491443 0.00144557
v 0.04106827 -0.03551922 0.09011600
v 0.03310847 -0.02808960 0.00786101
v 0.03556508 -0.03856218 0.09156308
v -0.02936030 0.00002794 0.06719198
v -0.02472121 -0.00304167 0.02455500
v 0.03320896 -0.03636628 0.05260119
v -0.02375353 0.01333670 0.07127426
v 0.05368870 0.01977735 0.05042062
v -0.05866531 -0.00313202 0.02017057
v -0.02532451 -0.00056808 0.04803662
v 0.00171497 0.04139042 0.04438730
v -0.01928603 -0.02002026 0.02685508
v 0.02114227 0.03576424 0.01056191
v -0.02750733 0.00905891 0.07464748
v -0.02776950 0.00985435 0.00527434
v 0.01703333 0.04358472 0.09095113
v 0.00478377 -0.02872684 0.00508253
v 0.01423696 0.04083528 0.08374622
v -0.02470070 -0.01770354 0.00737165
v -0.04526213 0.00418561 0.07429197
v 0.00776780 0.03899912 0.02349720
v 0.01092137 0.04351750 0.02671949
v -0.00701050 0.03764037 0.03337688
v 0.03709435 -0.03817799 0.08975409
v -0.03273365 -0.00469545 0.00083260
v -0.02004486 0.01322370 0.01304694
v 0.05215396 -0.00901207 0.01940014
v -0.00472001 0.03582372 0.08824525
v 0.03815910 -0.03684169 0.02790168
v 0.05679886 -0.01228583 0.07425596
v -0.01276629 0.02931845 0.03944363
v -0.03061544 0.00788413 0.07500192
v -0.04225315 -0.00432277 0.00078820
v -0.05485205 -0.01220271 0.01077460
v 0.02285236 0.03683937 0.01315872
v -0.01774924 0.02221142 0.02033383
v 0.04893066 -0.02199834 0.04577404
v -0.01065935 0.00533713 0.00216654
v 0.04875668 -0.02756267 0.00000000
v -0.04644344 0.00402585 0.00286386
v 0.05331202 0.02119452 0.00589455
v 0.05410674 0.01119764 0.06112335
v -0.02709681 -0.01155227 0.05887694
v -0.05229767 -0.01144004 0.06134074
v -0.02140733 -0.01304555 0.01849298
v -0.05246414 -0.00970976 0.00890796
v 0.04143333 -0.03467515 0.04481413
v -0.02541816 0.00352473 0.06389861
v 0.01072209 0.04036720 0.07574579
v 0.03872788 -0.03670466 0.07640310
v 0.04310480 -0.03334104 0.02741804
v -0.00895951 0.03640971 0.03575505
v 0.05614463 -0.01436919 0.07718630
v 0.03803161 -0.03205759 0.02919822
v -0.05533298 -0.01249954 0.01169312
v -0.00606811 -0.03442691 0.06929111
v -0.01770549 0.02711294 0.09178594
v -0.03380523 0.00682175 0.00000000
v -0.00755398 0.03450634 0.09101620
v 0.02263873 -0.04049993 0.09059226
v -0.00492441 0.03480275 0.03292966
v -0.05646404 0.00850041 0.01251982
v 0.04801836 0.02011528 0.01901113
v 0.05204595 0.02117453 0.09193370
v -0.04630603 -0.00928113 0.07303151
v -0.00430333 0.00527959 0.00129381
v -0.04761688 -0.01195646 0.00128329
v -0.05785317 0.00422039 0.04540370
v 0.00734600 0.03986792 0.08439550
v 0.05784003 0.00523783 0.02825416
v 0.05040285 -0.01992921 0.06353180
v 0.04935656 0.02714990 0.00550724
v -0.03280782 0.00688902 0.00044685
v -0.02352964 0.01365641 0.05129386
v 0.01891296 -0.00944439 0.00042500
v 0.03318401 -0.03996073 0.08262606
v -0.00732530 0.03779920 0.00000000
v -0.01931099 0.02747119 0.01455581
v 0.04098009 -0.01765569 0.00578594
v -0.03068516 0.00418872 0.06906605
v -0.04861908 0.00400271 0.06483814
v -0.02752988 -0.00922357 0.09166311
v -0.05789008 -0.01215456 0.02527283
v -0.02174914 -0.01676613 0.05207831
v 0.01474045 0.04061170 0.04440641
v -0.01028541 0.02806460 0.01308911
v 0.05605166 -0.00032907 0.08849386
v -0.05752229 -0.01234535 0.02151661
v -0.05463191 0.00540379 0.04716145
v 0.03961489 0.03583902 0.01800555
v -0.01690018 0.03021126 0.00960923
v 0.00812739 0.01491137 0.00126792
v -0.01330669 -0.03285017 0.09152381
v -0.04217692 -0.00687736 0.00000000
v -0.03587628 -0.00024176 0.07143230
v -0.05319938 -0.00256111 0.02048561
v 0.04332288 -0.02353704 0.01392035
v 0.04306481 -0.03345388 0.07058650
v -0.03227323 -0.00283243 0.06977565
v -0.02771993 0.00764544 0.00031073
v -0.01555685 -0.03078290 0.04948398
v -0.00942711 0.03283190 0.08587186
v -0.01458781 -0.02492693 0.02051940
v 0.02933998 0.04170285 0.00000000
v -0.05378695 -0.01005211 0.05303674
v -0.03182203 -0.00315005 0.00177718
v 0.04430764 0.02814541 0.06929598
v 0.05673358 0.01217023 0.00434785
v -0.00285678 0.03670587 0.08808462
v 0.04264711 -0.03076158 0.09136478
v -0.05124284 0.00727626 0.06278746
v 0.04221301 0.01354842 0.00461913
v 0.00694916 0.04268796 0.09108251
v 0.02795188 0.03816955 0.04785123
v -0.04756219 -0.00828762 0.00336801
v 0.02183239 -0.02603162 0.00276664
v -0.01246583 0.03401358 0.09164492
v -0.04081651 -0.00018756 0.07122923
v -0.02830272 -0.00788406 0.00386540
v -0.02541303 0.01692323 0.03397113
v 0.05666692 -0.01210643 0.06278018
v -0.04719850 -0.01231506 0.00000000
v 0.05579462 -0.00310420 0.08197673
v 0.00566223 0.04251510 0.06641235
v -0.02933773 0.00793293 0.06825690
v -0.02583722 0.00126946 0.07909650
v 0.03970820 0.00556038 0.00247168
v 0.04111579 0.02992989 0.02635664
v 0.03097214 0.03767813 0.08279222
v -0.02563966 -0.01550478 0.03586110
v -0.01443228 0.00550336 0.00367858
v 0.04332732 -0.01327544 0.00573341
v 0.04254320 0.02953747 0.05412177
v 0.01393412 -0.04149782 0.09138630
v -0.05352683 -0.00641311 0.01730817
v 0.03625691 -0.02923607 0.01218783
v 0.03074552 -0.04051162 0.05807547
v 0.00099614 0.04124380 0.08782763
v -0.01711244 0.01336867 0.00798952
v -0.05771165 0.00714525 0.01715183
v -0.02235962 0.01636348 0.03731630
v 0.02375749 -0.03966059 0.06704167
v 0.04983476 0.01171080 0.01312549
v 0.05044729 -0.02517248 0.00000000
v 0.03793488 -0.01169094 0.00229606
v -0.05621622 0.00390410 0.05461938
v 0.02971598 0.04101113 0.04458143
v -0.02470992 0.00342476 0.02455450
v 0.04162031 0.03414694 0.09187524
v -0.02986652 -0.00467085 0.00296858
v -0.00877527 0.03656835 0.02782968
v -0.04036394 -0.01035565 0.07484021
v 0.00794760 -0.04288878 0.06665361
v -0.00710073 0.03501666 0.09154532
v 0.05196494 0.01801514 0.08169256
v 0.05520431 -0.00615719 0.07454937
v 0.01985364 0.04042792 0.06820293
v -0.02869820 -0.00007224 0.00783183
v -0.01741016 -0.02025872 0.01810542
v -0.05521060 -0.00666836 0.05844369
v 0.04962523 -0.02206388 0.09060746
v 0.00745197 0.03961055 0.04285787
v 0.00237946 -0.04126485 0.02102493
v 0.05304507 0.01497270 0.06204425
v 0.01813329 0.03966406 0.02398149
v 0.02889733 -0.02139538 0.00175135
v 0.04841555 0.02794917 0.04318509
v 0.05244348 0.01700487 0.07007983
v 0.00143503 0.03791614 0.04674902
v 0.04623889 -0.02621418 0.07741603
v 0.02978878 0.03856376 0.09146592
v -0.04772626 -0.01209233 0.00000000
v 0.05369144 -0.02010770 0.06327309
v -0.00213589 -0.03408830 0.01844778
v 0.03111844 -0.03641303 0.03474303
v 0.02763399 -0.03385965 0.01175787
v -0.00360159 -0.03891498 0.02156570
v -0.01768737 -0.02849373 0.03697739
v -0.00131691 -0.03650829 0.03880251
v -0.05031584 0.00004340 0.00842908
v 0.04883154 0.02067843 0.03080515
v -0.02046528 -0.01991890 0.09047622
v -0.02098997 -0.02447359 0.07386286
v -0.02431205 0.00017847 0.02045747
v 0.03318094 -0.04013325 0.08977264
v -0.05239782 0.00786813 0.06154345
v 0.05287212 -0.01739661 0.09173803
v 0.05620343 0.01355605 0.05196177
v -0.05588807 -0.00289654 0.00650445
v 0.01219190 0.04051127 0.05014333
v -0.02893200 -0.00272738 0.07425870
v 0.04501110 -0.02599371 0.03544826
v -0.02901677 -0.00557159 0.00394656
v 0.01394847 -0.02187383 0.00109291
v 0.04938836 -0.00067075 0.00978488
v -0.03487100 0.00834136 0.07621323
v -0.01054176 0.03122445 0.03697215
v -0.05332994 -0.00411443 0.03871077
v 0.03347832 -0.03919969 0.03357659
v -0.02899831 0.00647970 0.00451437
v -0.01656724 -0.02499864 0.05933887
v 0.02421005 -0.02569279 0.00289717
v 0.00600952 -0.04215199 0.03117310
v 0.00872659 0.04304129 0.07337186
v 0.00583998 0.04250890 0.09088459
v -0.00272928 0.03668857 0.07344761
v 0.04749813 -0.02600553 0.09174856
v 0.03384953 0.03977285 0.00000000
v 0.04400001 0.01265734 0.00592041
v 0.05397720 -0.01860362 0.03396225
v 0.03201638 0.03356998 0.01312552
v 0.02571642 0.03901757 0.05804019
v 0.05083320 -0.02452076 0.04343265
v -0.05241969 0.00009832 0.06639198
v 0.03429764 -0.03472661 0.03394482
v 0.04279068 -0.03012007 0.08958340
v 0.05312130 0.00582514 0.02148047
v 0.03676690 -0.03309757 0.03114665
v -0.02097869 0.01978283 0.07839176
v 0.05655105 0.01319353 0.09164635
v -0.00295145 0.03123733 0.00992438
v -0.02736136 0.00002183 0.09191401
v -0.00277234 0.04010033 0.00000000
v -0.02552104 0.00349137 0.06833973
v -0.02315809 -0.00892844 0.02028423
v -0.02471675 -0.00688923 0.05207021
v 0.04187565 0.03046033 0.08326396
v -0.01115053 0.03495284 0.03082920
v -0.05560129 0.00835903 0.01148276
v -0.02366055 -0.01507416 0.09176024
v -0.02681036 -0.00517943 0.09192060
v -0.02680216 -0.01209566 0.00000000
v -0.05182460 -0.00568599 0.01090878
v -0.05514565 0.00592532 0.05710436
v -0.02784264 -0.01197931 0.00143434
v -0.00596249 0.03370031 0.02386325
v -0.05627056 -0.01031531 0.01010839
v -0.02546909 -0.00346684 0.06797627
v 0.00953464 -0.02172747 0.00126307
v 0.00936032 0.04303343 0.09145954
v 0.05495308 -0.00740376 0.07198745
v -0.02502439 0.00018549 0.03073522
v -0.01268561 0.01605847 0.00501801
v 0.05320778 -0.01793361 0.09190573
v -0.00944488 0.03069169 0.01896215
v -0.05214419 0.00196590 0.00147072
v 0.05400557 -0.00875298 0.04781628
v 0.05558099 -0.00763793 0.09140972
v 0.05296270 -0.00190660 0.01861614
v -0.02919895 -0.01204945 0.00000000
v 0.01832095 0.02904117 0.00312775
v -0.03741922 -0.00757131 0.07255028
v -0.05605590 -0.01190820 0.01061486
v 0.00861038 -0.04276084 0.00000000
v -0.05334259 -0.00396638 0.01967130
v -0.03311955 -0.00471142 0.07038772
v -0.01220297 -0.02948401 0.05497132
v 0.05736491 -0.00986992 0.07295997
v 0.04152700 -0.03465654 0.07020866
v 0.04581607 -0.01539806 0.00973525
v 0.01143239 -0.04333846 0.09184455
v 0.04214841 -0.03014874 0.05030617
v 0.01073578 -0.03802751 0.01932696
v -0.05366458 -0.00540100 0.02906420
v 0.04898092 -0.01304710 0.01369559
v -0.01139150 -0.03019388 0.05420326
v 0.03665001 0.03456691 0.07846063
v -0.01278952 0.03389121 0.07511044
v 0.02536880 -0.04207597 0.02157580
v -0.02152729 -0.02362628 0.09134094
v 0.03614310 0.03502127 0.08285445
v 0.03824627 -0.03685109 0.00000000
v 0.00140735 -0.03644313 0.02272610
v -0.03437845 -0.00132145 0.00108796
v -0.00269988 -0.02256618 0.00380314
v 0.05356566 -0.00558412 0.02662012
v -0.02308767 0.00749691 0.01798931
v -0.02386495 -0.01279065 0.09104734
v -0.00688777 -0.01097410 0.00226550
v 0.05699507 0.01041487 0.02504762
v -0.02823230 -0.00724879 0.07297772
v -0.05211616 0.00783851 0.06270830
v -0.01991257 -0.02193276 0.09163988
v -0.02376173 -0.01967782 0.00425720
v 0.00222736 -0.03807523 0.04794610
v -0.00284583 -0.03456007 0.02269560
v -0.02944437 0.00838443 0.07398620
v -0.05788255 -0.01213637 0.03013418
v -0.01657784 0.02626942 0.08265585
v 0.02831421 -0.04091501 0.09188400
v 0.02026416 0.01369833 0.00125816
v 0.04144360 -0.03521415 0.09061684
v -0.01061866 -0.01323692 0.00396314
v -0.04211710 -0.00014749 0.07088440
v -0.01909905 0.02209492 0.03291676
v 0.03375929 -0.03910485 0.04274923
v 0.03306028 -0.03974933 0.07239577
v 0.05293433 -0.02092653 0.00934691
v -0.01085588 -0.01754176 0.00596516
v 0.01119654 0.04337501 0.08622591
v -0.02415481 0.01160799 0.05714926
v -0.01855386 -0.02519697 0.09186834
v 0.03184958 -0.03995051 0.02151459
v 0.02800418 0.03779197 0.02589357
v 0.01156091 -0.02358356 0.00172032
v -0.05537501 -0.01144347 0.04960470
v -0.01039751 -0.02989646 0.02514256
v -0.02028173 -0.00620233 0.01087428
v 0.00640774 0.03930833 0.04074615
v 0.00325895 0.04046650 0.09195188
v -0.05037872 -0.00855751 0.06883627
v -0.01940156 0.00052863 0.00812014
v -0.01397185 0.02813580 0.03520912
v -0.00670729 0.03803711 0.00419727
v 0.00799341 -0.03423203 0.00993232
v -0.05036847 -0.00135867 0.00000000
v -0.05658058 -0.01202159 0.01287892
v 0.00441189 -0.04183066 0.00000000
v 0.02270505 -0.03884366 0.02925450
v 0.01675682 -0.04337863 0.04805781
v 0.04178302 -0.03453207 0.00000000
v 0.04257055 0.00638269 0.00333602
v -0.02121692 -0.01819199 0.07463402
v -0.00082776 0.03739148 0.07066301
v -0.04256111 0.00675130 0.07545979
v 0.01555261 -0.04333450 0.00000000
v -0.05365466 0.00719090 0.05537155
v -0.05469719 -0.00930360 0.04271753
v -0.02704142 0.01168664 0.05610399
v 0.01680023 -0.04328309 0.02504546
v -0.00918681 0.03638442 0.07897499
v 0.01312813 0.04289144 0.09185836
v 0.02870490 0.03300103 0.00970644
v -0.00192054 -0.03675425 0.07101616
v -0.00742818 0.03216956 0.01917061
v -0.05765524 0.00734253 0.04235181
v -0.02536517 -0.00350293 0.06306357
v -0.00252658 -0.03696403 0.09135705
v -0.02755072 0.00971188 0.00091145
v -0.02500729 -0.00585476 0.05956305
v 0.02933281 0.01047242 0.00164335
v -0.03778256 0.00442070 0.07241074
v 0.05759906 -0.00647495 0.03228529
v 0.01463689 0.04361316 0.08731656
v 0.04438832 -0.03230196 0.01266650
v -0.02324832 0.02224441 0.08790802
v 0.04177310 0.02244299 0.00970346
v -0.05631807 0.00322223 0.00753935
v -0.02892652 0.00026689 0.09062705
v 0.03670196 -0.03799312 0.07535459
v 0.03513167 0.03854355 0.04213333
v -0.02769634 0.00940770 0.04585779
v -0.01430238 0.02879084 0.08800188
v 0.04319129 -0.03335128 0.00825566
v -0.02103576 0.01964246 0.07386013
v -0.00291487 -0.02798098 0.00808105
v 0.03707591 0.03742550 0.02395452
v -0.00107387 0.03799967 0.09147331
v 0.05107897 -0.02017643 0.09147966
v 0.03961968 0.01597348 0.00379966
v -0.05636763 -0.00622968 0.05452582
v -0.05111704 0.00767511 0.06360437
v -0.01699006 0.01986234 0.01340794
v -0.05347111 -0.00586506 0.04001649
v 0.05713761 -0.00928427 0.00465107
v 0.01522345 -0.04335936 0.04929972
v -0.02835159 -0.00939790 0.06831595
v 0.04629085 -0.02629044 0.08354043
v 0.01199331 0.04397467 0.00929105
v 0.01409341 -0.03012649 0.00468151
v 0.01006856 -0.04133922 0.09156377
v 0.05443831 -0.00767172 0.05275954
v -0.02553608 -0.01580514 0.03137317
v 0.00264267 -0.03884661 0.09058822
v -0.00741655 -0.03670423 0.00000000
v 0.01174960 -0.04313296 0.00000000
v -0.04827315 0.00829877 0.00000000
v 0.04938529 -0.02189762 0.07677484
v 0.00730158 -0.00364998 0.00045475
v -0.01483664 -0.02274267 0.01613226
v -0.04607392 0.00767563 0.07308113
v -0.05017192 0.00363834 0.06975154
v 0.00329861 -0.04193696 0.08223666
v -0.02994307 0.00422376 0.07504054
v 0.02614814 0.03599706 0.01313481
v 0.05144027 0.01748860 0.05116591
v 0.03919344 0.03646051 0.06792717
v -0.02774590 0.00867418 0.07108171
v 0.04269942 -0.03012634 0.08456089
v -0.02213366 0.01817021 0.08875917
v -0.01259400 -0.02609165 0.01798377
v -0.02273833 -0.01535370 0.09047978
v -0.00952486 -0.02900200 0.01826544
v -0.02326096 -0.02050319 0.04491371
v -0.05825820 0.00618129 0.02013590
v -0.01354185 0.02954113 0.08804190
v -0.04276551 0.00801435 0.07387144
v 0.05208903 -0.01882882 0.09170606
v -0.00574406 -0.00279024 0.00124993
v -0.02893096 0.00441666 0.00572656
v -0.05570690 -0.01249897 0.01245808
v 0.02803461 -0.04148971 0.00000000
v -0.02840423 0.00818901 0.00495795
v 0.02628692 0.04222467 0.02805619
v 0.01797504 -0.04244465 0.09186620
v -0.01685163 0.03019692 0.05759422
v 0.00975580 -0.03628871 0.01310639
v 0.03259645 0.03848230 0.09192894
v -0.02436707 0.00963261 0.04792727
v 0.01396352 0.04115734 0.09054627
v 0.00372964 -0.02944971 0.00598638
v -0.02234525 0.01597150 0.03263026
v 0.05501051 -0.00068803 0.04891263
v 0.05334998 0.00282010 0.02119776
v -0.05760465 -0.00639550 0.04824319
v -0.02496148 0.00591941 0.05181117
v -0.03431862 0.00565489 0.00037608
v 0.03244879 -0.02459993 0.00472422
v -0.02932678 0.00883436 0.07351242
v 0.02790096 0.03796736 0.03033567
v -0.05540098 -0.01188032 0.05237791
v 0.04164151 0.03147026 0.09143602
v -0.03177177 0.00038382 0.07605388
v -0.00271765 -0.03955705 0.07836883
v -0.00918578 0.03631097 0.01727064
v -0.05694598 0.00749286 0.03354129
v -0.02868178 0.00967506 0.00156901
v -0.00925517 0.02970500 0.01489253
v -0.04329395 0.00390241 0.07093312
v 0.05243631 0.01658419 0.06271715
v 0.02933897 -0.01522320 0.00093233
v -0.03453841 -0.00544760 0.00000000
v 0.05314284 0.01712867 0.09172328
v 0.00511090 -0.03846916 0.03442353
v -0.05596429 0.00748409 0.04544992
v 0.03355387 -0.01714656 0.00176314
v -0.02866127 0.00043106 0.01759771
v 0.03338057 -0.03944712 0.05830511
v -0.00879372 -0.02175334 0.00692942
v -0.01911374 0.01055125 0.00980146
v 0.00556483 0.04306050 0.00263866
v -0.05437417 0.00797310 0.00908621
v 0.02053113 -0.04299726 0.04217660
v 0.02754069 -0.04229881 0.09047727
v -0.01130980 0.02860919 0.01714011
v -0.03064345 -0.00030379 0.06869326
v -0.02748954 0.00998866 0.00000000
v 0.01845085 -0.04418265 0.09047781
v -0.02048646 0.02002539 0.03626950
v -0.02424744 -0.00922911 0.04901925
v 0.04357105 -0.02429308 0.01571648
v -0.02328215 0.01227518 0.02625066
v 0.01015094 0.03726028 0.01306709
v -0.02300529 -0.01363998 0.05118844
v -0.02230457 -0.01659346 0.09099442
v 0.03597459 0.00892528 0.00221803
v -0.02885713 0.00796803 0.06749910
v -0.00312611 0.03975937 0.08750053
v 0.02610234 0.04274763 0.00000000
v 0.02986707 -0.04088840 0.06267714
v -0.00241616 -0.03944388 0.00000000
v 0.02007241 0.04022225 0.04544499
v -0.03146551 0.00917293 0.07211660
v 0.05105266 0.02476731 0.06609865
v 0.00704420 0.04329025 0.00890361
v -0.05762071 -0.00288629 0.01250212
v -0.03005416 -0.00829004 0.07447321
v -0.00248829 -0.03651649 0.08054778
v -0.03757302 -0.00290309 0.00043493
v -0.01323968 0.01760465 0.00620526
v 0.03699627 0.03154490 0.01602832
v 0.03717641 -0.03743902 0.00000000
v -0.04253752 0.00770963 0.07531497
v -0.01872954 0.02496328 0.09144472
v 0.05302663 0.01058707 0.03174688
v -0.03753918 0.00402319 0.00041267
v 0.05591598 -0.00320489 0.08875101
v 0.02223370 0.04301896 0.07666841
v -0.01346083 -0.02799037 0.03788945
v 0.05251733 -0.00744572 0.01943814
v 0.01901895 -0.04298118 0.09184771
v -0.02700553 -0.01182587 0.00368518
v -0.02744270 -0.00225914 0.07620874
v 0.03529849 -0.01866825 0.00287887
v -0.00294085 0.02777912 0.00591325
v 0.02427296 -0.03363901 0.00954893
v 0.03599920 -0.03769506 0.09184350
v 0.04107752 -0.03068796 0.04226677
v -0.00975284 -0.03222145 0.09111807
v 0.03032886 0.04095629 0.08200059
v -0.00869185 0.01761551 0.00328099
v -0.03389135 0.00681656 0.07254371
v 0.01204869 -0.03345357 0.00803111
v -0.05121376 -0.01228680 0.00431323
v -0.01454917 -0.01305602 0.00689234
v -0.02802413 0.00904153 0.00000000
v 0.01074296 0.04049400 0.08533990
v 0.05389347 -0.01643873 0.09191734
v -0.02302237 0.01032713 0.01985042
v 0.03910765 -0.03356370 0.09104667
v 0.05766025 -0.00635864 0.04788104
v 0.00533650 -0.03873022 0.04050123
v -0.00735058 0.02300418 0.00509459
v -0.03806421 0.00781391 0.07648302
v 0.02905253 -0.04169093 0.08833743
v -0.02694571 -0.01194056 0.08199934
v -0.02221946 -0.02227615 0.03836170
v 0.02074784 0.04390183 0.00255696
v -0.01757695 -0.02395339 0.07217020
v -0.00567569 -0.03774098 0.00000000
v 0.03747139 0.01462383 0.00278124
v -0.02754422 -0.00834185 0.07128943
v 0.02697089 -0.04219339 0.09135384
v -0.03611519 -0.00510131 0.07155557
v 0.00518987 0.04249745 0.01950506
v 0.01114323 0.04338478 0.04576765
v -0.02149447 0.01587497 0.02154522
v -0.00714207 0.02848782 0.00951673
v -0.01046210 -0.03452654 0.09182208
v -0.00468683 0.00389499 0.00129151
v -0.05525844 0.00460349 0.02049701
v 0.05228456 -0.01226748 0.03269123
v -0.02891797 0.00440249 0.06596262
v -0.04318047 -0.00175640 0.06971154
v 0.03784910 -0.03455243 0.09118887
v 0.03478816 0.03411751 0.01893675
v -0.01508513 0.03190273 0.01414711
v -0.02908409 0.00909771 0.07222690
v 0.01703199 -0.01125181 0.00040783
v -0.04623252 0.00840618 0.00000000
v 0.05632581 -0.01223487 0.00298223
v 0.02841334 -0.03832016 0.05628456
v -0.02268842 0.01632519 0.08250062
v -0.04980994 -0.01027166 0.00071084
v 0.00785635 -0.03075060 0.00587213
v 0.05755942 0.01029718 0.08114456
v -0.05138228 -0.01131878 0.06495923
v 0.04461051 -0.03215991 0.06218327
v 0.02256013 0.04044831 0.09139549
v -0.02993726 0.00226634 0.00386300
v -0.00788005 -0.03300084 0.05799085
v -0.00009012 -0.04050437 0.06713656
v 0.05390543 0.02050227 0.08902044
v 0.04585710 0.02024037 0.01304690
v 0.05671719 -0.01299618 0.08657991
v 0.02600527 -0.04196189 0.00737765
v -0.02684624 -0.01185382 0.00005019
v 0.02145744 0.02886807 0.00316084
v 0.01140198 -0.02159104 0.00116043
v 0.04168937 -0.01984129 0.00790797
v -0.05692444 -0.01097113 0.04766603
v -0.05630917 -0.01195579 0.04719295
v 0.04957227 -0.02521084 0.09185061
v 0.04362643 0.02881740 0.08187120
v 0.03198940 0.03728404 0.08323294
v 0.02455667 0.03983303 0.08987173
v 0.00531190 0.03536338 0.01131721
v -0.02277387 -0.02159065 0.00953815
v 0.02036775 0.03724357 0.01307057
v 0.01240760 -0.04048929 0.06323223
v 0.01170961 -0.03234468 0.00682400
v 0.04408822 0.03252146 0.05118649
v -0.02827467 -0.00847602 0.07245505
v 0.05511853 -0.01672363 0.09139720
v -0.00866997 -0.03306196 0.09106153
v -0.00525629 -0.03426633 0.03862927
v 0.01067529 -0.01049295 0.00040072
v -0.01925080 0.02009518 0.02151191
v 0.05425409 -0.01809603 0.00000000
v 0.04576652 -0.00624591 0.00597894
v -0.02230320 -0.01584643 0.07355332
v 0.03474988 -0.02583544 0.00691938
v 0.04271310 -0.03362474 0.04924445
v -0.02719830 0.01120923 0.06244433
v 0.03396918 0.03971182 0.00000000
v 0.04560997 0.03127700 0.00250194
v 0.02872508 -0.03850609 0.06783081
v -0.05484108 0.00785390 0.05523253
v -0.05317748 -0.00319807 0.06473194
v -0.05325849 0.00718781 0.06165950
v 0.02085756 -0.01820970 0.00058553
v -0.05439297 0.00762400 0.05764360
v -0.00687716 -0.01807569 0.00377361
v -0.03364798 -0.00604480 0.07090864
v 0.02419366 -0.02861915 0.00477853
v 0.05455864 -0.00323885 0.04284995
v -0.03933233 0.00406230 0.00041340
v -0.02523766 -0.00565931 0.07271080
v 0.05308543 0.00967660 0.02914123
v 0.05763633 -0.00590844 0.09179920
v -0.05699006 -0.01185664 0.01456718
v 0.05501735 0.01623620 0.09185172
v 0.00584239 0.04253952 0.08242204
v 0.04705789 -0.02948506 0.03073511
v -0.00106805 0.03727466 0.06764243
v 0.01652132 -0.04335232 0.00971486
v -0.05479323 -0.00309601 0.00453411
v 0.03183763 -0.03768014 0.09107696
v -0.03579935 0.00155770 0.00086496
v 0.04636777 -0.01578120 0.01110482
v -0.01514357 -0.02733767 0.09121593
v -0.03439313 0.00556309 0.07223795
v -0.02406695 0.01205581 0.06760009
v -0.00349902 0.01815836 0.00222121
v 0.00210501 0.04208413 0.00000000
v 0.03816049 -0.03014577 0.01725875
v -0.00523817 -0.03257630 0.01987590
v 0.05365626 -0.02014933 0.09114483
v -0.00934198 0.03308751 0.08897419
v 0.05331273 0.02036442 0.03906962
v 0.04806317 0.02374693 0.06231574
v -0.01169981 -0.02390701 0.01231942
v -0.05701741 -0.01174410 0.02217805
v -0.00092722 0.03672898 0.03176635
v -0.01536473 0.03160322 0.04174825
v -0.01343895 -0.03293834 0.07688723
v -0.05858906 -0.00301915 0.03795188
v -0.02769222 0.00949838 0.00062341
v -0.00528944 -0.03815428 0.06358512
v -0.05647563 0.00168844 0.05447506
v 0.02079536 -0.04011805 0.06658220
v 0.04355055 -0.03315464 0.07954085
v -0.00947665 -0.03549957 0.04728693
v -0.05383786 0.00258891 0.00337363
v -0.04770744 -0.01210713 0.00000000
v 0.04189754 0.02441202 0.01173526
v 0.05231225 -0.02274405 0.06905225
v -0.05373839 -0.00721825 0.04259019
v -0.05365089 -0.00050028 0.02718257
v -0.00883746 0.02947821 0.01323300
v -0.00603288 0.03477190 0.06505486
v -0.02440364 -0.00733009 0.04071116
v -0.02220783 -0.02235656 0.03333045
v 0.01594434 0.04067060 0.04982170
v 0.03974924 -0.03576806 0.03885535
v 0.04219970 0.03424256 0.06694317
v 0.04352047 -0.02896924 0.05792945
v -0.02858196 -0.00294127 0.01198132
v 0.01596075 0.04398324 0.01594186
v -0.02139978 0.01346498 0.01684385
v 0.03530362 0.02024890 0.00325676
v 0.02025392 -0.02819037 0.00375392
v 0.05394577 0.01101243 0.05540037
v 0.01334383 0.02432562 0.00218584
v -0.01710729 -0.02376096 0.02966018
v 0.04546094 0.03088989 0.09183232
v -0.01324822 -0.02914648 0.09119750
v -0.05157403 -0.00999268 0.00715407
v 0.05203162 0.01326677 0.02900479
v 0.00574498 -0.03219682 0.00805879
v 0.05711507 -0.00910102 0.03267303
v -0.00597546 0.03336546 0.02032965
v 0.04180662 -0.02336391 0.01152235
v 0.01993330 -0.02204607 0.00114622
v 0.01617336 0.04105188 0.08973230
v 0.02869193 -0.03891962 0.09104405
v -0.00481774 0.03893020 0.07367837
v -0.01269277 0.03386350 0.04384871
v -0.05451841 0.00360530 0.04188893
v -0.02844113 -0.00935499 0.07184977
v 0.03736339 0.03723725 0.04490659
v 0.00822723 -0.00865726 0.00037537
v -0.05713396 0.00403344 0.01005037
v -0.01084425 0.03519171 0.02065340
v -0.05109617 -0.00633723 0.05704204
v -0.04890515 -0.00855420 0.06495907
v 0.05225209 0.00765063 0.01824985
v -0.01573696 -0.02606439 0.06724549
v -0.02868656 -0.00347861 0.09137155
v 0.02670599 -0.03909086 0.06803440
v -0.03892181 -0.00582721 0.07698991
v 0.05785954 0.00410349 0.04056162
v -0.05414481 -0.00782707 0.04029776
v 0.04036314 -0.03217543 0.08881155
v 0.04666583 -0.03018897 0.06468878
v 0.05532943 0.00599251 0.06852753
v 0.03398593 -0.03694613 0.09140937
v 0.00047217 0.02397215 0.00279693
v 0.01351337 -0.04386958 0.08057752
v 0.04177927 0.02564299 0.01301650
v -0.02734836 -0.01195109 0.00237038
v 0.05639521 0.01346865 0.05883245
v 0.02638469 -0.03793388 0.02887215
v -0.03792850 -0.00054342 0.07706146
v -0.05402825 -0.00777290 0.01723942
v 0.01055019 0.04367365 0.01486287
v -0.02050970 -0.02488875 0.00000000
v -0.05148174 -0.00790308 0.00886996
v -0.00930403 0.03281595 0.07443440
v -0.02863699 0.00374987 0.08827790
v 0.03935582 -0.03610845 0.04649653
v 0.02903067 0.04141660 0.01689679
v 0.05545967 0.01659887 0.09154902
v -0.04078777 0.00564827 0.00006365
v 0.05240591 -0.02201434 0.09151893
v -0.05319661 0.00558557 0.05425147
v 0.05207332 0.01756792 0.08842437
v 0.05758848 0.01029548 0.08859504
v -0.02790038 -0.00304617 0.09192749
v -0.05432426 -0.00729628 0.02944096
v -0.01757181 -0.02390047 0.07932251
v 0.05383605 -0.02014452 0.08266716
v 0.03056028 0.04069255 0.03148817
v -0.03970114 -0.00555793 0.07687686
v -0.05378727 0.00769571 0.05586851
v 0.04203153 0.02007843 0.00810594
v 0.05804685 -0.00311223 0.09178777
v -0.03006748 0.00626825 0.06877302
v 0.05017489 0.02563068 0.03214915
v 0.04099379 -0.00632648 0.00272814
v 0.00354336 -0.03907010 0.08704026
v -0.01535105 -0.02583434 0.02968870
v -0.01473818 -0.01923367 0.01139855
v -0.02829996 0.00643200 0.05051944
v 0.03269388 -0.03747708 0.09134719
v -0.00921960 0.03623383 0.06053766
v 0.03392133 -0.03483849 0.03131285
v -0.04928661 0.00226522 0.00616734
v -0.05637377 -0.01094710 0.03837009
v -0.05532098 -0.01256638 0.01023797
v -0.00517424 0.03859754 0.03393769
v -0.01671796 0.02640904 0.08801461
v 0.04357414 0.02816511 0.03890688
v 0.05460103 0.01293692 0.09163525
v 0.04734810 0.02918447 0.03511555
v 0.05111078 0.02464655 0.09160591
v -0.01713087 -0.02883380 0.09155357
v 0.04053884 -0.03015299 0.02909267
v 0.02531481 -0.04210793 0.04098728
v -0.04906272 -0.01097823 0.06735355
v 0.02042347 -0.04065839 0.08257949
v 0.00528627 -0.01104888 0.00049705
v -0.00337084 -0.03599599 0.06585993
v 0.00774254 -0.03770834 0.02034036
v -0.01509503 -0.03130933 0.09130155
v 0.05517186 -0.01584953 0.00942670
v 0.05779801 0.00667870 0.00000000
v -0.02786791 -0.00966263 0.06846689
v -0.02830201 0.00642239 0.05384540
v -0.05752363 0.00680276 0.04459774
v 0.04188148 0.03037533 0.07856789
v -0.02198906 0.01617165 0.02752892
v 0.02473818 0.04254115 0.06655886
v 0.01222713 -0.03979876 0.03912327
v 0.05440586 0.01238403 0.09001951
v 0.01415735 0.04073693 0.07542669
v -0.02267987 0.01599080 0.05238754
v -0.00167784 -0.03974200 0.00212055
v 0.00523739 -0.01994551 0.00119295
v 0.05371642 0.00763841 0.03073732
v -0.01453685 0.03250715 0.08347736
v -0.05713396 0.00847877 0.01791045
v 0.03431373 -0.03586408 0.05971737
v -0.05476348 0.00360053 0.03906143
v 0.04534131 -0.02610285 0.04029767
v -0.00260483 -0.04012661 0.09050504
v -0.01852820 0.02847279 0.00000000
v 0.02076426 0.00950083 0.00100121
v -0.02419615 -0.00958237 0.05784386
v -0.04764556 -0.01099726 0.06941103
v -0.00494215 -0.03819611 0.01063153
v 0.02699756 -0.01789092 0.00089502
v -0.04667960 0.00553157 0.06896628
v -0.01561356 0.02649732 0.03551161
v 0.04362746 0.03289568 0.04217806
v 0.04161794 -0.03161428 0.09126381
v 0.01309260 0.01328737 0.00112539
v 0.01370957 0.04428513 0.00000000
v 0.01668677 -0.02025198 0.00070415
v -0.01489951 0.02646193 0.02380333
v 0.01100241 0.04322748 0.09151580
v -0.00702277 -0.00656498 0.00176999
v 0.03734220 -0.02359687 0.00697838
v 0.02728332 -0.03673003 0.01975624
v 0.05379914 0.01359640 0.07186976
v -0.01567850 -0.02189380 0.01652236
v 0.03953698 0.03629935 0.00112495
v -0.00858998 -0.02989868 0.01863939
v -0.05802917 0.00759670 0.02151222
v -0.00683272 -0.03594330 0.09195519
v 0.02256937 0.03538884 0.01031509
v 0.02309542 -0.04265202 0.04511060
v 0.05416146 0.01293349 0.08288624
v 0.05451558 0.00194470 0.03652029
v -0.01014865 0.01567122 0.00329781
v -0.05398825 0.00790519 0.05678888
v 0.01645433 0.04105017 0.09054660
v -0.02843327 0.00868995 0.06735252
v 0.01794396 -0.03975032 0.03681008
v -0.02230558 -0.02226179 0.02919649
v 0.04394022 -0.03271486 0.09141581
v 0.00167706 -0.01729287 0.00127497
v 0.04350578 0.03343139 0.09141191
v 0.04036246 0.03525835 0.02111188
v 0.01167100 -0.04332503 0.05941356
v -0.01694150 -0.02526093 0.09102136
v -0.04922816 0.00681978 0.00000000
v 0.05534414 -0.00316765 0.06242638
v -0.02480970 -0.01744337 0.04589019
v 0.05070812 -0.02465036 0.01578605
v -0.01089346 -0.02607236 0.01437615
v 0.04957843 0.01335236 0.01397080
v 0.04240685 0.02820468 0.02257423
v 0.03182192 -0.04023568 0.06740912
v -0.00352807 -0.03887516 0.03268490
v 0.05554512 0.01504941 0.03921816
v 0.00952168 0.04013853 0.06363264
v 0.00532284 0.02734992 0.00319274
v -0.04446157 -0.00834600 0.00071528
v 0.03788876 -0.01048352 0.00216859
v 0.03457522 0.03545991 0.05684096
v 0.01847582 -0.04120932 0.09106869
v -0.00287520 0.03992598 0.00536196
v 0.05671652 0.01217753 0.00987676
v -0.03061232 0.00908745 0.00000000
v -0.02334879 0.02136533 0.05723683
v -0.05047167 -0.01084637 0.06724962
v 0.03580814 0.03856989 0.06629432
v -0.02719248 0.01103648 0.03195415
v -0.00793199 -0.03329410 0.08121323
v 0.05376188 -0.01987370 0.06023982
v 0.04089877 0.03516889 0.06128359
v 0.01421272 0.04072200 0.07075612
v 0.02830295 -0.04037356 0.09191495
v 0.05508573 -0.01589762 0.00000000
v 0.04178577 -0.03255321 0.09179235
v -0.02874021 0.00048426 0.05658583
v -0.00484678 -0.00609932 0.00132086
v -0.01149607 -0.03371112 0.00916409
v 0.04844566 0.02797240 0.05727638
v -0.01840617 -0.02282356 0.07212913
v -0.01909937 0.02005600 0.02023677
v 0.03900512 -0.03670361 0.08203882
v -0.00098258 0.02433191 0.00320686
v 0.01048149 -0.04302886 0.04798270
v 0.03209742 -0.03424652 0.01662088
v 0.02868681 -0.04158753 0.09145592
v 0.02090167 -0.02977069 0.00499299
v -0.02766077 -0.00542639 0.07379679
v 0.05004501 0.02638222 0.09136693
v -0.01566791 0.02747606 0.08797993
v 0.00647236 -0.02287013 0.00174533
v 0.00174782 -0.03250713 0.01054045
v 0.03771478 0.02740022 0.00980011
v -0.04374684 -0.01040480 0.07420385
v -0.02571756 0.00127751 0.07463258
v -0.01407847 0.01039985 0.00435845
v 0.04516528 -0.01327223 0.00769503
v -0.02299946 -0.01374678 0.05540918
v 0.05811761 -0.00623194 0.09103481
v -0.02570047 -0.00034002 0.06735847
v -0.01082339 -0.00018690 0.00126174
v -0.01729767 -0.02144553 0.02026290
v 0.04955656 0.00777165 0.01107717
v -0.02385673 -0.00897425 0.02892272
v 0.05499344 0.01808432 0.08031505
v -0.05700783 0.00792692 0.01317024
v 0.05622363 -0.00181979 0.09107403
v -0.00082842 0.00829369 0.00116809
v -0.01946682 0.02221120 0.07178609
v 0.04073846 -0.01328248 0.00381348
v -0.02497650 0.00649229 0.05929436
v 0.04353928 -0.02589679 0.02056899
v -0.02077357 0.02547832 0.00078118
v -0.00309738 0.02163995 0.00278836
v -0.02680657 0.01251237 0.01444953
v -0.02619233 -0.00045056 0.09053711
v -0.01586684 0.02650038 0.06428759
v 0.05335034 0.00767817 0.02655495
v -0.00912423 -0.03133098 0.03092147
v -0.02715010 -0.01038948 0.07181422
v -0.00684502 0.03790615 0.08710237
v -0.02731656 -0.00884010 0.09181248
v 0.00261022 -0.03891229 0.09104465
v -0.02958825 -0.01123578 0.00010525
v -0.01182182 0.03414539 0.09183273
v 0.00569098 0.04254744 0.05013455
v -0.02528038 -0.01691228 0.08176930
v -0.02037672 -0.01743709 0.02421243
v 0.03790551 0.03736062 0.07433655
v -0.02850846 0.00471081 0.05068843
v 0.00588069 -0.01274177 0.00056641
v -0.05317917 -0.00610313 0.00275862
v 0.00851196 0.03946487 0.03129248
v 0.02592530 0.00355551 0.00094189
v -0.01415025 -0.02787105 0.08032741
v -0.02490643 0.01118595 0.08999231
v -0.02079066 0.02369314 0.09188543
v 0.05603973 0.00377139 0.09059325
v -0.00442225 -0.02209782 0.00436665
v 0.02786714 0.03630656 0.01572226
v -0.00030750 0.03415304 0.01310907
v 0.05482048 -0.01689114 0.01851763
v -0.03504324 0.00613610 0.00000000
v 0.02752259 -0.04191598 0.07706022
v -0.05700611 -0.01178325 0.03707819
v -0.05358901 -0.00007638 0.03902925
v -0.01674564 0.03032948 0.04063001
v 0.03288120 0.03970588 0.09163043
v -0.02802138 0.00789986 0.00752873
v 0.00619447 -0.04004500 0.09107238
v 0.05126016 0.02497416 0.09093826
v -0.02766828 0.00950079 0.04048725
v 0.00479577 0.03898755 0.05595064
v -0.02399277 0.01179178 0.04900036
v 0.03087373 0.02975283 0.00682687
v -0.01348987 0.02946125 0.08533600
v -0.01453992 0.03212275 0.09178527
v 0.02545257 -0.03955198 0.07742776
v 0.03350467 -0.03490549 0.02881316
v 0.01452241 0.04123259 0.09107705
v 0.00962286 -0.04290071 0.01812406
v -0.04523851 -0.00919621 0.07053476
v 0.04358201 0.03290404 0.04521674
v -0.00296920 0.03634895 0.05794565
v -0.00480644 0.03884309 0.06196709
v 0.04760925 -0.00606538 0.00803144
v -0.04505530 0.00400297 0.00196933
v 0.01479825 0.04360916 0.06745077
v 0.02599913 -0.04211472 0.09169681
v -0.02816425 -0.00093662 0.07692809
v 0.02092731 -0.03913290 0.02985096
v 0.00045543 0.03783719 0.06884253
v 0.00133115 0.04175913 0.00000000
v -0.02482064 -0.01815213 0.08639362
v 0.01543300 -0.04368082 0.06741568
v 0.03661038 -0.03775109 0.00000000
v 0.05604110 0.00126418 0.08839830
v 0.03320387 0.02575321 0.00466085
v 0.04344220 -0.02917750 0.06543107
v -0.04038305 0.00407463 0.07203806
v 0.02664584 -0.03809549 0.03405881
v 0.02096183 -0.03954754 0.04065754
v 0.03820392 0.02942288 0.01303500
v 0.05125059 -0.01942782 0.09107995
v 0.01213997 0.03101043 0.00467200
v -0.00606090 -0.03804264 0.09146228
v 0.02150326 -0.03961740 0.04755519
v -0.00474458 0.03890195 0.06693062
v -0.02093183 0.02021660 0.08670883
v 0.01818426 -0.03350356 0.00805163
v 0.03918697 -0.03622752 0.00000000
v -0.02215347 -0.02124053 0.09182288
v 0.03026941 -0.04105528 0.09145538
v -0.02547042 0.00770690 0.08696392
v -0.04253135 0.00380379 0.07127436
v 0.03097867 -0.04027589 0.03555577
v 0.05670490 -0.01223022 0.06815026
v -0.03456095 -0.01016219 0.07423682
v 0.05565827 0.00872648 0.09158363
v 0.02415949 -0.03907473 0.04451759
v 0.00132124 0.03716328 0.02182629
v 0.05593035 -0.00009998 0.08152193
v 0.03624601 -0.03476450 0.06415722
v -0.03260475 0.00903679 0.07342514
v -0.01606543 -0.03065172 0.09050933
v 0.04553889 0.01466091 0.00864940
v 0.04912861 -0.02703921 0.00000000
v 0.00118076 0.04124912 0.06466613
v -0.02497616 0.00313184 0.03455157
v 0.05588421 -0.01477555 0.06900159
v -0.01455051 0.03236896 0.05597786
v -0.02478748 0.00027733 0.02449431
v 0.01800788 -0.04042028 0.06504976
v 0.04058397 -0.02340953 0.00972686
v 0.03227209 0.04020695 0.06618512
v -0.02853888 0.00456784 0.05681968
v 0.04951930 -0.01704211 0.02218384
v 0.05249445 0.00089716 0.01650625
v 0.00419623 0.04271534 0.00000000
v 0.03158778 0.04037213 0.09142374
v 0.04515230 -0.02193894 0.01572916
v 0.00691331 0.04347388 0.00000000
v 0.04051902 -0.03554223 0.09151709
v -0.01758376 0.02545396 0.08823703
v -0.05599127 0.00765887 0.05183291
v -0.05782817 0.00017400 0.01337625
v 0.05155412 -0.00005650 0.01346381
v -0.02256159 0.02098156 0.09188867
v 0.05365593 -0.00916099 0.04248270
v 0.05776863 -0.00609649 0.05505677
v -0.00234265 -0.03984943 0.08241411
v -0.03620643 -0.01011663 0.07438660
v -0.01555476 -0.02609264 0.05134450
v -0.05571679 -0.01158870 0.05240773
v 0.01910237 -0.04313451 0.00538284
v -0.02141207 -0.01585032 0.02669815
v -0.02823706 0.00216493 0.07567806
v 0.04001656 0.03191421 0.07065230
v -0.01292314 0.00601293 0.00275268
v 0.01971968 -0.04380271 0.09130013
v 0.04790287 -0.01817074 0.01740747
v 0.03285762 0.01337714 0.00219241
v -0.04720530 0.00827490 0.00091910
v 0.04948752 0.02266861 0.09099583
v -0.02821108 0.00402079 0.08081682
v 0.04240617 0.02989527 0.07708834
v -0.02785491 0.00838881 0.00000000
v 0.00750225 -0.04241764 0.03456440
v 0.04976849 -0.02245854 0.09149315
v -0.01244562 -0.00105412 0.00177474
v -0.02451368 -0.01433674 0.09190088
v 0.02081486 0.04378180 0.00929150
v -0.01243229 -0.03330778 0.02626253
v -0.05242137 -0.01247697 0.00582986
v -0.05276455 0.00773480 0.05913889
v 0.02030145 -0.04304284 0.00000000
v 0.01400252 0.04065050 0.05657196
v 0.01391980 0.04412157 0.00887487
v -0.01179721 0.02434644 0.00994109
v 0.04018439 -0.03552584 0.02144378
v -0.02535557 -0.00035735 0.05061493
v -0.01520474 -0.00615666 0.00491978
v 0.04168290 -0.03453145 0.09155300
v -0.05570790 -0.01162160 0.04850016
v -0.02989280 0.00878838 0.06994640
v 0.03109831 -0.03864660 0.09177257
v 0.05420112 0.00992751 0.05517166
v 0.02383785 0.01370657 0.00141875
v -0.05509025 -0.01114086 0.01297483
v -0.05543958 -0.00316037 0.05855679
v -0.01640929 0.02080649 0.01349043
v 0.02157402 -0.04299140 0.05808857
v -0.03005208 0.00927521 0.00000000
v 0.04362713 0.02627614 0.01903034
v -0.04807692 -0.01232053 0.00043465
v -0.04790020 0.00367047 0.07239002
v -0.05769349 0.00762052 0.04066235
v 0.01327753 -0.01746355 0.00052346
v 0.00208623 -0.04111970 0.03189066
v 0.04339196 -0.02846911 0.04212664
v 0.03596197 -0.01541270 0.00218200
v 0.01601238 0.03759069 0.01309273
v 0.05127760 0.01620159 0.03529519
v -0.00305020 0.03957520 0.09161666
v 0.04131545 -0.03479724 0.01404200
v -0.04951322 0.00022065 0.00724025
v -0.03139951 -0.00299417 0.06922465
v -0.00540632 -0.03832550 0.07975066
v 0.04665901 -0.02994630 0.01465517
v -0.02535489 0.00160640 0.05239162
v -0.05825407 0.00195490 0.01651176
v 0.05707817 -0.00964736 0.02173665
v 0.03170674 0.02154455 0.00280143
v -0.00626906 0.02947741 0.00999794
v 0.02917185 0.04135740 0.09093333
v -0.05185293 0.00597423 0.00195941
v -0.02515595 0.01660504 0.09181109
v -0.03180524 0.00209412 0.00226239
v -0.01404121 0.03275516 0.02525830
v -0.02410419 0.02021898 0.07867258
v -0.05086680 0.00373083 0.06875257
v -0.01699550 -0.00663592 0.00671891
v 0.01617030 -0.03843971 0.01941279
v -0.01095292 -0.02961638 0.02631874
v 0.00759831 0.02654625 0.00273637
v 0.04452781 0.03234190 0.06580951
v -0.00403633 0.03912914 0.04216419
v -0.02687082 -0.01183577 0.00000000
v 0.04313253 -0.02814180 0.03608959
v -0.00114357 0.03252026 0.01077318
v 0.05757551 -0.00905547 0.07733044
v 0.04795483 0.02330726 0.04749002
v 0.00682786 0.04234455 0.09176617
v 0.05329600 0.02021620 0.09188843
v 0.05180912 0.01910316 0.09148199
v -0.01048977 0.03286154 0.09149931
v 0.03107507 0.03761067 0.08630078
v -0.02562184 -0.01561594 0.04788542
v 0.00377957 0.02810293 0.00385467
v -0.01109580 -0.00297953 0.00191790
v 0.01297093 0.00047998 0.00057945
v 0.00999818 0.04103199 0.09143736
v 0.05428077 0.01422616 0.09170862
v -0.05798130 -0.01151073 0.03593953
v -0.01387679 0.03011531 0.09145454
v 0.00765163 -0.01481711 0.00061200
v -0.01824380 -0.00910015 0.00926554
v 0.05543541 0.01641273 0.00716747
v -0.02926796 -0.00920191 0.07313735
v -0.05341638 -0.01004154 0.01030147
v -0.05262816 -0.01165786 0.00393127
v -0.00651345 -0.03421528 0.07733561
v -0.05796011 -0.01045672 0.04079309
v -0.02041910 0.01345155 0.01412436
v 0.04197173 -0.03018062 0.04667747
v 0.05291010 -0.02013592 0.09181335
v 0.04154105 -0.01132392 0.00381710
v -0.05435671 -0.01220134 0.00950319
v -0.04936795 -0.01128115 0.06781278
v 0.00759797 0.00072182 0.00059526
v -0.05260423 0.00363573 0.01050763
v 0.00795106 -0.04017974 0.08384839
v -0.02547486 -0.00173409 0.05920462
v 0.03814103 0.02855218 0.01166703
v -0.03045337 -0.00472967 0.00229215
v 0.03894122 -0.01315891 0.00291712
v 0.04393101 -0.02919281 0.09107714
v 0.03203214 -0.03574233 0.02962134
v 0.04647820 -0.00015202 0.00603902
v 0.00824434 -0.04049411 0.09055279
v -0.01529156 0.03056163 0.09192987
v 0.04491645 0.00570110 0.00479104
v -0.02053395 0.00960321 0.01200242
v -0.01134532 0.03082663 0.05595661
v -0.01764392 -0.02375278 0.06415714
v -0.01493026 0.03205706 0.06740907
v 0.05586097 -0.01351613 0.03805522
v -0.03592375 -0.00284432 0.07124680
v 0.02760669 -0.04163829 0.06104483
v -0.01018965 0.00305575 0.00193974
v -0.01718760 0.02432853 0.03000097
v -0.05752429 -0.00297655 0.05015887
v 0.02403201 0.04260231 0.03936549
v -0.00510518 0.03889082 0.08691810
v -0.00282700 0.03987423 0.00881856
v -0.01962746 -0.02652980 0.09103261
v -0.05541496 -0.01137425 0.05437324
v 0.03130443 -0.03272762 0.01236547
v -0.00142214 0.02846297 0.00584033
v -0.00623043 0.00971753 0.00180812
v 0.03227381 -0.03990043 0.00000000
v -0.05592803 -0.01250811 0.01193964
v -0.04970668 -0.00551187 0.00733716
v -0.03351533 -0.00991359 0.07316616
v -0.04339339 -0.01057945 0.07390065
v 0.04245130 -0.01746127 0.00698402
v -0.05275224 0.00737319 0.05858085
v -0.02326059 -0.02054012 0.02315074
v -0.02771510 -0.00972354 0.08821742
v -0.02500247 0.01117294 0.09100977
v -0.02228779 -0.01568975 0.06654408
v -0.02176276 0.02398194 0.00890371
v 0.05743502 -0.00498487 0.09194963
v -0.00538923 0.02089109 0.00318289
v -0.05027717 -0.00649999 0.05975371
v 0.00529312 0.04240607 0.07117528
v 0.02822264 0.03145069 0.00728272
v -0.00143957 0.02018030 0.00229715
v 0.03286344 0.03973014 0.02252644
v -0.02724784 0.01082150 0.07124478
v -0.01167107 0.03118603 0.08822689
v 0.02823118 0.03884787 0.09098842
v -0.00563260 -0.03849834 0.09118854
v -0.03932069 0.00531390 0.00000000
v -0.05786269 -0.01116405 0.03996653
v -0.02084363 -0.02446915 0.00466104
v -0.00884940 0.01916881 0.00397627
v 0.05810190 0.00315070 0.00000000
v -0.05398413 0.00170206 0.01957408
v 0.03054526 0.03759938 0.07276559
v -0.01688065 0.02554409 0.06997329
v -0.00305088 0.02972514 0.00798463
v -0.05380092 0.00377388 0.06236754
v -0.05011925 0.00092500 0.05933566
v 0.03293112 0.04016639 0.00145498
v -0.05360780 -0.00516733 0.02614542
v -0.02883796 -0.00274719 0.00000000
v -0.04248759 0.00642022 0.00000000
v -0.02043550 -0.01914715 0.04878976
v -0.05692236 0.00751006 0.02555729
v -0.05420699 -0.00959993 0.04875087
v -0.05718179 -0.00332374 0.01048931
v -0.02165031 -0.00543718 0.01280341
v -0.04501085 -0.01074688 0.07293071
v -0.00388183 -0.00300024 0.00101578
v 0.03970517 0.03129846 0.02868690
v -0.04368393 0.00013754 0.00180720
v -0.01383680 0.02836370 0.05082823
v -0.02433388 -0.01228319 0.09153254
v -0.05862937 0.00384902 0.02801548
v -0.03062598 0.00409756 0.00298306
v -0.02580436 -0.00021223 0.07880799
v -0.01652584 0.02726919 0.09109401
v -0.04443934 0.00766170 0.00000000
v -0.02037534 -0.01155044 0.01400111
v -0.00138352 0.03028407 0.00769111
v -0.01923403 0.02755292 0.04054649
v 0.05444553 -0.00053298 0.03571573
v -0.02474132 0.01533217 0.09190495
v 0.02819940 -0.03854283 0.06276634
v 0.01419907 0.04087811 0.08642518
v 0.02802815 -0.04137173 0.03349870
v -0.00293432 -0.03301176 0.01613123
v -0.02252911 -0.00925991 0.01788645
v 0.03574971 0.03872808 0.08118909
v 0.01116684 0.04023110 0.03968043
v 0.00714336 -0.04242951 0.04150931
v 0.00758088 0.03925104 0.02929152
v 0.01790774 -0.03931986 0.02874823
v 0.02193499 0.04301592 0.03861514
v -0.02119467 0.01996905 0.08874188
v -0.00439318 0.03553317 0.05433212
v -0.05479423 0.00008370 0.00453031
v -0.05671898 0.00789795 0.04163729
v -0.04219089 0.00405161 0.00081534
v 0.04872768 0.02212532 0.04749550
v -0.05636281 -0.01165323 0.04928429
v -0.00393686 -0.02493165 0.00600787
v 0.01864298 0.01829643 0.00150724
v 0.01584319 0.02442920 0.00215181
v 0.04690786 -0.02327129 0.03057094
v 0.05163480 -0.00768351 0.01687523
v 0.00762121 0.03826882 0.01785628
v -0.01119048 -0.02007475 0.00776992
v -0.05852956 -0.00300825 0.02136573
v 0.00053748 0.01599598 0.00160816
v -0.00147033 -0.01311455 0.00123428
v 0.05252044 -0.00027641 0.01655186
v -0.03017034 0.00906809 0.07069629
v -0.00698173 0.03762428 0.04652630
v 0.03957084 -0.01118677 0.00281505
v 0.05506045 0.00123133 0.04951084
v 0.00518374 -0.04195699 0.02576747
v -0.00522378 0.03607063 0.09147414
v -0.03759658 -0.00173861 0.00059559
v -0.00250569 0.03987004 0.04291143
v -0.01947911 -0.02184946 0.09115663
v -0.05587983 -0.01195738 0.05006606
v -0.02114066 0.02501720 0.01517105
v -0.01790096 -0.02863846 0.08609104
v 0.04072959 -0.03524176 0.07101707
v -0.00433336 -0.02701220 0.00809904
v 0.04493560 -0.02783656 0.08367678
v 0.03583585 -0.03338752 0.02768151
v -0.02838984 -0.00592396 0.00639674
v -0.02803640 0.00548288 0.07347485
v -0.05340065 -0.00519368 0.03951692
v -0.04639143 0.00080349 0.06656673
v -0.00351027 0.01978581 0.00246585
v -0.05093105 -0.00292691 0.00043095
v 0.00384931 0.03847744 0.03091409
v -0.00533590 -0.03533612 0.09121912
v -0.04243768 -0.00291117 0.00115597
v -0.05363753 -0.00028181 0.03642374
v -0.02852143 0.00463043 0.00762660
v -0.05494565 0.00730973 0.05045480
v 0.00149968 0.03770107 0.03029802
v 0.05750373 0.01029060 0.07584998
v -0.02448770 -0.00897704 0.06505622
v -0.01048395 0.03159771 0.05966481
v 0.02451807 -0.04292938 0.08235034
v 0.00982591 -0.04289197 0.02762974
v 0.05411089 -0.01124195 0.07689497
v 0.01674695 0.04071301 0.07627521
v 0.03302922 0.03590903 0.03066867
v 0.01605614 0.03568293 0.00978341
v 0.00783109 0.04044987 0.09099112
v -0.00511167 0.03014148 0.00996664
v -0.04964686 -0.00661460 0.06153195
v 0.03042392 0.04087433 0.07311792
v 0.05160916 -0.01816592 0.08379805
v -0.00675545 -0.03646914 0.09195316
v -0.02399343 0.01581297 0.09171254
v -0.02565123 -0.01622680 0.09100926
v 0.01617612 0.04071393 0.06351204
v -0.00596005 -0.02583232 0.00814698
v 0.03771377 0.03438132 0.09101863
v 0.00762395 -0.03841329 0.02535118
v 0.05303965 0.01049438 0.03071950
v 0.04884150 -0.02011146 0.02948925
v -0.05694833 0.00748492 0.02939879
v 0.02889465 -0.02657183 0.00464917
v -0.01117954 -0.03405199 0.01439094
v -0.02202972 -0.02302750 0.08051050
v -0.05746720 0.00803775 0.03894769
v -0.05815972 -0.01128003 0.03270579
v -0.02516038 0.00765652 0.07740021
v 0.05193628 0.01311009 0.02663546
v -0.02296047 0.02201739 0.00170839
v 0.05396118 -0.00757255 0.04222278
v -0.00973674 0.03311881 0.09101133
v -0.02732440 -0.00938769 0.00030013
v 0.03034565 -0.03850516 0.09139641
v -0.04858245 0.00806017 0.00000000
v 0.03831195 -0.02573866 0.00966838
v -0.00228966 -0.03689237 0.09105449
v 0.04916554 -0.01897655 0.02729085
v 0.04777334 -0.01980001 0.02033982
v -0.01933657 -0.02149464 0.07185039
v -0.01837368 0.01762685 0.01367100
v -0.04978222 0.00513405 0.00000000
v -0.03945091 0.00821832 0.07492131
v 0.01821640 0.03751495 0.01311825
v 0.02382180 0.01725146 0.00165700
v -0.02824114 -0.00619397 0.00905248
v 0.03503327 -0.03578156 0.08226460
v -0.02263062 -0.01290721 0.02655724
v 0.02400946 -0.04314862 0.09101093
v -0.00661633 0.03428903 0.05746218
v 0.00703467 -0.04237978 0.02646371
v 0.05586235 0.01576850 0.07739588
v -0.01824721 0.02876419 0.04864735
v 0.04756107 0.02348825 0.04159497
v -0.02882735 -0.00298173 0.06482401
v -0.00581170 -0.03124299 0.01610628
v -0.00012051 -0.03920924 0.09195967
v -0.02610720 -0.00024580 0.08678148
v 0.01108310 -0.03900291 0.02706430
v 0.00320773 0.03481060 0.01159842
v 0.00679642 0.04289454 0.01988869
v -0.02802956 -0.00054809 0.07544404
v -0.03214123 -0.00911243 0.07526095
v 0.05816549 -0.00314491 0.02382789
v 0.04644334 0.02417746 0.02867493
v 0.04758124 0.00785966 0.00801741
v 0.00173417 0.00839966 0.00104648
v -0.01304105 -0.02909561 0.08704558
v 0.05792485 -0.00574005 0.06065017
v 0.01102363 0.04337444 0.03900182
v 0.00139988 0.03822343 0.07492970
v 0.02695965 0.03941017 0.09133227
v -0.02676280 -0.01222389 0.00021905
v 0.05487930 -0.01692666 0.04925885
v -0.05344816 -0.00034511 0.01968479
v 0.05225725 -0.01593446 0.06836042
v -0.01214481 0.03069454 0.08589459
v -0.03357514 -0.00022212 0.07066301
v -0.02403684 0.02068346 0.08808107
v 0.02767951 0.02031934 0.00224460
v -0.01327109 0.02022643 0.00785971
v 0.02785759 -0.02003085 0.00129476
v 0.03205848 -0.02199062 0.00296133
v 0.02707142 -0.01295476 0.00067372
v 0.03302307 0.02182028 0.00307689
v -0.03575112 0.00459758 0.07687103
v -0.05001396 -0.00591836 0.07015952
v -0.05360027 -0.00562118 0.03403575
v 0.00363260 -0.01140531 0.00063974
v -0.00887879 0.03646484 0.03174422
v 0.01160608 0.03998938 0.03155972
v -0.05673401 -0.01109940 0.02074649
v -0.05113101 -0.01084293 0.06608910
v 0.04556181 0.01865525 0.01136928
v -0.03099923 -0.00996146 0.07394459
v -0.03309865 -0.00829317 0.07596858
v 0.00943112 0.04187325 0.09195764
v -0.02285314 0.00749560 0.01695431
v 0.05843928 0.00086563 0.09154415
v 0.03936371 0.03259943 0.08334004
v -0.02337543 0.01462343 0.08345364
v -0.02582452 0.01192576 0.09193004
v 0.03727010 0.03296103 0.02470841
v 0.05302257 0.01291083 0.04680099
v -0.00227632 -0.01545948 0.00169314
v 0.05232629 -0.02235508 0.04860932
v 0.00341350 -0.03705833 0.02261706
v 0.05154525 -0.02381914 0.06354639
v -0.00182786 0.03900604 0.09195554
v -0.01425141 -0.02417826 0.01776372
v 0.01628961 -0.04052910 0.06366056
v 0.04893072 0.02784746 0.09144072
v 0.02460490 -0.00363607 0.00063885
v -0.05659831 0.00850456 0.01414782
v 0.01725557 0.00944063 0.00092284
v -0.01143624 0.03495472 0.08812403
v -0.05054343 -0.00976011 0.06798216
v 0.04265127 0.03164602 0.09189520
v -0.01527343 0.01688166 0.00775296
v 0.05219675 -0.02231741 0.00405712
v -0.02812834 -0.00363129 0.00000000
v -0.05288861 0.00726053 0.00710481
v 0.05264623 -0.01573719 0.08105309
v -0.01271838 0.03386133 0.05106724
v -0.01997541 -0.01909812 0.03133447
v -0.02871592 0.00066777 0.04976371
v -0.02293517 -0.02167520 0.09083380
v 0.05232083 0.02223691 0.03863107
v -0.03947073 -0.00003522 0.00080413
v 0.04759628 -0.02337741 0.04058147
v -0.03649456 -0.00467101 0.00000000
v -0.02782994 0.00763368 0.09174234
v 0.01811592 0.04037230 0.04160664
v -0.05669914 0.00569874 0.01002422
v -0.02738182 -0.00861821 0.07246265
v -0.04724014 0.00854440 0.00000000
v -0.02860107 -0.00296770 0.04032350
v 0.01488886 -0.02430377 0.00173806
v -0.03577299 -0.00300968 0.00050885
v 0.03431923 0.03504979 0.02592605
v 0.04700973 -0.02588354 0.09131363
v -0.02544306 0.01673763 0.01734640
v 0.04727464 0.02613157 0.09162521
v -0.01922513 0.02214724 0.04025145
v -0.02027040 -0.02521267 0.02333986
v 0.05270810 0.01640762 0.08558763
v -0.05439669 0.00753772 0.05333542
v 0.05367236 0.00940720 0.04093909
v -0.01851690 -0.02267219 0.08495699
v 0.05796450 -0.00465350 0.00638771
v -0.02367691 0.02070017 0.05505625
v 0.03469352 0.03889054 0.01631337
v -0.00817499 -0.03244238 0.04432682
v -0.03450863 0.00859106 0.07583930
v 0.03479709 0.02992437 0.00993625
v 0.00575048 -0.02732489 0.00385772
v 0.01783255 0.04420038 0.00000000
v -0.02863149 -0.01234672 0.00000000
v 0.00654930 0.04056677 0.09170705
v 0.00628918 -0.03369859 0.00987143
v -0.03203663 -0.00755449 0.07067083
v 0.04146791 -0.03471940 0.05649207
v 0.05372363 0.00766959 0.03187510
v 0.03123608 0.03989164 0.09187108
v 0.00218605 -0.03847235 0.08078027
v -0.00280135 0.03590922 0.03243112
v -0.02450102 -0.00304909 0.02255596
v 0.00210162 0.03840936 0.08406352
v -0.05547545 -0.00970403 0.03742137
v -0.05389969 0.00775141 0.00516627
v 0.03054356 0.02643917 0.00377261
v 0.02687146 -0.03930756 0.08605219
v 0.05391128 0.00778494 0.03775797
v 0.01173563 -0.03484545 0.01002604
v -0.01818670 0.02891271 0.01688920
v -0.00733413 0.03779349 0.00000000
v 0.05225657 0.01766369 0.08996563
v -0.02562182 -0.01553719 0.00000000
v 0.05304889 0.01541957 0.06564997
v 0.04097639 0.03485572 0.01605373
v 0.03923040 -0.03279017 0.07085358
v -0.02867148 0.00077618 0.03412859
v 0.04325765 -0.02211553 0.01234176
v 0.04378712 0.03245539 0.09183528
v -0.03365341 -0.00735479 0.07143764
v -0.02910182 0.00426679 0.06679959
v 0.04352666 -0.02930139 0.08460349
v -0.01692643 -0.02374959 0.02703413
v -0.03302310 0.00542661 0.07139454
v 0.01248249 -0.04058494 0.06581714
v -0.00702821 0.03760222 0.06179599
v -0.01490290 0.02301960 0.01343158
v 0.03419037 -0.00831974 0.00143528
v 0.04137084 -0.00898544 0.00325435
v -0.01970504 0.02235465 0.08578467
v 0.00602154 0.04259892 0.03832998
v -0.05811288 0.00601542 0.01848931
v 0.05861874 0.00127370 0.08451210
v 0.02878357 -0.03876963 0.09054187
v -0.02791881 -0.00942584 0.00000000
v 0.04252856 -0.03242012 0.09185464
v -0.04926231 -0.00223156 0.06071228
v 0.04760893 -0.02505260 0.09122963
v -0.02379381 -0.00319273 0.01862622
v 0.00963382 -0.03730361 0.01616451
v -0.01049078 -0.03447294 0.00000000
v 0.02459943 0.03960057 0.08505424
v -0.04119552 -0.00608242 0.00000000
v 0.04420994 0.02264831 0.01311930
v -0.02789283 -0.00869363 0.06391928
v 0.05471318 -0.01442966 0.09189597
v 0.02426685 0.02837313 0.00325430
v 0.04929339 0.02222181 0.07735137
v 0.05787051 0.00582895 0.00000000
v 0.00493628 0.03902861 0.05209788
v 0.05096725 -0.01907618 0.07669055
v 0.00179365 0.00757275 0.00096613
v 0.00145013 0.03796662 0.05631055
v 0.01808276 0.04065133 0.08474726
v -0.04824336 -0.00569355 0.00526083
v 0.05772661 0.00707981 0.01978679
v -0.04710171 -0.01195477 0.00090264
v 0.04723020 -0.02336839 0.03630518
v -0.05173020 0.00548003 0.06633223
v 0.03954043 0.00335922 0.00236718
v 0.05380430 -0.02020341 0.08904203
v -0.05618198 0.00661976 0.00878077
v -0.02826814 0.00603645 0.04152446
v -0.00980407 -0.02793778 0.01601577
v -0.00814149 -0.02751616 0.01238718
v -0.02677681 0.00776120 0.09191793
v 0.02423848 0.03742917 0.01601228
v -0.02344720 -0.01143762 0.03838894
v -0.02283297 0.01590954 0.07918643
v 0.04656093 -0.03051132 0.08920151
v -0.05083089 -0.00026906 0.05664697
v -0.02685235 -0.01223956 0.05279450
v -0.00296268 0.03462887 0.01871644
v 0.02670124 -0.03867748 0.05224880
v 0.04315818 0.02243853 0.01149377
v -0.02885537 -0.00768031 0.06774680
v 0.05261240 -0.01320190 0.04510677
v 0.02653649 0.04196654 0.09148727
v -0.02762656 -0.00977673 0.05621353
v -0.00128540 -0.04059254 0.09114457
v -0.00495921 -0.03777978 0.09189650
v 0.03433222 -0.03143803 0.01353422
v -0.01912805 0.02327226 0.08584661
v -0.02227718 -0.01584558 0.07925067
v -0.02393805 0.01517682 0.09145719
v -0.03154510 -0.00699116 0.00050559
v 0.04187160 0.02816033 0.01916526
v -0.04869319 0.00820257 0.00191572
v -0.00345181 0.00166693 0.00093193
v -0.03153724 0.00901196 0.07446542
v -0.02506090 0.01805722 0.07296836
v -0.02190665 0.01779227 0.06646646
v 0.04442255 -0.02458176 0.01922191
v -0.05673161 -0.01078959 0.02120994
v 0.01677635 -0.04016412 0.04702620
v 0.03428403 -0.03807518 0.09192096
v -0.02723108 0.01198642 0.09102440
v 0.03857276 -0.02366917 0.00801642
v 0.02545021 -0.03914789 0.05980771
v -0.04385072 -0.00305984 0.00178790
v 0.01399228 -0.04072386 0.06614693
v 0.02310127 -0.04285708 0.06916175
v 0.01391367 0.03267274 0.00591620
v -0.02371245 -0.01169875 0.06592125
v 0.01479623 -0.04080269 0.06984361
v -0.05433071 0.00359682 0.04368153
v 0.00666210 -0.01317905 0.00055568
v 0.02923921 -0.03944676 0.09178168
v 0.00736350 0.03999900 0.08805881
v -0.02291022 -0.00709607 0.01748750
v -0.00243389 -0.03417874 0.01987816
v -0.02474575 0.00807148 0.05862251
v -0.03778251 -0.00006807 0.07167892
v -0.01117884 0.01723014 0.00445156
v 0.03808909 0.02041098 0.00485449
v 0.05690626 -0.00656118 0.09196306
v 0.04045649 -0.03195070 0.08044424
v -0.03199561 0.00874180 0.07520034
v -0.02884478 -0.00421449 0.00000000
v -0.02525335 -0.00314089 0.05227932
v -0.01676373 -0.02496311 0.07261084
v -0.01159175 0.01515378 0.00391885
v 0.04607419 0.02630352 0.07946779
v 0.05806500 -0.00175628 0.05010878
v 0.05780420 0.00459559 0.03826891
v 0.05484239 0.01713303 0.03830086
v -0.02460698 0.00973485 0.06998639
v 0.05563676 -0.00667853 0.09107257
v -0.05724330 -0.00344901 0.01022032
v 0.03962384 0.03579636 0.02970357
v 0.04854961 0.02329358 0.07458647
v 0.05214241 -0.02236370 0.02147650
v -0.05723613 -0.01207970 0.03880902
v -0.02774243 0.00691991 0.07634862
v -0.02502809 -0.01698526 0.02869655
v -0.05381628 -0.00974501 0.01195351
v -0.00463141 0.03529054 0.04762727
v -0.02186461 0.00762601 0.01406738
v -0.04032457 -0.00999220 0.07580753
v -0.02806852 -0.00572757 0.07984713
v -0.01485402 -0.01441413 0.00795922
v -0.01257788 -0.02932306 0.06734337
v 0.04553140 -0.02011642 0.01382030
v 0.04361246 0.02857849 0.05426899
v 0.01885048 -0.04318155 0.00000000
v -0.03321076 0.00758678 0.07244317
v -0.05647456 -0.01062514 0.02082313
v 0.04048076 -0.03170588 0.05680593
v -0.02768432 0.00903652 0.00011734
v 0.04188151 -0.03445218 0.00000000
v 0.00329319 -0.02774253 0.00485050
v -0.02015212 -0.01919814 0.03643995
v -0.01262334 -0.03349737 0.09149704
v -0.01962231 -0.02619613 0.03073405
v -0.02766347 -0.00964321 0.05012879
v -0.01549902 -0.03077038 0.03288784
v 0.05564223 0.01514707 0.05062506
v -0.02896920 0.00936913 0.00000000
v 0.05494904 -0.00484528 0.05518865
v -0.04104306 -0.00469171 0.07133475
v 0.02231236 -0.00789893 0.00054237
v 0.01557728 0.04359014 0.06057632
v -0.01364366 -0.03254021 0.05881084
v 0.04979757 0.00356710 0.01059435
v 0.00009963 0.04023986 0.09188078
v 0.01753142 -0.01871941 0.00057536
v -0.00364117 -0.03701227 0.09179296
v 0.00047460 0.04093418 0.03080642
v 0.04247969 -0.00869590 0.00382652
v 0.02358254 0.04274527 0.05658697
v -0.02848211 0.00448693 0.04355212
v 0.00573750 0.04254618 0.07595090
v 0.05001872 -0.02015348 0.04926698
v 0.00206813 0.04162894 0.01763168
v 0.05413552 -0.00310339 0.03015976
v 0.03436094 -0.03490752 0.03788459
v -0.00125087 -0.03670773 0.04494932
v -0.01761245 -0.02861226 0.04821116
v -0.02022834 -0.01920095 0.04029340
v 0.03612470 0.03850698 0.09089481
v 0.01171445 0.03740575 0.01301296
v -0.02179795 -0.01742986 0.09053683
v 0.05380601 0.02082879 0.09089200
v 0.05599635 0.01382442 0.04476700
v 0.03981252 0.03211466 0.07814868
v 0.01268759 -0.04391518 0.09147683
v -0.01916257 -0.02152421 0.05750057
v 0.02214043 -0.04247599 0.09187666
v 0.03456637 -0.03230119 0.01571182
v -0.01530863 0.02434945 0.01708837
v 0.02346428 0.04288712 0.02462338
v 0.00990489 -0.04322170 0.06729868
v -0.05082302 -0.00788344 0.06832034
v 0.03405673 0.03919059 0.05324685
v -0.00015502 -0.03806454 0.09142206
v -0.01187443 0.00388655 0.00212228
v -0.05570890 -0.01157366 0.01459496
v -0.00425575 -0.03935058 0.09051449
v 0.04588928 -0.02798178 0.09171723
v 0.01701597 0.04063107 0.05582752
v 0.00677900 0.04298374 0.01562577
v 0.04931049 -0.02191865 0.06269111
v -0.01937518 -0.02137718 0.06719753
v -0.03416065 -0.01012794 0.07485685
v -0.01490836 -0.02012007 0.01238096
v 0.04442085 -0.01812333 0.00982541
v 0.02281039 -0.04267119 0.01902070
v 0.02464866 0.03899983 0.03671537
v -0.05716537 0.00801198 0.03783259
v 0.01669022 -0.03687226 0.01354414
v -0.00719671 0.00180759 0.00137886
v -0.00202269 -0.03585538 0.03100177
v 0.02090922 -0.03871882 0.02519740
v -0.02993003 -0.00990169 0.07099551
v -0.04611830 -0.01035513 0.07273896
v -0.05320546 -0.01248809 0.00691667
v -0.00901277 -0.03233606 0.06496628
v 0.00113977 0.03845830 0.08975688
v -0.01242235 -0.03328224 0.02177101
v -0.00769234 0.01310176 0.00227201
v 0.05382755 0.01984113 0.02554377
v -0.03253772 -0.00996563 0.07485899
v 0.03283064 -0.04021554 0.09099272
v 0.02285619 0.04297819 0.02845133
v 0.04665802 -0.03032185 0.07576278
v -0.02814747 -0.00059565 0.07653679
v -0.02744744 -0.01123624 0.00301349
v 0.01411774 -0.04041850 0.05885740
v -0.02630612 -0.01379503 0.05966379
v -0.04686893 -0.00586210 0.00363078
v -0.05526010 0.00608584 0.01569752
v -0.02480830 -0.00300248 0.02679608
v 0.00136434 -0.03566713 0.01831009
v -0.01315999 0.03366145 0.08345530
v -0.05148306 0.00782705 0.06418731
v 0.03742291 0.03565801 0.09189132
v -0.01279971 -0.03312616 0.04101263
v -0.01340917 0.02763896 0.02111282
v 0.03332354 0.04001773 0.00000000
v 0.04592551 0.02598260 0.04601016
v -0.05671520 -0.00294655 0.05411486
v -0.02293653 0.01704991 0.09099504
v -0.02223547 -0.01809710 0.09171363
v -0.03448161 0.00637011 0.00000000
v 0.01417448 -0.04027676 0.04929742
v -0.05608763 -0.01020271 0.03404394
v -0.01277271 0.03384092 0.02365500
v 0.01085376 -0.03997290 0.04926675
v 0.03001957 0.03703116 0.02542954
v 0.04892082 0.02793076 0.08373420
v 0.05469746 0.00765579 0.05598477
v -0.01784283 0.02426714 0.06644614
v 0.05819866 0.00165346 0.05210204
v 0.00561137 0.03947363 0.07855858
v 0.02565257 0.04261010 0.01226751
v 0.05435428 -0.00043168 0.03042322
v 0.05496921 -0.00908583 0.08890877
v -0.01371988 -0.02805799 0.05543429
v 0.05129882 0.00785095 0.01506262
v -0.03322647 0.00825105 0.07593466
v 0.03468054 -0.03559983 0.05323134
v -0.01615803 0.01344569 0.00695990
v -0.00495442 0.03875664 0.05115045
v -0.05859415 0.00133512 0.01963997
v 0.05236186 0.01289608 0.03193403
v 0.04606189 0.02630292 0.06230467
v -0.02682465 -0.01239975 0.00198813
v -0.05236084 -0.00017744 0.00157585
v 0.03821557 -0.03635735 0.09184394
v -0.05777448 0.00828384 0.03080685
v -0.05856133 -0.00811208 0.02901002
v -0.01007273 -0.00508670 0.00220110
v -0.04769133 -0.00292269 0.07339061
v 0.02616939 0.04221672 0.05908278
v 0.00158140 -0.03753220 0.03611425
v -0.02536203 0.01703513 0.05087516
v 0.01401793 -0.03691642 0.01380808
v 0.01725763 0.04069019 0.07106226
v -0.01660580 -0.01092500 0.00802757
v 0.03265974 -0.03673799 0.06025241
v 0.05759912 -0.00841148 0.06670052
v 0.03099989 -0.04029110 0.04352424
v -0.05869122 -0.00298174 0.03450612
v 0.02995292 -0.04035745 0.09186240
v 0.04614154 0.02631418 0.06785558
v 0.03774148 0.03734937 0.06510643
v 0.03739283 -0.03032004 0.01603870
v -0.00679576 -0.03408792 0.08234552
v -0.00827821 0.03695632 0.01079909
v 0.01193629 -0.04358863 0.07339907
v -0.02437727 0.01032606 0.05590249
v -0.02279775 -0.01345616 0.03787032
v 0.04589612 0.02617618 0.04932213
v -0.04615556 0.00580544 0.00187050
v -0.01684063 -0.02013169 0.01625979
v -0.02313922 -0.01342868 0.06203224
v 0.05395300 0.00620930 0.03256243
v -0.02751204 0.00949339 0.07207839
v -0.00694684 0.01793480 0.00277231
v 0.05002762 0.02572217 0.03858044
v 0.02421525 -0.03971541 0.07189747
v -0.01559780 0.02643998 0.03279664
v 0.01625476 0.01945194 0.00151349
v 0.05659522 -0.01200548 0.05521045
v -0.05505672 0.00791563 0.05398927
v -0.02005230 0.02619916 0.09178573
v -0.05854321 0.00371251 0.02015551
v 0.02651565 0.03886634 0.07231533
v -0.03744513 -0.00910340 0.07358211
v -0.02528068 -0.00926142 0.09156133
v -0.01845125 -0.02328848 0.09105738
v -0.00707229 -0.02476951 0.00802820
v 0.03598182 -0.03806183 0.01621419
v -0.03944508 0.00270785 0.00062408
v -0.01135213 -0.03494295 0.09048011
v -0.05816653 0.00350052 0.01651687
v 0.00054878 -0.04063055 0.00000000
v -0.02692070 -0.01186546 0.00541169
v 0.03625869 -0.03784905 0.02776325
v -0.05308274 -0.01139442 0.06121037
v 0.04658726 -0.00593419 0.00682176
v 0.02847834 0.03518326 0.01317197
v -0.05201902 0.00776601 0.00280135
v -0.05831146 0.00586193 0.02040096
v -0.01901524 0.02320329 0.08209661
v 0.05440214 0.00183973 0.03070386
v 0.00452475 -0.02446970 0.00266589
v -0.04972648 0.00777180 0.06789441
v -0.01944695 0.02304403 0.08855056
v -0.00658042 -0.02282831 0.00605582
v 0.04574948 -0.03076225 0.09153049
v -0.05181530 0.00366335 0.06696025
v -0.02398452 0.01999735 0.02836910
v 0.05354658 -0.01160955 0.05823922
v -0.04760826 -0.00774131 0.07243831
v -0.00901686 -0.03048851 0.02234600
v -0.00892662 -0.03481189 0.09192791
v 0.01924973 0.04088787 0.09120213
v -0.05328954 -0.00267253 0.02288277
v -0.00261880 -0.04003796 0.09101895
v 0.03632364 0.01763830 0.00300237
v 0.02617691 0.03866605 0.04090460
v -0.01835896 0.02866414 0.05306188
v -0.01914274 0.01826348 0.01667262
v 0.02819976 0.04155410 0.03170531
v 0.03135402 -0.04073560 0.08251148
v 0.03415449 0.03600715 0.07081878
v 0.01691685 -0.00388805 0.00049632
v 0.01674423 -0.04081808 0.07336220
v -0.02499116 0.01260808 0.09169809
v 0.05595124 0.00158129 0.08508518
v 0.01018757 -0.04098040 0.09117447
v 0.05026620 0.01004975 0.01305796
v 0.04720595 -0.02936298 0.00942930
v -0.02593730 -0.01446673 0.09164625
v -0.02908472 -0.01215053 0.00000000
v 0.05509944 -0.01170822 0.09177314
v -0.00746400 0.00352747 0.00175439
v -0.02811431 -0.00575582 0.07320877
v 0.05361597 0.01716223 0.09191411
v 0.02850330 0.04151400 0.06500920
v 0.00479547 -0.04219387 0.09176384
v -0.01847278 0.02501217 0.09103232
v -0.02888441 -0.00450865 0.06666421
v 0.03622349 -0.03400597 0.04048724
v -0.02135222 -0.02424740 0.09060614
v 0.00185280 0.04144326 0.04085927
v -0.04819789 -0.00203955 0.06298827
v -0.00995070 0.03540719 0.09184894
v 0.01621306 0.04420698 0.00900262
v 0.05646772 -0.01190294 0.03154220
v 0.02470438 -0.04231260 0.00146314
v 0.00712766 -0.04019788 0.09054264
v -0.03233536 -0.00729294 0.00000000
v -0.02130983 0.02531031 0.08732548
v -0.05219779 -0.01094989 0.06039552
v -0.00861762 0.00299635 0.00186407
v -0.02856755 -0.00312630 0.00758814
v 0.02489956 0.03977350 0.09065785
v 0.05229931 -0.01316763 0.03803541
v -0.02514122 -0.01708660 0.09134639
v 0.02071303 0.04324635 0.03772590
v 0.02316417 0.04334031 0.00494967
v -0.01051810 -0.03023711 0.03058079
v -0.03580511 0.00624877 0.07679564
v -0.03904140 0.00178815 0.07704923
v -0.00727669 -0.03679010 0.00000000
v -0.04647515 0.00742520 0.07288044
v 0.04907977 0.02211441 0.05945658
v 0.02282920 0.03370939 0.00785769
v 0.04427080 0.02819039 0.07427084
v -0.04034473 0.00568225 0.00000000
v -0.04506551 -0.01053523 0.07176331
v -0.03123711 0.00569723 0.00204456
v -0.02843596 0.00832480 0.07288476
v -0.02327218 -0.01335126 0.07281051
v -0.02825548 -0.00951760 0.07111920
v 0.05198689 0.01924805 0.09169272
v -0.01284961 -0.03270474 0.00000000
v 0.04350343 0.00958472 0.00443916
v 0.05820550 0.00113998 0.00000000
v 0.04447794 0.02751391 0.04598237
v -0.04074909 -0.01031815 0.07437625
v 0.05270675 -0.01574528 0.08853844
v 0.00212967 0.03891360 0.09100084
v 0.03643166 -0.00919611 0.00177574
v 0.01062065 -0.03794960 0.01812882
v -0.04966632 -0.00827908 0.06988239
v 0.03041096 0.04124302 0.00000000
v -0.05455561 -0.01168005 0.05463421
v 0.00495100 0.04274776 0.00857985
v 0.00320160 -0.04164787 0.07241436
v 0.04879265 0.02790308 0.07072408
v -0.05795119 -0.00773940 0.01606455
v -0.00080856 0.03790889 0.09114581
v -0.02451706 0.01673690 0.09191094
v -0.00508601 0.03176374 0.01289043
v -0.04113466 0.00227704 0.00091408
v 0.02029500 0.04044168 0.08844240
v -0.00927937 0.03119459 0.02107774
v -0.02957692 0.00934002 0.00000000
v 0.05066647 -0.02140153 0.09169454
v -0.02318536 -0.02081841 0.00000000
v 0.05565899 0.00288631 0.06967962
v -0.04014989 -0.01031321 0.07531715
v 0.04176634 0.02988726 0.03871812
v 0.03170370 -0.04030440 0.09162009
v 0.01806330 -0.03844489 0.01942846
v 0.04484231 -0.03167882 0.09155007
v -0.05368331 -0.00657072 0.06274627
v 0.04170310 0.03248028 0.09191890
v 0.05080422 -0.01832897 0.04839538
v 0.05500784 -0.00931215 0.08987123
v 0.02473276 -0.04309642 0.09037582
v 0.01414988 -0.03653593 0.01274056
v -0.01822633 0.02879865 0.05827839
v -0.05261240 -0.00244627 0.01592069
v -0.05750956 0.00786202 0.04040342
v -0.05339618 -0.00263447 0.03000846
v -0.03597738 0.00560792 0.00000000
v 0.03455134 -0.03884959 0.00000000
v -0.05339003 -0.00273487 0.02676292
v -0.01120856 0.01353350 0.00326745
v -0.02319117 0.02164030 0.01666358
v 0.02240125 -0.03420918 0.00971778
v -0.05459868 -0.00895660 0.01686442
v -0.02475599 -0.00717927 0.05892082
v 0.01121712 0.03928818 0.01989718
v -0.02772020 -0.00323382 0.07384846
v 0.02723312 0.03764419 0.01945804
v 0.05086472 -0.01959511 0.08393489
v 0.04298969 -0.00667130 0.00377895
v -0.01300855 0.02968585 0.07697059
v 0.02216984 -0.03749309 0.01666042
v -0.03557848 0.00005340 0.07690144
v 0.04422637 0.03251327 0.05872343
v 0.04939493 -0.02636902 0.03958536
v -0.05683380 0.00347494 0.00882510
v 0.04318384 -0.03325906 0.02245302
v -0.03232989 0.00815495 0.00000000
v -0.04650557 -0.01200162 0.00042720
v 0.05062545 -0.00717372 0.01343962
v 0.02209977 0.03225514 0.00587608
v -0.01657503 0.00765710 0.00575824
v 0.02507765 0.04138594 0.09196992
v -0.05813303 -0.00297088 0.04527105
v -0.01551541 -0.02591039 0.03705799
v 0.03567489 -0.03839202 0.06425181
v -0.04990422 0.00834429 0.00120046
v -0.02785145 0.00934399 0.06742325
v 0.03095752 0.04075716 0.09096008
v 0.00785676 -0.03279160 0.00804044
v 0.00908592 0.04341954 0.01583672
v 0.00585099 -0.04256599 0.07785561
v -0.05364673 -0.01024042 0.06112239
v 0.02703350 0.00164995 0.00092941
v 0.02669032 -0.04144894 0.09188022
v -0.01434709 -0.02778439 0.08689439
v -0.01154388 0.03313718 0.09189474
v -0.04260308 0.00177511 0.07598531
v -0.00882373 0.03377547 0.09121160
v -0.00759115 0.02038938 0.00392350
v -0.05536502 0.00584086 0.04388126
v -0.05378995 0.00612459 0.06100979
v 0.05314154 0.01642150 0.09146628
v 0.01884058 0.04121053 0.09151695
v -0.00775762 -0.03200722 0.02589484
v -0.01904463 -0.02148511 0.04539179
v -0.01982909 -0.02564864 0.09156605
v -0.05570479 0.00711528 0.01473778
v 0.03381337 -0.03628452 0.07016247
v 0.02217599 0.03479897 0.00921093
v 0.03977152 0.03568766 0.02294181
v 0.02420022 -0.01249886 0.00056836
v -0.01902310 -0.02297389 0.09146777
v 0.00749170 0.03965098 0.05670732
v 0.05229692 0.00905649 0.01913688
v -0.05655282 0.00759791 0.04912180
v -0.05497638 -0.01160488 0.05214116
v -0.01769960 -0.02849202 0.03019317
v -0.05611120 -0.01095764 0.01737445
v 0.03665179 -0.03788351 0.05879297
v 0.05827045 0.00289414 0.05957128
v 0.02458373 -0.01510121 0.00055822
v 0.04663615 -0.03006118 0.05115667
v 0.05443291 -0.00881138 0.06090723
v 0.00779523 -0.02357848 0.00181203
v 0.05076526 0.02005407 0.08240015
v 0.03151502 -0.04055066 0.07848327
v 0.03957429 0.03597657 0.01405672
v -0.05230477 -0.00310068 0.06658645
v 0.05357667 -0.01334269 0.08117697
v -0.03182639 -0.01001142 0.07445269
v -0.02438854 0.00968705 0.05102107
v 0.04806527 0.02872315 0.01192327
v 0.00353282 0.03809755 0.02441098
v -0.01702349 0.00572742 0.00582251
v 0.00127241 -0.03846993 0.09121590
v 0.05071262 0.00784078 0.01309169
v -0.01526349 -0.03081904 0.02008405
v -0.01298325 -0.01092156 0.00465995
v 0.02753631 -0.03759576 0.02924401
v 0.05755093 -0.00756250 0.01572459
v -0.01962264 0.00778391 0.00957131
v 0.05493196 0.01793025 0.00000000
v -0.00648949 -0.02892215 0.01237636
v -0.00141151 -0.03381939 0.01633320
v -0.01269852 0.00237038 0.00192660
v -0.02678670 0.01264842 0.01711413
v 0.00401478 -0.03804568 0.02929097
v -0.02520855 0.00041297 0.04226357
v 0.01819490 0.03942046 0.02003541
v 0.00034609 -0.04042606 0.03589735
v -0.01951667 -0.02625784 0.04946912
v -0.04891706 -0.01120765 0.06875421
v 0.02397462 0.04264870 0.03393129
v -0.02861027 -0.00281540 0.04882217
v 0.03712623 -0.01837978 0.00366182
v -0.03865206 0.00814032 0.07609661
v -0.02866770 0.00900428 0.06875036
v 0.03958762 0.03606828 0.00982445
v -0.02830708 -0.00677589 0.06311945
v -0.05359203 -0.00527376 0.02232515
v 0.03444368 0.02426059 0.00438422
v 0.02324382 0.03950390 0.04135227
v -0.00108200 -0.01215714 0.00112192
v -0.02794476 -0.01233830 0.00000000
v 0.05028501 0.02008008 0.05691007
v -0.02400195 0.02022095 0.06835270
v -0.05384019 -0.01247157 0.00811540
v 0.05274094 0.02240650 0.07276174
v -0.02845611 0.00812157 0.06625122
v 0.05449923 0.01025688 0.06508543
v -0.02766106 -0.00106850 0.07559582
v -0.01322150 0.00296064 0.00230181
v -0.05706007 -0.00837330 0.05012801
v 0.01679620 0.04324633 0.09177236
v -0.00656195 0.00048163 0.00103239
v 0.03981527 0.03296049 0.09143803
v 0.01373936 0.04351248 0.05128926
v -0.04628065 -0.00707037 0.06781673
v -0.02501235 -0.00460322 0.04830192
v 0.04534752 0.02280277 0.01614041
v -0.04617947 0.00775802 0.07123008
v -0.02315596 0.02163293 0.04415291
v 0.00782429 0.04077384 0.09157556
v 0.04982732 -0.02587065 0.02102160
v -0.02839766 -0.00695476 0.06533715
v -0.01912017 -0.01606023 0.01621764
v -0.03171462 0.00857569 0.07173615
v 0.05447735 0.00965111 0.06096562
v -0.05463764 -0.01147972 0.01102583
v 0.02989141 -0.04081938 0.00000000
v 0.04319273 0.00801702 0.00384757
v 0.01396906 0.04113058 0.08969473
v -0.04264273 -0.00076287 0.07621486
v 0.00461022 0.03884213 0.03903090
v -0.00965262 0.01431191 0.00281374
v -0.00956273 0.02319952 0.00667128
v 0.01642602 0.04142776 0.09151127
v 0.01599123 0.03458469 0.00818981
v -0.02959538 -0.00934323 0.06992570
v -0.01147722 -0.03030210 0.06477460
v -0.00692666 0.03404747 0.05390672
v -0.04533964 -0.00061707 0.07490152
v -0.00508702 0.03885686 0.09073216
v -0.04218778 0.00551060 0.07226636
v 0.04662966 0.01676207 0.01138908
v 0.05109819 0.02495755 0.00000000
v 0.04847340 -0.02791003 0.04715295
v -0.00551121 -0.03811285 0.07229664
v 0.05372947 0.00355302 0.02526708
v -0.02931030 0.00677947 0.06774558
v 0.00770944 -0.01776432 0.00074792
v -0.03420439 0.00881165 0.07426169
v 0.02355761 0.01201853 0.00127251
v -0.05152030 -0.00471621 0.05396208
v 0.05549937 0.00601027 0.08193673
v -0.05404665 0.00393695 0.04671046
v 0.04483583 0.03230139 0.09144495
v 0.03337859 0.03407101 0.01637346
v -0.01693359 0.03012856 0.05343287
v -0.00581850 -0.00919023 0.00177222
v 0.02734593 0.03868288 0.07612265
v 0.02734866 -0.03903193 0.07522312
v 0.04502724 -0.03166991 0.03496688
v -0.05385147 -0.01168810 0.05818869
v 0.00049274 -0.04055325 0.02145087
v -0.02916913 0.00936869 0.00000000
v 0.01336235 -0.04415321 0.08855715
v -0.05785923 0.00793612 0.03543784
v -0.02819497 0.00977564 0.00147473
v 0.05738550 0.01034793 0.06787217
v -0.02705057 0.01174271 0.04975440
v 0.02046420 -0.03810920 0.01819770
v 0.05083021 -0.02460319 0.00000000
v 0.04663069 -0.03025654 0.06933743
v -0.05373594 0.00761249 0.05961155
v 0.03298345 -0.03966495 0.06310756
v -0.01129059 0.02987913 0.02349327
v 0.04707505 0.02181614 0.02002270
v 0.03491231 -0.03409808 0.02905881
v 0.04453811 0.03243052 0.07024832
v -0.01321090 -0.01294695 0.00563968
v 0.05775603 -0.00608952 0.00000000
v 0.01225624 -0.03996697 0.04346050
v 0.04060760 0.03117815 0.05293205
v 0.04822251 0.02437603 0.09101467
v 0.05084832 -0.01911187 0.06865999
v -0.02869094 0.00059820 0.04456918
v 0.00264411 -0.04149873 0.09177069
v 0.02741463 -0.04215631 0.08301520
v 0.05856715 0.00136124 0.07827461
v 0.03625392 -0.03779225 0.03189200
v 0.05550690 -0.00313832 0.06742095
v 0.03616881 -0.00360898 0.00180887
v 0.04045686 -0.03226240 0.08968659
v -0.05614743 0.00838281 0.01343670
v 0.02611096 0.04220972 0.04650714
v 0.02445555 0.03841163 0.01968917
v -0.02839629 0.00591183 0.08894458
v 0.03233367 0.04026474 0.09042323
v -0.03355254 0.00705027 0.00000000
v -0.00519709 -0.00361048 0.00119916
v -0.05122258 -0.00789444 0.05835646
v 0.00775524 0.03875499 0.01981192
v -0.00177690 -0.04019814 0.09137377
v -0.05374892 0.00159495 0.01829542
v 0.05494120 -0.01715616 0.06033792
v 0.01259395 -0.04313759 0.02251785
v -0.05179614 -0.01067823 0.06503632
v 0.04690961 0.02524945 0.08540657
v -0.00690478 -0.03414730 0.08865338
v 0.02066006 0.00401746 0.00070506
v 0.01619906 0.04036947 0.03752369
v 0.04175507 -0.03451971 0.00748493
v 0.04823106 0.02830480 0.02746059
v 0.04403359 -0.02583603 0.02341653
v 0.03712794 -0.03816548 0.09046028
v 0.03301559 0.03594062 0.03595457
v 0.01385524 0.04389749 0.01508460
v 0.00563190 0.03887217 0.03003383
v 0.03687295 0.00348169 0.00203747
v -0.05395538 0.00521284 0.01210550
v 0.04685595 0.03017876 0.07390066
v -0.05805816 0.00674525 0.02058912
v 0.05709838 0.01228718 0.09095004
v -0.03320184 -0.00792499 0.07155601
v 0.00363913 0.03246501 0.00782749
v 0.00311445 0.03955492 0.09162701
v -0.04229339 -0.00146155 0.00120939
v 0.04739977 0.02477067 0.08079866
v -0.01682830 0.03021459 0.04870177
v 0.04338210 0.03309114 0.01886462
v -0.02714081 -0.01185574 0.08728980
v -0.00114933 0.04048708 0.09026140
v 0.03332766 -0.03939561 0.05006641
v 0.05021871 0.01325615 0.01587878
v -0.04979790 0.00401875 0.00601233
v 0.04785883 0.02916982 0.09129447
v -0.05801954 0.00727085 0.02004822
v 0.05608661 -0.00305645 0.08978040
v -0.02502704 0.00580848 0.05457095
v -0.02886594 -0.00914855 0.06890160
v -0.04784854 -0.00695271 0.06538007
v -0.02596497 0.00830613 0.09159585
v 0.01324442 -0.01252654 0.00042103
v 0.04938673 0.01764563 0.02008028
v -0.04362476 0.00398306 0.00131854
v -0.02778616 -0.01235736 0.00063804
v -0.02656007 -0.01390915 0.09085658
v 0.00398436 -0.03846363 0.04308889
v 0.03093634 0.00553489 0.00145116
v -0.02471086 0.00585670 0.03709767
v -0.05052323 -0.01125551 0.06655244
v -0.01027028 -0.03531522 0.07468590
v 0.03024622 0.00345312 0.00122897
v -0.01306494 -0.03344767 0.09102282
v 0.05143249 0.02410755 0.02575836
v 0.01634570 0.04432507 0.00000000
v 0.00182239 -0.01320648 0.00081617
v 0.03630178 0.02298073 0.00495773
v -0.02363688 -0.02022530 0.09119425
v -0.02870871 -0.01142649 0.00081704
v -0.05793066 -0.00622513 0.04576355
v 0.01574821 0.04359517 0.05486753
v 0.04069442 0.03525401 0.05613347
v 0.03273428 0.03631293 0.05325850
v 0.00464919 0.02441708 0.00250321
v -0.00925611 0.03277652 0.07003985
v 0.04473568 0.02962123 0.09190026
v -0.00435383 -0.03287458 0.01845534
v -0.02631704 -0.01399979 0.08095749
v 0.02338739 0.04339169 0.00000000
v 0.03836497 -0.03040934 0.01843556
v -0.05491109 0.00762263 0.05599193
v -0.01036906 -0.03185397 0.09131094
v 0.03242152 -0.03715257 0.08600565
v -0.05516813 -0.01060324 0.04797049
v -0.02821479 -0.00032126 0.07339166
v 0.05386517 0.00991791 0.04694351
v -0.01762575 -0.02899094 0.09051838
v 0.03942869 0.02704998 0.01153460
v 0.04984340 -0.02647134 0.07607322
v 0.03890742 0.01531244 0.00329634
v 0.05404804 -0.01859085 0.00955633
v -0.02741289 -0.00756340 0.07178269
v 0.05361975 -0.01975443 0.04954240
v 0.04609678 -0.03061599 0.00000000
v 0.03052172 0.03545945 0.01641707
v -0.01200122 -0.02592378 0.01619500
v -0.04831546 0.00848332 0.00024653
v -0.03072404 -0.00947640 0.07417278
v -0.03842235 -0.01000913 0.07614153
v -0.03456499 -0.00311931 0.00072144
v 0.02992560 -0.04068429 0.03515501
v -0.05364022 -0.00952994 0.05183356
v -0.02843902 0.00939843 0.00013876
v 0.05626538 0.00009090 0.09054055
v -0.00794526 0.02620147 0.00773447
v 0.05444591 0.00410400 0.03999379
v 0.02819807 0.02887742 0.00462891
v -0.02701570 -0.01167777 0.03328739
v 0.00370339 0.02667218 0.00317249
v -0.01353083 -0.00228612 0.00286160
v -0.01571570 0.02457671 0.01906915
v -0.02288045 -0.01537101 0.09103171
v 0.00591561 0.04258695 0.04547905
v 0.04590537 0.03077074 0.03240914
v 0.04301875 -0.02754618 0.02744078
v -0.00028796 -0.03747548 0.07182696
v 0.05449103 0.01211413 0.09097834
v -0.01936216 -0.00700412 0.00988123
v 0.01590613 0.04360785 0.03962015
v 0.04146077 -0.03464479 0.03131785
v 0.00138419 -0.03516519 0.01642693
v -0.02206659 -0.00909712 0.01606687
v -0.02722865 0.01094088 0.00508193
v 0.05301372 -0.00706963 0.02339811
v 0.03385543 0.03960883 0.09057601
v 0.03630862 -0.03783287 0.02190399
v 0.00139923 0.03890992 0.09147439
v 0.00735054 0.04022702 0.08970630
v 0.02441625 -0.04111401 0.09184531
v 0.04612345 -0.02623408 0.05754798
v 0.01226035 -0.04071438 0.07902008
v 0.00981536 0.04139560 0.09181768
v -0.01117950 -0.02242336 0.00993904
v -0.02684138 -0.00789181 0.09193700
v 0.04316266 -0.03340098 0.00000000
v 0.04395327 -0.02448656 0.01753739
v -0.01545353 0.03150507 0.02501918
v -0.05298633 -0.00771806 0.05050288
v 0.04984648 0.02380839 0.09191956
v -0.04859471 -0.01223313 0.00171415
v -0.01245343 -0.03333275 0.02976631
v 0.03271685 -0.03800758 0.09179204
v -0.05618741 0.00627153 0.02323815
v -0.02127085 -0.02366291 0.05270280
v -0.01304408 -0.03231330 0.09179949
v -0.02695623 -0.00090467 0.09183035
v -0.02625585 0.01254559 0.09192192
v -0.02336138 -0.01105988 0.03354207
v -0.01757824 0.02437516 0.04854058
v 0.05391440 -0.01884283 0.00000000
v -0.02755030 0.00996498 0.06814327
v -0.01171033 0.03080748 0.06964339
v 0.04526515 0.02774092 0.09101445
v -0.02324072 -0.01340889 0.07860761
v 0.04256859 0.03413716 0.07438020
v 0.04799590 0.02887824 0.00133185
v 0.00783524 -0.03531381 0.01175630
v 0.00197519 -0.03816451 0.05483657
v 0.04774228 -0.02253223 0.03549787
v 0.00355779 -0.04157183 0.05086909
v -0.01726753 0.00352931 0.00576380
v -0.02487937 0.01797620 0.00773715
v -0.02680241 0.01269388 0.02625714
v -0.05681498 0.00492798 0.01032265
v 0.03646449 -0.03777223 0.04457595
v -0.02286233 -0.01346004 0.04193313
v 0.05511074 -0.01701787 0.06985696
v 0.05108658 -0.00913313 0.01606200
v 0.05747780 0.00801231 0.01403213
v 0.00611523 -0.04275448 0.08289186
v -0.05006143 -0.00587909 0.00000000
v 0.02799470 0.02254299 0.00245088
v 0.05284897 0.02259988 0.09091053
v -0.00455310 -0.03904481 0.09120173
v 0.04418673 0.00981300 0.00504406
v 0.05574276 0.00048064 0.06929621
v -0.00673490 -0.03802317 0.09050028
v -0.00358372 -0.03802343 0.09195797
v -0.04400895 -0.01067990 0.07328966
v 0.00762536 0.02898478 0.00374444
v 0.00159851 -0.03815023 0.06709880
v 0.03809255 0.03290822 0.03855268
v 0.03511775 -0.03280905 0.01841589
v -0.02569528 -0.01581196 0.08166091
v 0.00992372 -0.04357592 0.08375094
v -0.05526622 0.00854290 0.00884503
v -0.02769728 0.00801064 0.00000000
v 0.05604800 -0.00373621 0.09058210
v 0.04038475 -0.03188629 0.06386768
v -0.02182800 -0.01784438 0.09125455
v 0.05412769 0.00142005 0.02700538
v 0.05762820 0.00949907 0.09138949
v -0.02611160 0.00333639 0.08803953
v 0.05666805 0.01218863 0.01591369
v -0.04789946 -0.01077025 0.07071326
v 0.01423022 0.04353077 0.03947172
v -0.02479562 -0.01751124 0.01222679
v -0.00125460 -0.02889576 0.00804187
v 0.00190341 -0.01247789 0.00079121
v 0.00724151 -0.03563429 0.01263695
v 0.03594357 -0.03283643 0.02249847
v 0.04128201 0.03493481 0.00000000
v 0.02142437 0.02833106 0.00294886
v -0.05487861 0.00828912 0.00974207
v -0.02223886 -0.01569429 0.05216901
v -0.05347273 0.00789517 0.05840111
v 0.05470160 -0.00078241 0.04255087
v 0.05531652 -0.00045251 0.05840245
v 0.04998115 -0.02639066 0.09046235
v 0.03939725 0.03050794 0.01907851
v 0.00851134 0.03915654 0.02433246
v 0.04841838 0.02795239 0.03809538
v -0.05386992 0.00789073 0.05795562
v 0.01814706 0.04063024 0.06341051
v -0.02359210 -0.01999695 0.03139561
v -0.02376540 -0.00916649 0.02649383
v 0.03591349 0.03776170 0.09189219
v -0.00275995 0.03552835 0.02433874
v -0.02577150 0.00350907 0.07909455
v 0.02515833 -0.04144079 0.09191362
v -0.00074120 -0.03024305 0.00931482
v 0.05719478 -0.00917996 0.02897242
v 0.03147299 -0.04079687 0.08751025
v -0.02129169 0.02514010 0.08015624
v -0.02514051 0.01800019 0.09143319
v 0.00303823 -0.04226884 0.09054905
v 0.03690611 0.03759425 0.01635851
v 0.05799702 -0.00121320 0.03256787
v 0.02028271 0.03006904 0.00378927
v -0.02688102 0.00424131 0.09184104
v -0.01970568 0.01998184 0.02426391
v 0.05134772 0.01675865 0.04348648
v 0.03971309 -0.02615199 0.01201089
v 0.03149145 -0.03799708 0.09135815
v 0.00559363 -0.04208969 0.01003617
v 0.05250169 0.02187357 0.09182304
v -0.02292659 -0.00086392 0.01513913
v 0.05031818 -0.02545757 0.04924696
v -0.03342196 -0.00631343 0.07101729
v -0.00025651 -0.04056101 0.09169736
v 0.04577104 -0.02627821 0.04601809
v -0.01871716 -0.02721522 0.01964137
v 0.04297672 0.02020662 0.00931250
v 0.04639314 -0.03020357 0.03525961
v 0.04989399 -0.01829087 0.03169053
v 0.01770168 0.04339585 0.09153049
v -0.02316107 0.02164623 0.02304737
v -0.02771026 -0.00931347 0.04335194
v 0.04710582 -0.02518805 0.08659894
v 0.05515792 0.01111865 0.09164361
v -0.00696869 0.03764164 0.06709517
v -0.04923288 -0.01188367 0.00084197
v -0.02630404 -0.00335385 0.09156136
v -0.02096492 -0.02430470 0.00000000
v -0.02183791 -0.02278022 0.09157692
v -0.00389545 -0.03895751 0.09166435
v 0.04764554 -0.02177792 0.02798826
v 0.00591015 -0.04310327 0.09052485
v -0.05761653 -0.01168848 0.04063671
v 0.02141035 0.04019411 0.08596822
v -0.04106764 0.00771381 0.07585111
v 0.02115707 0.03955280 0.03037550
v -0.02416668 -0.00933043 0.04490481
v -0.02845268 -0.00785632 0.06694314
v -0.05820103 -0.00950835 0.02041082
v 0.00366512 0.04193939 0.09094438
v -0.02941044 -0.00784993 0.00179935
v 0.01206689 0.04054342 0.07519858
v 0.00550407 -0.04127377 0.09197051
v -0.02555855 -0.00744440 0.09140538
v 0.03736551 0.03719942 0.03242943
v 0.05058138 -0.01696661 0.03270892
v 0.03597023 0.03573876 0.09145181
v 0.01042106 -0.02029622 0.00089708
v 0.02932196 0.04165578 0.00344005
v 0.02092669 -0.04385736 0.08997965
v -0.01241207 0.02991908 0.06131664
v -0.05581312 -0.01209411 0.01432241
v -0.02413592 0.01977782 0.00118841
v 0.04630906 -0.02223915 0.02087989
v -0.01869767 -0.02775202 0.09055093
v 0.02190803 -0.03696574 0.01499608
v -0.02000613 0.02023955 0.03029196
v 0.00755803 0.03601972 0.01151674
v 0.01981067 0.04402431 0.00000000
v -0.02148550 0.02474242 0.07371233
v 0.03452778 0.03468416 0.02231398
v 0.00058231 0.04105133 0.01862435
v 0.02106683 0.04186149 0.09199000
v -0.02198386 0.01815217 0.08544010
v 0.02439438 -0.03003557 0.00595126
v -0.01314423 0.02414257 0.01178443
v 0.04653431 0.02378316 0.02684033
v -0.02740468 0.01042861 0.00604537
v -0.03938216 -0.00115896 0.07716233
v -0.05687479 0.00781953 0.04593353
v 0.03833968 0.03377833 0.08983038
v 0.05802881 -0.00552522 0.06607938
v 0.03160425 0.04026077 0.03132955
v -0.01328198 0.02259153 0.01003366
v -0.05037829 0.00415597 0.06113079
v -0.00986146 -0.03563763 0.09153268
v -0.05719370 0.00839059 0.01984132
v 0.05507793 0.00290218 0.05250171
v 0.00572557 -0.04215196 0.00047231
v -0.00442355 -0.03878343 0.07851626
v 0.02462818 0.03914244 0.04075627
v -0.05586918 0.00617058 0.01999243
v 0.04467417 -0.02821170 0.09056281
v -0.00931216 -0.03631615 0.09116067
v 0.05772152 -0.00502450 0.03969065
v 0.02823295 0.03990817 0.09190778
v 0.02771032 0.04177585 0.07456811
v 0.01914687 0.03597814 0.01056889
v -0.05759362 -0.01221493 0.03378301
v -0.02434066 0.01133546 0.07834652
v 0.03595041 0.03426309 0.03078760
v -0.02390143 0.01328924 0.08407483
v -0.02740126 -0.00829839 0.07117286
v 0.02755411 0.04070647 0.09194934
v 0.01162937 -0.03637117 0.01271690
v -0.02345674 0.01581944 0.09100023
v -0.04821734 -0.01016211 0.00285644
v 0.03806213 0.01507848 0.00298724
v -0.02467735 0.00777758 0.04884556
v 0.04742850 0.02920307 0.05863993
v -0.00690921 0.02997163 0.01157229
v -0.01810975 0.02893580 0.02402437
v -0.02484552 0.00335544 0.02739697
v 0.00490727 0.03829736 0.02212169
v 0.05662738 0.01177509 0.04485118
v 0.01042619 0.02842504 0.00319770
v -0.02326224 0.01198037 0.02437777
v -0.01757105 -0.02346881 0.04050553
v 0.03738466 -0.03746603 0.09160019
v -0.02465479 -0.01829078 0.08045366
v -0.02858598 0.00035416 0.09168155
v 0.01674597 -0.04330609 0.01571242
v -0.02350596 0.00004781 0.01714791
v 0.00887265 0.02340560 0.00221896
v -0.02822640 0.00364734 0.07354450
v 0.01159280 0.04240239 0.09193988
v -0.04484536 0.00777769 0.07240942
v -0.05744494 -0.00768084 0.01311534
v -0.03303127 0.00874430 0.07545070
v -0.02489338 0.01856975 0.08005561
v -0.05621748 -0.01215622 0.01575083
v 0.04940213 -0.02183441 0.06989701
v 0.04844539 -0.02792980 0.00000000
v 0.03610970 0.01391203 0.00252287
v 0.04451249 -0.03256665 0.09057575
v -0.01953853 -0.02621698 0.03991300
v -0.03895899 -0.00443748 0.07174416
v 0.05598340 -0.00006792 0.08600488
v -0.05479486 -0.01090395 0.05720402
v 0.05029870 0.02391947 0.09192755
v -0.05601752 0.00734946 0.05227980
v 0.00733620 -0.04246905 0.01133441
v 0.03350439 0.03946554 0.01720709
v -0.03973354 0.00566139 0.07288707
v -0.04970731 0.00687575 0.00373134
v 0.04366035 -0.00364496 0.00378428
v -0.05206103 -0.00963921 0.05839049
v 0.01785652 0.04353511 0.03211855
v 0.05058754 0.02573614 0.08188282
v 0.01681160 -0.04329864 0.01954595
v 0.05470741 -0.01532023 0.09191020
v -0.00759284 0.03284279 0.02738901
v -0.03813078 -0.01008074 0.07441743
v 0.01656345 -0.04335338 0.00305927
v 0.00693969 0.04345595 0.00125027
v -0.01274636 -0.03310474 0.03529966
v -0.03969628 0.00692688 0.07357289
v -0.04240652 0.00586947 0.00024031
v 0.05498599 -0.01557776 0.09181668
v 0.05507418 -0.00839174 0.08887021
v -0.00048825 0.03785773 0.08972091
v 0.04903912 -0.02398886 0.09171885
v 0.02795369 -0.04139669 0.03874178
v -0.05849601 -0.00309285 0.02089909
v -0.02742894 0.01036556 0.00900517
v -0.01727231 0.02997837 0.08421235
v 0.01939366 -0.00605938 0.00050502
v 0.00040559 -0.04050943 0.02854762
v -0.00064309 0.04096055 0.00000000
v -0.02163521 -0.02330899 0.00221584
v 0.00453128 0.03747220 0.01743113
v -0.00491473 -0.03844519 0.09166477
v 0.04724085 -0.02923243 0.03684753
v 0.00875131 0.04325463 0.02014237
v -0.03464838 0.00010164 0.00119071
v -0.03298443 0.00001521 0.00170407
v 0.02652013 -0.03865030 0.04900056
v 0.05531208 0.01698723 0.00087273
v -0.02930311 -0.00645921 0.06783645
v 0.04691749 -0.00879481 0.00794207
v 0.05225661 -0.02227276 0.04265101
v -0.00942769 -0.03232400 0.08823426
v -0.00111445 -0.00366135 0.00074361
v 0.02076707 -0.04386814 0.09066407
v -0.02516853 0.00519918 0.06002478
v 0.02760026 -0.04154896 0.04918672
v -0.01991008 -0.02013936 0.04744377
v -0.05106089 0.00036357 0.00954837
v 0.03058155 0.00189129 0.00119855
v -0.05061961 -0.00535097 0.00890385
v 0.05640042 0.01409331 0.07247517
v -0.02541464 0.00918649 0.09032034
v -0.01700432 0.02729348 0.09160865
v 0.04827722 -0.02821986 0.05161218
v 0.05020642 0.01565888 0.01906678
v 0.05817990 0.00222276 0.01713391
v -0.02416052 0.00360892 0.02032987
v 0.01066751 0.03398426 0.00785210
v -0.05661569 -0.00985083 0.05119997
v 0.01487728 -0.04327005 0.04052256
v 0.02695936 -0.03939208 0.09054458
v -0.03061635 0.00225748 0.06884174
v -0.05606948 0.00835637 0.01018128
v 0.04360156 -0.03308860 0.07602583
v 0.01822637 -0.03002850 0.00483073
v -0.04757576 -0.00836987 0.06701627
v -0.01178620 0.00275315 0.00189396
v -0.02849711 -0.00604508 0.00558391
v 0.04807385 -0.02659486 0.09191283
v 0.02663634 0.03860656 0.04688842
v 0.05752806 -0.00660530 0.03975582
v 0.05158529 -0.01628050 0.04747448
v 0.05561083 0.00567905 0.08883004
v 0.04248520 -0.03155960 0.09173167
v 0.05613688 -0.00442735 0.09138651
v -0.05840474 -0.00807532 0.03649636
v -0.05429170 0.00829319 0.00854895
v -0.02786168 -0.00648447 0.07262101
v 0.03522919 -0.03542400 0.06400019
v -0.02776665 0.00933105 0.06048584
v -0.02785176 0.00663111 0.08019268
v -0.00501249 0.03864848 0.04235017
v -0.05331377 -0.01227093 0.00737765
v -0.02154531 0.01962399 0.08977337
v -0.02398996 0.01708273 0.09187995
v -0.00666242 -0.03478432 0.09147236
v 0.05818058 0.00245744 0.02240903
v 0.04365659 0.03347303 0.09091753
v 0.03665968 0.03427508 0.06120048
v 0.03823646 -0.01724109 0.00380535
v -0.02161641 -0.01730911 0.08148015
v 0.00594844 0.03648674 0.01307740
v 0.03246836 0.03636041 0.04839743
v -0.01268175 0.03389983 0.02769953
v -0.00970285 -0.03380298 0.09190048
v 0.05286402 -0.02101866 0.00000000
v 0.05260868 0.01926679 0.09192976
v -0.05834287 0.00000846 0.01693684
v -0.04994179 -0.00224872 0.05892962
v 0.03030093 -0.02994760 0.00802617
v -0.00977019 -0.02590465 0.01229565
v -0.04030778 -0.00541948 0.00000000
v -0.02366934 0.01348265 0.06595048
v 0.02297142 -0.04322427 0.08160776
v -0.02313952 0.01775360 0.09169190
v 0.03522953 -0.03912573 0.08893467
v -0.02322293 -0.00522596 0.01740665
v 0.02061701 0.03515978 0.00938149
v 0.00364325 0.03389304 0.00973033
v -0.02680376 0.01270182 0.04027354
v -0.00571389 -0.03444610 0.05369608
v -0.02242035 -0.00740062 0.01593603
v 0.05362148 0.01365848 0.06496711
v -0.05119727 -0.00007559 0.06883891
v -0.00691707 0.03777693 0.07909991
v 0.02808632 0.03799419 0.03815470
v 0.01224840 0.04049158 0.05650789
v 0.05040160 0.02058713 0.08569419
v 0.03255142 0.03125223 0.00992521
v 0.03526508 -0.03575107 0.08912516
v 0.00246195 -0.04134935 0.00730248
v 0.04114495 0.01078725 0.00324098
v 0.00290664 0.00474296 0.00074858
v -0.02745628 0.01003226 0.06181617
v -0.05143141 -0.00231818 0.01094497
v 0.04648681 -0.02634594 0.09105096
v 0.03721444 -0.02633007 0.00926639
v -0.02692340 -0.01189636 0.01724195
v 0.03056822 -0.03791354 0.07435231
v 0.01202144 0.04404607 0.00564279
v -0.05456891 0.00780611 0.05357106
v 0.05577763 -0.01409522 0.02107404
v -0.00880012 0.00359444 0.00196295
v -0.02638641 0.01419507 0.06112758
v 0.00433098 -0.03938609 0.09058480
v -0.05403261 -0.01167449 0.05685499
v 0.03977360 0.01027180 0.00278548
v 0.04905143 0.02750713 0.01163750
v 0.03653936 -0.03425537 0.04701582
v 0.04730272 0.02016591 0.01672471
v -0.05822529 -0.00794038 0.04019151
v 0.05370044 0.01399059 0.07504390
v 0.05518869 0.00757352 0.07692144
v -0.03432502 -0.00587126 0.07112675
v 0.03060685 -0.02746451 0.00595545
v -0.00386638 -0.03600268 0.09057179
v 0.05371377 -0.02015739 0.06936211
v 0.05302501 -0.01346696 0.05997415
v -0.05854078 0.00122797 0.02147606
v 0.05407746 -0.01733747 0.09190156
v -0.01951357 -0.02148918 0.09048883
v 0.05329265 0.01320099 0.05450092
v -0.02213528 0.01114678 0.01697780
v -0.00034537 -0.04063031 0.08186420
v 0.05443431 0.01108459 0.07333501
v -0.01775289 0.02892606 0.09182968
v 0.04674249 0.02554890 0.06396365
v 0.01918072 -0.03809962 0.01690298
v -0.00680666 -0.03737511 0.09167484
v 0.03493523 -0.03867342 0.00101160
v 0.04237856 0.01593564 0.00581832
v -0.02771025 -0.01227400 0.00000000
v 0.00160365 0.03787349 0.03579410
v -0.01388322 0.02743066 0.02322633
v -0.05343033 -0.00040096 0.02054112
v 0.05507931 -0.00931939 0.09105978
v -0.01623284 -0.02997632 0.09147599
v 0.01378485 -0.03834883 0.01970707
v 0.03540933 0.01304966 0.00239328
v 0.02298715 -0.03950195 0.05446292
v -0.02802677 0.00777898 0.00000000
v 0.01205596 -0.03139455 0.00583211
v -0.00351944 -0.01352442 0.00171205
v 0.05519997 0.01691220 0.02005145
v -0.05662799 0.00590067 0.00967303
v 0.04750371 -0.02901083 0.00000000
v 0.00060864 -0.03805501 0.09056846
v 0.05354902 0.00760847 0.02908653
v 0.05774956 -0.00850068 0.09058147
v 0.04856367 -0.02194116 0.04104087
v 0.03325283 0.03591043 0.04229307
v -0.03954382 -0.00874171 0.07642313
v -0.02571543 -0.00522474 0.09058038
v -0.02851283 -0.00712685 0.06639985
v 0.00753958 0.03974221 0.06285836
v 0.02145548 0.04014203 0.07909264
v -0.05685188 -0.01242315 0.01745096
v 0.04666592 0.00786618 0.00688328
v 0.05297203 0.01361085 0.05083286
v -0.05203300 -0.00463198 0.05140653
v -0.02411369 -0.00927399 0.04285495
v -0.03382153 0.00444457 0.07658194
v -0.05490970 -0.01005479 0.01488932
v -0.05035948 0.00069263 0.05851239
v -0.03233327 0.00566436 0.00131013
v -0.03618004 0.00639961 0.07322187
v -0.00623959 -0.02176248 0.00517423
v -0.01131347 -0.03061619 0.08103499
v 0.05422922 -0.00332013 0.03533475
v -0.05558785 -0.01013106 0.05528887
v -0.02382383 -0.02015187 0.09043524
v 0.05808043 -0.00563024 0.09136784
v 0.00890445 0.04306042 0.08054961
v -0.02994502 0.00000395 0.06797845
v 0.04802155 -0.02864949 0.09105160
v -0.00701311 0.03381291 0.04307365
v 0.02554084 0.04274269 0.00855616
v 0.05871142 0.00086728 0.09100310
v -0.02931677 0.00440651 0.06723855
v 0.01408736 0.04045581 0.03807329
v 0.05477989 0.01866625 0.08422058
v -0.00542231 0.03482281 0.04472044
v -0.02816930 0.00964516 0.00362544
v -0.01013524 -0.03586355 0.09053815
v 0.05558383 0.00689908 0.09010564
v -0.05825742 -0.01040902 0.03542247
v -0.02867484 -0.01209577 0.00041697
v 0.04474493 -0.02795719 0.08826952
v -0.00136841 -0.03980834 0.02984913
v 0.05367207 0.02045036 0.06486573
v 0.01648347 -0.04359198 0.06484316
v 0.00992237 -0.03955618 0.04027160
v -0.01422195 -0.02881965 0.09164961
v -0.02865331 0.00441917 0.06269853
v 0.00146625 -0.04106803 0.06657104
v -0.00789123 -0.03238821 0.03561209
v 0.05511657 0.01037906 0.09136798
v -0.04533414 0.00172246 0.07459441
v -0.03622994 -0.01003078 0.07600546
v 0.03324839 0.03673048 0.08315038
v 0.02161101 0.04079555 0.09155460
v 0.05127596 -0.02139744 0.09188338
v 0.03386912 0.00488993 0.00168549
v -0.02064565 -0.01305074 0.01609617
v 0.04305809 0.02821967 0.02866436
v 0.05802335 0.00187986 0.03813170
v 0.04017968 0.03159043 0.05770886
v 0.05584327 -0.01366667 0.04403320
v 0.05427435 0.01113449 0.06648964
v -0.04731734 0.00764283 0.07186846
v -0.02342869 0.01233178 0.03101844
v -0.02447464 -0.00792505 0.04751138
v 0.01701192 0.04427014 0.00000000
v -0.01798874 0.02437103 0.07715520
v -0.05622465 -0.01194678 0.04892666
v 0.04440585 0.03042923 0.09193548
v -0.00922669 0.03645495 0.08647298
v 0.04633949 -0.02687556 0.09144699
v 0.00276548 0.04170109 0.06656821
v -0.05340879 0.00827245 0.00697246
v -0.04833218 -0.00994746 0.07082991
v 0.04127314 0.01800805 0.00590271
v -0.05673019 -0.01221174 0.01813080
v -0.01236044 -0.03358011 0.05748876
v 0.04741279 0.01324434 0.01019081
v 0.03008798 0.03720835 0.03090615
v -0.05085134 -0.00625077 0.06885737
v -0.00018334 -0.04034460 0.00682016
v 0.03508563 -0.03568464 0.07692788
v -0.02109137 -0.02458117 0.08798368
v -0.02887617 -0.00504433 0.00480093
v 0.00962636 0.04040402 0.08787351
v -0.02431433 -0.00631722 0.02727221
v -0.02404908 -0.01648636 0.09190979
v -0.00829799 -0.03628754 0.01600516
v 0.05715857 -0.01032939 0.09142125
v 0.05418753 -0.00998131 0.06369748
v 0.00536258 0.03976108 0.08965976
v 0.00834456 0.00827614 0.00086729
v -0.05001595 0.00725129 0.06864945
v -0.05832270 -0.00806439 0.01957569
v -0.04825288 0.00217272 0.00502186
v -0.02926276 -0.00478792 0.06744321
v -0.02190489 0.01802112 0.07426483
v -0.03213946 0.00832279 0.00000000
v -0.02819972 0.00653488 0.07346632
v 0.00768452 0.03182667 0.00590915
v -0.02748670 -0.01025087 0.09140493
v 0.04085647 -0.03035821 0.03545383
v 0.04190857 0.03415594 0.04553670
v -0.00997219 -0.03124507 0.04930411
v -0.01522210 0.03183038 0.00792763
v 0.02836080 -0.01322992 0.00076388
v 0.01278574 -0.03802168 0.01711014
v 0.02451130 0.00138941 0.00076403
v 0.03703431 0.02067176 0.00427741
v 0.04184739 0.02841054 0.02048201
v -0.00268746 -0.03603784 0.04356478
v 0.01464144 0.04430399 0.00000000
v 0.04999416 0.02009970 0.04923722
v 0.01175791 -0.04349503 0.06734906
v 0.00773476 0.03023997 0.00459118
v 0.04326762 -0.02601791 0.01922275
v -0.05482424 -0.01202069 0.00745621
v 0.01194180 -0.04407379 0.08897191
v -0.01868159 0.01359112 0.01061777
v -0.01964277 -0.01922436 0.02654295
v 0.01842258 0.04288760 0.09189249
v 0.01343621 0.04426486 0.00000000
v -0.01061582 0.00173674 0.00147998
v 0.02543659 -0.00210444 0.00074089
v 0.00138148 0.03490860 0.01313006
v 0.03813871 0.03337410 0.07176809
v 0.02947751 -0.04156805 0.09101458
v -0.02371752 -0.01144879 0.05512138
v -0.02529021 -0.01674141 0.07465634
v 0.05819050 0.00204160 0.00000000
v -0.02747576 -0.00645370 0.07224957
v 0.01260424 0.04117519 0.09105533
v 0.04323105 0.02388500 0.01301378
v -0.03753020 0.00231131 0.07203645
v 0.01803736 0.04056580 0.04908410
v -0.01844847 -0.02266168 0.06358343
v -0.02377255 0.01320183 0.05888512
v 0.05139457 0.02450197 0.00807322
v 0.05822058 -0.00051207 0.00000000
v -0.02271806 0.01600827 0.06556132
v 0.03827270 -0.00858393 0.00215391
v 0.05594889 0.01579516 0.08780545
v 0.03057780 -0.02887205 0.00715901
v -0.02778476 0.00814984 0.08471116
v -0.02533293 0.00757840 0.08262098
v 0.05254580 0.01762912 0.09141526
v 0.02918423 0.04159970 0.00887774
v 0.05290334 -0.01572229 0.08981417
v 0.04275319 -0.02718297 0.02307476
v -0.02619772 -0.01412165 0.07281675
v 0.04756934 -0.01616891 0.01359991
v 0.01799771 -0.03842154 0.01765060
v -0.02312242 0.02183632 0.09159052
v 0.00190822 -0.04110423 0.01499563
v -0.05610228 0.00795801 0.04770661
v 0.01232976 -0.03868594 0.02319308
v 0.00130423 0.03822105 0.08609405
v 0.03490926 0.03863948 0.03911172
v -0.05320472 -0.00238007 0.03959382
v 0.05810266 -0.00318792 0.02743011
v 0.00087765 -0.02249589 0.00272276
v -0.00917713 -0.02460107 0.00994468
v -0.01460034 0.03250664 0.00000000
v 0.05015311 -0.01344259 0.01765890
v -0.00672291 -0.03714828 0.00907966
v -0.02631975 0.01470954 0.08432558
v -0.03253083 0.00786315 0.07195402
v 0.05392570 0.01381903 0.08990593
v -0.04274592 -0.01009865 0.07318591
v -0.01684366 0.01155008 0.00703111
v -0.03206460 0.00888964 0.07229290
v -0.04746465 -0.00925844 0.07202920
v 0.04556290 0.00044651 0.00513170
v -0.04823202 -0.00954906 0.06702683
v 0.04811009 0.02329519 0.05399979
v 0.05625038 0.01108436 0.09194063
v -0.01243973 0.02310670 0.00947539
v 0.02650305 0.01754999 0.00187204
v -0.03115367 -0.00992019 0.07189395
v -0.05845429 -0.00808795 0.02050171
v 0.01478740 -0.00899704 0.00039968
v 0.00664985 -0.01832873 0.00086982
v -0.05722786 -0.00973420 0.04788919
v -0.05521048 -0.01165654 0.05431546
v 0.05469512 -0.00654406 0.05414496
v -0.02125851 -0.02119302 0.09187554
v -0.01416760 -0.02707239 0.03093551
v -0.02571781 0.01682846 0.08864704
v 0.03002886 0.03730939 0.04176673
v 0.05724505 0.01044309 0.05968426
v -0.00698268 0.03761768 0.04024571
v -0.02299527 0.01896468 0.09185364
v -0.02535617 -0.01618604 0.01744579
v 0.02802617 -0.03234678 0.00962315
v 0.01989136 0.00587581 0.00074970
v -0.02770409 0.00935430 0.05654827
v 0.04405140 0.02884470 0.08994339
v 0.05779503 0.00671523 0.04971937
v -0.00739559 -0.03330768 0.05504878
v -0.02743200 0.01064931 0.09154808
v -0.01360326 -0.03268208 0.06872011
v -0.01211501 0.00842929 0.00277930
v -0.02637546 0.00775746 0.09179470
v 0.01361669 0.04378674 0.01886944
v 0.03479578 0.03317189 0.01617458
v -0.05287727 -0.00232576 0.04452017
v 0.05309236 -0.01612110 0.09147197
v -0.03248400 0.00406062 0.00167235
v -0.02477543 -0.00608392 0.04652116
v -0.03842335 0.00615147 0.07674906
v -0.01190206 0.03468578 0.00000000
v 0.00463657 0.03807975 0.02001272
v -0.04847608 0.00115764 0.07236890
v -0.00437055 0.03588566 0.07307672
v -0.05057071 -0.00791662 0.06039806
v -0.05704328 -0.00663175 0.00999735
v 0.05269210 0.02178322 0.05286611
v -0.05519271 0.00613428 0.00644234
v 0.04456207 -0.03255440 0.08985352
v -0.00347636 -0.03885395 0.03791994
v -0.02246477 0.00352698 0.01407040
v -0.02395166 0.01464851 0.09109593
v 0.02295230 -0.03923520 0.04079922
v -0.05719949 -0.00288220 0.01064664
v -0.00522064 0.00109972 0.00098036
v -0.05457095 -0.00906541 0.04228333
v -0.00766802 0.03223629 0.02013069
v -0.02726520 0.00848733 0.09186967
v -0.03049807 0.00910202 0.00013150
v -0.01492232 0.03213163 0.07486107
v -0.05867373 0.00007437 0.03497110
v 0.02926901 0.03791498 0.06395393
v -0.05114496 -0.00321736 0.06891805
v 0.00337016 -0.01634620 0.00093769
v 0.00800822 -0.04262565 0.04929561
v -0.03905981 -0.00486936 0.00000000
v -0.00982930 -0.03517911 0.01989810
v -0.02864236 0.00200888 0.00783012
v 0.05694187 -0.00815053 0.09192546
v 0.01415334 0.04080057 0.07983964
v -0.01813331 0.02900283 0.00101732
v 0.01407233 0.03760429 0.01308024
v 0.03420308 -0.02886000 0.00939281
v 0.04129126 -0.03492733 0.07729921
v 0.01644212 0.03972922 0.02372307
v 0.04060900 0.01741262 0.00505811
v 0.05199002 0.01783140 0.06930456
v -0.00121219 0.03827450 0.09172125
v -0.00742396 -0.02609683 0.00983399
v 0.05514222 -0.01711267 0.07560339
v 0.04779289 0.02394357 0.05889633
v -0.01792139 0.01051226 0.00798243
v 0.04989504 -0.02595026 0.00464473
v -0.02639084 0.01465305 0.09148278
v 0.04580251 0.03098922 0.01333045
v -0.05700808 0.00807856 0.02212408
v 0.04222817 -0.01555371 0.00573502
v 0.02263065 -0.04356966 0.09051251
v 0.05492107 0.01795757 0.00000000
v 0.05474845 -0.01693124 0.03129189
v 0.01213596 -0.04105312 0.09053797
v -0.02820279 -0.00005793 0.07361410
v 0.04040084 -0.00885605 0.00279838
v -0.01245101 -0.02955918 0.07474897
v -0.05226302 -0.00220028 0.04946819
v 0.02036785 0.04032142 0.07756389
v -0.00142035 -0.03908546 0.09197363
v -0.01559603 0.02558697 0.02303980
v 0.04321328 -0.01818021 0.00830466
v -0.00683638 0.03378271 0.03587257
v -0.01277915 -0.03278575 0.00838157
v 0.02126272 0.04307802 0.09149100
v 0.05215170 -0.01603101 0.06352929
v 0.02703833 -0.03669009 0.01848600
v 0.03937711 0.03451127 0.09191743
v -0.04611312 0.00825392 0.00036518
v 0.04611630 -0.02637623 0.08794272
v -0.02869910 0.00646562 0.06576652
v 0.01811769 0.04006159 0.03350618
v 0.01138021 0.03236010 0.00587347
v -0.01591973 -0.02463997 0.02483876
v 0.03168529 -0.04035715 0.07332899
v 0.01759916 -0.02243075 0.00121164
v 0.00771119 -0.03710617 0.01658034
v 0.01943743 0.04076532 0.09051841
v -0.01284888 0.03383905 0.01381305
v 0.00605271 -0.03930698 0.05679472
v 0.01218621 -0.04011188 0.04867860
v 0.01315251 -0.01948118 0.00065647
v 0.05699382 0.00690046 0.09196309
v 0.04456823 -0.02158224 0.01379056
v -0.01090465 0.00761514 0.00234430
v 0.02094825 0.03395776 0.00770689
v -0.00652738 0.03678150 0.09194709
v -0.03329991 0.00559519 0.00080002
v 0.01360439 0.02867290 0.00308859
v 0.03303066 0.03700260 0.08973433
v -0.01054301 0.01664448 0.00381620
v -0.02751608 -0.01002978 0.06557570
v -0.00336390 -0.03571156 0.04526306
v -0.02760120 0.00968030 0.01381007
v 0.04599154 0.03069134 0.04263827
v -0.02523448 0.01414003 0.09193611
v -0.02190385 0.02390909 0.05413852
v -0.03397875 -0.00996732 0.07550733
v -0.04745371 0.00048022 0.00465165
v -0.00256406 0.03981929 0.03038668
v -0.05305364 -0.00539113 0.01655196
v -0.00772578 -0.00011535 0.00114192
v -0.04902571 0.00730638 0.00000000
v -0.02592392 -0.01477715 0.00000000
v -0.02793344 -0.00407541 0.07591563
v -0.00308020 -0.03635845 0.08804058
v 0.03358474 -0.03384324 0.01839393
v 0.00549658 0.03990756 0.09101445
v -0.02836549 0.00160141 0.07933294
v 0.04662765 0.02303047 0.02272551
v -0.00342304 -0.03639589 0.09124325
v 0.03263074 -0.03710698 0.08865314
v 0.05556470 -0.00670092 0.09068377
v 0.05302879 0.00770900 0.02306922
v -0.05231600 0.00753560 0.06341950
v 0.00307723 -0.03868683 0.07147574
v 0.04691956 0.02541003 0.06867952
v 0.05059679 -0.01377456 0.01940945
v -0.05711506 0.00830661 0.01432920
v 0.04684163 0.01015296 0.00793890
v 0.03616748 -0.01136463 0.00175841
v 0.03538302 0.01747720 0.00276426
v 0.04589344 -0.00881402 0.00678298
v -0.05105950 -0.00802816 0.00108141
v -0.05350859 -0.00043093 0.02228250
v -0.04668258 -0.00437694 0.00380358
v -0.01745413 -0.02414983 0.08527860
v 0.05123666 0.00378838 0.01323514
v -0.05368052 0.00719770 0.00849852
v -0.05849223 -0.00559583 0.02151046
v -0.00878472 0.03280347 0.05783785
v -0.05288580 -0.00671122 0.06471434
v 0.02954349 0.03841895 0.09104743
v 0.03681044 0.03794684 0.09147146
v 0.02666234 0.03936693 0.09099220
v -0.05471314 0.00351672 0.02023303
v -0.02181088 0.01783065 0.04763502
v -0.05803693 -0.01175096 0.03180689
v -0.00894469 0.02283962 0.00594851
v -0.05627830 -0.01022485 0.02932643
v 0.00812683 -0.04298423 0.07311466
v -0.02792147 0.00677223 0.00000000
v 0.01907306 0.04051017 0.07788880
v -0.02572908 0.01596326 0.00687545
v 0.04262058 0.02972292 0.07391475
v -0.00917985 -0.03636055 0.08631470
v 0.03606050 -0.01992722 0.00380408
v 0.01987359 0.04341713 0.09100368
v -0.01958909 -0.02650130 0.07943514
v 0.04210444 0.03068747 0.08980293
v -0.05152368 -0.00563257 0.01043553
v 0.01209597 0.04066431 0.08513234
v -0.01765443 0.02602341 0.09101843
v -0.02272865 -0.00558654 0.01578940
v -0.02281478 0.01513910 0.03682019
v 0.03179364 -0.03730455 0.06811125
v 0.04903299 0.02707963 0.04699959
v 0.00195608 -0.03408184 0.01296112
v -0.04380519 0.00516524 0.07127210
v 0.04860094 -0.02008903 0.02721525
v 0.02943787 -0.04168104 0.09051626
v -0.00888863 -0.03575949 0.00000000
v -0.02043576 0.01608893 0.01729667
v -0.00905988 0.03242052 0.04273112
v 0.02104259 0.03785665 0.01550817
v -0.02988212 -0.00178299 0.00373089
v 0.03329625 0.03670213 0.08804436
v 0.05403509 -0.01127888 0.07374508
v -0.02707993 -0.01208178 0.00000000
v -0.02769041 -0.00946508 0.00515497
v -0.02995834 -0.00640123 0.06855802
v 0.01423299 0.02006219 0.00156461
v 0.01939676 -0.03990659 0.04758838
v 0.05204232 -0.01599327 0.05876009
v -0.02513535 -0.00011468 0.03819044
v 0.00067907 0.02013752 0.00210828
v -0.01401788 0.02694184 0.02023029
v 0.03088374 0.03790132 0.09096755
v -0.02817954 0.00776808 0.06203764
v -0.05626394 -0.01173104 0.04600698
v -0.02948390 -0.00995532 0.07238202
v 0.05233423 0.01724435 0.07614136
v 0.05233423 -0.02243076 0.05559102
v -0.05363164 -0.01095292 0.06042562
v -0.02571780 -0.01531385 0.01814515
v -0.05826697 -0.01047526 0.02280096
v -0.02370213 -0.01990276 0.05829810
v -0.05860366 0.00042895 0.02057273
v -0.05238881 -0.00032973 0.04971012
v 0.00151412 -0.03044841 0.00799076
v 0.01158086 -0.04303282 0.03217559
v -0.02700473 -0.01172803 0.03707409
v 0.02304869 0.04138867 0.09197560
v -0.03338843 -0.00301368 0.00110016
v -0.05587599 0.00775748 0.04688775
v 0.05271877 0.02253703 0.07897019
v -0.02804658 -0.00787100 0.08707336
v 0.02296837 0.02955225 0.00374880
v -0.01465673 0.03225833 0.02016253
v -0.01649089 -0.02505963 0.05533614
v -0.02812724 -0.00325756 0.00050169
v 0.02639026 -0.04189834 0.00000000
v 0.00792961 -0.03586275 0.01268846
v -0.01963250 0.02154455 0.04051094
v 0.00767325 0.04362370 0.00000000
v -0.02443908 0.00759893 0.03259016
v 0.02771376 0.04179941 0.08793597
v 0.05676789 -0.01253250 0.07978715
v -0.02382347 -0.01771605 0.09187713
v 0.04679378 0.02466469 0.04217856
v 0.00365421 -0.03889651 0.07588162
v 0.05230894 0.01090540 0.02345549
v -0.00841556 0.00809844 0.00206924
v -0.02014009 0.00546565 0.00978224
v 0.03866375 -0.03683717 0.09150172
v -0.05032665 -0.01025601 0.06405277
v -0.02879583 0.00033267 0.06070192
v -0.02442062 0.00739775 0.03027243
v -0.03263850 0.00779379 0.00000000
v 0.05827870 -0.00364664 0.07429360
v -0.01539607 -0.02967084 0.09188095
v 0.05504857 0.01001212 0.09102338
v -0.05774297 0.00831886 0.02016136
v -0.05695543 -0.01201326 0.04382514
v -0.05179029 0.00128588 0.01049658
v 0.04814531 0.02434145 0.08986026
v 0.02067173 -0.04045931 0.07744237
v -0.00242562 -0.03639112 0.05126584
v -0.01826251 0.02431777 0.08421761
v 0.05069182 0.02019279 0.08845516
v -0.00171636 -0.03680260 0.06587422
v 0.05122881 0.02426313 0.02871280
v 0.03854172 -0.03720725 0.09096715
v -0.00293458 -0.03530569 0.02966334
v -0.05700944 -0.01137141 0.04636877
v 0.05560880 0.00093743 0.06552568
v -0.02760734 -0.00688308 0.07457355
v -0.05866894 -0.00576170 0.02810445
v 0.05360407 0.02093273 0.08479990
v 0.05842261 0.00328504 0.07553011
v 0.03943557 -0.02466936 0.00973235
v -0.01752693 0.02436014 0.05427467
v 0.03672772 -0.03541798 0.09134992
v -0.00317248 -0.03916891 0.05872207
v 0.02185543 0.03890722 0.01995648
v 0.02457182 0.03646168 0.01314209
v -0.05733074 -0.00618836 0.05015164
v 0.03656228 0.03515068 0.09098618
v -0.04857930 -0.00410211 0.00608311
v -0.05504948 0.00375198 0.02430320
v -0.02424629 -0.01123287 0.09053968
v -0.01417750 -0.02844126 0.09136924
v -0.00148837 -0.00221886 0.00076220
v 0.02240062 -0.04281302 0.00060218
v 0.03193960 0.03576132 0.01946680
v -0.05844129 -0.00820814 0.02308686
v -0.01363880 0.03329626 0.09148377
v 0.05373943 0.02006852 0.06011873
v 0.00657774 -0.04265628 0.09178378
v -0.05213552 0.00676856 0.06475677
v 0.05226518 -0.00356552 0.01690575
v 0.00588865 0.04256772 0.08617112
v 0.04369114 -0.03040753 0.09173074
v 0.04194823 -0.00696786 0.00325332
v 0.05761354 0.00722457 0.02863898
v -0.04782628 -0.00203292 0.00540754
v 0.05796766 -0.00313431 0.04505577
v 0.04562956 0.03120198 0.00768118
v 0.02261630 -0.03794737 0.02050305
v 0.01614783 -0.04067874 0.06822907
v 0.01221288 -0.04409673 0.09107842
v -0.03775202 0.00524881 0.00000000
v 0.01422581 -0.03158763 0.00588117
v -0.00266147 0.03662987 0.06515493
v -0.04824876 0.00857313 0.00081800
v 0.05194354 0.01461531 0.03633897
v 0.00206786 -0.04129919 0.07269710
v 0.02132083 0.04236512 0.09195292
v 0.05335284 -0.00909248 0.03519547
v -0.04691125 -0.00692025 0.06686696
v 0.05547584 0.01530840 0.03156844
v -0.02572088 -0.01536958 0.04204171
v -0.00926940 0.03621325 0.05241413
v -0.02335348 -0.00913768 0.02173983
v -0.02580188 -0.01123506 0.09194821
v 0.00438843 -0.02198371 0.00176490
v -0.05668813 -0.01114463 0.03346327
v 0.00211571 0.04183158 0.01078409
v -0.00278247 -0.02013458 0.00283834
v 0.04902001 -0.01723153 0.01929439
v 0.01821888 0.03451541 0.00813532
v -0.03558902 -0.00385423 0.07686014
v -0.04984400 -0.00676897 0.00000000
v 0.04229928 0.03111911 0.09161974
v -0.02393832 -0.01159177 0.08277049
v -0.04861416 -0.01060986 0.00000000
v 0.05569665 -0.00952526 0.09182902
v -0.00266420 0.02336461 0.00323857
v -0.04239042 0.00220319 0.00118069
v -0.00782182 0.03722882 0.09152722
v -0.02873498 0.00441234 0.06424071
v 0.05255675 -0.01562480 0.07613711
v -0.03800906 -0.00378522 0.07166126
v 0.02841141 0.03853021 0.08203059
v -0.00063691 0.00530443 0.00091586
v -0.02347311 0.01339749 0.04321232
v -0.05663549 0.00838890 0.01579784
v 0.05598651 -0.01050531 0.09194881
v -0.04070255 0.00007255 0.00095291
v -0.01759939 0.02275575 0.02198492
v 0.04566922 0.02441990 0.02272037
v -0.01881864 -0.02377446 0.09167448
v -0.02223028 0.02324297 0.00893985
v 0.01390998 0.03500088 0.00880466
v -0.00690645 -0.02330182 0.00667296
v -0.02773142 0.00846710 0.00000000
v -0.05441883 -0.01141912 0.05768916
v 0.03912418 0.03633959 0.05679879
v 0.03046434 -0.00328535 0.00105833
v 0.01437177 -0.04320823 0.03162058
v 0.05270237 0.02267823 0.08652939
v -0.03742490 0.00772769 0.07410101
v -0.02998499 0.00602565 0.07495798
v -0.05359643 -0.00785833 0.04658421
v 0.03977123 0.03567539 0.03265524
v -0.02821919 -0.00612465 0.01667786
v -0.04956884 -0.00809420 0.00000000
v -0.02165398 0.02435367 0.06696626
v 0.03321218 0.03626567 0.06017344
v -0.00905132 -0.02014161 0.00601706
v -0.05569037 0.00780808 0.04849522
v 0.05106645 -0.01822185 0.05688794
v -0.02287254 0.01621131 0.08671542
v -0.02995696 -0.00685124 0.00168755
v -0.04903117 -0.01002110 0.00380407
v -0.05655619 -0.01169748 0.01846427
v 0.05492450 0.01748449 0.05817418
v -0.05217995 0.00635134 0.05886208
v 0.03803858 -0.03691059 0.04442039
v -0.01752590 -0.02364069 0.04448711
v -0.02522593 0.00334721 0.04733408
v 0.05169470 -0.01335658 0.02930870
v -0.01787045 -0.02845262 0.07252521
v -0.01795693 -0.01481590 0.01231768
v -0.00350780 -0.03957997 0.09114987
v 0.01871861 -0.04336666 0.05863842
v -0.04384347 0.00717179 0.00000000
v -0.00376347 0.03862760 0.09190224
v 0.05329439 -0.01318759 0.06836239
v 0.00928969 0.03800021 0.01598238
v 0.00701458 -0.04193731 0.09198830
v 0.00964586 0.04377209 0.00922788
v 0.03301016 0.01521350 0.00231950
v -0.02421587 -0.00999855 0.06689367
v 0.01656143 0.00482615 0.00064322
v 0.03502618 0.03860266 0.03261003
v -0.02858458 -0.00294508 0.03532324
v -0.00284639 -0.01832215 0.00245155
v 0.01413045 0.04072114 0.06349101
v -0.03364342 -0.00485590 0.00041949
v -0.03101727 -0.00902702 0.00000000
v 0.05832554 0.00154654 0.05888784
v 0.03671645 0.03070912 0.01302234
v 0.05246754 0.01320467 0.03663764
v -0.00878232 -0.03584595 0.00000000
v 0.05807328 0.00223031 0.02863777
v -0.04570669 -0.01189642 0.00000000
v 0.00014585 -0.04034509 0.04073885
v 0.03594395 -0.03566986 0.09106317
v -0.00588305 0.02711816 0.00706081
v 0.04627252 0.02654824 0.08986066
v -0.02136344 0.02464560 0.02355635
v -0.02775090 -0.00797912 0.08053346
v -0.02083773 -0.02288299 0.09185816
v -0.02827387 -0.00966117 0.00262289
v 0.02615544 0.04216372 0.03983822
v -0.01742130 0.02542537 0.08534458
v 0.05214453 -0.02235338 0.02753636
v 0.05144484 -0.01288526 0.02520554
v 0.02939481 -0.01786731 0.00115566
v 0.05608393 -0.01377363 0.06004826
v -0.05775424 -0.01207668 0.03494766
v -0.02030245 -0.01988727 0.08467266
v 0.00507958 -0.03640950 0.01651362
v 0.02722395 0.02647011 0.00300380
v 0.03090152 -0.03759876 0.06295217
v -0.01696054 -0.02944872 0.07349230
v 0.02469282 -0.02297455 0.00174106
v 0.04989950 -0.02419225 0.09191766
v 0.04972654 -0.01088941 0.01362184
v 0.03205240 -0.03995763 0.05656816
v -0.02893289 0.00234418 0.00622037
v 0.03529929 -0.03281521 0.01942094
v -0.05640237 0.00780350 0.04353641
v 0.03644778 0.03806028 0.00918569
v -0.03950039 0.00158515 0.00073958
v -0.00056068 0.03912924 0.09190387
v 0.00749244 0.03967072 0.05150896
v -0.03249356 -0.00709091 0.00000000
v 0.05457414 0.01821796 0.05711556
v 0.05720166 -0.00891493 0.09174296
v -0.05340262 -0.01165429 0.05929169
v -0.02478704 0.00993727 0.08257805
v 0.02098654 -0.03929214 0.03412144
v -0.02180232 0.02393127 0.09166819
v 0.05327662 0.00179243 0.01952090
v -0.02774372 -0.00331025 0.07294417
v 0.05389838 -0.01472340 0.09168962
v 0.05022354 -0.02567568 0.05467369
v -0.01985672 0.02014209 0.02710730
v 0.04831451 -0.00895508 0.01002048
v 0.05444835 -0.00691239 0.04935686
v -0.00277871 0.02481614 0.00388658
v -0.02832378 0.00610624 0.00761113
v 0.05113003 -0.02453966 0.07182847
v -0.01913481 -0.00916325 0.01052190
v -0.02464416 0.01015494 0.07883455
v 0.01333300 0.02069291 0.00166618
v -0.02769963 -0.00927167 0.03197049
v -0.01632340 -0.02990385 0.03067498
v -0.02796077 0.00799367 0.00000000
v 0.05088221 0.01979311 0.08485705
v -0.02130806 0.02219048 0.09183683
v 0.05508789 0.00753505 0.06880277
v 0.05132828 0.01962707 0.09101579
v 0.05325679 -0.01303107 0.06321366
v -0.04273496 -0.00598763 0.07095872
v -0.02838359 -0.00675554 0.06479716
v -0.04903082 -0.01083794 0.06934305
v -0.02592937 0.00657533 0.09107835
v 0.02219862 0.04000034 0.06848068
v 0.05851764 0.00287289 0.08384732
v 0.01406790 0.00139760 0.00056145
v 0.00190756 0.03174376 0.00775207
v -0.05137737 0.00118942 0.05545068
v 0.05748092 -0.00760416 0.00000000
v 0.01382146 -0.03832950 0.01790707
v -0.02590203 0.01545605 0.04634600
v 0.03465258 -0.03635898 0.09106128
v -0.05092242 -0.00999917 0.00148973
v 0.01426992 -0.04089537 0.07878695
v -0.05310626 -0.01162078 0.06028891
v 0.04026276 0.01332077 0.00332279
v -0.05625129 -0.01034931 0.00957339
v 0.05321680 0.02064804 0.03205727
v 0.03055390 -0.02285168 0.00283719
v 0.01261725 0.04148345 0.09160333
v -0.00417877 -0.03593538 0.09107062
v 0.01428598 -0.04108298 0.08617186
v 0.01402381 0.03579425 0.01001126
v 0.03161454 0.04034224 0.05067922
v -0.05860057 0.00416852 0.03222695
v -0.00679774 0.03085765 0.01310597
v 0.04588080 0.03082202 0.02968485
v 0.04151106 -0.03240005 0.09169087
v -0.01736832 0.00066576 0.00581489
v -0.04528113 0.00714883 0.00066724
v 0.00739708 -0.04116874 0.09187241
v 0.00416626 0.04177017 0.09174525
v 0.05413457 -0.00902718 0.05305034
v -0.02557833 0.00108408 0.06374948
v 0.05230040 -0.02290439 0.08151743
v 0.00435084 0.01709787 0.00155030
v 0.01196439 -0.04375779 0.08019419
v -0.01839854 0.02447176 0.08840309
v 0.04775975 -0.02440202 0.08426732
v -0.01785882 0.02284298 0.02486230
v -0.05513253 0.00381407 0.05849240
v 0.02195935 -0.01612542 0.00051726
v 0.04147415 0.03521715 0.09051226
v 0.01645308 -0.03999733 0.04085397
v 0.05714287 0.01018445 0.00000000
v 0.02468462 0.04256310 0.08852156
v -0.03420057 -0.00473663 0.07087136
v -0.02824755 0.00201687 0.07372881
v 0.03755697 0.03736195 0.00991076
v 0.03878271 -0.02910315 0.01579580
v -0.02762921 -0.00621267 0.07265641
v 0.05147492 -0.00129724 0.01344711
v -0.02596526 -0.01497821 0.09140666
v -0.02324546 0.02152442 0.03359387
v -0.02691277 -0.01180136 0.00747508
v -0.00783515 0.02865207 0.01047922
v -0.01719365 -0.00225760 0.00588362
v -0.02830361 0.00656835 0.05725087
v -0.00966487 -0.03135000 0.04408377
v 0.05342599 0.01332281 0.05870587
v 0.03190919 -0.04002279 0.00787939
v -0.02312206 -0.01786136 0.09188348
v 0.02868863 0.02641869 0.00324805
v -0.02870763 0.00001263 0.07398180
v -0.02459425 0.00644206 0.03317610
v 0.05389804 -0.01276405 0.08857517
v -0.02134087 -0.00569204 0.01231641
v 0.05347692 -0.00343109 0.02297358
v 0.03063970 -0.01066098 0.00095035
v -0.01677835 -0.02985935 0.09090394
v 0.00133570 0.03800634 0.06160376
v -0.02902346 -0.00302063 0.06661569
v 0.02855498 -0.04130209 0.00000000
v -0.02097171 0.02161626 0.09158216
v -0.02788249 -0.00931460 0.06651183
v 0.00362073 0.04193113 0.03401291
v 0.03967416 -0.01509291 0.00379497
v 0.05717534 -0.00942613 0.01389065
v -0.00617188 -0.03001399 0.01395505
v -0.02174147 0.00347088 0.01221907
v -0.00695292 0.00690096 0.00175562
v -0.05848948 0.00603698 0.02869606
v 0.04774506 -0.02392873 0.04798495
v 0.05220777 -0.00186096 0.01596401
v -0.01587015 0.03136204 0.09143604
v 0.02053194 -0.04297160 0.01430478
v -0.01481941 -0.02181920 0.01450215
v -0.02741933 -0.00162101 0.07559356
v 0.01896165 -0.04314721 0.04127082
v -0.03791608 -0.00502515 0.07184444
v -0.05567704 -0.01103136 0.01518857
v 0.05659153 -0.01333321 0.09058408
v -0.03073697 -0.00791296 0.07502326
v -0.00877069 -0.02318207 0.00803687
v 0.01249728 -0.04314114 0.02597242
v 0.01556026 0.03271612 0.00591395
v -0.05233923 0.00412320 0.05498136
v -0.04323469 -0.00715393 0.07094886
v 0.03578194 -0.03801581 0.03903607
v 0.01556984 -0.04397175 0.09150990
v -0.02765689 0.00997561 0.00220252
v 0.02336078 -0.04311569 0.09135332
v 0.00866076 -0.00284729 0.00051800
v 0.04786401 -0.02403534 0.07170210
v -0.05556492 0.00794227 0.05072526
v 0.04769823 -0.02442515 0.08815641
v 0.05767849 0.00707747 0.01490895
v 0.00141569 -0.02913129 0.00675589
v -0.01923222 0.00357209 0.00796561
v -0.02894485 0.00786329 0.00375846
v -0.02237314 -0.01949879 0.09190615
v -0.05535847 -0.01217027 0.01236157
v 0.00939498 0.04003386 0.05726893
v -0.01633057 -0.02494912 0.03674034
v 0.02121044 -0.03297613 0.00795479
v -0.01571086 -0.03084987 0.07702340
v 0.00756628 0.03491613 0.00960296
v -0.00406734 0.03610352 0.07990736
v 0.05632115 -0.01225171 0.00000000
v 0.00985950 -0.04079880 0.09056121
v -0.05777850 0.00190148 0.01325023
v 0.05405288 0.01886375 0.03828807
v -0.02566275 -0.00873235 0.09178983
v 0.05790443 -0.00498711 0.02720152
v -0.00841691 0.01616894 0.00278843
v 0.03866240 0.03304603 0.07920447
v 0.05598891 0.00858731 0.09180372
v -0.05715333 0.00339468 0.00973421
v -0.02363922 0.00766271 0.02031882
v -0.01943799 0.01560281 0.01374944
v 0.04514215 0.03223146 0.09086444
v -0.05784926 -0.01011606 0.01784287
v 0.04383472 0.02860845 0.08600645
v 0.05258548 0.00491755 0.01815662
v 0.03674961 -0.01685021 0.00291012
v -0.00385233 0.03796616 0.09194722
v 0.05661375 -0.01158285 0.02700676
v 0.03736385 -0.01551763 0.00279705
v -0.01277503 0.00131888 0.00170357
v -0.02327382 0.02171489 0.06987898
v 0.00788553 -0.04049318 0.09103504
v 0.03510173 -0.03578315 0.08634700
v -0.05668846 0.00779394 0.01997898
v 0.00771531 -0.02602017 0.00284332
v 0.04998086 -0.02256782 0.09170116
v -0.02972452 0.00933998 0.00024947
v -0.02945278 0.00685014 0.00344242
v 0.00178690 0.03393963 0.01110132
v -0.04143675 -0.00983808 0.07354370
v -0.02760391 -0.00892046 0.07075168
v 0.05797587 -0.00357480 0.04944816
v 0.04887578 0.02789558 0.07409606
v -0.05323683 -0.00925484 0.05309583
v -0.02147281 -0.01966862 0.09173587
v -0.02505022 0.01790802 0.09160149
v 0.03690958 -0.03809931 0.08223111
v -0.04744309 -0.01234315 0.00048773
v -0.00035524 0.04071909 0.06785878
v -0.02048086 0.02598549 0.06744059
v -0.02774303 0.00840991 0.00009878
v 0.05250925 0.02224319 0.02665093
v 0.04446058 -0.00653108 0.00484449
v 0.03098527 0.03783145 0.08989817
v 0.05636286 -0.01206964 0.04212057
v -0.01294012 0.00395732 0.00235200
v 0.05050589 0.01550899 0.02148351
v -0.00339157 0.03642201 0.07414015
v -0.01581682 0.01865745 0.00989364
v 0.00274295 0.03043295 0.00594372
v -0.05833395 0.00604268 0.02269254
v 0.04168642 -0.02757338 0.01888973
v -0.05815347 -0.00591235 0.04339497
v 0.03950121 -0.03497772 0.09187969
v -0.05815005 -0.01183455 0.02802880
v 0.03941815 -0.03275270 0.07910981
v 0.00782948 -0.03166306 0.00680085
v -0.01273367 -0.01472531 0.00611309
v -0.02087053 0.02119181 0.09111031
v -0.02803801 0.00828883 0.08907270
v -0.05542580 0.00440814 0.03326583
v 0.01449381 -0.03742291 0.01499978
v 0.02420814 -0.02441443 0.00227289
v 0.05501235 -0.01682878 0.05649507
v 0.05081591 0.01777994 0.04247467
v -0.05042370 -0.01090279 0.06481796
v 0.04451937 -0.01532405 0.00798126
v -0.02023271 0.00362087 0.00955530
v 0.04417517 -0.03253526 0.00000000
v 0.04408834 0.02917190 0.09144226
v -0.02503928 0.00991195 0.08855984
v -0.05295039 -0.00483036 0.04545351
v 0.04452928 0.02652164 0.02703115
v -0.02634296 0.01432276 0.06822143
v 0.05801177 0.00194316 0.03210240
v 0.04593619 0.03076299 0.02431847
v -0.00761604 -0.03670863 0.01783466
v -0.04751624 0.00739492 0.07182690
v 0.03587560 -0.02790055 0.00975688
v 0.02380378 -0.02147403 0.00125894
v -0.05512398 0.00380103 0.02772133
v -0.02711785 -0.01235739 0.00109977
v 0.04236595 0.01026751 0.00380995
v -0.05336159 -0.01152001 0.05821669
v 0.03030028 -0.04060618 0.01465649
v 0.00921314 -0.02512359 0.00236834
v -0.02561285 -0.00008429 0.06363712
v 0.05690395 0.01089926 0.04907750
v 0.05139324 0.02455044 0.00402401
v 0.01814438 -0.04092816 0.08258629
v 0.01158464 0.03983181 0.02899540
v -0.01186614 -0.00204822 0.00181760
v -0.02637646 -0.01357993 0.02525246
v -0.02462193 0.01859589 0.02257071
v -0.04956028 0.00824756 0.00253639
v -0.02575812 0.01341165 0.09194655
v 0.00600625 -0.04017698 0.09138388
v -0.00256506 0.03986072 0.04870525
v -0.01813534 0.02896666 0.00855767
v -0.01848501 0.02356837 0.07094511
v -0.04700933 0.00845705 0.00043936
v 0.05239543 -0.02037762 0.09191962
v -0.02627049 0.01036989 0.09193217
v 0.04644617 -0.01999828 0.01588087
v -0.00719356 0.03786629 0.00000000
v -0.03212952 -0.00754166 0.00000000
v -0.00316187 0.03638123 0.06367483
v -0.04446248 -0.00709108 0.06985580
v -0.01811722 0.02901686 0.00000000
v -0.01863951 0.01553204 0.01207699
v -0.00551320 -0.03465506 0.05966415
v 0.05294199 -0.00873406 0.02682118
v -0.04540588 0.00826788 0.00000000
v -0.05494213 0.00458692 0.00542033
v 0.00893798 0.04308341 0.06757058
v 0.01681883 0.04356340 0.08798604
v -0.05064622 -0.01129752 0.06542405
v -0.02850185 0.00450432 0.02568190
v 0.04553216 0.03135760 0.00000000
v 0.04868402 -0.01562571 0.01586081
v -0.01413749 0.01569686 0.00606747
v 0.00765208 -0.03994079 0.07475242
v 0.05753084 -0.00754342 0.02687513
v -0.05184872 0.00727459 0.00562099
v -0.00275408 0.03518967 0.02043346
v 0.05867557 -0.00086946 0.09060262
v -0.00695223 -0.03779800 0.09111149
v -0.01561481 -0.03085601 0.07046670
v 0.00757859 -0.03979495 0.06418877
v -0.02864336 0.00667406 0.00546856
v -0.02346968 -0.01984362 0.09158290
v 0.04443358 0.02532053 0.01894051
v -0.01086531 0.02018663 0.00579099
v -0.02512508 -0.01681075 0.05407568
v -0.01383533 0.02434739 0.01332437
v 0.04619597 0.02627482 0.07312326
v 0.00585790 0.03961578 0.08633272
v -0.05399394 0.00167628 0.04031328
v -0.02677877 0.01240112 0.09169724
v 0.05477787 0.01858763 0.07442694
v 0.00743913 0.04044052 0.09125712
v 0.04944217 -0.02628933 0.03498682
v 0.00367987 -0.03143999 0.00803334
v 0.04296993 0.00338629 0.00328730
v -0.00453937 -0.03593047 0.09139301
v -0.04846511 -0.01099598 0.06825970
v 0.03011434 0.03724062 0.03826878
v 0.02907010 0.04146153 0.01497545
v 0.00501841 0.04086378 0.09195455
v -0.02849433 0.00632991 0.06346222
v -0.03059238 0.00922158 0.07242779
v 0.00187749 -0.00338588 0.00054985
v -0.02297234 -0.01936834 0.09184879
v -0.01675715 -0.02352486 0.02456950
v 0.05149818 0.02333001 0.09184943
v 0.01159695 -0.04192415 0.09184405
v 0.01825000 0.03561735 0.00976303
v -0.00703393 0.01545750 0.00240545
v 0.01921938 0.03949461 0.02349765
v 0.01825889 -0.04024096 0.05881246
v -0.02111663 0.00756701 0.01226913
v -0.05419014 -0.00640144 0.00409587
v 0.04102023 0.03531983 0.09149309
v 0.03744418 0.03302686 0.02709907
v -0.05250842 -0.00023770 0.01415690
v -0.00699291 -0.02029440 0.00478624
v -0.00576648 -0.03776367 0.02973257
v 0.05855867 -0.00276256 0.09108469
v 0.02110859 -0.03937544 0.03626003
v 0.00465916 -0.04265196 0.09118631
v -0.05274256 -0.00924606 0.05510269
v 0.02548755 -0.03871529 0.04352902
v 0.01148894 0.04071274 0.08798873
v -0.01887263 -0.02017895 0.02404807
v -0.02630877 0.00233556 0.09111557
v 0.05086992 0.01623054 0.02876308
v -0.01799280 -0.02483642 0.09167506
v 0.05174907 0.01817821 0.08653686
v -0.00670305 0.02504220 0.00586855
v 0.05140008 0.02388002 0.03201612
v -0.05360256 -0.00931632 0.06185071
v 0.03372730 -0.02024410 0.00282368
v 0.05508140 0.01740070 0.01079952
v 0.01649240 0.04177185 0.09183525
v 0.00485810 0.03906438 0.06190311
v 0.05403648 0.00546622 0.03090105
v 0.03321390 -0.03337331 0.01612017
v -0.02584903 -0.00339163 0.08740726
v 0.05317033 0.01169999 0.04232277
v -0.01087864 0.03521943 0.07741024
v -0.04220377 -0.00573195 0.00038449
v -0.00912685 0.03633400 0.02373211
v 0.01424293 -0.03923063 0.02732290
v -0.05024630 0.00005971 0.07026804
v -0.02206482 -0.02266611 0.06498298
v -0.05251389 0.00239603 0.01104116
v -0.05705829 -0.01216435 0.02043251
v 0.00367235 -0.03440647 0.01232976
v -0.05687782 -0.01198102 0.02038411
v 0.05258993 0.01687280 0.08188629
v -0.02589723 -0.01486576 0.00013955
v -0.01521522 0.00773558 0.00462225
v 0.05478950 -0.01683593 0.04429948
v -0.01757408 -0.01706444 0.01388606
v 0.04280587 -0.03388553 0.09116587
v 0.04779805 -0.01756529 0.01594755
v 0.02478718 -0.02014467 0.00102147
v -0.01406092 -0.03205798 0.09154777
v -0.02736053 -0.01029903 0.06723696
v -0.02648412 -0.00425977 0.09180409
v 0.04929485 0.02210207 0.06508614
v -0.02595773 -0.00519250 0.09149943
v -0.05789300 0.00833005 0.02576508
v -0.04493828 0.00206705 0.00234385
v -0.02988414 0.00416708 0.00372935
v 0.00800552 0.01791740 0.00150075
v 0.03653223 -0.03708294 0.09189431
v 0.05500142 -0.00672425 0.06601559
v 0.00792724 -0.04318319 0.08288200
v 0.02367902 0.00794916 0.00104846
v 0.00181255 -0.02010128 0.00174971
v -0.04499844 0.00011003 0.00257922
v 0.01835494 -0.04406851 0.09104394
v -0.00947037 0.03101116 0.02019724
v 0.03384558 0.00355480 0.00160369
v -0.02232972 -0.01576262 0.08281464
v 0.00209659 -0.04107587 0.03765364
v -0.05801127 -0.00308292 0.01468363
v -0.02143417 -0.00884952 0.01423614
v -0.01198338 -0.01298773 0.00475703
v -0.02327142 0.01368552 0.03588093
v 0.02013408 -0.04300205 0.02870444
v -0.02352949 0.00989208 0.02248658
v -0.02597790 -0.00292583 0.09054300
v -0.02045932 0.01974657 0.03273922
v -0.02745795 0.01023757 0.00429156
v 0.03983414 0.03103265 0.02638474
v -0.00689207 0.03771247 0.02389134
v -0.05597680 0.00796077 0.04961225
v -0.00111064 0.04056358 0.00795216
v -0.03180342 -0.00356750 0.07602257
v 0.05220471 0.01329011 0.03069605
v 0.02087889 -0.04094992 0.09106835
v -0.02777310 0.00634022 0.07341799
v 0.05500621 0.01760989 0.00656066
v -0.00817113 -0.03709408 0.09110919
v 0.00128137 0.03155484 0.00776362
v 0.05168549 0.01037430 0.01820870
v 0.01003418 -0.02849905 0.00383414
v -0.02741625 0.01008430 0.05573752
v 0.01721329 0.01381907 0.00119209
v -0.00343189 -0.03113479 0.01241104
v -0.05007026 -0.00819076 0.00648045
v -0.00325381 0.03707532 0.09147651
v 0.02343805 0.04318366 0.01009073
v 0.05529162 0.00160342 0.05841542
v -0.01917444 -0.02579197 0.09178689
v -0.02136137 0.02021680 0.09092514
v -0.02494870 -0.01715867 0.02252537
v 0.04943329 0.02201538 0.07069340
v 0.05223479 -0.02282273 0.09104284
v 0.04296139 -0.03002581 0.09056869
v -0.05696771 -0.01182811 0.04051875
v 0.05591680 -0.01212989 0.09190820
v -0.00892005 -0.03215174 0.05237864
v -0.00086453 0.03743336 0.07467212
v -0.00296190 0.03742730 0.09165823
v -0.05336090 0.00000450 0.04245873
v -0.05816918 -0.01001570 0.03810271
v 0.03940209 -0.03321043 0.09058379
v 0.01682840 -0.04326734 0.03230662
v -0.02079806 -0.01974629 0.09122654
v 0.01586893 -0.03814219 0.01633846
v -0.01019877 -0.03145172 0.06729069
v 0.02742803 -0.03618065 0.01669239
v 0.05333201 -0.02007263 0.02731747
v -0.02961992 0.00552162 0.00367797
v 0.02270793 -0.04271292 0.01474933
v 0.03548628 -0.02411073 0.00606514
v -0.05175335 0.00755013 0.06179058
v -0.02497638 -0.00281546 0.03587786
v 0.04354248 0.02894942 0.08797415
v 0.02788128 -0.03894080 0.08125127
v 0.03479616 0.03876700 0.02918597
v -0.05165798 -0.01178741 0.00290200
v -0.05743155 0.00838639 0.01724755
v -0.02837913 -0.00291370 0.08032584
v 0.00137708 0.03706316 0.02019963
v 0.03436855 -0.03523003 0.04265627
v 0.02561916 0.02996522 0.00468184
v 0.04915915 0.02657296 0.09186669
v 0.00225964 0.04058182 0.09193876
v -0.02556430 -0.00240525 0.07417764
v -0.00141109 -0.04005194 0.07755876
v 0.01679217 -0.04105048 0.08553286
v 0.01609385 -0.04119924 0.09052084
v 0.03184665 0.03682047 0.05881971
v -0.04865344 0.00575009 0.00369300
v -0.02983970 -0.00017136 0.07496651
v 0.02940064 -0.03296894 0.01141049
v 0.04357973 0.01382017 0.00604765
v 0.05303087 0.02173358 0.09159031
v 0.04366826 -0.00881564 0.00471470
v 0.02923588 -0.04096260 0.04917602
v -0.05152980 0.00751806 0.06529576
v -0.02789102 -0.00563323 0.07662112
v -0.01301497 -0.00461740 0.00305241
v 0.04858901 0.02008859 0.02468713
v 0.02890091 -0.00339458 0.00092996
v -0.02071021 0.02473034 0.09187228
v -0.00084402 0.02562192 0.00377424
v 0.01849645 -0.04186654 0.09174702
v 0.03110048 -0.04027150 0.02793844
v -0.01212181 0.02877066 0.02021396
v 0.05770756 -0.00834445 0.07299145
v 0.05316418 0.00253096 0.01927171
v 0.00722721 0.04094035 0.09181417
v 0.03558233 -0.03606244 0.09136348
v 0.05824763 0.00069980 0.09178592
v 0.00163276 0.03828312 0.08193958
v -0.03371620 -0.00329271 0.07653501
v 0.02045026 0.04024427 0.04921196
v -0.01822625 0.02886284 0.03594998
v 0.04722791 0.02944486 0.01926956
v -0.02294977 -0.01565380 0.09136998
v -0.04596235 -0.00432364 0.06702351
v 0.05536888 -0.00698628 0.08888710
v -0.05295790 0.00609057 0.00865515
v 0.05231204 -0.02283890 0.09053772
v -0.05024185 0.00824508 0.00312273
v 0.04820310 -0.02717673 0.09182470
v 0.04392394 0.00016692 0.00381285
v 0.05048847 -0.02123442 0.09147076
v 0.00971561 -0.04287174 0.02381956
v -0.01880836 -0.01483368 0.01387445
v -0.00559215 -0.01318429 0.00225186
v 0.02556105 -0.04264906 0.09126213
v 0.01497851 -0.04357629 0.09182257
v -0.01975928 0.02123415 0.05459101
v 0.02810551 -0.04138040 0.02747210
v -0.05056008 -0.00472297 0.05765530
v -0.02850321 -0.01236033 0.00000000
v 0.03852671 -0.03280436 0.04473539
v 0.05795709 -0.00458743 0.00000000
v -0.00845347 -0.02925111 0.01623049
v 0.04371099 -0.02843715 0.04576929
v -0.05140538 0.00851905 0.00327961
v -0.01334037 0.03359891 0.08935218
v 0.02718296 -0.03966053 0.09140421
v 0.02683397 -0.03159094 0.00817213
v 0.03024970 -0.04059271 0.02136387
v 0.03217685 -0.03682606 0.05246076
v -0.05191468 0.00827713 0.00487280
v 0.00443870 -0.03672685 0.01850868
v 0.04092863 0.03078251 0.04321923
v 0.03646934 -0.03608104 0.09173418
v -0.03370834 0.00883205 0.07362831
v -0.01996881 0.02692657 0.09141755
v -0.02119319 0.01891611 0.05539374
v 0.04636039 -0.03030403 0.04250909
v 0.03061168 -0.03644138 0.03023578
v -0.02434095 0.01917242 0.04113180
v -0.01628988 0.02636399 0.07688041
v 0.01600532 0.02889925 0.00308650
v -0.05723535 0.00115070 0.01053799
v 0.02064339 -0.04006513 0.06318415
v 0.04436044 0.02419450 0.01627260
v -0.00122651 0.01297516 0.00149815
v 0.05259164 0.01147783 0.02904106
v -0.03149783 0.00405571 0.00229060
v 0.05373227 -0.01324944 0.08690481
v -0.02536707 0.01693199 0.04082704
v -0.02589141 0.00985097 0.09176464
v -0.01267657 0.02990566 0.06977445
v -0.02825163 -0.00622268 0.02519827
v -0.02842528 0.00497465 0.01162400
v 0.00342899 0.04189065 0.05639473
v -0.05685833 0.00717467 0.03179481
v 0.05392301 0.01997181 0.01770954
v -0.02798023 -0.00310879 0.07326234
v 0.01533810 -0.04425062 0.08868704
v 0.00387847 -0.03262774 0.00950142
v -0.02044428 0.02027288 0.04882156
v 0.01018322 -0.04048977 0.08090813
v -0.02288824 0.02209016 0.00920672
v 0.05822917 0.00664994 0.09110111
v -0.02392906 -0.00888244 0.03384420
v 0.04371236 -0.02861263 0.04944459
v -0.00983405 -0.00713580 0.00235417
v -0.05314623 0.00784660 0.00416583
v -0.04185785 -0.00988466 0.07534892
v -0.04369510 -0.00858871 0.00018504
v 0.00320920 -0.03646821 0.01982797
v 0.05807775 -0.00553487 0.06967821
v -0.02828752 0.00796926 0.06456065
v 0.02456501 0.02914934 0.00376068
v 0.00129334 0.03738522 0.02509823
v -0.02696983 0.01245755 0.09146727
v 0.05013025 0.02644405 0.09103965
v 0.04654429 -0.03042229 0.08059750
v 0.05783267 0.00735899 0.09160816
v -0.03990815 -0.00747100 0.07248073
v -0.00744170 0.03277156 0.02425834
v -0.05758058 0.00825898 0.03340733
v 0.05477959 -0.01694694 0.01301682
v 0.05819260 -0.00104215 0.01251285
v 0.05075542 -0.01352771 0.02007724
v -0.04838443 -0.01192712 0.00190598
v -0.05862037 -0.00529502 0.02378576
v -0.01959213 0.02706053 0.02467158
v -0.03359212 0.00408459 0.07130234
v -0.01005144 -0.03562336 0.08226442
v 0.04945141 -0.02194396 0.08818494
v 0.04875582 0.02014398 0.02681421
v -0.05808407 -0.00544874 0.01588130
v -0.05781848 -0.01166915 0.01981100
v -0.02885117 0.00882214 0.07291252
v -0.02202379 -0.02258242 0.05108016
v 0.02663469 -0.00338375 0.00076323
v -0.02893013 0.00619373 0.06682275
v 0.05201877 0.01691683 0.05796254
v -0.05771012 -0.00568930 0.01368363
v 0.01045838 0.04328267 0.03911300
v 0.03059494 0.03904064 0.09189235
v -0.04780643 0.00410153 0.00388626
v 0.05256293 0.02188324 0.04660874
v 0.05799025 -0.00711732 0.08954486
v -0.01174478 0.00084270 0.00133361
v 0.02728208 0.03799293 0.02553591
v -0.03948259 -0.00284621 0.00053183
v -0.02512848 -0.00203270 0.04210889
v 0.03630425 -0.03017906 0.01386379
v -0.02801134 -0.00773306 0.09146009
v 0.05774585 0.00674233 0.00597375
v 0.05731448 -0.00838145 0.04885342
v 0.05407785 -0.01848680 0.04438143
v 0.01627672 0.04076527 0.08545603
v -0.01092648 -0.03486945 0.09151449
v 0.01795332 -0.04078627 0.07709965
v -0.03751306 0.00199943 0.00069138
v 0.05227103 0.00973612 0.02045234
v 0.01457073 0.04363020 0.09094386
v -0.05735464 -0.01212760 0.02973447
v 0.04633954 -0.02633415 0.09051042
v -0.00703152 0.03762934 0.05195367
v 0.01852175 0.04087786 0.08992078
v 0.04845537 -0.02773760 0.03709385
v 0.05265591 -0.00877109 0.02386643
v 0.02798007 -0.04148051 0.00711082
v -0.02819386 0.00037952 0.07418165
v 0.02457219 0.04260739 0.08511003
v 0.05336586 -0.01154765 0.05129839
v -0.01322278 -0.03122620 0.09189894
v 0.04103323 -0.03000129 0.03195617
v 0.01224846 0.04319187 0.09174854
v -0.04077704 0.00578711 0.00000000
v -0.04304121 0.00679630 0.00000000
v -0.05598601 -0.01236476 0.01110759
v 0.05803502 -0.00306227 0.02978897
v -0.03156414 -0.00833532 0.00000000
v 0.01910113 0.03979348 0.03020677
v -0.01196149 -0.03420075 0.09134269
v 0.03992884 0.03558500 0.04291479
v 0.05445966 0.01112187 0.07634001
v 0.04483556 -0.00904324 0.00576141
v -0.05553072 0.00765423 0.05361359
v 0.00108620 0.00347236 0.00073630
v 0.05122679 0.01321164 0.01922375
v 0.05210251 0.01607667 0.05127232
v -0.00118241 0.03706417 0.05978463
v 0.04519584 0.02439473 0.01898798
v -0.02760629 -0.00737841 0.07193823
v -0.02428044 -0.01857676 0.02987938
v -0.05184153 0.00046392 0.01088619
v -0.05385173 0.00583431 0.01058541
v -0.02794468 -0.00771409 0.00715084
v 0.05387311 -0.00517812 0.03106043
v 0.04354898 -0.03296018 0.04219129
v 0.01633723 -0.03983441 0.03739469
v 0.04407640 0.02833571 0.07846237
v -0.05365861 -0.01036666 0.00465544
v -0.00684352 -0.03314218 0.03662162
v 0.05450102 0.01576288 0.09194118
v -0.00902429 -0.00285604 0.00183315
v -0.05679645 -0.01077192 0.02633373
v 0.00008161 0.03845248 0.09151253
v -0.04542022 0.00764635 0.07370115
v -0.05311923 -0.00602571 0.04558789
v 0.04593689 0.02641123 0.08518653
v -0.05801570 -0.01175500 0.02262510
v 0.02721475 -0.03825244 0.04360908
v -0.05792444 -0.00765288 0.04455412
v 0.02713237 0.03791870 0.02330204
v -0.02720739 0.01113113 0.02573136
v -0.02720739 -0.01186085 0.09050192
v -0.02449305 -0.00564024 0.03353845
v 0.03964889 0.03232020 0.08797375
v -0.01784136 -0.02864443 0.08145783
v -0.04890398 0.00774809 0.06951578
v -0.02177769 0.02403074 0.04566329
v 0.04533974 0.02617684 0.03618039
v -0.02395811 0.02000754 0.04608028
v 0.05217122 -0.02228448 0.03725094
v -0.00863838 -0.03597230 0.00908617
v -0.01930740 0.02743637 0.04737477
v 0.04877530 0.01462690 0.01311267
v -0.02569042 0.00095186 0.06869613
v 0.05568950 -0.00095824 0.06876896
v -0.01499850 0.02161435 0.01174756
v -0.05717245 -0.00299016 0.00968820
v -0.03852585 0.00431847 0.07694747
v -0.05812371 -0.01004857 0.02078465
v 0.00085753 0.03901648 0.09172262
v -0.00438828 -0.01986551 0.00329377
v -0.02844578 0.00466959 0.01587166
v 0.04925897 -0.00354482 0.00989455
v -0.01654145 0.01473468 0.00801766
v 0.00822292 0.04295718 0.03840378
v 0.05276358 0.02176214 0.05659961
v -0.00305623 -0.03926918 0.06710436
v -0.00252539 -0.03936925 0.01417816
v -0.04233878 -0.01032950 0.07490224
v 0.02933160 -0.04115380 0.09167255
v 0.04490871 0.01720032 0.00943574
v -0.01257402 -0.03330717 0.04145727
v 0.04807049 -0.02886849 0.08885526
v -0.00653042 -0.01551240 0.00278697
v -0.05526342 0.00183583 0.05876054
v 0.00144203 -0.01519861 0.00102716
v 0.02069330 0.04395097 0.00000000
v 0.03671203 0.00571077 0.00211062
v -0.01316365 -0.02798302 0.02973238
v -0.02216017 0.02342410 0.00000000
v 0.00190963 -0.04164480 0.08541722
v 0.05520003 -0.00024589 0.05375817
v 0.04925316 0.02024040 0.03514902
v 0.04986774 -0.00306123 0.01085656
v -0.02993198 -0.00001250 0.00394524
v 0.05486403 0.01717179 0.03167745
v -0.02948420 -0.00305889 0.00420876
v 0.02450691 0.03943404 0.06670139
v 0.02319571 0.04298648 0.01944261
v 0.05557363 0.01449617 0.09188931
v -0.02685258 -0.01183808 0.00000000
v -0.02501329 -0.01584238 0.09182528
v -0.02002281 0.02653961 0.02992952
v 0.00754169 0.03952522 0.03767703
v -0.01380831 0.02984084 0.09097568
v 0.03221992 -0.01861782 0.00174031
v 0.04946030 0.02045873 0.04270648
v -0.05737822 -0.01019057 0.01482039
v -0.03611333 -0.00838452 0.07661822
v -0.02534997 0.01705527 0.05700612
v -0.04993421 -0.00837135 0.06265732
v 0.05358394 -0.01996303 0.05515162
v -0.05867847 0.00111829 0.02014154
v -0.04590013 -0.00185195 0.06667075
v -0.02052357 -0.01759244 0.02656942
v -0.02270981 0.01616678 0.07113229
v -0.00293249 0.02877711 0.00689505
v 0.03819482 -0.03677045 0.03288643
v 0.00188161 0.02704766 0.00379707
v -0.05621878 -0.01071918 0.01848566
v 0.04861602 0.02410338 0.09138020
v 0.00758100 0.03359356 0.00790279
v 0.03584554 0.03513700 0.07914055
v -0.02128820 0.01894340 0.06623976
v -0.05462628 -0.01153386 0.05334443
v 0.04241587 -0.02464418 0.01385308
v -0.03738658 0.00533580 0.00000000
v -0.00491945 0.03589178 0.08945354
v -0.01008083 0.03180565 0.05340360
v -0.05234433 -0.00962720 0.06477124
v 0.00190827 -0.03822583 0.06108154
v 0.02404991 -0.03879763 0.03407598
v 0.05092224 -0.02421289 0.03372385
v 0.05372408 0.01526087 0.09162935
v -0.03832623 0.00175877 0.07193439
v -0.05731293 -0.01239388 0.02012792
v -0.05013724 -0.00303209 0.07051182
v 0.03894339 0.03135867 0.02213319
v -0.02615221 0.00116509 0.08741849
v -0.00444912 -0.03536194 0.06282344
v 0.05750624 -0.00241906 0.09200000
v -0.04863224 -0.00827170 0.07116700
v 0.01262446 -0.04302170 0.09190966
v -0.02263837 -0.01326761 0.03178040
v 0.04658531 -0.01806104 0.01355682
v 0.00117200 0.03278370 0.00952762
v 0.05008685 -0.01709713 0.02730044
v -0.00372584 -0.03573256 0.05515066
v 0.05087746 0.01047848 0.01539331
v -0.00932337 0.02818942 0.01172479
v -0.01579732 0.02644398 0.05992501
v 0.02060648 0.04023822 0.05592570
v -0.01553104 -0.03043166 0.00000000
v 0.03058435 -0.00841618 0.00096382
v 0.02000284 0.04145695 0.09185951
v -0.01946053 -0.02640991 0.06508698
v -0.02330832 -0.01333491 0.08233331
v -0.00274449 -0.02391466 0.00463776
v 0.03050744 0.03665403 0.02253352
v -0.02548806 0.01692790 0.07921060
v -0.01375498 0.02855118 0.05986562
v -0.04840664 0.00821886 0.00000000
v 0.05493684 -0.00903609 0.08335612
v -0.01366508 -0.03204436 0.00000000
v 0.03516225 0.03698331 0.09191438
v -0.02853840 0.00030023 0.08305144
v -0.02494663 0.00764309 0.06780794
v -0.04848184 0.00773244 0.06837025
v -0.01539432 -0.03076692 0.02607279
v 0.04165910 -0.03070354 0.05685114
v -0.00279303 0.03613362 0.04250209
v -0.05459483 -0.00955752 0.05898132
v -0.04085189 0.00787097 0.07393779
v -0.03156755 -0.00179229 0.00224618
v 0.04080012 0.02679233 0.01309719
v 0.01656727 -0.04088459 0.07818069
v -0.02053348 0.02005617 0.04021433
v -0.03357024 0.00391769 0.00119150
v 0.00554824 -0.03841302 0.02929026
v -0.04108945 0.00589461 0.07277482
v 0.02437087 0.03800505 0.01812568
v 0.02699873 0.02826146 0.00375983
v 0.04949141 -0.02194322 0.08568265
v 0.05176686 -0.02198061 0.09186159
v 0.00145332 0.03817107 0.06977512
v 0.00058238 -0.04083930 0.07795741
v -0.00046425 0.01088469 0.00132945
v -0.01577510 0.02786719 0.09046568
v 0.02885375 0.04140042 0.02577658
v -0.01961776 -0.01999200 0.03301208
v -0.03143049 -0.01010386 0.07315789
v -0.00272843 0.03925890 0.09185044
v 0.02991303 0.04146012 0.00000000
v 0.04111664 -0.01520493 0.00474483
v -0.02066132 -0.02085897 0.09168338
v -0.02065824 -0.00893573 0.01267918
v -0.05669869 0.00386082 0.05244978
v 0.00586784 0.04183800 0.09192486
v -0.02633268 0.01432342 0.07206580
v 0.02206055 0.04305562 0.08921267
v -0.02247805 -0.00326049 0.01405486
v -0.02684574 -0.01034543 0.09186227
v -0.01258222 0.02961803 0.05458347
v -0.05843407 -0.01029471 0.02701137
v -0.01231389 -0.00299821 0.00228090
v -0.01528904 -0.03076967 0.01653439
v 0.03039909 0.03860715 0.09170239
v -0.05709963 -0.01197288 0.04217718
v 0.00573077 0.02029672 0.00188179
v -0.02323107 0.02155612 0.05197941
v 0.04353634 0.03305190 0.01290789
v 0.03233615 -0.02334932 0.00383772
v -0.01753577 0.02443098 0.04368428
v -0.01858548 0.02856520 0.09149112
v 0.04844341 0.02544771 0.09185635
v -0.01945779 0.02174343 0.05783507
v 0.02420783 -0.03588221 0.01336915
v 0.05159801 0.01500428 0.03189560
v -0.03608085 -0.01022318 0.07477337
v -0.05839306 0.00171361 0.04055717
v 0.03278666 0.02340579 0.00336151
v -0.01070224 -0.03465935 0.04653233
v 0.05308865 -0.00338348 0.01946602
v 0.05641655 0.01424419 0.07771778
v -0.02285986 -0.01170588 0.02433267
v 0.03314317 0.02960838 0.00821953
v 0.01582451 -0.02600035 0.00245445
v 0.02142547 -0.04167949 0.09183896
v 0.05065392 -0.02465400 0.02915387
v 0.01066655 -0.04079040 0.08686540
v -0.02477128 0.00628990 0.04254975
v 0.00577110 -0.03905439 0.04773135
v -0.02240114 -0.01305840 0.02416768
v 0.05276667 -0.01638949 0.09107520
v 0.03046506 -0.03750058 0.05248464
v 0.03230333 0.04045334 0.00000000
v 0.05461724 -0.01218609 0.09151952
v 0.05339389 -0.01998700 0.01730804
v 0.00876710 0.04302572 0.04911149
v 0.01822268 -0.03131743 0.00585604
v -0.04048956 -0.00084737 0.07690290
v -0.05658931 -0.01241364 0.01412785
v -0.01694068 0.02173184 0.01645494
v -0.01300231 0.03378415 0.00768373
v 0.05201536 -0.01239206 0.02951032
v -0.01168496 -0.01788841 0.00687035
v 0.02332458 -0.04110941 0.09175997
v -0.01114899 -0.03503567 0.09100808
v 0.00477882 -0.04208760 0.06733743
v 0.00539169 -0.04058695 0.09183407
v -0.00659570 0.03460532 0.07344107
v -0.01245472 -0.01857723 0.00802913
v -0.01954085 -0.02630492 0.05781888
v -0.05077814 0.00147493 0.00030796
v -0.01577304 -0.03089225 0.08144491
v 0.04391029 0.00352864 0.00381709
v 0.01319666 -0.01383127 0.00044089
v 0.05073664 0.01996919 0.06876169
v 0.05213944 0.02318962 0.09160259
v 0.02667675 0.03097810 0.00595878
v -0.02284789 -0.02146547 0.00315419
v 0.02755965 -0.04171322 0.06565711
v -0.02704023 -0.01204055 0.00000000
v 0.05355796 -0.01960037 0.02184444
v 0.03475037 0.03875262 0.04429036
v -0.00436297 -0.03900067 0.08333292
v 0.04333365 -0.02827147 0.03956027
v -0.02001631 0.01607624 0.01595099
v -0.00155224 0.04023523 0.09137785
v -0.04985422 0.00851538 0.00155862
v -0.01029993 -0.03462139 0.00944628
v 0.04168337 0.03427560 0.03205320
v -0.01956785 0.02717430 0.06837600
v 0.04081482 0.03523259 0.00496049
v -0.01527536 0.02771424 0.08541402
v 0.04353429 0.03294286 0.03752448
v 0.03618497 -0.02582731 0.00792877
v 0.03671067 -0.00022337 0.00192201
v 0.01195246 -0.04064622 0.07707957
v 0.05448360 0.00625512 0.04644811
v -0.01963245 -0.02023565 0.03657041
v -0.01595659 -0.02420821 0.02319417
v -0.00308972 0.03695882 0.09100331
v 0.04276350 0.01761199 0.00720284
v 0.00417655 -0.03896517 0.06411475
v 0.03498007 0.03600064 0.08977429
v 0.03480883 0.03199772 0.01300799
v -0.02950505 0.00416198 0.00440871
v -0.02250198 -0.02196541 0.01659152
v 0.05660284 0.00508557 0.09184864
v 0.05791643 0.00816672 0.08078527
v -0.05565957 0.00310475 0.00621736
v 0.04339620 -0.03316677 0.06334862
v -0.05390744 0.00722800 0.05975876
v -0.05338139 0.00530033 0.01033779
v -0.02546721 -0.00220118 0.06324970
v 0.00953926 -0.04301240 0.05781170
v 0.00386310 -0.03049532 0.00693681
v -0.02150764 0.01699161 0.02689202
v -0.01153011 -0.03446624 0.07632781
v 0.04386072 0.02828200 0.04970100
v 0.05488694 0.01871452 0.09058809
v 0.05770245 0.00714368 0.02459832
v -0.00293180 0.03230990 0.01187934
v -0.02261683 -0.01152105 0.02173114
v -0.04562086 -0.01186270 0.00000000
v 0.00382516 -0.01474530 0.00076266
v -0.04779684 0.00781734 0.07078378
v -0.04385505 0.00654266 0.07211394
v -0.02836612 0.00404563 0.08475074
v 0.01809860 -0.02852032 0.00376861
v 0.04863962 -0.02762138 0.04321818
v -0.01681284 0.02535001 0.06090974
v -0.03947300 -0.00497264 0.00000000
v -0.05057886 0.00529593 0.06865053
v -0.01241541 0.02955984 0.03302298
v 0.03641843 0.03420220 0.04994182
v 0.03703095 0.02851703 0.01022994
v 0.05051446 -0.02504756 0.00989867
v 0.05349576 0.00938442 0.03579925
v 0.02138992 0.03924973 0.02372599
v -0.03058723 0.00911983 0.07382784
v 0.00109168 0.02975323 0.00590488
v 0.02016794 -0.04310433 0.04991392
v -0.02821983 0.00634621 0.03357827
v 0.03119654 -0.03344788 0.01351445
v -0.05482008 0.00290962 0.00477391
v -0.03897669 -0.00028136 0.07158866
v 0.04660720 0.01348846 0.00926552
v 0.03856262 -0.03315553 0.05867021
v -0.02294941 0.01754208 0.09147486
v 0.05449283 0.01911452 0.09156644
v -0.00465830 -0.01595300 0.00247121
v 0.00190486 -0.04107964 0.05040041
v -0.05217000 0.00770858 0.06080496
v 0.02212448 0.04302125 0.06443582
v -0.05102595 0.00187677 0.06885015
v -0.01856189 0.00775396 0.00793366
v 0.01057905 -0.04034491 0.06584929
v -0.05609914 -0.00824078 0.05454163
v -0.01199634 0.02019379 0.00669172
v -0.05653393 -0.01134803 0.04941878
v -0.05460781 -0.00806384 0.01999407
v 0.01653618 -0.04336707 0.00000000
v 0.05530190 -0.01523515 0.00000000
v 0.03657874 0.03442496 0.06823358
v 0.03395908 0.03767419 0.09192180
v -0.02160369 0.01787002 0.03650454
v 0.02048651 -0.04036311 0.07221274
v 0.00692781 0.04255479 0.09152638
v -0.02220391 -0.00556314 0.01421098
v -0.00076436 0.03981457 0.09192847
v 0.05471979 0.00310138 0.04418369
v 0.03870789 -0.03197663 0.03490231
v 0.02435789 0.03051027 0.00474273
v 0.05192171 0.01760757 0.06244339
v 0.03783524 -0.03167873 0.02415431
v -0.05439144 -0.00953232 0.01441424
v -0.00276158 0.03976266 0.02262104
v 0.00564430 -0.04215834 0.05107103
v 0.05079714 0.01989122 0.07636992
v 0.05639810 0.01371865 0.06454541
v -0.05770464 0.00613236 0.01548688
v -0.02760319 0.00821169 0.07818153
v 0.01344072 -0.04359612 0.06714552
v -0.02645162 0.00175314 0.09143897
v -0.05138793 0.00826402 0.00425776
v 0.02316565 -0.04268209 0.05144636
v 0.05510809 -0.00326822 0.05476596
v -0.00028001 -0.02723800 0.00596637
v -0.01821461 0.00364225 0.00675971
v -0.00237122 -0.04006326 0.08659769
v 0.03193316 -0.04006154 0.00000000
v -0.00061499 0.03760866 0.08836232
v 0.04541324 -0.02548272 0.03521577
v -0.05451552 0.00791789 0.05501361
v 0.01828900 0.03282432 0.00603114
v 0.02677929 0.03262825 0.00805107
v -0.02808173 0.00826075 0.09095026
v 0.05417426 -0.01161953 0.08250032
v -0.05188048 0.00371000 0.00147937
v 0.05128730 0.01331239 0.02063787
v -0.00917331 0.03657299 0.00000000
v -0.05712355 -0.01177303 0.02657455
v -0.03944771 -0.00465108 0.00009854
v 0.00579333 0.03474800 0.01002820
v -0.02561965 -0.01563940 0.05693644
v 0.03764622 0.03314011 0.03075348
v -0.04784264 -0.00442894 0.06405820
v 0.05235034 -0.01709120 0.09053833
v 0.02636228 0.04214830 0.03212933
v 0.00510355 0.04005517 0.09152683
v 0.05297176 0.02215007 0.09137248
v 0.05393978 0.01367872 0.08282175
v -0.02446364 -0.01292966 0.09176596
v -0.02769480 0.00945225 0.03021666
v 0.04983426 -0.02021106 0.04565500
v -0.02830630 0.00046335 0.07354486
v -0.05088204 0.00600574 0.00576520
v -0.04921741 -0.00915068 0.00000000
v 0.02613327 -0.03343693 0.01020732
v -0.02452995 -0.00921400 0.07252666
v 0.03016154 -0.03697544 0.03738550
v -0.00265219 -0.03928544 0.02094128
v 0.01222694 0.02731262 0.00273820
v -0.00457182 -0.03536420 0.07105251
v 0.04661916 -0.02479938 0.04221241
v 0.02045780 0.03117746 0.00464670
v 0.05528618 -0.01677564 0.09101684
v -0.02827793 0.00627931 0.04713311
v 0.00042413 -0.00849639 0.00075560
v -0.05837596 0.00420809 0.03883726
v -0.00482100 -0.03692059 0.09192584
v 0.03446907 0.03566453 0.06202308
v 0.05818988 0.00441037 0.06085192
v 0.02669008 0.03932052 0.08990572
v -0.05162446 -0.01228734 0.00321496
v 0.00954610 -0.04292303 0.00000000
v -0.02317979 0.01372568 0.03273185
v 0.00569933 -0.03020067 0.00598531
v -0.02728872 -0.01025646 0.06926881
v 0.01200168 0.04051730 0.07027991
v 0.00596389 -0.03952204 0.07113445
v -0.02867854 0.00021318 0.01106323
v 0.02872421 0.03927080 0.09176507
v 0.01455059 -0.04328999 0.00237529
v 0.02470517 0.03882984 0.03084559
v 0.03993295 0.03517263 0.09188993
v -0.00285557 -0.00823490 0.00115796
v -0.01230261 -0.02740483 0.02092690
v -0.00127434 -0.03817296 0.09181505
v -0.05027601 -0.01213918 0.00348384
v -0.03732470 -0.00223996 0.07700189
v -0.01571083 0.02645314 0.04101589
v 0.02183052 -0.04359945 0.09106393
v -0.02743058 -0.00927569 0.07002401
v -0.05752894 0.00798398 0.01630115
v -0.00143534 0.02629797 0.00434544
v 0.05448429 -0.01749177 0.00000000
v 0.05492728 0.01794259 0.00004688
v -0.03835219 -0.00202894 0.07146251
v 0.05204066 -0.01709196 0.07994690
v 0.01231410 -0.04067008 0.07352642
v -0.04158472 -0.01033607 0.07506296
v 0.02343226 -0.04271076 0.06177688
v -0.00299161 0.03364506 0.01525875
v 0.01626751 0.04007145 0.03116746
v 0.04077142 -0.03516762 0.01685857
v -0.04393195 -0.00579594 0.00127253
v -0.05459789 -0.00772040 0.02565740
v 0.04139489 0.00547151 0.00279987
v 0.03177080 0.03701943 0.06528745
v -0.00961629 -0.03170770 0.05842442
v -0.00986753 0.03422931 0.09187947
v 0.01157852 -0.02517820 0.00226811
v 0.03302457 0.02749404 0.00592551
v -0.03172683 0.00815545 0.07549127
v 0.02725749 -0.00857476 0.00074226
v -0.02226578 0.01855484 0.09103265
v 0.00048600 -0.04060669 0.00000000
v -0.01386435 -0.02792555 0.05846204
v -0.02418677 0.01966918 0.00000000
v 0.05675837 -0.01066381 0.00000000
v -0.00843088 -0.03651156 0.09164325
v 0.03847649 -0.03677036 0.05421053
v -0.01866170 0.02234980 0.03034379
v -0.05191090 0.00390660 0.00902062
v -0.02775598 -0.00308465 0.07463687
v 0.00164782 -0.02827057 0.00587153
v 0.02037680 0.04351211 0.02234735
v -0.05303820 0.00623764 0.00332580
v 0.02431688 -0.03246641 0.00815234
v 0.04742277 0.00017951 0.00709315
v -0.00454515 0.02562340 0.00511865
v -0.03586858 0.00787079 0.07658243
v 0.00202587 0.03845205 0.08689471
v 0.04919268 0.00342590 0.00959408
v -0.01695673 -0.01681459 0.01249286
v -0.02561623 0.01481102 0.09188420
v -0.00487705 0.03885364 0.09154259
v 0.05278855 -0.01162349 0.03817643
v -0.00697237 -0.00148952 0.00128766
v 0.05148146 0.02442346 0.09138156
v -0.03050963 -0.00983179 0.00000000
v -0.05693043 -0.00705732 0.01048616
v 0.03521457 -0.03897870 0.08244822
v 0.05647979 -0.00894207 0.09196638
v 0.01089353 0.00433255 0.00062067
v -0.02751295 -0.00988439 0.06760940
v -0.05210026 -0.00049615 0.01259388
v 0.05780535 -0.00602910 0.01620617
v 0.03951731 -0.00904297 0.00251881
v 0.02726775 0.03826011 0.03649056
v -0.00711798 -0.03197598 0.02280234
v 0.03068452 0.01208688 0.00187689
v -0.01840157 -0.02362594 0.09130907
v -0.05742776 0.00827651 0.03334094
v -0.05427624 -0.00757099 0.03563786
v -0.00815777 -0.03719311 0.09056119
v -0.05732898 -0.01198245 0.04257636
v -0.02600248 -0.00712064 0.09178644
v -0.04166470 -0.00302669 0.00091137
v 0.04872884 -0.02743058 0.02148891
v -0.05102321 0.00725088 0.06681076
v -0.05635857 0.00778744 0.04934396
v -0.01733067 -0.02358930 0.03338121
v -0.03929423 -0.01016543 0.07582734
v 0.04864988 0.01058088 0.01067570
v 0.05714052 -0.01118038 0.08506734
v -0.02520093 -0.00301334 0.04756310
v 0.03369008 0.03965103 0.09110088
v -0.05320056 0.00020472 0.06471574
v 0.01111537 0.04034429 0.05654730
v -0.02597479 0.00713450 0.09139493
v -0.05292471 -0.01086210 0.05804698
v -0.05064243 0.00759962 0.00397752
v -0.02508676 0.00341925 0.04170226
v -0.01939420 -0.02128047 0.06225061
v 0.04894862 -0.00614679 0.01006064
v -0.02700433 -0.01202200 0.00000000
v -0.02219058 -0.02268500 0.07424048
v 0.03828405 0.03299422 0.05570495
v -0.02541729 -0.00728922 0.09104125
v -0.02532910 -0.00319439 0.05802314
v 0.03444139 -0.02916425 0.00995348
v -0.02821127 -0.00298843 0.07776974
v -0.02287249 -0.02142906 0.00000000
v -0.04430897 0.00778704 0.07280451
v 0.05649620 -0.00253557 0.09157776
v 0.03269609 -0.03968745 0.00208944
v -0.04509411 0.00802727 0.00000000
v 0.02053608 -0.03997427 0.05895442
v -0.04264160 -0.00329243 0.07620959
v 0.01047481 0.04092423 0.09053628
v 0.04468895 -0.02860345 0.09134307
v -0.03590207 -0.00471722 0.00000000
v -0.02242027 0.02033088 0.09187107
v 0.03279556 -0.03576920 0.03787987
v 0.03700157 0.03624502 0.09192583
v -0.03641308 -0.00229743 0.07130215
v 0.01827772 0.04054360 0.05556433
v 0.01854399 -0.01387815 0.00046749
v -0.02135723 -0.01904241 0.09139869
v 0.02922361 0.04128129 0.02089047
v 0.02677486 -0.01552552 0.00070457
v -0.02563810 -0.00345075 0.08235430
v -0.00217980 0.03734658 0.09103579
v 0.00797923 -0.02797886 0.00378648
v -0.03892233 0.00745938 0.07642903
v -0.05484263 0.00773472 0.05193603
v 0.00151178 0.03983047 0.09192244
v -0.04197507 0.00807218 0.07429888
v 0.01534120 -0.04346746 0.05657974
v -0.00740613 -0.03315248 0.04978997
v 0.00633443 0.03952186 0.07027163
v -0.02682625 0.01239645 0.00798344
v -0.01019908 0.03586325 0.00000000
v 0.05499804 -0.00936867 0.09057795
v -0.05245369 -0.00307431 0.00166430
v 0.04012574 -0.02684211 0.01358439
v -0.04492833 -0.00838141 0.00101819
v -0.01841319 0.00150207 0.00691046
v 0.01046626 0.04031066 0.07106516
v 0.05755002 0.00802858 0.00000000
v -0.00466239 0.03619655 0.09105500
v 0.04740295 0.02912136 0.05143249
v -0.05698819 0.00183618 0.05207914
v -0.02110019 -0.02410515 0.00000000
v -0.02240831 -0.02207348 0.02233144
v 0.01381911 -0.03950879 0.03200989
v 0.01819466 0.04242325 0.09195698
v 0.05486063 -0.00355367 0.04921059
v -0.05110558 -0.01239518 0.00391238
v 0.05469109 0.01027374 0.07639504
v -0.00550086 0.03295726 0.01722284
v -0.05196524 -0.01246679 0.00515006
v 0.05269080 0.02229609 0.06574090
v -0.02816000 -0.00790831 0.09056762
v -0.03419710 -0.01006687 0.07376414
v -0.01266971 -0.03382395 0.08822917
v -0.02867956 0.00434112 0.09056842
v 0.03738884 0.03413101 0.08802047
v 0.05751618 0.00729072 0.03936896
v -0.00355799 -0.03892182 0.02909808
v 0.00860612 -0.01813839 0.00073974
v 0.04728639 0.02959314 0.00000000
v -0.04747587 -0.01220436 0.00000000
v 0.01929017 0.02631475 0.00243251
v 0.02296535 -0.04278016 0.09173620
v 0.04179037 -0.00036806 0.00279982
v -0.05839953 -0.00627801 0.02095450
v -0.05060858 -0.01183572 0.00187818
v 0.05597186 0.00687224 0.09154718
v -0.02303758 -0.00317620 0.01568457
v 0.02054087 0.04117972 0.09176071
v -0.01253025 0.03399764 0.06695124
v 0.05310268 -0.01062363 0.03855044
v -0.02285027 0.01243484 0.02213559
v 0.05450549 0.00145231 0.03568327
v 0.05573157 -0.01398501 0.00000000
v -0.01356491 0.03067072 0.09164439
v -0.02345050 -0.01177493 0.04375348
v -0.05258837 0.00075757 0.01345646
v -0.03893771 0.00817471 0.07462005
v 0.05355695 0.01118795 0.04714799
v -0.03254580 0.00903068 0.07420650
v 0.05452155 0.01730139 0.09189074
v 0.05854948 -0.00302139 0.09060499
v 0.04079057 -0.03207452 0.09054721
v 0.00255124 -0.04131729 0.01560620
v 0.01357779 0.01860977 0.00144447
v -0.02404115 0.01989472 0.03510896
v 0.05506811 -0.01596512 0.00473009
v -0.02683410 -0.01185790 0.07491902
v -0.01851539 0.02881615 0.08757476
v -0.05640266 0.00674882 0.01021520
v 0.01342603 -0.02019178 0.00071615
v 0.05026632 -0.00907410 0.01355692
v -0.05263656 -0.00848921 0.06460875
v 0.01596775 0.04359501 0.04949340
v -0.03592189 0.00561584 0.00000000
v -0.05682275 -0.01197737 0.04405442
v 0.02534369 0.04296485 0.00140006
v 0.03987520 0.02069045 0.00644605
v 0.04652859 0.03047514 0.09146443
v 0.04802027 0.01637218 0.01310079
v -0.01043117 -0.03148435 0.08732008
v -0.01786834 -0.02828300 0.00285193
v -0.05295410 0.00818247 0.00415729
v 0.05599340 -0.01365937 0.05076274
v 0.04060292 -0.01990800 0.00689206
v -0.03603982 0.00443331 0.07233701
v -0.04496354 -0.01077834 0.07245664
v -0.02107318 -0.01510455 0.02122156
v 0.03432107 0.03850037 0.09188846
v 0.05584745 0.00024227 0.07667271
v 0.01673376 0.04110226 0.09104860
v 0.03362412 0.03948444 0.05733036
v -0.00373436 -0.03890218 0.00687658
v -0.00714634 -0.03485621 0.09172176
v 0.04903203 0.02794997 0.09085405
v -0.00924405 0.02539561 0.00814283
v -0.01265466 -0.03388173 0.09053109
v -0.03033051 0.00251292 0.00338514
v -0.05500601 -0.00866331 0.00606128
v 0.00143966 0.02834359 0.00471545
v 0.05254280 0.01570945 0.05804763
v 0.03671035 -0.03476406 0.08526990
v 0.01798548 -0.03883250 0.02342247
v -0.02034033 0.01823276 0.02188476
v 0.04450062 -0.03224115 0.00000000
v 0.05395756 -0.00571814 0.03568361
v -0.05865486 0.00051465 0.02375687
v 0.02876422 -0.03775934 0.04393190
v -0.02478459 -0.01055656 0.09144854
v 0.03830730 -0.03669344 0.03864337
v -0.05749714 0.00844346 0.01889191
v 0.01172380 0.04024584 0.03702220
v -0.03307732 -0.00643626 0.07085559
v 0.04874423 0.02166103 0.04188780
v -0.02239463 -0.01699292 0.09142991
v 0.01855836 0.02465952 0.00219096
v 0.05303637 0.01162387 0.03841275
v 0.02547392 -0.04232860 0.07188528
v -0.02361285 0.01238158 0.03768260
v 0.00789173 -0.03755282 0.01847333
v 0.04508306 -0.03168288 0.05111552
v -0.00767410 0.03396978 0.07781479
v -0.01152155 0.03228207 0.09160910
v -0.05833527 -0.00597322 0.01812323
v -0.00066317 0.03649414 0.02459530
v -0.01431246 -0.00888933 0.00493329
v -0.00293589 0.04001322 0.00111766
v -0.01317046 0.00821046 0.00328841
v 0.05412505 -0.00056379 0.02705717
v -0.04265185 -0.00855603 0.07223091
v -0.05761473 0.00351161 0.01291556
v 0.00958918 -0.04372604 0.08894507
v 0.02997834 0.00849103 0.00159326
v -0.02068420 0.02568723 0.05433155
v 0.02718333 -0.02220421 0.00174412
v 0.01974684 -0.00046912 0.00060022
v 0.04477509 -0.00006451 0.00447251
v -0.00650202 0.02769632 0.00803681
v -0.02636547 -0.01099576 0.09193044
v -0.01236446 0.01324087 0.00387757
v -0.01550197 -0.01968615 0.01289526
v 0.05223072 -0.02225840 0.00000000
v 0.05564441 0.01589971 0.00000000
v -0.02896975 0.00013978 0.06522269
v 0.02310345 0.04190092 0.09197923
v -0.03779571 0.00605156 0.07316040
v -0.02755704 -0.00677884 0.07301961
v 0.00097138 0.04137505 0.01023359
v -0.01923935 0.02754325 0.05903890
v -0.03035204 -0.00005507 0.00342710
v 0.05820288 -0.00134519 0.02444841
v 0.05855290 0.00332422 0.09055987
v -0.02860025 -0.00533205 0.09053993
v -0.03332342 -0.00255494 0.07030540
v -0.00882020 0.03656490 0.09158884
v -0.00523150 -0.03317725 0.02266076
v 0.05769324 -0.00820300 0.09126890
v 0.04684375 -0.02539780 0.07708508
v -0.00259100 -0.03635827 0.05806929
v -0.03216570 -0.00057162 0.06985576
v 0.04536370 0.03162658 0.09153807
v 0.03950365 -0.03285089 0.08883920
v 0.05560510 -0.00535311 0.08880418
v 0.01825039 0.03828044 0.01568000
v 0.00731236 0.00520836 0.00069605
v -0.01027291 0.03076001 0.02415100
v -0.02138594 0.02068312 0.09147034
v 0.03881900 -0.00016547 0.00219850
v -0.01263244 -0.02005288 0.00935989
v -0.01280061 0.03386021 0.01931731
v -0.04946385 -0.01197811 0.00284505
v -0.01393167 -0.03263384 0.08181683
v 0.02448540 0.03167733 0.00586392
v 0.05397671 0.01340326 0.08637206
v -0.01278899 -0.02923544 0.08064834
v 0.05406455 -0.01366616 0.09142670
v 0.00138805 0.03597148 0.01606160
v 0.02597742 -0.04263657 0.09101360
v -0.03072462 -0.00336443 0.07551027
v -0.02074914 0.02550862 0.00000000
v -0.05058704 -0.00223240 0.00940911
v 0.04033186 -0.02958491 0.02335396
v -0.02223364 -0.01241873 0.02125551
v -0.01575832 0.01526761 0.00739530
v 0.01601527 -0.03959854 0.03368105
v -0.04925671 -0.00968392 0.06548459
v 0.04061386 0.01041578 0.00300050
v 0.00106299 0.02227483 0.00242479
v -0.02763736 0.00827148 0.08108866
v 0.05400644 0.01905658 0.03199319
v -0.03060908 0.00868768 0.00077469
v -0.02981813 -0.00322131 0.00354707
v -0.02342998 0.01430147 0.07760490
v -0.02473776 0.00793329 0.05528823
v -0.01362165 -0.02805375 0.04966007
v -0.05413609 0.00150917 0.03683232
v -0.02385930 -0.01347876 0.09143819
v -0.01650314 0.02552176 0.03552917
v 0.00773553 -0.03880456 0.02898395
v -0.01552999 -0.03089650 0.06399996
v -0.05779281 -0.01216010 0.02216305
v 0.04581387 -0.02270734 0.01931248
v -0.00283539 0.03667113 0.08120073
v 0.05824322 -0.00532393 0.08366260
v -0.00274583 -0.03517836 0.02629156
v -0.00510742 -0.02030042 0.00377524
v -0.02374308 -0.02017721 0.07986154
v 0.00094199 -0.03676223 0.02604648
v 0.05572269 0.00370813 0.07848962
v 0.00409590 -0.00517135 0.00050742
v -0.03291701 -0.00686352 0.07102319
v 0.03262705 -0.03563855 0.03399831
v -0.00761291 -0.03334808 0.06528850
v 0.05530534 0.01699329 0.00000000
v 0.04979702 0.01925275 0.03622813
v 0.03938675 0.03657845 0.09096935
v 0.02565064 0.03929238 0.08170044
v -0.02754849 0.00988006 0.04983160
v 0.03519270 -0.03908546 0.09102253
v 0.03125536 -0.03969873 0.09189286
v -0.02387229 -0.01941705 0.01614709
v -0.02019472 -0.01990591 0.05916714
v 0.00212466 0.04138422 0.09155517
v 0.01525200 -0.04135785 0.09106767
v 0.04658124 -0.02993301 0.02636130
v -0.02534653 0.01202274 0.09180085
v 0.03713420 0.03245901 0.01896591
v 0.00974641 -0.03026467 0.00515109
v 0.05586181 -0.00309124 0.08625495
v 0.01596058 -0.04217087 0.09181953
v -0.00818955 -0.01509652 0.00331378
v -0.02787765 -0.00110387 0.07468663
v 0.05061942 0.02180166 0.09166918
v -0.02489157 -0.00913220 0.09059180
v -0.04886704 -0.00819879 0.00491366
v -0.05017721 -0.00481663 0.00000000
v 0.05649450 -0.01187513 0.04724512
v -0.05034675 -0.00296135 0.00000000
v 0.04302296 -0.00049050 0.00330536
v 0.05431134 0.00768628 0.04692963
v -0.04701646 0.00697184 0.00171274
v -0.02741450 -0.00959422 0.06975089
v 0.04819220 -0.02403984 0.09055006
v 0.04084459 0.03528094 0.00000000
v -0.05583900 -0.01243727 0.01349789
v -0.01313456 0.03055100 0.09129646
v -0.01584685 -0.02605279 0.07361466
v -0.05548557 0.00723279 0.05469670
v -0.01768239 -0.02848727 0.01339111
v -0.01295648 0.03367499 0.06719643
v -0.05871844 -0.00284835 0.02846471
v -0.05302725 0.00243135 0.00240750
v 0.00570721 0.03772255 0.01724603
v -0.02194275 0.01807463 0.08288040
v -0.01686545 0.03020650 0.06832277
v -0.02710037 0.01144337 0.00000000
v 0.03923020 0.03654060 0.07437100
v 0.01569568 0.04086558 0.08798003
v -0.02805300 0.00405768 0.07346980
v -0.03592804 0.00217070 0.07186787
v -0.01448267 -0.01779182 0.00983649
v 0.05499736 0.01776675 0.06910296
v -0.02174244 0.02410473 0.03766548
v 0.03785406 -0.03518233 0.09168615
v 0.02954116 0.04106997 0.03634902
v 0.01711830 0.04352513 0.07733711
v -0.00072640 -0.03732833 0.07977102
v -0.05479886 -0.00859660 0.03568628
v 0.01547076 -0.04375671 0.07311451
v -0.00106616 0.00036875 0.00073428
v -0.01663849 0.02542125 0.05503263
v -0.03037186 0.00880243 0.07440373
v -0.03430682 -0.00828578 0.07631990
v -0.02852778 -0.00306744 0.08459131
v 0.05425153 0.00449160 0.03606417
v 0.03202546 -0.04039069 0.09137952
v -0.00560134 -0.03795226 0.05768801
v -0.01767555 -0.02850651 0.00001291
v 0.01408881 -0.04119119 0.09055962
v 0.05556853 0.00736120 0.09099916
v 0.03246982 -0.03880065 0.09191839
v -0.05783382 -0.00296114 0.04801385
v 0.02617020 0.03891279 0.06515654
v -0.00060471 -0.04077089 0.08608323
v 0.01890975 0.03119917 0.00458074
v 0.04892369 0.02727333 0.05587648
v 0.00500410 0.02855651 0.00385963
v -0.05300913 0.00361740 0.06450656
v 0.01192172 0.04052026 0.06326560
v -0.01292537 -0.02258365 0.01234021
v -0.05448645 -0.00765480 0.02196045
v 0.01114990 0.04335660 0.07454785
v -0.01667643 0.03050325 0.00000000
v 0.01824219 -0.03739756 0.01488380
v 0.00564158 -0.04234277 0.06603030
v -0.02497702 0.01780433 0.00000000
v 0.04581387 -0.03092602 0.00796365
v -0.04020207 -0.00263877 0.00065870
v 0.05780468 0.00616702 0.09179406
v -0.01105634 -0.00123598 0.00153686
v -0.00108086 0.03703108 0.05506851
v 0.03409959 -0.00923039 0.00138893
v 0.02281633 -0.04345354 0.08830253
v -0.01638247 0.02525980 0.02981084
v 0.02142002 -0.03648935 0.01338307
v 0.03139653 0.04036947 0.03447350
v -0.01821664 0.02887756 0.02995675
v 0.00007242 -0.03303088 0.01253809
v -0.03763710 0.00831786 0.07461949
v 0.05826989 0.00637590 0.09045672
v -0.02870244 0.00040506 0.02515294
v -0.01942358 -0.02444123 0.09188433
v 0.05023557 0.02511053 0.09184984
v 0.05330539 0.02127814 0.00000000
v 0.04351073 -0.01960075 0.00990882
v 0.02111000 -0.03686450 0.01436876
v 0.01559758 0.03713043 0.01230092
v 0.04456454 -0.03209722 0.05076933
v 0.01236334 -0.04247134 0.09190340
v 0.05813043 0.00643479 0.06911482
v -0.02771084 -0.00201239 0.07469514
v -0.01607005 -0.02630698 0.09112279
v -0.05535807 -0.01095589 0.01435467
v -0.02840438 0.00634891 0.06078363
v 0.02584856 0.03930221 0.08815986
v -0.05552727 0.00786793 0.00807727
v 0.01071512 -0.03824196 0.02119358
v 0.01395277 0.03981175 0.02399626
v -0.04685751 -0.00014299 0.07381406
v 0.05334709 0.01547190 0.09107411
v -0.03345604 -0.00690811 0.07123670
v 0.04092697 0.03057068 0.03721590
v -0.02250400 -0.02187642 0.09149738
v -0.05277840 -0.01242415 0.00647867
v -0.05610322 0.00850192 0.01214316
v -0.00359797 -0.03594956 0.07988964
v -0.03395509 0.00782617 0.07630813
v 0.00270917 0.03832545 0.05649159
v 0.00770716 -0.03942624 0.04728588
v -0.02737792 -0.00897649 0.07091387
v -0.05335983 0.00787902 0.05951861
v -0.01721718 -0.01335017 0.01015440
v -0.03287974 -0.00670502 0.00000000
v 0.05559178 -0.00306011 0.07109654
v -0.05693588 0.00763233 0.03649233
v 0.04264629 -0.02549095 0.01590762
v -0.05719395 0.00802127 0.02640502
v -0.01728520 -0.02378071 0.03658313
v -0.02908151 -0.00542292 0.07430632
v -0.02190412 -0.02289026 0.00000000
v 0.05440774 -0.01891238 0.08894951
v -0.02837088 -0.00254411 0.09178209
v -0.02320745 0.02213070 0.08270176
v 0.03384733 0.03683200 0.09145348
v 0.03263150 0.03676092 0.07121760
v -0.05854752 0.00384833 0.02394764
v 0.05031555 0.00162808 0.01127120
v -0.01391184 0.03219171 0.09190223
v -0.05425127 -0.01146794 0.05456331
v -0.04558562 0.00777933 0.07181405
v 0.05522297 0.00783327 0.08249115
v 0.04927336 -0.02707777 0.06515169
v -0.02772896 -0.00978427 0.00388950
v -0.02965132 0.00910876 0.00138019
v -0.02842181 0.00025852 0.07834706
v 0.04368301 0.03309759 0.00000000
v -0.02806530 -0.00419141 0.00000000
v 0.00387680 0.03787004 0.02001939
v -0.04564920 -0.01187953 0.00000000
v 0.02068000 0.04324942 0.04500323
v -0.02788277 -0.00946846 0.06704463
v 0.05279814 -0.01561969 0.08629979
v -0.02149121 0.02449303 0.01636054
v -0.03776391 0.00002019 0.00076140
v -0.02883643 -0.00289828 0.09042530
v -0.02892120 -0.00022578 0.00653140
v 0.05070898 -0.02021023 0.09058016
v -0.05490721 -0.01176312 0.05460083
v 0.03828715 -0.03681726 0.00924943
v -0.02068897 0.02559842 0.04382403
v 0.05806651 0.00069363 0.09188532
v 0.01475638 -0.03839832 0.01861669
v -0.01831610 -0.00335339 0.00721251
v 0.01345510 -0.04344726 0.06051125
v -0.04000450 -0.00338778 0.07144615
v -0.00053293 -0.04100180 0.09053534
v 0.05083272 -0.01758102 0.04337569
v 0.03753755 -0.02027876 0.00488757
v 0.05224167 0.01729212 0.06614825
v 0.04471699 -0.02803524 0.08722438
v 0.05189610 0.01088277 0.01925984
v -0.05459377 -0.00991577 0.04828984
v -0.00830303 -0.03565723 0.09191872
v -0.04715010 -0.01041830 0.00171124
v 0.04762036 0.02453316 0.07543862
v 0.03038237 0.03957075 0.09194471
v 0.05085972 0.02458780 0.04760502
v 0.04596290 -0.02618675 0.04828612
v -0.02526004 0.00342355 0.05133288
v 0.05279951 0.02205332 0.01408221
v -0.05762907 0.00841827 0.02292223
v 0.05621559 0.01239304 0.09187940
v -0.05806386 0.00739178 0.03650043
v 0.03950776 -0.03610272 0.05734740
v 0.05639983 0.01453424 0.08255099
v -0.05017788 0.00737584 0.06525381
v -0.02760146 0.00835240 0.07534195
v 0.01790756 0.04346565 0.03985361
v -0.05261638 -0.00245632 0.04714767
v -0.01341382 0.02874806 0.04360921
v -0.02889864 -0.00639939 0.07398567
v -0.05129527 -0.00223572 0.05416043
v 0.00339553 -0.04061590 0.09198250
v 0.01555998 -0.04396458 0.08068160
v 0.05231175 -0.02288922 0.08894246
v -0.01330785 -0.02824542 0.04493536
v 0.00734826 -0.04331625 0.09123514
v 0.00796113 -0.03651812 0.01460773
v 0.00936496 0.04396803 0.00000000
v -0.00839702 -0.00376291 0.00182311
v 0.05697374 0.00842594 0.09193987
v -0.01416375 -0.02606085 0.02273039
v 0.00832687 0.04303482 0.03064044
v -0.02807316 -0.00951751 0.06804746
v 0.00596597 -0.03529053 0.01262352
v 0.04202146 0.03423590 0.05613449
v 0.05112292 0.02512928 0.08950426
v -0.02675547 -0.01267331 0.09144388
v 0.05637590 -0.01076511 0.09190591
v -0.02403908 -0.00825632 0.03439820
v -0.04915210 -0.00673019 0.06278915
v 0.04500275 -0.03169677 0.02842697
v 0.03826595 -0.03677996 0.02143808
v -0.05352218 0.00777792 0.05719159
v 0.02505897 -0.03990718 0.09052792
v 0.01123399 0.04038299 0.04874728
v -0.04975643 -0.01240876 0.00191441
v -0.02866416 -0.00275744 0.05527631
v -0.05543736 -0.01188013 0.05156851
v 0.05683120 0.00016929 0.09179235
v -0.02340707 0.02041050 0.09181566
v -0.02778159 0.00749566 0.00000000
v -0.01509178 -0.03098503 0.09157465
v 0.03268654 -0.03969585 0.00000000
v 0.05509069 -0.01702031 0.06547825
v 0.05754183 0.00728246 0.03194811
v -0.05411249 -0.01116657 0.01000146
v -0.01289768 -0.02794225 0.02635559
v 0.00976659 -0.00562189 0.00042679
v 0.02289290 -0.04266018 0.03206955
v 0.04835663 -0.02449330 0.09154815
v -0.04413223 -0.01045916 0.07246670
v -0.05244444 -0.01030197 0.00308788
v -0.05156906 -0.01146194 0.06407864
v 0.03007440 0.00436696 0.00130309
v 0.00618952 -0.00879062 0.00042394
v 0.01879285 0.04086628 0.09096632
v 0.02676086 0.04253230 0.00000000
v -0.01987614 0.02693933 0.07876923
v -0.01882233 -0.02704644 0.00000000
v 0.05381026 -0.01163991 0.07000841
v -0.02398063 -0.00805841 0.02697083
v 0.03622294 0.03313315 0.01889589
v 0.02817597 -0.03759325 0.03419459
v -0.01557339 -0.02616204 0.05865436
v 0.05408815 -0.01313320 0.09106273
v -0.05616679 0.00604523 0.03507059
v 0.05024378 -0.01991852 0.05464447
v -0.04102139 0.00188135 0.07652547
v -0.01450420 -0.03158340 0.02838019
v -0.01126244 -0.03340703 0.09187572
v 0.03906101 -0.03675215 0.08529613
v -0.00538975 -0.03719336 0.09195408
v 0.00756087 -0.04270615 0.05781793
v 0.05533850 -0.00687308 0.08397152
v 0.05367729 -0.01341830 0.08850419
v -0.02411257 0.01178493 0.06332823
v 0.03530346 0.03873511 0.05796075
v -0.04135021 -0.00743647 0.07207808
v 0.05543284 0.00608210 0.07622607
v -0.02498249 0.01862121 0.09096532
v 0.02874714 0.03842985 0.08821079
v 0.00241043 -0.03905599 0.09137892
v 0.05414421 -0.01200677 0.08743031
v -0.03108317 0.00218256 0.00274958
v -0.03414034 0.00396424 0.00098128
v 0.04601726 0.02323396 0.01894041
v 0.03473092 0.03505231 0.03577091
v -0.05600990 -0.01192536 0.04921494
v 0.00568056 0.03950781 0.08370036
v 0.01408267 0.04067675 0.05172990
v -0.00787746 -0.02855189 0.01381124
v -0.05293631 0.00825050 0.00627923
v -0.05170681 0.00586352 0.00699282
v 0.04446166 -0.03246915 0.09109111
v -0.03086988 -0.00184797 0.00275135
v 0.02382093 0.02707963 0.00275728
v 0.01288325 -0.04318980 0.04139628
v -0.05650484 0.00726827 0.05010876
v -0.05580276 0.00675761 0.05391667
v 0.00230071 -0.00870015 0.00061242
v -0.00557125 -0.03344133 0.02597293
v 0.01858059 -0.04402081 0.08583547
v 0.03372258 -0.03915642 0.02244336
v 0.05342059 0.00115394 0.02115154
v 0.04388503 -0.01693243 0.00819911
v -0.02716052 -0.01190875 0.09102277
v 0.00977480 -0.03149763 0.00621898
v -0.03056258 -0.00332912 0.06859496
v -0.02284683 0.01375271 0.02605619
v -0.02590709 0.01536484 0.01904753
v 0.04908572 -0.02192316 0.04864452
v -0.03106539 0.00786740 0.07037034
v 0.03640137 0.03577285 0.09168520
v 0.02879295 -0.03857174 0.07771704
v 0.02424307 -0.03935213 0.05795140
v 0.02975891 -0.03407156 0.01352890
v 0.01663841 0.04058787 0.04562414
v -0.02597477 -0.01299745 0.09188895
v -0.04539899 -0.00311813 0.07492895
v 0.03300545 0.02859849 0.00699301
v -0.02938435 0.00937725 0.00000000
v -0.03602647 -0.01019729 0.07536761
v -0.02473706 -0.00936259 0.08626607
v -0.04836114 -0.01232320 0.00131596
v -0.01965532 -0.01317152 0.01382843
v -0.00573737 0.03476935 0.05364563
v 0.02603041 0.04155929 0.09188685
v 0.02550607 -0.04211525 0.05158710
v 0.00573149 -0.03936272 0.06259404
v 0.05613630 0.00444470 0.09137199
v -0.03154290 -0.01007614 0.07379672
v -0.03346116 -0.01014221 0.07399544
v -0.02855819 0.00314975 0.01026620
v 0.00136995 0.03645162 0.01756177
v -0.00081594 -0.03626870 0.02877234
v -0.05226807 -0.00772886 0.05409408
v 0.03900017 -0.03045178 0.02178319
v 0.00592496 -0.03953598 0.07571145
v -0.01857246 0.02873158 0.08663584
v 0.01091851 0.04038436 0.06407362
v 0.04426068 0.02814502 0.06300846
v -0.00823978 -0.03639300 0.02847352
v -0.05557921 -0.00668867 0.00648709
v 0.05766420 0.00694453 0.04519695
v 0.02091415 -0.02001789 0.00072724
v 0.05294410 -0.01340367 0.05702095
v -0.02563124 0.01621802 0.01211425
v 0.05268569 0.00946165 0.02359544
v -0.02492950 0.00314291 0.02986608
v -0.00104086 0.03736878 0.08480626
v 0.04499045 -0.03195858 0.08039248
v -0.02081065 -0.02452701 0.06555412
v -0.02684673 -0.01180479 0.09163886
v -0.03629342 0.00856150 0.07536317
v -0.00934213 -0.03546007 0.01304187
v -0.01581300 0.02025847 0.01157299
v 0.02522783 0.03992600 0.09139659
v 0.03616654 -0.02195024 0.00506309
v 0.05717165 -0.00861960 0.04325637
v -0.05648946 -0.01104164 0.01914575
v 0.01412779 -0.04036319 0.05445544
v -0.05255040 -0.00554367 0.01397010
v 0.03855445 0.03426688 0.09165408
v 0.05133177 -0.01161966 0.01931783
v 0.01396885 0.04001022 0.02885923
v -0.02540496 0.00461599 0.06951785
v -0.04237770 0.00006185 0.00130812
v -0.02942639 -0.00771945 0.06854852
v 0.02421539 0.01987692 0.00192512
v 0.00610339 0.04325726 0.00000000
v -0.01008352 -0.03096596 0.04056275
v 0.00103395 -0.03566701 0.01937057
v 0.04776324 0.01470140 0.01160244
v -0.01549443 -0.03113350 0.09097798
v 0.05792364 0.00517135 0.02465083
v -0.01426663 0.03257738 0.05005649
v -0.00489890 0.03846148 0.09179993
v 0.05084264 0.01685929 0.03198569
v 0.00140516 0.04132631 0.09094480
v -0.02781372 -0.00532413 0.07285574
v 0.05470444 0.01779273 0.05215505
v 0.03318286 0.02647339 0.00516902
v -0.02876772 0.00059436 0.09146564
v 0.02933848 -0.03584265 0.01820492
v 0.02864084 0.03718299 0.01947477
v -0.05649458 0.00787778 0.01082074
v -0.03960388 -0.00190453 0.07131741
v 0.05814445 0.00213345 0.01309582
v -0.02795933 0.00789392 0.04075423
v 0.01115880 0.00678062 0.00072560
v -0.04658747 -0.01229961 0.00000000
v 0.02105703 -0.03077631 0.00582757
v 0.01143328 0.04340982 0.09101637
v 0.03523510 -0.03592663 0.09056742
v 0.01458480 0.04344929 0.09152574
v 0.02946325 -0.03626296 0.02301520
v -0.04675051 -0.01095411 0.07049873
v 0.00881704 -0.03985932 0.05725113
v -0.02285059 0.00105176 0.01490530
v -0.03002320 -0.01005602 0.07188845
v -0.02958328 -0.01144129 0.00000000
v -0.00070553 -0.03986427 0.09190343
v 0.02791039 -0.01134523 0.00072409
v 0.04935336 0.02104309 0.04730847
v -0.05206195 -0.00243081 0.01330440
v -0.01819304 -0.02771667 0.09152865
v 0.05469829 0.01758988 0.04532988
v 0.01812222 -0.04101372 0.08661849
v 0.02451413 0.03258598 0.00694846
v 0.01025266 0.04404372 0.00000000
v -0.03577250 -0.00621443 0.07681075
v -0.05318583 -0.01257889 0.00582015
v -0.02491993 -0.01714694 0.03572592
v 0.03029864 -0.03718699 0.04370958
v -0.01555151 -0.02597628 0.04457037
v -0.03348816 -0.00609622 0.00000000
v 0.04202830 -0.02987675 0.04260967
v 0.01411788 -0.03893206 0.02435402
v -0.01825559 0.02879128 0.06884370
v -0.01527908 0.03173734 0.03207464
v -0.02673871 0.00951333 0.09193081
v -0.03408770 0.00192961 0.00127775
v 0.02996605 -0.04077719 0.00398003
v -0.03592119 0.00560503 0.00000464
v -0.01912038 0.02284380 0.07726082
v 0.02437331 -0.03741134 0.01830035
v 0.03268757 -0.03685549 0.06694242
v -0.00056060 -0.04024408 0.05923120
v -0.02934538 -0.00306683 0.06731803
v 0.04153677 0.03511501 0.08691390
v 0.00216160 0.03843039 0.07513085
v 0.03008330 0.03770004 0.06726003
v -0.05391834 0.00203263 0.06254466
v 0.05590489 -0.00683421 0.09152269
v 0.05600402 -0.01433071 0.06557511
v 0.00096491 0.04115452 0.04959714
v 0.03973405 0.02001947 0.00583270
v -0.03193052 -0.00992855 0.07241324
v -0.00322811 0.03988704 0.00000000
v 0.03361149 0.03969270 0.00816441
v -0.02571567 -0.00035996 0.07440671
v 0.00911442 -0.04009166 0.06567716
v -0.05502581 0.00719772 0.01172154
v -0.05616302 0.00644002 0.02127971
v 0.02521758 -0.03999744 0.09109072
v 0.05540927 0.01292294 0.09195640
v 0.02846071 0.04145264 0.04123516
v -0.01642416 0.02415655 0.02034378
v -0.02578369 0.00726262 0.09053107
v -0.01283170 0.03059450 0.09052081
v -0.04958209 -0.00996731 0.06927688
v -0.03627325 0.00191665 0.07690912
v -0.04589700 0.00839368 0.00000000
v 0.01806993 0.04066104 0.07916634
v -0.00301482 -0.03933198 0.07187237
v -0.00843871 -0.00057924 0.00126683
v 0.05063208 -0.01754619 0.03962399
v 0.03470769 0.03880556 0.02384211
v 0.03497020 -0.03690400 0.09175753
v 0.05518709 0.00132310 0.05326836
v -0.05839301 0.00368816 0.02061519
v -0.04727827 -0.00947098 0.06831824
v -0.04570285 0.00396962 0.06895402
v 0.05711526 -0.00960678 0.02557320
v -0.01148769 0.03082971 0.06234239
v -0.01192384 -0.03069620 0.09151913
v -0.05382228 0.00824755 0.00774335
v 0.01425769 -0.03495725 0.00994683
v -0.02879438 -0.00979629 0.06999575
v -0.02887949 0.00021639 0.06384429
v -0.02590161 -0.00436120 0.09107234
v -0.02808819 0.00394458 0.07552352
v -0.01758598 -0.02371142 0.05792558
v -0.01548383 -0.03079857 0.03755391
v 0.05574664 0.00271110 0.07320462
v 0.04175280 0.03014393 0.04603996
v -0.01267446 -0.03371300 0.08229064
v -0.01669829 0.02437675 0.02428422
v 0.04464249 -0.02009130 0.01234914
v -0.03944425 -0.00914918 0.07359187
v -0.03148034 0.00005401 0.00252646
v -0.04705472 -0.00435820 0.06540088
v 0.02295376 -0.04264670 0.03751190
v 0.05349580 -0.01961352 0.09165406
v -0.05588410 0.00190623 0.05662612
v -0.02875712 -0.00967801 0.00168167
v -0.04284324 0.00740391 0.07317355
v 0.00353706 -0.02633908 0.00382931
v 0.01806446 0.04048963 0.04553071
v 0.02454114 0.03927255 0.04669853
v 0.03311689 -0.03987877 0.07894307
v 0.01194395 -0.04114943 0.09106506
v 0.05351357 0.00644909 0.02631737
v 0.05807815 -0.00324550 0.05687834
v -0.05365514 -0.00292249 0.00301348
v -0.05837900 0.00607061 0.03530395
v 0.05818001 -0.00289623 0.00900815
v -0.01567148 0.03149407 0.00141396
v 0.05704553 0.00309228 0.09194108
v 0.05669585 -0.01309355 0.08870960
v 0.05275953 0.02192383 0.05999209
v -0.00866602 -0.03136564 0.02593096
v -0.02467587 -0.00584341 0.04210638
v -0.01128021 0.03054372 0.03206243
v -0.03577865 -0.00996558 0.07400158
v -0.01976538 -0.02011679 0.04038754
v -0.05861690 -0.00542697 0.03451742
v -0.01162236 0.03479474 0.09146263
v 0.00027821 0.04089354 0.09138669
v 0.02740793 0.04185911 0.06717429
v 0.01804669 -0.03786031 0.01587544
v -0.05256851 -0.01155622 0.06173917
v 0.04010458 -0.03147928 0.04261034
v 0.05559556 0.00786103 0.09131518
v 0.05822718 0.00645228 0.08683543
v 0.00126947 -0.03808419 0.07322289
v -0.01684356 0.02975932 0.09188286
v 0.03663039 -0.03789411 0.06350580
v 0.05631952 0.00061084 0.09108716
v -0.00562901 0.03405105 0.02632561
v -0.04045055 -0.00491077 0.00018719
v 0.04539175 0.02539850 0.02673099
v -0.03169910 -0.00910600 0.07151339
v 0.03997059 0.03550319 0.09182388
v 0.04986369 0.02239266 0.09140036
v 0.04496380 -0.02514913 0.02626718
v 0.00401901 -0.03486647 0.01302634
v -0.02344192 -0.00312814 0.01705922
v -0.05808503 0.00803823 0.02623261
v 0.03467043 0.03622964 0.09101177
v -0.03602612 -0.00564666 0.07164078
v 0.01805216 0.04026667 0.03770496
v 0.05139228 -0.01488107 0.03230381
v 0.01193233 -0.02779484 0.00334635
v 0.00300691 -0.03984920 0.09184968
v -0.02219225 0.01604760 0.03064481
v 0.05210257 0.02335885 0.00000000
v -0.02813638 0.00786868 0.09113879
v -0.02699541 -0.01207520 0.00006294
v -0.01360522 -0.02415514 0.01610137
v -0.01124055 -0.03010965 0.04543123
v 0.02997700 0.04091853 0.09147720
v 0.00031855 0.01756247 0.00176799
v 0.01624602 -0.04155557 0.09143376
v 0.02036213 -0.04303629 0.00017671
v 0.01808976 0.03024529 0.00379652
v 0.01704654 0.04352084 0.06306767
v -0.04568952 -0.01186412 0.00003423
v -0.02941271 0.00405490 0.07463542
v -0.00744848 0.03417375 0.08821788
v 0.05056851 0.01996226 0.06136784
v 0.03745348 -0.03462404 0.09076529
v -0.02782328 -0.00315789 0.07566676
v -0.05249810 -0.00474174 0.04903950
v -0.04505716 -0.00314012 0.00256015
v -0.00926419 -0.03541635 0.09182664
v -0.01337518 -0.01699582 0.00793761
v -0.00628700 0.01686165 0.00247277
v 0.01664149 -0.04033356 0.05877992
v 0.04246856 -0.03388523 0.05647269
v 0.03495517 0.03112226 0.01178556
v -0.04449762 0.00394255 0.07004529
v -0.02979349 -0.00638647 0.07476827
v -0.05542743 -0.00949485 0.05640819
v 0.05561607 -0.00476439 0.08399595
v 0.02272543 -0.01987099 0.00085160
v 0.05492937 0.01805755 0.09156842
v -0.02154793 -0.01697500 0.04813726
v 0.03576971 -0.03400497 0.03695948
v -0.00483224 0.03883645 0.01237176
v -0.05076476 0.00403632 0.00720288
v -0.01899903 0.02111323 0.02450603
v 0.03175580 0.03784981 0.09147404
v -0.02782943 -0.00950760 0.09091306
v -0.05626317 0.00670911 0.02036420
v 0.04454816 0.00798773 0.00480706
v -0.02764178 -0.00940751 0.06981254
v 0.00849916 0.02912152 0.00377916
v 0.02398809 -0.03952097 0.06244145
v 0.00054073 -0.02455689 0.00373590
v -0.05265670 0.00568607 0.06426940
v -0.01826721 0.02004352 0.01712760
v 0.03826392 -0.03681375 0.01625265
v 0.02417848 -0.03919250 0.04918923
v -0.00688346 0.03772920 0.01799430
v 0.04763815 0.02940306 0.08388894
v -0.00136386 -0.03741522 0.09128191
v 0.04965621 0.01826004 0.02630712
v -0.01912003 0.02773729 0.03090670
v -0.04327050 -0.01049258 0.07319059
v 0.03163377 -0.03760473 0.09048163
v -0.05595759 -0.01158019 0.00991374
v 0.04091571 0.03242362 0.09166477
v 0.05071618 0.02005510 0.07286256
v 0.05307982 0.01561751 0.07589555
v 0.01090348 -0.04313904 0.05332123
v 0.00206692 0.04154057 0.02607506
v 0.04810472 -0.02865898 0.06921239
v 0.00061182 -0.03983353 0.09198621
v 0.01540448 -0.04409554 0.08445699
v 0.03360637 0.03955740 0.01270439
v 0.04778205 0.02890207 0.06614294
v -0.01075654 0.02996990 0.02019257
v 0.04760944 -0.01987191 0.01936827
v 0.04979943 -0.02641500 0.09108107
v -0.05354199 -0.00136167 0.03075850
v -0.05406121 0.00633542 0.00469573
v -0.02317017 0.01497651 0.07173141
v -0.01222531 -0.00860617 0.00347388
v -0.01414904 -0.03245656 0.08498549
v -0.02876156 -0.00287246 0.06291755
v -0.00522293 0.02842726 0.00789644
v -0.05772168 0.00204013 0.04773366
v -0.02569515 0.01658051 0.08461805
v 0.05446177 -0.00333676 0.04048773
v -0.05736586 0.00191003 0.05017105
v 0.02278798 -0.04268368 0.02453590
v -0.01719254 0.01784228 0.01153162
v -0.05104812 0.00774075 0.06551634
v 0.00854394 0.03017132 0.00448392
v -0.04474474 -0.00916213 0.07421915
v -0.00064092 0.03695790 0.03660046
v 0.04512446 -0.03177009 0.06930513
v -0.05847538 -0.00573058 0.03807435
v -0.03896195 -0.00751352 0.07260016
v -0.01130925 0.03185592 0.09046584
v 0.04128555 0.03511546 0.07371761
v -0.01445188 0.00133111 0.00320213
v 0.01592096 0.04367323 0.03211249
v -0.04856929 0.00047567 0.00594332
v 0.02537380 -0.04015970 0.09141715
v -0.05162852 -0.00779961 0.05682288
v 0.00411678 -0.04168274 0.03010362
v -0.01740652 0.01000405 0.00717571
v -0.02545656 0.00511912 0.07501931
v 0.04796321 0.01827673 0.01560783
v 0.03746784 0.03685453 0.09188517
v 0.02460882 0.04252485 0.04819592
v 0.05094827 -0.02418438 0.03788188
v 0.04499935 -0.03195754 0.07608903
v 0.05488767 0.00769882 0.06141702
v -0.01720758 -0.02538286 0.09143234
v -0.01921915 0.02209251 0.03623065
v -0.02236896 0.01814016 0.09043941
v 0.02759593 -0.03707292 0.02383537
v -0.05780269 -0.00002379 0.04801461
v -0.02682621 0.01242578 0.00000000
v -0.04616429 -0.00941553 0.06969648
v 0.05272536 -0.01079137 0.03217582
v -0.02882752 0.00256808 0.07407756
v -0.05814074 0.00614080 0.03921742
v 0.04817856 -0.02329266 0.04737734
v 0.04266682 -0.03373754 0.01497194
v 0.00346699 0.00320405 0.00066508
v -0.02076688 0.01988944 0.06692942
v -0.05444985 0.00851883 0.00714819
v 0.04906864 -0.02011002 0.03313297
v -0.05051045 -0.00222786 0.05712948
v -0.05653149 0.00788734 0.01754424
v 0.05083718 0.02468111 0.05324158
v 0.05792776 0.00459061 0.01442560
v 0.00061695 0.04101361 0.02441505
v -0.05293527 -0.00705421 0.01343428
v -0.02361829 -0.01315919 0.09049564
v -0.02457434 -0.01831031 0.07374759
v 0.03869153 0.03286520 0.06366925
v -0.00015930 -0.03687080 0.03568592
v -0.03174422 0.00600515 0.07048993
v -0.02106597 -0.02446564 0.07992571
v 0.04885740 -0.02715540 0.09150925
v 0.02164667 0.04039159 0.09003857
v 0.02453841 -0.03092122 0.00676460
v -0.00897091 0.02735401 0.00995006
v -0.04510775 -0.00176944 0.06767156
v -0.01938151 0.02215657 0.06704919
v 0.05779855 -0.00584922 0.00000000
v 0.02638591 -0.02639343 0.00375099
v 0.01336351 0.04173470 0.09182152
v 0.04688240 0.02487848 0.04790727
v -0.01646892 -0.00593258 0.00593944
v 0.00164547 -0.04114552 0.07270900
v 0.01074625 -0.04014301 0.05627396
v 0.02430974 -0.03673827 0.01573111
v -0.02311446 -0.01351880 0.06617924
v -0.05417673 0.00828287 0.00606630
v -0.02389926 0.00595289 0.02044687
v 0.01355801 -0.04318565 0.03214962
v 0.01741468 0.04394695 0.01369229
v -0.02169627 0.01791140 0.04139619
v -0.05721990 0.00799458 0.03580851
v -0.02579701 -0.01504698 0.00895068
v -0.02771902 -0.00320466 0.07319002
v -0.05099445 -0.00811688 0.00789290
v -0.03095565 0.00631142 0.06980913
v 0.05558668 -0.00642062 0.08990677
v 0.05515121 0.00613813 0.06278263
v -0.02674759 -0.01225935 0.00000000
v -0.01887221 -0.02244546 0.09055712
v 0.03179443 0.03734731 0.08828096
v 0.02838347 -0.03879837 0.08593069
v -0.02814390 -0.00217015 0.07716914
v -0.00031551 0.03718389 0.04318413
v 0.04177811 -0.02638396 0.01579210
v -0.03172302 0.00601422 0.07591932
v -0.00459262 -0.03538504 0.07766920
v -0.05201271 -0.00580687 0.00149060
v -0.02671614 0.01300712 0.04491120
v 0.03646872 0.02435017 0.00595801
v -0.04945185 0.00750369 0.06933447
v -0.05837625 -0.00285395 0.04184604
v 0.00103944 -0.04160356 0.09058378
v 0.02405680 -0.01346421 0.00053053
v -0.01943073 -0.02124617 0.07794402
v -0.02695370 0.01169422 0.08110229
v 0.04638131 -0.03066215 0.09046742
v 0.05635781 0.00622592 0.09180566
v -0.00498194 0.03887369 0.08010127
v -0.01058187 0.03177339 0.07008398
v 0.04822129 0.02844134 0.01940991
v -0.00611847 0.00258131 0.00143169
v -0.00042626 -0.02026879 0.00232653
v -0.01573915 -0.02351879 0.02034088
v 0.00324994 -0.04221029 0.09119854
v 0.03352742 0.02412237 0.00379476
v -0.05546229 0.00603591 0.01712958
v -0.05126175 -0.01134664 0.06395357
v -0.03201014 0.00785627 0.07571752
v 0.04665613 -0.02981030 0.09150810
v 0.00360475 -0.03755511 0.02563445
v -0.01013273 -0.03533619 0.06674245
v -0.05370742 -0.01148097 0.05669402
v 0.01069600 0.04359010 0.01872960
v 0.02155302 -0.04097890 0.09136067
v -0.04967300 -0.01090025 0.06630487
v 0.03100791 -0.01978772 0.00171385
v -0.02560559 0.00005986 0.05928540
v 0.04588910 0.01037048 0.00690579
v 0.04028917 -0.00357207 0.00241435
v -0.01028689 -0.03462808 0.00000000
v -0.00450682 0.02330084 0.00381143
v -0.02515439 -0.00733344 0.08357425
v -0.02226675 -0.02234975 0.00000000
v 0.04616187 -0.03072696 0.09102501
v -0.02821602 -0.00638839 0.04407058
v -0.01307403 0.03225166 0.09192236
v -0.04920916 0.00523447 0.06504034
v 0.05194842 0.01516420 0.04224031
v -0.01656599 -0.02869233 0.09181531
v 0.02203019 0.04302411 0.05299583
v -0.05077159 0.00783417 0.00157757
v -0.01480497 -0.02743403 0.09047761
v -0.01594048 0.03122790 0.00000000
v -0.02381278 0.02032599 0.02301453
v 0.01767515 0.04348215 0.05243848
v 0.03053997 -0.03175325 0.01028187
v -0.00305412 0.03291438 0.01318219
v -0.01827609 0.02877377 0.04130678
v -0.02492435 0.01792951 0.00000000
v 0.02617844 0.04221187 0.05528537
v 0.05120771 -0.02311240 0.09180586
v 0.05663400 0.01206062 0.05105063
v 0.05418866 0.01958404 0.00000000
v 0.02304264 -0.04013078 0.07976519
v -0.02770637 0.00937679 0.05037314
v 0.04265725 -0.03015448 0.08875004
v -0.02401581 -0.01174166 0.08710674
v -0.05306652 0.00145674 0.04776492
v -0.01456331 -0.00261778 0.00372712
v -0.02733824 -0.00404704 0.09195837
v -0.02803451 0.00904614 0.00000000
v 0.05483264 0.01022479 0.08557755
v -0.05664531 0.00692536 0.01107224
v -0.00930007 -0.03226060 0.07406012
v 0.02159438 0.04003689 0.04882162
v -0.04849477 -0.00029145 0.07258928
v -0.04333134 -0.00862196 0.00000000
v -0.05391900 -0.01144149 0.05575221
v -0.02766775 -0.01224112 0.00117114
v 0.04811157 0.02898196 0.09044488
v -0.00779917 -0.03333459 0.07295460
v 0.05021714 0.01802947 0.03075768
v -0.02214678 -0.02247928 0.05720220
v 0.02326995 0.04244777 0.09176988
v -0.04086755 -0.00597989 0.07653344
v 0.04357502 0.03308123 0.00760391
v 0.04270237 -0.03045732 0.09104866
v 0.02564111 -0.04053276 0.09178770
v 0.04760910 0.02658662 0.09189041
v -0.04277658 0.00260289 0.07093118
v -0.04250518 -0.00656132 0.07590367
v 0.03897661 -0.03294885 0.06378827
v 0.05840459 -0.00043286 0.07122529
v 0.04353059 -0.02981350 0.09131957
v 0.01115677 0.03516608 0.00930177
v -0.00300626 0.03974050 0.07902978
v -0.05060683 0.00183330 0.00811231
v -0.02829155 -0.01236629 0.00000000
v 0.05650787 -0.01180053 0.09168760
v 0.01826854 0.03991696 0.03027709
v -0.01086933 0.03165927 0.07949756
v -0.00754349 -0.01904352 0.00455225
v 0.00987258 -0.03471414 0.01018171
v 0.05476223 0.01448149 0.09191274
v 0.01066183 -0.03935725 0.03349140
v -0.02319922 0.02162380 0.02942568
v 0.05371970 -0.02026877 0.09054399
v -0.02643380 -0.00056225 0.09144564
v -0.04786891 -0.01118705 0.07003815
v 0.01408440 0.03846049 0.01577220
v -0.05311232 0.00173380 0.01451093
v 0.02826692 0.03903191 0.09137621
v -0.02764689 -0.00967706 0.06493713
v -0.05415861 0.00774464 0.05477594
v 0.04009195 0.02243058 0.00792492
v -0.05432473 -0.01250435 0.00908205
v 0.02880903 0.04135607 0.04957532
v -0.05711632 0.00806594 0.03996245
v 0.05051383 -0.01995903 0.07654649
v 0.02881348 -0.03708069 0.02871997
v 0.03433069 -0.02350848 0.00497206
v -0.05719426 0.00390541 0.05007480
v 0.03949890 -0.03625854 0.09155328
v 0.05665075 0.01203986 0.02583048
v 0.00161061 -0.04155621 0.09134470
v 0.03285029 -0.03029076 0.01006176
v -0.04607644 -0.00821345 0.00195833
v 0.04143357 0.00358455 0.00273442
v 0.05849722 -0.00051137 0.07719518
v -0.00327834 -0.03608759 0.07039772
v 0.05395179 -0.00319725 0.02708134
v 0.05229058 -0.01673726 0.08519320
v -0.01358982 0.02810902 0.02819137
v -0.01595141 -0.02488539 0.02666213
v -0.02828779 -0.00656266 0.05786166
v 0.01415311 -0.04013699 0.04390443
v 0.05221948 -0.02233131 0.00998894
v 0.04320997 0.02449152 0.01413145
v 0.05406083 0.00772903 0.04157901
v -0.04901637 -0.00542513 0.07159990
v 0.05126514 0.01485649 0.02677054
v 0.04103159 0.03041391 0.03071907
v 0.05013442 -0.00039696 0.01097116
v -0.04156519 0.00397013 0.07169005
v 0.04629723 -0.03039113 0.00000000
v 0.01217367 -0.03951345 0.03399287
v -0.01573778 0.03146563 0.08299269
v 0.02443314 -0.03707978 0.01683600
v -0.01274759 -0.00013308 0.00171821
v -0.01082011 -0.03103943 0.07574520
v -0.02464372 -0.01788416 0.00000000
v 0.03643728 -0.03467270 0.06911868
v 0.00170324 0.02580132 0.00323531
v -0.01457254 -0.02686628 0.03716464
v 0.00442134 -0.03954230 0.09116707
v -0.01929195 -0.02148939 0.08377624
v 0.03373867 -0.01089053 0.00133474
v 0.02096374 -0.03815416 0.02011595
v 0.04362869 0.02788445 0.03087590
v -0.05804845 0.00001785 0.04591491
v -0.00116867 -0.03593601 0.02655674
v -0.04754179 0.00854623 0.00000000
v -0.02164021 -0.01734463 0.08467931
v -0.05847913 0.00052758 0.02075398
v -0.00702120 0.00102211 0.00109733
v 0.00575886 -0.04215009 0.04577372
v 0.04172377 -0.02959304 0.03602483
v 0.03376294 -0.03958358 0.09140577
v 0.04802680 -0.02883399 0.09052896
v -0.02730781 0.01065444 0.03256840
v 0.02869624 -0.02946296 0.00688877
v 0.05022432 0.02154609 0.09097488
v -0.01408921 0.02851465 0.07029918
v 0.04261385 -0.03411899 0.08687309
v -0.02537554 -0.00721293 0.09057409
v 0.00131495 -0.04164227 0.09099732
v -0.00253353 -0.03596039 0.03791959
v 0.05776267 0.00518010 0.03197756
v 0.04630236 -0.02834699 0.09186402
v -0.02526753 -0.01635211 0.09156641
v -0.00067543 -0.04010214 0.05042620
v -0.01362571 -0.02003990 0.01055483
v 0.04097998 0.03019791 0.02806966
v 0.04465823 0.03243314 0.07422774
v -0.01894569 -0.01319971 0.01255573
v 0.02673423 0.04007054 0.09182562
v 0.04467293 -0.02590703 0.02876433
v 0.02060996 0.02769362 0.00273045
v 0.00853712 0.04231727 0.09190740
v -0.03381388 0.00606696 0.07651501
v -0.01141213 0.03191468 0.09106763
v -0.04492521 0.00582884 0.00120803
v -0.04711144 0.00197450 0.00393097
v 0.05010640 -0.02628303 0.08865788
v -0.04203518 -0.00307029 0.07086506
v -0.02417885 0.01367702 0.09001890
v 0.05186263 0.01133811 0.02051963
v 0.05151535 0.02423735 0.01394402
v 0.01126376 0.04338347 0.06072633
v -0.01087206 0.03056335 0.02784754
v 0.03270947 -0.02606147 0.00588001
v -0.02030645 -0.01983175 0.08085729
v 0.04471053 -0.00346378 0.00459518
v -0.05329245 -0.00246559 0.03669931
v -0.03071603 0.00423848 0.07550401
v 0.05819882 -0.00232285 0.00000000
v -0.04671118 -0.00572571 0.07363106
v 0.04744436 -0.01166928 0.00999711
v -0.01966658 -0.02657189 0.09039055
v -0.02780276 0.00916791 0.06861500
v -0.02315751 0.02208216 0.07766701
v -0.00792939 0.03079695 0.01522974
v -0.02787796 0.00367255 0.09191827
v 0.04098989 -0.03532732 0.08342826
v 0.04344001 0.02989316 0.09156348
v 0.00494876 0.04249755 0.01567465
v 0.04337336 -0.03308947 0.03292067
v -0.02304061 -0.01637864 0.09171671
v -0.00903960 0.03633329 0.04685831
v -0.02145973 0.00565550 0.01228188
v -0.04648319 0.00786634 0.07150774
v 0.05362195 0.01792571 0.09194940
v 0.01415926 0.03387140 0.00731754
v -0.02276545 0.01588958 0.06000694
v 0.05826445 -0.00282383 0.06758162
v 0.03411398 -0.03638753 0.08894216
v 0.02641464 -0.03521961 0.01342277
v 0.02624134 0.02090367 0.00217200
v -0.05627272 -0.01161376 0.01705687
v -0.03448110 -0.00987422 0.07350878
v -0.01024005 0.03157250 0.04265434
v 0.02336498 -0.04054686 0.09131778
v 0.02669116 -0.03802338 0.03196744
v -0.02248482 0.01273139 0.02013409
v -0.00681029 0.03780363 0.07343413
v -0.05213678 0.00728329 0.06430450
v 0.05803715 0.00008265 0.04348879
v 0.05839058 -0.00287249 0.07691218
v 0.02514754 0.00868068 0.00120540
v -0.05413058 -0.00853892 0.00465051
v 0.03958641 -0.01754206 0.00476821
v -0.05299268 0.00688930 0.06258541
v -0.03032876 0.00679162 0.00239442
v -0.01580272 -0.03022841 0.00769491
v 0.00485032 -0.02599555 0.00331554
v 0.05201577 0.01557695 0.04681766
v -0.00949626 0.03617375 0.00968100
v -0.01106826 0.02638631 0.01166782
v 0.05394838 0.02004971 0.00000000
v -0.02742403 -0.00975333 0.08081261
v -0.02199842 0.02371602 0.00061587
v -0.04378492 0.00587276 0.00069267
v 0.02534852 0.04087391 0.09194793
v -0.02478147 -0.01824844 0.09059310
v -0.02819071 -0.00645138 0.03429972
v 0.05030226 -0.01706184 0.02926959
v -0.02739668 0.01026060 0.04908130
v -0.02625502 0.01459016 0.08024963
v 0.05101836 0.02230652 0.09192731
v -0.01880179 -0.02717283 0.02627545
v 0.05181717 -0.00892836 0.01828921
v 0.03370859 -0.03916486 0.02735558
v 0.03458466 0.03567869 0.06653667
v 0.05523702 -0.00957650 0.09143746
v -0.04259267 -0.00724058 0.07144863
v -0.02298626 0.02195810 0.00000000
v -0.04100700 -0.00895308 0.07600771
v 0.03459799 0.03530505 0.04825455
v 0.05708759 -0.00298647 0.09194029
v 0.03618879 0.03498966 0.08594987
v -0.00554729 0.03331942 0.01906753
v -0.01989764 0.01132481 0.01161416
v 0.04495493 -0.03207990 0.08512658
v 0.02702990 0.04200159 0.09100356
v 0.04838127 0.02351297 0.08197922
v -0.01329996 0.01329130 0.00454038
v 0.05346848 -0.01315301 0.07440190
v -0.01101870 -0.03470344 0.06527190
v 0.02197107 -0.04049176 0.08672007
v 0.03729695 0.03728323 0.02890070
v -0.02491648 -0.00749031 0.07128403
v 0.04701231 0.02744282 0.09193134
v -0.05221608 -0.00431793 0.01322270
v 0.05156697 -0.02342915 0.09150319
v -0.00320997 -0.03905878 0.05005086
v -0.00740983 0.03557149 0.09184026
v 0.03022005 -0.03742234 0.04747113
v -0.00635226 0.03806505 0.09154187
v 0.03862694 0.03703938 0.08277720
v 0.05805937 0.00187034 0.04286608
vt 0.64955264 0.75488466
vt 0.41623092 0.86159414
vt 0.97137725 0.51762247
vt 0.55646235 0.84356904
vt 0.93592298 0.19909632
vt 0.17527108 0.29647219
vt 0.93018454 0.03050661
vt 0.80701786 0.54818547
vt 0.11895704 0.90973371
vt 0.30109197 0.25413555
vt 0.97011167 0.92139262
vt 0.92093068 0.36148858
vt 0.47711024 0.68712133
vt 0.36263296 0.97775674
vt 0.94221675 0.45677161
vt 0.09846839 0.24913174
vt 0.94919318 0.95089638
vt 0.86701530 0.24602842
vt 0.92416817 0.76261324
vt 0.78209001 0.49641967
vt 0.44442549 0.90198117
vt 0.52104908 0.93696380
vt 0.26822966 0.10133982
vt 0.29778022 0.11913204
vt 0.88985980 0.56873292
vt 0.79380733 0.83906108
vt 0.14572360 0.87445217
vt 0.86636907 0.76764756
vt 0.06663217 0.96748668
vt 0.36169577 0.97677279
vt 0.94119704 0.21028000
vt 0.25242820 0.15266699
vt 0.17162037 0.26056206
vt 0.18057826 0.26480627
vt 0.16785365 0.12056351
vt 0.55340976 0.67707902
vt 0.14165363 0.26461279
vt 0.21498692 0.45813811
vt 0.37307146 0.80184603
vt 0.94124860 0.14965641
vt 0.27700478 0.27378869
vt 0.26726893 0.17505813
vt 0.02939584 0.32492924
vt 0.10783952 0.20933014
vt 0.95434731 0.93794119
vt 0.93947887 0.74257123
vt 0.47302616 0.95152354
vt 0.94284856 0.22902340
vt 0.88548350 0.56703001
vt 0.11127724 0.46388328
vt 0.90213901 0.86178106
vt 0.69234794 0.84654570
vt 0.95874649 0.51381236
vt 0.69531739 0.62721366
vt 0.80671537 0.21754986
vt 0.27511722 0.27898788
vt 0.31739548 0.15790606
vt 0.31062701 0.14262402
vt 0.10503918 0.67881697
vt 0.00666313 0.34797382
vt 0.95490801 0.22773123
vt 0.80071306 0.66546333
vt 0.09152547 0.80736321
vt 0.67750400 0.56396586
vt 0.54612827 0.66575444
vt 0.12783556 0.27797389
vt 0.08064365 0.48330998
vt 0.85368633 0.20039177
vt 0.11327496 0.80000901
vt 0.07348485 0.82841343
vt 0.58519083 0.14973158
vt 0.90873605 0.03312278
vt 0.85772258 0.22101611
vt 0.81199998 0.77465153
vt 0.56736207 0.79663837
vt 0.12622762 0.13439214
vt 0.16129887 0.64492071
vt 0.00917982 0.43473125
vt 0.37080225 0.87069941
vt 0.79762805 0.24096334
vt 0.23118123 0.23950249
vt 0.00703577 0.46065772
vt 0.27281588 0.80030751
vt 0.79246509 0.64783502
vt 0.11917860 0.70246929
vt 0.99932039 0.51442081
vt 0.12117188 0.69012046
vt 0.68924570 0.73374015
vt 0.09587624 0.76517993
vt 0.28748390 0.20067567
vt 0.87137014 0.42515385
vt 0.77264214 0.75336009
vt 0.21999949 0.92122227
vt 0.91046870 0.54817027
vt 0.69532961 0.86676931
vt 0.88872665 0.86140704
vt 0.60903853 0.79034692
vt 0.00731219 0.46499127
vt 0.07705117 0.93389326
vt 0.18362503 0.42050248
vt 0.56584018 0.08808511
vt 0.74545604 0.68177670
vt 0.68339378 0.65469217
vt 0.24089420 0.44153297
vt 0.72185338 0.88044643
vt 0.06831662 0.95486724
vt 0.72131664 0.84876758
vt 0.46388772 0.95696187
vt 0.24206133 0.98624873
vt 0.16785865 0.41782093
vt 0.94178271 0.69800353
vt 0.46003702 0.60991359
vt 0.14641926 0.21801960
vt 0.06847381 0.96197194
vt 0.91377091 0.04459774
vt 0.59244400 0.09534395
vt 0.10446586 0.97887260
vt 0.43809840 0.83546054
vt 0.78448945 0.22537935
vt 0.30745739 0.95792514
vt 0.89902002 0.49032646
vt 0.83971125 0.40353525
vt 0.87452638 0.40539908
vt 0.26145560 0.09216797
vt 0.07786795 0.18606007
vt 0.21870832 0.43959665
vt 0.24043530 0.17580926
vt 0.27596292 0.10721493
vt 0.73923016 0.38074267
vt 0.23172386 0.95135182
vt 0.97612047 0.80025285
vt 0.15406393 0.24787509
vt 0.85689384 0.85040212
vt 0.87712836 0.08284616
vt 0.86039084 0.18605590
vt 0.86270744 0.85055983
vt 0.84574062 0.38365054
vt 0.91459912 0.03325033
vt 0.20836256 0.39632404
vt 0.81203461 0.20429134
vt 0.61635023 0.53465146
vt 0.86369926 0.56081808
vt 0.02736956 0.30443943
vt 0.15987195 0.13962513
vt 0.54338348 0.56653535
vt 0.85750008 0.10365987
vt 0.00932622 0.44507551
vt 0.13490014 0.15829062
vt 0.28808361 0.91499841
vt 0.27233472 0.19716734
vt 0.13559845 0.46659845
vt 0.26373115 0.28027898
vt 0.27435926 0.81307805
vt 0.22733048 0.43418252
vt 0.12856928 0.25860673
vt 0.08196826 0.17662042
vt 0.62480921 0.71265680
vt 0.88771921 0.03018439
vt 0.12625328 0.77360654
vt 0.02244566 0.30481160
vt 0.60570002 0.53758174
vt 0.16311383 0.36674726
vt 0.51556444 0.93659574
vt 0.06818505 0.90601623
vt 0.76488131 0.69185716
vt 0.78422922 0.69564396
vt 0.68628490 0.78380954
vt 0.94714165 0.50603622
vt 0.29083282 0.85472804
vt 0.00000000 0.00000000
vt 0.21430959 0.41791391
vt 0.24378964 0.29044664
vt 0.53708190 0.67820263
vt 0.11668921 0.18213010
vt 0.22567303 0.38978839
vt 0.84676427 0.70365763
vt 0.93912590 0.50367439
vt 0.59051031 0.15137804
vt 0.82985497 0.39508355
vt 0.74847883 0.87270331
vt 0.34985298 0.69659984
vt 0.94647008 0.14653516
vt 0.99271971 0.52363819
vt 0.13758093 0.22009516
vt 0.21684495 0.40069497
vt 0.90951139 0.06971687
vt 0.78663450 0.03809041
vt 0.27085888 0.84982592
vt 0.67200059 0.56593663
vt 0.61521190 0.94558531
vt 0.88910890 0.34623313
vt 0.24934950 0.98698306
vt 0.09271128 0.98967242
vt 0.10620221 0.91464448
vt 0.25029978 0.29092014
vt 0.21694991 0.19658351
vt 0.29831111 0.72174978
vt 0.70894390 0.76362813
vt 0.58218074 0.74423087
vt 0.82405710 0.05647296
vt 0.00000000 0.00000000
vt 0.31007829 0.23526555
vt 0.00000000 0.00000000
vt 0.20915459 0.13692927
vt 0.90336430 0.13751990
vt 0.92880464 0.18529814
vt 0.71876866 0.86067802
vt 0.80355781 0.84327573
vt 0.39256096 0.96677405
vt 0.32416046 0.20211309
vt 0.20616677 0.29627866
vt 0.86870873 0.77199686
vt 0.74244148 0.65898007
vt 0.58659124 0.09182703
vt 0.18269841 0.19123411
vt 0.70011711 0.87243092
vt 0.55989242 0.55690438
vt 0.78457332 0.75562072
vt 0.91929799 0.74118590
vt 0.89658523 0.84852016
vt 0.92114830 0.34876251
vt 0.57510287 0.95886093
vt 0.59520042 0.09538162
vt 0.97304738 0.72115266
vt 0.60057616 0.53784889
vt 0.10906943 0.85945982
vt 0.00000000 0.00000000
vt 0.18404523 0.17883062
vt 0.88580364 0.72205377
vt 0.67351168 0.75492197
vt 0.77508736 0.80698711
vt 0.06665350 0.73844153
vt 0.95897263 0.42243052
vt 0.69860882 0.89418852
vt 0.58132285 0.17614764
vt 0.82161874 0.06507015
vt 0.95839566 0.14512789
vt 0.60259795 0.10008168
vt 0.92739409 0.19249511
vt 0.93672717 0.50079173
vt 0.82926160 0.87623191
vt 0.28392991 0.15443373
vt 0.18774515 0.95694596
vt 0.97408783 0.80728626
vt 0.14133078 0.14422506
vt 0.76116616 0.48074609
vt 0.99739438 0.47362638
vt 0.30857581 0.85428202
vt 0.93953806 0.52115494
vt 0.88591689 0.39507270
vt 0.87775290 0.74940681
vt 0.08296537 0.15459263
vt 0.77624071 0.52326035
vt 0.56227213 0.17264634
vt 0.94699174 0.48485911
vt 0.48995978 0.77435887
vt 0.11832555 0.27153254
vt 0.38743702 0.96669704
vt 0.85617745 0.23027271
vt 0.37804645 0.96928328
vt 0.22876675 0.11200577
vt 0.86360717 0.55145830
vt 0.60981178 0.94555765
vt 0.27682996 0.22003639
vt 0.70536888 0.68302405
vt 0.15134016 0.21861863
vt 0.29681054 0.97497195
vt 0.96381539 0.42558062
vt 0.71963811 0.72181183
vt 0.99577606 0.42600167
vt 0.92802459 0.20854622
vt 0.60852027 0.53607756
vt 0.00000000 0.00000000
vt 0.44225022 0.88890374
vt 0.35066012 0.70656985
vt 0.25393042 0.14498913
vt 0.61090273 0.87571311
vt 0.00000000 0.00000000
vt 0.48792237 0.87540400
vt 0.20010865 0.42139482
vt 0.69950688 0.83827424
vt 0.21480149 0.43970442
vt 0.78918016 0.79043943
vt 0.77008969 0.84748024
vt 0.88692582 0.03624105
vt 0.74888068 0.72085297
vt 0.26138693 0.23564160
vt 0.77335596 0.87177664
vt 0.08362604 0.94787806
vt 0.38694301 0.69618243
vt 0.95021188 0.90828115
vt 0.88638979 0.15808523
vt 0.11431684 0.63964981
vt 0.87966013 0.74247944
vt 0.30007029 0.90777999
vt 0.41242462 0.95731485
vt 0.57814580 0.95775276
vt 0.39402735 0.83964610
vt 0.76481688 0.04264355
vt 0.11777673 0.39972496
vt 0.23664029 0.87086612
vt 0.26879284 0.23977971
vt 0.08798010 0.64857620
vt 0.06718238 0.98436099
vt 0.21833904 0.39869046
vt 0.09283134 0.63817692
vt 0.60054177 0.16838109
vt 0.26958114 0.65146297
vt 0.27480343 0.98198563
vt 0.23555042 0.84476674
vt 0.80836779 0.03244901
vt 0.98185778 0.48654068
vt 0.87085313 0.86033100
vt 0.72082919 0.87151688
vt 0.25167578 0.20375472
vt 0.00000000 0.00000000
vt 0.07557925 0.42772275
vt 0.97637975 0.48797649
vt 0.18908136 0.80609781
vt 0.21029556 0.63569707
vt 0.24234721 0.81782848
vt 0.80574691 0.56763142
vt 0.80711305 0.83884007
vt 0.62493020 0.94539082
vt 0.79398823 0.56657112
vt 0.89167482 0.37843084
vt 0.31945235 0.20183700
vt 0.80612671 0.69361788
vt 0.14543442 0.09407973
vt 0.10812852 0.82848990
vt 0.07592490 0.89975256
vt 0.97394377 0.66893393
vt 0.27988216 0.96413594
vt 0.01657675 0.30896902
vt 0.25068623 0.40976357
vt 0.03963588 0.41970086
vt 0.75045764 0.67445666
vt 0.60430223 0.77682632
vt 0.51476985 0.76177472
vt 0.11187782 0.63619232
vt 0.95337415 0.51175052
vt 0.11111882 0.98417950
vt 0.72045052 0.73071873
vt 0.74984789 0.49712455
vt 0.16783373 0.93600547
vt 0.89613408 0.19675404
vt 0.12473901 0.16008520
vt 0.27929407 0.27753305
vt 0.00000000 0.00000000
vt 0.71361929 0.84447008
vt 0.78080076 0.55407935
vt 0.84321916 0.56942040
vt 0.05148993 0.48315048
vt 0.62213475 0.83614099
vt 0.74936670 0.71083772
vt 0.79373181 0.55605668
vt 0.62656289 0.53287530
vt 0.58892328 0.09429944
vt 0.00840953 0.30964780
vt 0.61499536 0.83603477
vt 0.00000000 0.00000000
vt 0.45133558 0.90208340
vt 0.23359500 0.41561270
vt 0.89108038 0.87557036
vt 0.21008447 0.81406569
vt 0.00788086 0.44526958
vt 0.39964709 0.69893891
vt 0.78239554 0.79725879
vt 0.13330290 0.27705389
vt 0.00805730 0.41557539
vt 0.77542478 0.73817813
vt 0.58784235 0.54267520
vt 0.81384176 0.22569656
vt 0.25339881 0.65439653
vt 0.97272491 0.70352983
vt 0.09799083 0.64444095
vt 0.12117625 0.10731733
vt 0.78980970 0.69965535
vt 0.82254541 0.09362012
vt 0.73550880 0.75066215
vt 0.23553410 0.45237827
vt 0.85099995 0.53029537
vt 0.00000000 0.00000000
vt 0.70900851 0.75472420
vt 0.28771862 0.26726258
vt 0.00000000 0.00000000
vt 0.51351303 0.93767035
vt 0.19476497 0.82279676
vt 0.06927359 0.83109790
vt 0.97189492 0.73492432
vt 0.17678785 0.30015570
vt 0.30530372 0.83113825
vt 0.55183500 0.61764503
vt 0.49021360 0.82086849
vt 0.56408602 0.18556690
vt 0.12335654 0.19489962
vt 0.17165466 0.82430780
vt 0.80468059 0.41261905
vt 0.76448214 0.67860830
vt 0.07591305 0.42077953
vt 0.25467095 0.99095476
vt 0.03787579 0.30425775
vt 0.00000000 0.00000000
vt 0.53805190 0.93234044
vt 0.22985755 0.46399528
vt 0.58627069 0.92332560
vt 0.77259046 0.70007002
vt 0.00000000 0.00000000
vt 0.16636673 0.11694205
vt 0.42781505 0.83528930
vt 0.95388997 0.92738187
vt 0.23217209 0.91614538
vt 0.85637349 0.03306663
vt 0.37430510 0.81792843
vt 0.37432039 0.91919017
vt 0.87353981 0.88125956
vt 0.84109396 0.64919233
vt 0.17118022 0.11576277
vt 0.41218111 0.88874853
vt 0.24677242 0.39896607
vt 0.10192549 0.68856996
vt 0.13205154 0.41694391
vt 0.97537059 0.81663948
vt 0.14579764 0.28561926
vt 0.46397555 0.70489800
vt 0.64786184 0.53226250
vt 0.28571719 0.83513314
vt 0.96654713 0.72909731
vt 0.17882122 0.42063224
vt 0.91319656 0.18478906
vt 0.86469132 0.03930485
vt 0.77163923 0.74359596
vt 0.45214298 0.94954401
vt 0.85236299 0.24581420
vt 0.96739447 0.81659681
vt 0.19403125 0.78004903
vt 0.77690738 0.79024380
vt 0.98753744 0.94019926
vt 0.18827373 0.15673071
vt 0.04076002 0.34776771
vt 0.24652994 0.15254283
vt 0.98693562 0.51268703
vt 0.29252255 0.25674266
vt 0.26644373 0.98224401
vt 0.37293443 0.92245358
vt 0.25827962 0.48446947
vt 0.24306829 0.83194584
vt 0.08551035 0.16070545
vt 0.27472141 0.16319096
vt 0.89542854 0.87601113
vt 0.14054689 0.28276348
vt 0.24446948 0.18328714
vt 0.75524437 0.85481375
vt 0.25588006 0.96085542
vt 0.92657578 0.18774027
vt 0.65502816 0.53729481
vt 0.75231493 0.79420149
vt 0.40848160 0.96890104
vt 0.11844610 0.14907545
vt 0.74488080 0.83548003
vt 0.82920307 0.17664737
vt 0.85906857 0.19546735
vt 0.97136903 0.72169727
vt 0.39714891 0.96933800
vt 0.72901553 0.74290842
vt 0.22686565 0.83040774
vt 0.00000000 0.00000000
vt 0.91396540 0.25132191
vt 0.37259403 0.83514380
vt 0.97393310 0.37449074
vt 0.56043309 0.86668879
vt 0.62718636 0.83293611
vt 0.62856621 0.95056891
vt 0.24951610 0.22046405
vt 0.61608082 0.16221815
vt 0.95618302 0.04274726
vt 0.86596906 0.86012191
vt 0.07751715 0.43696272
vt 0.18408747 0.26216978
vt 0.97071600 0.64396989
vt 0.80229247 0.42615110
vt 0.80297422 0.02931404
vt 0.08980499 0.71709526
vt 0.14952953 0.36080837
vt 0.71618187 0.85510671
vt 0.75387627 0.48701394
vt 0.68965447 0.71201545
vt 0.61203039 0.88494849
vt 0.27649921 0.17336780
vt 0.96466511 0.92892474
vt 0.18571982 0.69929957
vt 0.54291332 0.59170079
vt 0.82851422 0.64960665
vt 0.87797856 0.19556016
vt 0.78426361 0.72025508
vt 0.15518036 0.63052654
vt 0.22592764 0.14999533
vt 0.29329795 0.87910455
vt 0.17079297 0.14013892
vt 0.10901486 0.17703474
vt 0.90688896 0.20898044
vt 0.31923342 0.15500534
vt 0.74444205 0.73969597
vt 0.92072469 0.40094364
vt 0.24500228 0.76064146
vt 0.94199276 0.46951514
vt 0.97295767 0.39091676
vt 0.13045958 0.44255906
vt 0.84059852 0.20006120
vt 0.57216620 0.17517632
vt 0.22931187 0.63238227
vt 0.04932902 0.45406067
vt 0.00000000 0.00000000
vt 0.93700266 0.74826252
vt 0.25208819 0.39958918
vt 0.27315846 0.97433335
vt 0.11971518 0.16764057
vt 0.64303684 0.96043593
vt 0.85635191 0.03693223
vt 0.73605227 0.81043082
vt 0.76322299 0.77928275
vt 0.73176271 0.66404492
vt 0.00950932 0.40950084
vt 0.15093608 0.08945286
vt 0.37343630 0.84595329
vt 0.35141277 0.98258632
vt 0.19629546 0.29617423
vt 0.92438936 0.72606850
vt 0.71879059 0.89101523
vt 0.90441984 0.85134017
vt 0.52905637 0.93966556
vt 0.81709248 0.52727997
vt 0.27431646 0.24638289
vt 0.57101887 0.16323018
vt 0.55913097 0.65314466
vt 0.13192752 0.12884265
vt 0.14619721 0.63684124
vt 0.89584559 0.18638498
vt 0.98351276 0.38216096
vt 0.78062350 0.56783038
vt 0.67677385 0.69862223
vt 0.07689220 0.86771196
vt 0.09933502 0.45099920
vt 0.78706962 0.87147462
vt 0.05199885 0.41341329
vt 0.26846638 0.28125036
vt 0.21226104 0.88063163
vt 0.17768066 0.29847270
vt 0.81923229 0.85536277
vt 0.78033131 0.03571147
vt 0.90994155 0.56857163
vt 0.25257811 0.22628266
vt 0.83012050 0.83943719
vt 0.83360881 0.85688335
vt 0.10857030 0.11642063
vt 0.69579810 0.86137241
vt 0.09024802 0.14755070
vt 0.75955987 0.55180413
vt 0.07061205 0.71786821
vt 0.76864427 0.81224954
vt 0.36561254 0.98100293
vt 0.79198062 0.65095437
vt 0.16173674 0.77936208
vt 0.89125210 0.24829555
vt 0.09633961 0.88215125
vt 0.00000000 0.00000000
vt 0.19003172 0.87845850
vt 0.12713574 0.10340893
vt 0.97398567 0.68344802
vt 0.64017415 0.53047693
vt 0.03448389 0.33623803
vt 0.27034697 0.18449712
vt 0.14907280 0.28769696
vt 0.23200767 0.11764657
vt 0.62641299 0.15001225
vt 0.24433555 0.93845683
vt 0.79315549 0.03051782
vt 0.75862306 0.39829075
vt 0.78089410 0.80682492
vt 0.84665883 0.16161627
vt 0.37300214 0.87829041
vt 0.80223757 0.13645560
vt 0.21418045 0.16199756
vt 0.17050062 0.81793165
vt 0.74648350 0.87313706
vt 0.01414306 0.41875887
vt 0.38584542 0.90126145
vt 0.10121269 0.19412369
vt 0.27789009 0.86916029
vt 0.43522471 0.82325894
vt 0.95022517 0.22202468
vt 0.11148255 0.20186603
vt 0.82137084 0.86017442
vt 0.37440306 0.89844996
vt 0.31007633 0.97669691
vt 0.31890380 0.19495171
vt 0.25041106 0.86922926
vt 0.92279744 0.09377015
vt 0.00000000 0.00000000
vt 0.22360019 0.36908090
vt 0.94106686 0.52296317
vt 0.82551771 0.86080950
vt 0.56140989 0.90008998
vt 0.70952481 0.89207309
vt 0.77865142 0.77147931
vt 0.99858731 0.49471390
vt 0.73963571 0.84916031
vt 0.78973126 0.51708841
vt 0.66939908 0.56298631
vt 0.58928365 0.83173889
vt 0.86026204 0.22336912
vt 0.78689176 0.17549896
vt 0.70644861 0.59363037
vt 0.29194778 0.84332275
vt 0.69368303 0.77248371
vt 0.11895707 0.16160738
vt 0.14426713 0.67080444
vt 0.98697799 0.45138532
vt 0.88214988 0.56673545
vt 0.94918633 0.03079844
vt 0.01662057 0.34825099
vt 0.77478933 0.72633910
vt 0.63809043 0.95730281
vt 0.76062411 0.52029449
vt 0.97202814 0.66659099
vt 0.81072783 0.67916799
vt 0.28140628 0.65418762
vt 0.29628661 0.92310548
vt 0.28089860 0.91565651
vt 0.87971961 0.33970499
vt 0.37230399 0.81565839
vt 0.30359617 0.84175521
vt 0.16853221 0.14699507
vt 0.91845781 0.09450084
vt 0.96481299 0.37474501
vt 0.82519281 0.68455952
vt 0.66244406 0.65360296
vt 0.42176372 0.86288738
vt 0.23209138 0.25634050
vt 0.77684897 0.12051666
vt 0.37344363 0.85718220
vt 0.98016673 0.48534197
vt 0.00000000 0.00000000
vt 0.79512024 0.10483211
vt 0.94993412 0.52041531
vt 0.97338957 0.71524262
vt 0.01542281 0.36922723
vt 0.86011761 0.48444712
vt 0.00000000 0.00000000
vt 0.82101512 0.79143310
vt 0.71992064 0.83926749
vt 0.18634422 0.29659569
vt 0.89553982 0.34156561
vt 0.10139057 0.38724935
vt 0.64680147 0.68935162
vt 0.41205281 0.82669413
vt 0.09624600 0.23978913
vt 0.19223620 0.30049473
vt 0.71798229 0.64976174
vt 0.09054913 0.69886971
vt 0.60883522 0.75450307
vt 0.99380165 0.92380935
vt 0.76048273 0.54321724
vt 0.61888236 0.18667042
vt 0.00000000 0.00000000
vt 0.61631465 0.86783922
vt 0.37385815 0.79658329
vt 0.25706708 0.78215200
vt 0.06792650 0.92351729
vt 0.18027855 0.26962858
vt 0.19592316 0.10765958
vt 0.20208156 0.25785637
vt 0.27403188 0.94180030
vt 0.94350463 0.67442673
vt 0.71830624 0.60462791
vt 0.15100214 0.13702041
vt 0.23497429 0.42418385
vt 0.81682068 0.48477966
vt 0.28161299 0.92500812
vt 0.62258267 0.89468241
vt 0.83600909 0.72982538
vt 0.86435062 0.56827468
vt 0.94858885 0.95278651
vt 0.78434676 0.70104432
vt 0.91749305 0.41218841
vt 0.07030953 0.40343666
vt 0.05280614 0.67819548
vt 0.04191433 0.72156161
vt 0.97506404 0.82425535
vt 0.92599398 0.23781979
vt 0.11930023 0.19389546
vt 0.88819844 0.23512059
vt 0.24065775 0.29651284
vt 0.15829106 0.29132193
vt 0.78357285 0.71410280
vt 0.75569046 0.67244875
vt 0.85826838 0.80347145
vt 0.22776569 0.76816070
vt 0.01180587 0.45816141
vt 0.16348203 0.76046824
vt 0.00000000 0.00000000
vt 0.94651985 0.47205198
vt 0.00000000 0.00000000
vt 0.21803761 0.07776266
vt 0.06738967 0.85882425
vt 0.26062205 0.28396499
vt 0.66853321 0.55624998
vt 0.19447778 0.73391563
vt 0.99394411 0.94025338
vt 0.94044983 0.45691621
vt 0.04455033 0.34464562
vt 0.27957642 0.21297181
vt 0.15700108 0.25357759
vt 0.19424675 0.44078910
vt 0.02109681 0.29908496
vt 0.96485764 0.39777923
vt 0.22445336 0.88124752
vt 0.52615005 0.60900617
vt 0.13097957 0.24962068
vt 0.19155680 0.93337816
vt 0.22608688 0.88854027
vt 0.23604050 0.86510092
vt 0.07735386 0.20495254
vt 0.62104422 0.66257674
vt 0.44116855 0.87441272
vt 0.15191494 0.43289554
vt 0.31524774 0.21910602
vt 0.66534609 0.57300764
vt 0.29998809 0.86133522
vt 0.70595920 0.88823897
vt 0.87683153 0.68474817
vt 0.79361272 0.84661025
vt 0.94197422 0.03048176
vt 0.20621216 0.44746876
vt 0.41784555 0.86297005
vt 0.00000000 0.00000000
vt 0.55504340 0.09019214
vt 0.12185216 0.37637246
vt 0.23540127 0.17326623
vt 0.94575191 0.12257802
vt 0.92452627 0.52887642
vt 0.19797936 0.90384048
vt 0.04000884 0.74328423
vt 0.90799201 0.19184750
vt 0.95035601 0.14787710
vt 0.20286672 0.20162588
vt 0.60595155 0.65373093
vt 0.03796177 0.42618471
vt 0.65352368 0.61262351
vt 0.73543847 0.87101895
vt 0.75713331 0.71637350
vt 0.28092477 0.14942580
vt 0.03980806 0.80114007
vt 0.16204856 0.78473926
vt 0.38088432 0.96740091
vt 0.14847414 0.12351727
vt 0.70318466 0.66870034
vt 0.85784459 0.55174994
vt 0.07705975 0.96995395
vt 0.17367122 0.40468180
vt 0.03901556 0.46019328
vt 0.67168987 0.56104738
vt 0.18528016 0.38663387
vt 0.97519034 0.80359447
vt 0.69999391 0.85045713
vt 0.21069753 0.30340421
vt 0.89479804 0.03648937
vt 0.15690865 0.75106364
vt 0.24936306 0.14477813
vt 0.45073843 0.96219999
vt 0.98825598 0.51373917
vt 0.94974208 0.75761104
vt 0.85928261 0.02985287
vt 0.22785607 0.84002817
vt 0.94888842 0.23440903
vt 0.25437284 0.81160444
vt 0.84880155 0.03290725
vt 0.94633949 0.24031216
vt 0.23927483 0.40869939
vt 0.95723021 0.03103483
vt 0.21811666 0.43555623
vt 0.75221854 0.75139815
vt 0.26649815 0.91601706
vt 0.77992272 0.19980806
vt 0.16391508 0.97642630
vt 0.25546047 0.12828517
vt 0.86518162 0.07998341
vt 0.27367225 0.18919051
vt 0.24074754 0.96597904
vt 0.10484459 0.12302220
vt 0.77822739 0.35007858
vt 0.06358528 0.77732950
vt 0.35105646 0.69298106
vt 0.61073875 0.19698453
vt 0.02127345 0.32548583
vt 0.43874520 0.91182822
vt 0.00000000 0.00000000
vt 0.97130108 0.66326118
vt 0.90267211 0.86998504
vt 0.40952855 0.71135581
vt 0.16428190 0.95244515
vt 0.18486679 0.39504975
vt 0.91471237 0.03780961
vt 0.85304040 0.85883600
vt 0.53403199 0.82500571
vt 0.22666587 0.14215738
vt 0.89619946 0.44675386
vt 0.02780540 0.34440392
vt 0.17308927 0.75351351
vt 0.11339515 0.11066753
vt 0.96466029 0.38525021
vt 0.06830379 0.89820063
vt 0.96001709 0.69760555
vt 0.17656063 0.43410254
vt 0.28156734 0.72481692
vt 0.94437426 0.91769975
vt 0.89342624 0.89370388
vt 0.41211882 0.96222675
vt 0.19725662 0.08137035
vt 0.48925412 0.94176739
vt 0.16975927 0.94588381
vt 0.60282493 0.80420321
vt 0.92551482 0.20742083
vt 0.79747093 0.07153022
vt 0.26075077 0.65895557
vt 0.07614851 0.90240878
vt 0.26182687 0.88858545
vt 0.81747544 0.71373498
vt 0.22913301 0.26888955
vt 0.97066486 0.68399173
vt 0.82326192 0.46399564
vt 0.83452928 0.79171580
vt 0.84589142 0.37552476
vt 0.29062179 0.85937053
vt 0.00000000 0.00000000
vt 0.12199795 0.91635245
vt 0.92978477 0.79759568
vt 0.92475522 0.54326016
vt 0.77302688 0.06807303
vt 0.19068576 0.65429050
vt 0.50643826 0.74727041
vt 0.83265495 0.84965360
vt 0.73929894 0.45779586
vt 0.19805211 0.11162841
vt 0.62442994 0.14900374
vt 0.79712874 0.64712805
vt 0.70924217 0.78392309
vt 0.74544680 0.44215941
vt 0.99552590 0.46811831
vt 0.77873081 0.75468343
vt 0.15864213 0.70671940
vt 0.19892320 0.42566317
vt 0.24681979 0.88921976
vt 0.20815752 0.30118299
vt 0.85531259 0.84012771
vt 0.47311696 0.82049537
vt 0.62270826 0.53312904
vt 0.12120520 0.10552770
vt 0.07202987 0.97212112
vt 0.15251556 0.28727579
vt 0.15017951 0.40402353
vt 0.41868111 0.88330317
vt 0.97151762 0.48532575
vt 0.14643751 0.24471581
vt 0.56917477 0.74467087
vt 0.18798159 0.47455013
vt 0.00000000 0.00000000
vt 0.01527334 0.29839742
vt 0.06726485 0.84761894
vt 0.56550288 0.81462491
vt 0.15930067 0.96989661
vt 0.10272671 0.48345649
vt 0.58724505 0.67119539
vt 0.87911236 0.55424023
vt 0.85944939 0.81290263
vt 0.13379450 0.73350036
vt 0.84195840 0.80386961
vt 0.12249018 0.27758682
vt 0.24104013 0.72623295
vt 0.13702117 0.72875410
vt 0.12912062 0.90242481
vt 0.19117862 0.20181155
vt 0.50979096 0.95097959
vt 0.79665470 0.09159344
vt 0.99774069 0.51681513
vt 0.41172287 0.96500528
vt 0.31097484 0.83969808
vt 0.96767735 0.80894679
vt 0.71309823 0.68906873
vt 0.37177467 0.86974353
vt 0.82648253 0.68887877
vt 0.20463043 0.37277067
vt 0.10024761 0.38395619
vt 0.99740988 0.40251994
vt 0.24171148 0.08927256
vt 0.57811147 0.95490402
vt 0.24044846 0.16064405
vt 0.11560981 0.19472343
vt 0.05830105 0.64382714
vt 0.24013947 0.08273375
vt 0.92269075 0.69106483
vt 0.56492543 0.08926594
vt 0.91462511 0.12691486
vt 0.96015203 0.51242471
vt 0.71735847 0.76331598
vt 0.80482310 0.20297533
vt 0.16433401 0.25775373
vt 0.75811124 0.77878076
vt 0.12873259 0.44942862
vt 0.22199531 0.87194908
vt 0.11242021 0.26489800
vt 0.13907188 0.09262168
vt 0.81764287 0.73061556
vt 0.95673585 0.18724126
vt 0.30097470 0.25697994
vt 0.84139442 0.23053390
vt 0.50385773 0.71515381
vt 0.81918180 0.72783953
vt 0.28973633 0.26262116
vt 0.52234948 0.91263902
vt 0.13449582 0.77387786
vt 0.17326720 0.37769365
vt 0.96448165 0.39047980
vt 0.80297643 0.15695834
vt 0.97247237 0.47681570
vt 0.04204170 0.71070534
vt 0.86370558 0.71472144
vt 0.55818635 0.83905429
vt 0.00000000 0.00000000
vt 0.39805591 0.70736885
vt 0.93139839 0.03883654
vt 0.25708991 0.25016475
vt 0.17349055 0.26855981
vt 0.13152055 0.27789176
vt 0.47177789 0.78277850
vt 0.72975391 0.88142037
vt 0.28172743 0.11045051
vt 0.78450137 0.24724209
vt 0.97373736 0.74265414
vt 0.88327461 0.77652794
vt 0.14254954 0.20762867
vt 0.15938903 0.71249449
vt 0.83829308 0.33576041
vt 0.11707211 0.97470331
vt 0.28286406 0.96036422
vt 0.00000000 0.00000000
vt 0.92872190 0.38804346
vt 0.83562291 0.23104978
vt 0.28292015 0.97024423
vt 0.95317614 0.91825634
vt 0.42397723 0.83647954
vt 0.90100026 0.75359261
vt 0.26386210 0.22392786
vt 0.03363829 0.37039542
vt 0.82129955 0.45515823
vt 0.84929079 0.87404174
vt 0.81433636 0.03671944
vt 0.87149191 0.21495605
vt 0.11545613 0.27086771
vt 0.87524426 0.86058176
vt 0.46562827 0.88391632
vt 0.51025176 0.83068484
vt 0.09286087 0.14331269
vt 0.57148165 0.08962309
vt 0.26671958 0.84406006
vt 0.00000000 0.00000000
vt 0.01496353 0.33783329
vt 0.12752020 0.87350303
vt 0.20105350 0.47227800
vt 0.47635245 0.94287694
vt 0.60092580 0.88451606
vt 0.41998568 0.96236330
vt 0.93605268 0.70942116
vt 0.96302271 0.94031560
vt 0.00000000 0.00000000
vt 0.92510474 0.12582386
vt 0.26808515 0.89534503
vt 0.00000000 0.00000000
vt 0.12796268 0.13852525
vt 0.24804166 0.38887572
vt 0.41883007 0.87909722
vt 0.00000000 0.00000000
vt 0.20614909 0.18331409
vt 0.92569262 0.78176886
vt 0.04078647 0.71695107
vt 0.03871348 0.33590126
vt 0.84172738 0.25496459
vt 0.99248677 0.91915339
vt 0.22512132 0.08013546
vt 0.04578152 0.73632884
vt 0.30992588 0.22819537
vt 0.71665603 0.63262999
vt 0.20115745 0.99407172
vt 0.98940229 0.51900667
vt 0.49610025 0.95390522
vt 0.79684895 0.87507296
vt 0.25493559 0.71078914
vt 0.01451689 0.47075224
vt 0.24017978 0.47385031
vt 0.24155426 0.35361701
vt 0.94461375 0.43224239
vt 0.04605299 0.72749317
vt 0.00000000 0.00000000
vt 0.03918749 0.68657416
vt 0.49837214 0.65907609
vt 0.00000000 0.00000000
vt 0.95186883 0.44643217
vt 0.84604394 0.48754215
vt 0.87141865 0.34995204
vt 0.13281934 0.73873585
vt 0.57882464 0.12638295
vt 0.05099418 0.47819662
vt 0.96709615 0.03395158
vt 0.32307997 0.20810843
vt 0.11300762 0.11368406
vt 0.27399957 0.21565568
vt 0.87035269 0.87485874
vt 0.87661952 0.03549725
vt 0.54685295 0.69007564
vt 0.77948076 0.33393228
vt 0.97412783 0.79662079
vt 0.71891248 0.77218622
vt 0.74649262 0.67128837
vt 0.91298419 0.56996042
vt 0.90751499 0.12893462
vt 0.18056989 0.13977963
vt 0.04304815 0.63689899
vt 0.00000000 0.00000000
vt 0.00000000 0.00000000
vt 0.13691491 0.18873459
vt 0.48572892 0.94014192
vt 0.53252435 0.69852525
vt 0.00000000 0.00000000
vt 0.64665806 0.63286531
vt 0.92934549 0.78954488
vt 0.07139548 0.92499489
vt 0.07958599 0.21074587
vt 0.50273716 0.72253019
vt 0.47424194 0.66747808
vt 0.10495842 0.47403681
vt 0.83578688 0.02990866
vt 0.84411186 0.55290860
vt 0.56080037 0.89059943
vt 0.07988250 0.19925344
vt 0.49515495 0.93978411
vt 0.21420677 0.07868648
vt 0.26625732 0.74318486
vt 0.21420519 0.44415247
vt 0.03214373 0.30923414
vt 0.79290318 0.20926118
vt 0.03943277 0.71495730
vt 0.00797825 0.43527800
vt 0.73918635 0.46992093
vt 0.89076179 0.88342452
vt 0.80179185 0.24507910
vt 0.94435889 0.18618751
vt 0.23306842 0.13077146
vt 0.22882041 0.90925509
vt 0.64028835 0.69958532
vt 0.24312973 0.88174450
vt 0.27689299 0.88767350
vt 0.44258809 0.80983019
vt 0.79487449 0.79822135
vt 0.85169232 0.56689018
vt 0.75032598 0.41414422
vt 0.92567509 0.17076880
vt 0.61990565 0.62221783
vt 0.20691606 0.40600562
vt 0.41401735 0.86563545
vt 0.60514951 0.69048065
vt 0.26977897 0.94950706
vt 0.81753016 0.66108066
vt 0.60757369 0.16137123
vt 0.78977734 0.03009897
vt 0.13359915 0.94659853
vt 0.62617540 0.83729732
vt 0.00000000 0.00000000
vt 0.23966029 0.41601706
vt 0.88033992 0.86088073
vt 0.05792451 0.39389068
vt 0.94802004 0.03890306
vt 0.89988571 0.03031462
vt 0.24207568 0.72989875
vt 0.92111617 0.18358320
vt 0.85789210 0.34939450
vt 0.09170423 0.23542702
vt 0.78328639 0.06923085
vt 0.13666900 0.77716857
vt 0.30831811 0.13909680
vt 0.81106603 0.25412989
vt 0.62609863 0.17039466
vt 0.95416331 0.48547673
vt 0.26434743 0.18388808
vt 0.32157287 0.19833624
vt 0.85852295 0.48301470
vt 0.71931469 0.65828526
vt 0.20515701 0.45882082
vt 0.96212780 0.51748979
vt 0.19682321 0.17159927
vt 0.72009587 0.77428836
vt 0.79025096 0.71419644
vt 0.11686699 0.14393252
vt 0.90111130 0.75805056
vt 0.56617045 0.88326055
vt 0.78755713 0.39705193
vt 0.13029690 0.43169081
vt 0.16197751 0.24947625
vt 0.85400778 0.35131186
vt 0.00000000 0.00000000
vt 0.36213237 0.69731218
vt 0.57678014 0.15846086
vt 0.19150344 0.82957065
vt 0.19400710 0.72762018
vt 0.99707305 0.49546075
vt 0.62187487 0.61281312
vt 0.82397783 0.74846131
vt 0.11207100 0.13579273
vt 0.93640184 0.80792117
vt 0.24037398 0.66966194
vt 0.97270030 0.78059214
vt 0.84858793 0.21457481
vt 0.79073822 0.17532402
vt 0.96264333 0.46482062
vt 0.07103881 0.72402543
vt 0.73933756 0.48525810
vt 0.94960827 0.80378783
vt 0.66308630 0.55038160
vt 0.11721727 0.26770115
vt 0.78458703 0.73220533
vt 0.85589617 0.64982837
vt 0.29302755 0.26447886
vt 0.54726148 0.60970092
vt 0.95338666 0.10164195
vt 0.97931582 0.51090139
vt 0.20759696 0.69304264
vt 0.18760782 0.97537309
vt 0.12715155 0.84393328
vt 0.91046041 0.38880354
vt 0.03513240 0.36586571
vt 0.90271890 0.23172116
vt 0.13400984 0.95223469
vt 0.19583242 0.81161094
vt 0.57882464 0.13489360
vt 0.57174444 0.98737431
vt 0.58733743 0.83880210
vt 0.07953370 0.69388705
vt 0.13035159 0.36716098
vt 0.18821463 0.89328247
vt 0.41273087 0.85710722
vt 0.15536554 0.82390893
vt 0.86522740 0.21444756
vt 0.48515525 0.59849817
vt 0.61110991 0.83345515
vt 0.23560166 0.19924986
vt 0.07778709 0.98946893
vt 0.54709768 0.78130180
vt 0.20037173 0.08201468
vt 0.83077389 0.72799438
vt 0.57472551 0.18564242
vt 0.79617536 0.89744681
vt 0.53001863 0.77957428
vt 0.15850013 0.39410305
vt 0.11379105 0.99049294
vt 0.06839006 0.82711858
vt 0.07633672 0.94471586
vt 0.93978387 0.64307666
vt 0.94784880 0.04445750
vt 0.94443363 0.35034758
vt 0.12187892 0.10926092
vt 0.73419380 0.70674294
vt 0.22463560 0.08370072
vt 0.47949693 0.95038295
vt 0.66747022 0.56420678
vt 0.77415067 0.69025129
vt 0.14034541 0.22980154
vt 0.88527757 0.85278827
vt 0.25998613 0.85854733
vt 0.09082484 0.14090425
vt 0.45935249 0.95466155
vt 0.71950680 0.73413098
vt 0.00000000 0.00000000
vt 0.51800448 0.64939749
vt 0.31381831 0.94747901
vt 0.97176796 0.67824435
vt 0.28803837 0.90540361
vt 0.13904321 0.86934036
vt 0.23366664 0.14945316
vt 0.90524399 0.70221794
vt 0.30062604 0.95810121
vt 0.31422943 0.22729141
vt 0.94713533 0.90845919
vt 0.83226895 0.56721526
vt 0.86977023 0.38829935
vt 0.44099545 0.83151329
vt 0.92357874 0.48729563
vt 0.74254912 0.76046425
vt 0.62543690 0.83548284
vt 0.39315584 0.82583934
vt 0.71856964 0.61146969
vt 0.00000000 0.00000000
vt 0.22288918 0.26682007
vt 0.80222386 0.41462040
vt 0.00000000 0.00000000
vt 0.87292105 0.56884116
vt 0.04267588 0.65128750
vt 0.16656263 0.29251730
vt 0.06486394 0.66363770
vt 0.10796537 0.11358964
vt 0.18484671 0.87041694
vt 0.30206525 0.24687499
vt 0.86237681 0.71819961
vt 0.96303695 0.66153342
vt 0.08916811 0.14636862
vt 0.86303025 0.87480509
vt 0.94404668 0.09130514
vt 0.78932422 0.16250408
vt 0.13917780 0.28518462
vt 0.82841480 0.71511865
vt 0.00000000 0.00000000
vt 0.25695950 0.21126002
vt 0.94710952 0.41502321
vt 0.06361882 0.76171130
vt 0.62518805 0.11535472
vt 0.09692599 0.24468905
vt 0.08209544 0.39486575
vt 0.06684564 0.86854988
vt 0.55175734 0.71559972
vt 0.02799402 0.33735907
vt 0.87266570 0.80650568
vt 0.25897187 0.12369031
vt 0.00000000 0.00000000
vt 0.02268693 0.41885477
vt 0.77460331 0.85537773
vt 0.81351262 0.76245821
vt 0.73600340 0.80479884
vt 0.79369414 0.56793094
vt 0.19437952 0.77169675
vt 0.70088840 0.84535813
vt 0.45313811 0.88815731
vt 0.27232963 0.14445329
vt 0.94248390 0.37709332
vt 0.75245285 0.74392939
vt 0.76866698 0.73344773
vt 0.00000000 0.00000000
vt 0.75019491 0.79878354
vt 0.93555313 0.18605834
vt 0.90045625 0.19169176
vt 0.58236587 0.94831759
vt 0.97197646 0.49387646
vt 0.83878964 0.38680005
vt 0.16119821 0.76577014
vt 0.71787924 0.72475809
vt 0.54283947 0.67542630
vt 0.37436289 0.81259990
vt 0.23815627 0.61878920
vt 0.48400554 0.93945062
vt 0.65123671 0.77189285
vt 0.71299851 0.71148843
vt 0.00000000 0.00000000
vt 0.50383729 0.72915858
vt 0.80099314 0.68843132
vt 0.89671087 0.42515123
vt 0.83185887 0.15703607
vt 0.80411369 0.18218160
vt 0.93913555 0.76428765
vt 0.48577955 0.64105588
vt 0.77847582 0.69524413
vt 0.18530880 0.86191636
vt 0.23013824 0.07881987
vt 0.74920416 0.77103442
vt 0.78686249 0.72345197
vt 0.03892015 0.72554982
vt 0.88713568 0.06738579
vt 0.53571826 0.84673023
vt 0.11938152 0.96186608
vt 0.25477731 0.98165631
vt 0.48506522 0.75304937
vt 0.41995901 0.82550675
vt 0.78637171 0.83652580
vt 0.28343365 0.27059370
vt 0.15038100 0.26945066
vt 0.00000000 0.00000000
vt 0.27549905 0.20608926
vt 0.58293891 0.15945500
vt 0.72412783 0.83610642
vt 0.39319018 0.91657871
vt 0.74374068 0.69376522
vt 0.04176296 0.62962955
vt 0.98756748 0.47196043
vt 0.66847306 0.74507564
vt 0.84889156 0.20120299
vt 0.05879418 0.76474935
vt 0.20478374 0.71752197
vt 0.00000000 0.00000000
vt 0.14509483 0.09085351
vt 0.88575691 0.54309696
vt 0.86463100 0.67928672
vt 0.80940604 0.56810099
vt 0.01113458 0.31315237
vt 0.27020380 0.19057369
vt 0.77347624 0.65593547
vt 0.65336180 0.53483081
vt 0.34664264 0.98340333
vt 0.27809405 0.10766917
vt 0.61881328 0.53091949
vt 0.93909889 0.75821167
vt 0.12126927 0.15497470
vt 0.26916003 0.92634141
vt 0.91578335 0.68249309
vt 0.22172350 0.73756897
vt 0.69096190 0.76907164
vt 0.21571931 0.46890223
vt 0.97222924 0.69067252
vt 0.21269275 0.86255574
vt 0.04829079 0.67038244
vt 0.00445763 0.31087118
vt 0.04038136 0.72528797
vt 0.17839555 0.79161268
vt 0.78566295 0.18793046
vt 0.13884379 0.79966748
vt 0.29535532 0.89700061
vt 0.22257933 0.25775355
vt 0.88693464 0.89294451
vt 0.27748218 0.87534750
vt 0.66208756 0.54678851
vt 0.14502838 0.44350129
vt 0.07854202 0.40644568
vt 0.80112112 0.80794090
vt 0.57686675 0.15329683
vt 0.88462842 0.84937292
vt 0.24134921 0.97568733
vt 0.85693586 0.74230731
vt 0.47406611 0.74171740
vt 0.83624238 0.43015969
vt 0.21081255 0.29918164
vt 0.73619020 0.68043226
vt 0.25538379 0.15090811
vt 0.15473294 0.28671539
vt 0.13398661 0.22949517
vt 0.16626942 0.19309622
vt 0.76747024 0.66848522
vt 0.92251921 0.03870958
vt 0.03209794 0.34987569
vt 0.73627883 0.75590020
vt 0.68967068 0.84028417
vt 0.97084594 0.69867718
vt 0.56203359 0.94170213
vt 0.13056266 0.40382230
vt 0.69762731 0.60072690
vt 0.54350877 0.58843762
vt 0.06948376 0.82755768
vt 0.59990513 0.53995275
vt 0.87654561 0.56833857
vt 0.25520700 0.80654836
vt 0.00000000 0.00000000
vt 0.14977865 0.88333911
vt 0.94136596 0.42569238
vt 0.05470314 0.80776131
vt 0.93016058 0.22645479
vt 0.15096493 0.14217019
vt 0.53311658 0.70324981
vt 0.48578599 0.94890147
vt 0.84482688 0.87737572
vt 0.03778052 0.30833298
vt 0.96836168 0.78662950
vt 0.26920667 0.93205452
vt 0.28760898 0.17854154
vt 0.21027870 0.67741591
vt 0.96115136 0.68202674
vt 0.27002034 0.20944619
vt 0.00905104 0.33058929
vt 0.01345201 0.33103454
vt 0.76118439 0.72264147
vt 0.54029638 0.79240787
vt 0.99231631 0.50697052
vt 0.19046786 0.83153564
vt 0.37320518 0.87179762
vt 0.75752693 0.68137324
vt 0.00000000 0.00000000
vt 0.74406481 0.72926563
vt 0.26104707 0.75483090
vt 0.54008919 0.56645638
vt 0.11262167 0.13985050
vt 0.78264004 0.04998082
vt 0.91297215 0.21692687
vt 0.13542831 0.91649145
vt 0.82241082 0.08125603
vt 0.71747738 0.68267137
vt 0.27632165 0.89556623
vt 0.88353866 0.65313339
vt 0.26409549 0.81819499
vt 0.22122966 0.39742625
vt 0.66822612 0.54961848
vt 0.25388443 0.24374187
vt 0.88998699 0.57000655
vt 0.60867620 0.15267164
vt 0.09257602 0.72787553
vt 0.20416276 0.08139193
vt 0.07898807 0.76611763
vt 0.73483938 0.74386919
vt 0.08303140 0.20068383
vt 0.30108374 0.96736950
vt 0.57571900 0.09089893
vt 0.94811064 0.92405099
vt 0.00000000 0.00000000
vt 0.43978044 0.88048381
vt 0.97429258 0.77055919
vt 0.23995286 0.46043819
vt 0.12165561 0.22445446
vt 0.84729242 0.10155094
vt 0.69176573 0.74661106
vt 0.21338612 0.37243962
vt 0.23370598 0.90054762
vt 0.65315354 0.53864205
vt 0.27906805 0.19528228
vt 0.04268119 0.65989661
vt 0.94068474 0.21872878
vt 0.72024840 0.71254015
vt 0.04108531 0.66049075
vt 0.92537612 0.22576672
vt 0.91063464 0.02890021
vt 0.71354532 0.83520716
vt 0.04386353 0.39565790
vt 0.51722348 0.93791813
vt 0.62845516 0.73612988
vt 0.88301575 0.84149331
vt 0.15956512 0.11851084
vt 0.46005017 0.68698388
vt 0.45144200 0.83382159
vt 0.20296006 0.39570487
vt 0.08006086 0.16491264
vt 0.67606890 0.60727626
vt 0.22816932 0.44464374
vt 0.84344310 0.73681480
vt 0.06443174 0.41597450
vt 0.76223344 0.74188012
vt 0.18842919 0.88789737
vt 0.97371435 0.74814051
vt 0.89486665 0.86906517
vt 0.44894651 0.79615366
vt 0.76281488 0.14081675
vt 0.07777503 0.68767381
vt 0.24350075 0.39883316
vt 0.26252797 0.16020679
vt 0.13873750 0.68198431
vt 0.98442262 0.51279259
vt 0.89732081 0.88843066
vt 0.00000000 0.00000000
vt 0.56442887 0.94085109
vt 0.31099176 0.13676935
vt 0.23247094 0.96038055
vt 0.08233733 0.47423565
vt 0.25535044 0.90991545
vt 0.98262674 0.39132333
vt 0.55788529 0.55696613
vt 0.86391485 0.56715423
vt 0.12698686 0.45911807
vt 0.37304369 0.90666223
vt 0.41715854 0.95876104
vt 0.95088166 0.53137040
vt 0.42626423 0.95343584
vt 0.11144023 0.17148894
vt 0.84143907 0.24634457
vt 0.92083925 0.71797597
vt 0.24798521 0.08952874
vt 0.11014499 0.96155936
vt 0.94551390 0.10438645
vt 0.23580949 0.85306895
vt 0.20290297 0.38785547
vt 0.93304658 0.02950150
vt 0.98918802 0.92307085
vt 0.85194623 0.02837890
vt 0.00000000 0.00000000
vt 0.87065977 0.37215298
vt 0.24164791 0.44700754
vt 0.21347712 0.30184579
vt 0.59781724 0.16835558
vt 0.80426365 0.03083974
vt 0.96948606 0.65027565
vt 0.95730513 0.64646465
vt 0.93981147 0.49352461
vt 0.10296813 0.43662179
vt 0.62995744 0.68284756
vt 0.15368544 0.08765745
vt 0.77289265 0.19328403
vt 0.62505662 0.53155375
vt 0.10934017 0.77945739
vt 0.79286754 0.77207953
vt 0.93438888 0.12824070
vt 0.78260940 0.12090850
vt 0.87957102 0.86814040
vt 0.00000000 0.00000000
vt 0.16705854 0.45787299
vt 0.41470754 0.86192733
vt 0.71003354 0.87174016
vt 0.17167841 0.29788363
vt 0.79144979 0.56930208
vt 0.04323041 0.37531126
vt 0.99276495 0.51931775
vt 0.85172462 0.80813217
vt 0.08303785 0.17718011
vt 0.17164722 0.85177177
vt 0.87576610 0.84125042
vt 0.19527777 0.76758593
vt 0.80967355 0.35932720
vt 0.79216927 0.22266012
vt 0.81036645 0.48830587
vt 0.83458382 0.20862842
vt 0.00000000 0.00000000
vt 0.14837809 0.17174387
vt 0.77261621 0.76300389
vt 0.59790289 0.53952408
vt 0.38075519 0.81817001
vt 0.93653291 0.44035780
vt 0.71805805 0.71823525
vt 0.92906880 0.12670547
vt 0.16080584 0.26477647
vt 0.24537887 0.20529461
vt 0.95886004 0.65060455
vt 0.69281143 0.74473810
vt 0.92621815 0.24429470
vt 0.96996057 0.66887087
vt 0.88857251 0.02881324
vt 0.13266166 0.93995875
vt 0.44479388 0.83418590
vt 0.57801372 0.65940017
vt 0.96699512 0.80298549
vt 0.17344694 0.99763393
vt 0.86205822 0.43228340
vt 0.86633199 0.11336505
vt 0.87513435 0.78227043
vt 0.27318567 0.82630217
vt 0.06516767 0.45122898
vt 0.26094121 0.17429733
vt 0.00000000 0.00000000
vt 0.98264760 0.51727569
vt 0.93725377 0.22703254
vt 0.00000000 0.00000000
vt 0.80624270 0.80003619
vt 0.20405556 0.26359385
vt 0.62198138 0.87185222
vt 0.86654609 0.70710093
vt 0.83221829 0.21760833
vt 0.94731790 0.40621513
vt 0.66800439 0.56692487
vt 0.00000000 0.00000000
vt 0.56734926 0.19572771
vt 0.77726400 0.21824902
vt 0.85692674 0.11502844
vt 0.16508840 0.99463576
vt 0.09876894 0.67032766
vt 0.00790539 0.42666775
vt 0.53734440 0.71457160
vt 0.77338380 0.03152174
vt 0.89375299 0.84253246
vt 0.74120539 0.77248740
vt 0.77817553 0.36841047
vt 0.77845275 0.15208513
vt 0.00000000 0.00000000
vt 0.90262151 0.47245800
vt 0.27929974 0.19255221
vt 0.77112812 0.22715724
vt 0.86586386 0.12590849
vt 0.75996619 0.03193802
vt 0.62608135 0.16416693
vt 0.07686869 0.19733846
vt 0.31799465 0.21686316
vt 0.78219306 0.03131658
vt 0.93731654 0.02935243
vt 0.21037202 0.37375015
vt 0.14480454 0.28719491
vt 0.96274894 0.80906868
vt 0.81020314 0.23254955
vt 0.04639188 0.72216702
vt 0.83326167 0.83883542
vt 0.19752026 0.90907466
vt 0.89260012 0.05294001
vt 0.77883887 0.85988683
vt 0.12633386 0.46709406
vt 0.17368652 0.13042045
vt 0.00000000 0.00000000
vt 0.31980786 0.17810977
vt 0.17804702 0.46164161
vt 0.95527059 0.03383946
vt 0.56817788 0.76152050
vt 0.61757523 0.86000675
vt 0.96988106 0.66245002
vt 0.22123025 0.39390123
vt 0.79529154 0.02987826
vt 0.57460195 0.15952271
vt 0.84169132 0.75162953
vt 0.67560464 0.56589580
vt 0.46263221 0.76117998
vt 0.25111496 0.18218726
vt 0.23113881 0.08541942
vt 0.13274796 0.22379160
vt 0.56897366 0.15188986
vt 0.29736173 0.75528860
vt 0.76859730 0.67805868
vt 0.60137445 0.83908969
vt 0.89224666 0.86191136
vt 0.62388051 0.83510369
vt 0.91030723 0.23840553
vt 0.16679357 0.12681377
vt 0.28144342 0.93637729
vt 0.83442342 0.02815086
vt 0.18827125 0.18897033
vt 0.64847004 0.65332031
vt 0.13075882 0.14598763
vt 0.57576656 0.95635563
vt 0.94318074 0.50312507
vt 0.90366113 0.52189362
vt 0.20622441 0.44065869
vt 0.91424221 0.50074238
vt 0.66363132 0.54665345
vt 0.00553417 0.46342546
vt 0.94237572 0.41880214
vt 0.23799700 0.23177224
vt 0.79767770 0.70507127
vt 0.71694994 0.63870043
vt 0.86777133 0.64899319
vt 0.23120047 0.07977802
vt 0.85035568 0.78712738
vt 0.31493688 0.14846849
vt 0.47957247 0.90837270
vt 0.08444261 0.96782786
vt 0.47229496 0.79527158
vt 0.19180068 0.11988556
vt 0.84863597 0.77535796
vt 0.27008808 0.20781833
vt 0.38969991 0.85634679
vt 0.64289457 0.53195858
vt 0.88326293 0.02914393
vt 0.71061218 0.86626482
vt 0.94611967 0.94671190
vt 0.94891644 0.78180355
vt 0.94346619 0.41526246
vt 0.01206909 0.32887959
vt 0.74710083 0.87886167
vt 0.30595204 0.90742564
vt 0.58334625 0.95005447
vt 0.23050672 0.12008369
vt 0.24548522 0.12534148
vt 0.04194706 0.78925228
vt 0.62770051 0.65362740
vt 0.00671618 0.48583746
vt 0.29657727 0.71129656
vt 0.00000000 0.00000000
vt 0.02348405 0.39436102
vt 0.89672846 0.86163175
vt 0.96375149 0.04859847
vt 0.90385926 0.71838897
vt 0.16005291 0.42059994
vt 0.83441484 0.76477396
vt 0.73566234 0.73269844
vt 0.10284130 0.20476478
vt 0.86296993 0.72208816
vt 0.58358228 0.86680621
vt 0.43832767 0.84735632
vt 0.22334835 0.47005850
vt 0.32248041 0.20090687
vt 0.80748016 0.57030183
vt 0.75416332 0.78431505
vt 0.51407498 0.72986680
vt 0.36972448 0.70727479
vt 0.13053368 0.79186195
vt 0.23104455 0.47416508
vt 0.88606477 0.43035984
vt 0.13799001 0.69916892
vt 0.27302900 0.78710991
vt 0.99630398 0.37411863
vt 0.13718727 0.14406848
vt 0.02287595 0.43644369
vt 0.77280957 0.71771365
vt 0.79470801 0.03752959
vt 0.00000000 0.00000000
vt 0.25774133 0.92629695
vt 0.84512216 0.43509287
vt 0.10305747 0.25866008
vt 0.17517962 0.83188117
vt 0.68352795 0.66254491
vt 0.10515966 0.69382727
vt 0.02126234 0.38648170
vt 0.27423039 0.93199915
vt 0.79543555 0.56883729
vt 0.76296920 0.83845973
vt 0.26678249 0.95827925
vt 0.08070812 0.42412746
vt 0.81257212 0.03216124
vt 0.88574690 0.55579203
vt 0.11742219 0.10674310
vt 0.30347118 0.97529495
vt 0.99231517 0.92944533
vt 0.80378807 0.65065765
vt 0.73183441 0.73666221
vt 0.80529213 0.19130939
vt 0.36285135 0.97967494
vt 0.89511770 0.03240770
vt 0.30667979 0.24563462
vt 0.88670009 0.72711432
vt 0.59903479 0.18835253
vt 0.95518601 0.46737081
vt 0.17508081 0.76721740
vt 0.90167129 0.72626173
vt 0.06450336 0.68801743
vt 0.06803162 0.83091486
vt 0.22243011 0.11425775
vt 0.05745409 0.47429800
vt 0.81066197 0.13617647
vt 0.98290801 0.52573442
vt 0.93669653 0.25328934
vt 0.14796348 0.28497040
vt 0.28244007 0.71902043
vt 0.90903521 0.56702650
vt 0.00000000 0.00000000
vt 0.00000000 0.00000000
vt 0.09255670 0.74466294
vt 0.97061568 0.03913176
vt 0.03315163 0.33013284
vt 0.16134492 0.66120893
vt 0.18381543 0.27881634
vt 0.73857141 0.85978621
vt 0.00444811 0.31511581
vt 0.27985319 0.83951950
vt 0.42647764 0.96289301
vt 0.66619760 0.56861895
vt 0.75445330 0.87165654
vt 0.24123752 0.40928531
vt 0.09141234 0.39374822
vt 0.18983997 0.42119664
vt 0.55483979 0.55799812
vt 0.19971357 0.92857975
vt 0.21833746 0.40588999
vt 0.19214438 0.76123434
vt 0.00000000 0.00000000
vt 0.82738370 0.10717320
vt 0.89985245 0.84926450
vt 0.89477086 0.52691764
vt 0.18401842 0.24578810
vt 0.77236784 0.75706202
vt 0.76972449 0.10440218
vt 0.10523896 0.36584139
vt 0.06084200 0.46749282
vt 0.00000000 0.00000000
vt 0.15342985 0.24279833
vt 0.56265146 0.17925614
vt 0.88176256 0.03555930
vt 0.28066397 0.90471387
vt 0.74988949 0.46395248
vt 0.00000000 0.00000000
vt 0.08837699 0.15140617
vt 0.06683476 0.87236476
vt 0.19892022 0.30100679
vt 0.38100961 0.96865284
vt 0.27851018 0.85526603
vt 0.12874182 0.15995431
vt 0.77553606 0.03928816
vt 0.94786912 0.77235115
vt 0.38742897 0.91161299
vt 0.25428253 0.29021692
vt 0.14495185 0.08883440
vt 0.83724606 0.84439272
vt 0.21104804 0.29790747
vt 0.20381875 0.44480705
vt 0.56323242 0.09032643
vt 0.05368246 0.44139582
vt 0.20359427 0.91997093
vt 0.57575560 0.54774225
vt 0.76342386 0.43246734
vt 0.00963823 0.40270865
vt 0.75449711 0.76791918
vt 0.87943512 0.36066437
vt 0.56209898 0.19464862
vt 0.12048303 0.45374715
vt 0.12514140 0.83652776
vt 0.10821474 0.83937585
vt 0.51437652 0.59908986
vt 0.72037363 0.83704287
vt 0.13126521 0.44986975
vt 0.24039821 0.26340556
vt 0.77478153 0.56908631
vt 0.78997111 0.84950054
vt 0.74438643 0.56883466
vt 0.00000000 0.00000000
vt 0.94899845 0.91798145
vt 0.85342550 0.15521467
vt 0.26811177 0.19826037
vt 0.27856553 0.64634025
vt 0.37318423 0.81329954
vt 0.88251650 0.24125373
vt 0.24309087 0.78739715
vt 0.56781828 0.99276596
vt 0.23408282 0.69163817
vt 0.15835549 0.95476615
vt 0.15698004 0.37759256
vt 0.09073710 0.69400430
vt 0.75797844 0.37252402
vt 0.82581192 0.87327677
vt 0.60279131 0.18864667
vt 0.21124436 0.15544605
vt 0.81573927 0.20807934
vt 0.80059880 0.71423268
vt 0.23937698 0.95389181
vt 0.81274241 0.56171179
vt 0.12571354 0.22372860
vt 0.29044908 0.96430695
vt 0.78903180 0.03789407
vt 0.08370512 0.86206305
vt 0.83158886 0.50488740
vt 0.62786800 0.74472094
vt 0.03645305 0.31296319
vt 0.83384752 0.79521453
vt 0.30858704 0.91296095
vt 0.88779867 0.23085874
vt 0.13900949 0.98597771
vt 0.22156747 0.26329541
vt 0.10647405 0.85053384
vt 0.61445320 0.84307492
vt 0.20580280 0.11110252
vt 0.00000000 0.00000000
vt 0.16041742 0.64684844
vt 0.62075305 0.76135802
vt 0.82065517 0.04264033
vt 0.24590467 0.17407423
vt 0.20441771 0.37986839
vt 0.95440298 0.21324801
vt 0.96483272 0.40788835
vt 0.83042151 0.19753760
vt 0.25903964 0.86938685
vt 0.25141087 0.21000379
vt 0.23545802 0.80019295
vt 0.20239915 0.12341738
vt 0.14375772 0.38488430
vt 0.72476411 0.89407104
vt 0.57641399 0.61737972
vt 0.90905410 0.18424124
vt 0.09389674 0.82248670
vt 0.96295851 0.94404638
vt 0.11454707 0.95314306
vt 0.73187536 0.76581579
vt 0.46963251 0.96000034
vt 0.90758461 0.22621870
vt 0.18439934 0.74894720
vt 0.61629152 0.53333396
vt 0.18985702 0.24607253
vt 0.23519686 0.96497083
vt 0.79893219 0.73093885
vt 0.21336113 0.29999775
vt 0.81250620 0.37790918
vt 0.75708431 0.67413157
vt 0.49571848 0.94056910
vt 0.93798047 0.23498547
vt 0.05837832 0.40420234
vt 0.25061345 0.41696835
vt 0.16169970 0.24026018
vt 0.13964002 0.85016280
vt 0.96464300 0.93318152
vt 0.04079177 0.64362323
vt 0.00000000 0.00000000
vt 0.08087810 0.76343191
vt 0.89155614 0.84273255
vt 0.87743855 0.05340075
vt 0.76127291 0.79574889
vt 0.62882948 0.89256662
vt 0.05819736 0.38375741
vt 0.15204525 0.82998091
vt 0.70076281 0.77857864
vt 0.44297275 0.85748476
vt 0.36354491 0.69974399
vt 0.57092637 0.19703770
vt 0.05538367 0.79256672
vt 0.44871870 0.89450496
vt 0.07611131 0.77398223
vt 0.87659132 0.03278005
vt 0.58755678 0.88361466
vt 0.12320988 0.65967602
vt 0.62737083 0.88924909
vt 0.00000000 0.00000000
vt 0.88430882 0.84192246
vt 0.67149001 0.56761503
vt 0.26812994 0.15391600
vt 0.97117168 0.70387083
vt 0.85566157 0.65894276
vt 0.60761160 0.18601251
vt 0.18689862 0.30041701
vt 0.81603950 0.14764452
vt 0.06838304 0.87831348
vt 0.85575455 0.22643512
vt 0.62815374 0.94803399
vt 0.38399613 0.80705982
vt 0.84103656 0.85008043
vt 0.93704236 0.37669432
vt 0.42527044 0.83673882
vt 0.01413081 0.45660919
vt 0.97203499 0.68293607
vt 0.01921174 0.32051909
vt 0.37085915 0.97452551
vt 0.42956984 0.88917863
vt 0.98647368 0.48464799
vt 0.85492682 0.40239424
vt 0.80236292 0.43568921
vt 0.95277566 0.41504276
vt 0.87028021 0.03602225
vt 0.58828425 0.94848412
vt 0.04080554 0.30407465
vt 0.25004601 0.48354107
vt 0.79086888 0.50273347
vt 0.19952890 0.45066249
vt 0.93503511 0.17699885
vt 0.95333564 0.34776127
vt 0.26932135 0.93681693
vt 0.89978164 0.21608263
vt 0.00000000 0.00000000
vt 0.38727102 0.89422435
vt 0.65621680 0.53500992
vt 0.78968424 0.54490286
vt 0.17746128 0.22434163
vt 0.91105855 0.80105144
vt 0.20911135 0.26262629
vt 0.02744677 0.31901312
vt 0.00000000 0.00000000
vt 0.61847544 0.85395020
vt 0.17829198 0.71755075
vt 0.83417451 0.80274361
vt 0.15858969 0.42805028
vt 0.89034212 0.79934961
vt 0.99356902 0.42267668
vt 0.19673562 0.37311429
vt 0.19772939 0.14052033
vt 0.08875228 0.68101060
vt 0.54486090 0.64561397
vt 0.62293309 0.67526919
vt 0.19427073 0.27078164
vt 0.51425391 0.70350379
vt 0.60436696 0.76326710
vt 0.19953221 0.23744208
vt 0.78745997 0.37164295
vt 0.82474810 0.02771735
vt 0.92109787 0.18741608
vt 0.90734440 0.84473896
vt 0.83914274 0.07353503
vt 0.76977414 0.80606312
vt 0.07611973 0.96176010
vt 0.83584577 0.81038004
vt 0.38101617 0.82652730
vt 0.76615334 0.65489650
vt 0.73888856 0.55346972
vt 0.92106670 0.41328382
vt 0.73999786 0.50480521
vt 0.92411816 0.18506801
vt 0.15920259 0.08376962
vt 0.27613074 0.71054441
vt 0.80620068 0.22203296
vt 0.31044483 0.24306303
vt 0.76758289 0.05088252
vt 0.81231761 0.18349206
vt 0.89507246 0.22404659
vt 0.37458509 0.78696948
vt 0.43139875 0.83406526
vt 0.60272366 0.71434879
vt 0.94361073 0.39054245
vt 0.27880630 0.68541580
vt 0.14155442 0.17301297
vt 0.00000000 0.00000000
vt 0.60044670 0.80724150
vt 0.71823555 0.83923817
vt 0.45358112 0.90783149
vt 0.79628259 0.76434994
vt 0.23600979 0.84061515
vt 0.75386626 0.70344394
vt 0.26660386 0.13860756
vt 0.21026695 0.99863237
vt 0.17449687 0.27314043
vt 0.95775968 0.64191282
vt 0.40345803 0.97478205
vt 0.30097145 0.96317613
vt 0.83755243 0.55201650
vt 0.00000000 0.00000000
vt 0.71648216 0.61225760
vt 0.82448500 0.18760478
vt 0.04042553 0.70211357
vt 0.88672519 0.73068351
vt 0.23870620 0.93267930
vt 0.82397872 0.67694348
vt 0.93561894 0.36178631
vt 0.25025046 0.44917703
vt 0.90685523 0.14922106
vt 0.90391093 0.11735785
vt 0.76702523 0.10525632
vt 0.78477561 0.74828333
vt 0.91465616 0.53879631
vt 0.17689635 0.41749465
vt 0.00000000 0.00000000
vt 0.97041333 0.67625034
vt 0.45893630 0.61685544
vt 0.27345794 0.86268133
vt 0.03240309 0.30564642
vt 0.70682538 0.61133438
vt 0.28010687 0.10216099
vt 0.94358200 0.38563037
vt 0.80006737 0.40916884
vt 0.90794963 0.69154960
vt 0.74110246 0.76646805
vt 0.76352990 0.19253117
vt 0.21004502 0.42207503
vt 0.70302445 0.65970236
vt 0.29547665 0.95803148
vt 0.21263297 0.98858356
vt 0.88942707 0.64861798
vt 0.91640210 0.48290551
vt 0.20285381 0.15806001
vt 0.86211473 0.12435681
vt 0.71686727 0.60164315
vt 0.37168205 0.92703915
vt 0.84520459 0.41625732
vt 0.84201872 0.24876922
vt 0.68561071 0.66869575
vt 0.23014046 0.18739617
vt 0.87307179 0.85121065
vt 0.66808772 0.57040286
vt 0.15999912 0.29504573
vt 0.15661024 0.22735703
vt 0.92963445 0.15759104
vt 0.89302772 0.08895123
vt 0.78309304 0.78465718
vt 0.90363538 0.49708968
vt 0.81380963 0.03048551
vt 0.17322062 0.11930662
vt 0.06959464 0.95510483
vt 0.10071622 0.86802047
vt 0.99577880 0.91976136
vt 0.27878094 0.18132043
vt 0.94268036 0.34840196
vt 0.17054762 0.84522796
vt 0.73676097 0.83586311
vt 0.48926270 0.91168344
vt 0.85595936 0.38634598
vt 0.14129488 0.14015281
vt 0.37462914 0.80213064
vt 0.74466318 0.67622852
vt 0.28889474 0.11467326
vt 0.73043066 0.83619243
vt 0.94106138 0.51466113
vt 0.71867210 0.74305433
vt 0.90178007 0.78992182
vt 0.04190715 0.76954359
vt 0.64507717 0.53040105
vt 0.13059191 0.75045842
vt 0.84817737 0.21081626
vt 0.56392974 0.91102809
vt 0.78252852 0.79050088
vt 0.02281644 0.34913588
vt 0.12948713 0.16664058
vt 0.05288155 0.75882751
vt 0.71780807 0.59057915
vt 0.94033116 0.48584074
vt 0.37442943 0.90189713
vt 0.37187847 0.97134072
vt 0.31072125 0.86106884
vt 0.75055957 0.73994166
vt 0.91415608 0.52128386
vt 0.95406157 0.78673208
vt 0.30664757 0.13843691
vt 0.93793964 0.23262447
vt 0.18971409 0.29868716
vt 0.06903086 0.98401940
vt 0.93663275 0.75343263
vt 0.38215151 0.87165463
vt 0.84112084 0.85759509
vt 0.03807440 0.32760340
vt 0.84130192 0.66472328
vt 0.26512182 0.19896775
vt 0.20343629 0.68918061
vt 0.89030820 0.43002236
vt 0.07911832 0.67614561
vt 0.59740257 0.61383820
vt 0.25243542 0.47697532
vt 0.78933531 0.44599158
vt 0.58894348 0.94975412
vt 0.59621727 0.15404236
vt 0.97258818 0.77523804
vt 0.41823491 0.86442733
vt 0.94855756 0.65952575
vt 0.25624049 0.95850420
vt 0.00000000 0.00000000
vt 0.83114451 0.33674026
vt 0.46420732 0.80714488
vt 0.55595219 0.62300116
vt 0.13503788 0.76567221
vt 0.96817106 0.79288650
vt 0.00000000 0.00000000
vt 0.84528667 0.33698344
vt 0.00000000 0.00000000
vt 0.67427558 0.72492176
vt 0.56353062 0.55354548
vt 0.60177273 0.76898199
vt 0.02357714 0.40931410
vt 0.73123848 0.84824449
vt 0.95186538 0.42752326
vt 0.82264572 0.33549154
vt 0.92895693 0.25161672
vt 0.42321047 0.84887332
vt 0.77541798 0.10327679
vt 0.86152238 0.24578220
vt 0.67976576 0.60169077
vt 0.00000000 0.00000000
vt 0.29942408 0.91768211
vt 0.23555183 0.99235165
vt 0.93619782 0.15617979
vt 0.76502579 0.85514307
vt 0.13182634 0.90872878
vt 0.80181652 0.37812245
vt 0.76804304 0.72576112
vt 0.22856177 0.40816838
vt 0.84701240 0.86198270
vt 0.57866848 0.95298290
vt 0.08723192 0.23047221
vt 0.03824089 0.29966307
vt 0.30411607 0.13452566
vt 0.90023512 0.86956304
vt 0.11180153 0.18165410
vt 0.94843781 0.22031981
vt 0.74653357 0.86580282
vt 0.94781417 0.08607227
vt 0.29936969 0.98123431
vt 0.73415893 0.78263360
vt 0.25929302 0.28651571
vt 0.00000000 0.00000000
vt 0.18143776 0.92001683
vt 0.08104900 0.16588163
vt 0.26767436 0.24721968
vt 0.23477402 0.87774497
vt 0.00000000 0.00000000
vt 0.10034563 0.12932259
vt 0.79723787 0.67419684
vt 0.80109489 0.07781827
vt 0.00000000 0.00000000
vt 0.10145051 0.19904780
vt 0.38066897 0.85711408
vt 0.27650884 0.10407227
vt 0.65579832 0.71236527
vt 0.23850599 0.14716518
vt 0.83676010 0.21488607
vt 0.42165267 0.85781217
vt 0.27250054 0.09820265
vt 0.70616078 0.83743882
vt 0.61691666 0.68200547
vt 0.19549322 0.12974530
vt 0.00000000 0.00000000
vt 0.80193937 0.56901073
vt 0.56656688 0.83424050
vt 0.57871902 0.54720485
vt 0.76096648 0.49006504
vt 0.90362042 0.37116897
vt 0.00000000 0.00000000
vt 0.43842712 0.86586404
vt 0.03465531 0.34327686
vt 0.00000000 0.00000000
vt 0.72017807 0.76461673
vt 0.37192896 0.90784770
vt 0.60535645 0.18651557
vt 0.70535696 0.65466529
vt 0.04095184 0.66980344
vt 0.85528886 0.71128124
vt 0.16172761 0.96108615
vt 0.09423925 0.96193171
vt 0.50922191 0.88952386
vt 0.85623676 0.04815513
vt 0.63222808 0.53253561
vt 0.97411335 0.73388249
vt 0.53627652 0.81783026
vt 0.99656564 0.37104404
vt 0.00000000 0.00000000
vt 0.07675912 0.91091681
vt 0.13227306 0.94443214
vt 0.08006202 0.73382461
vt 0.98263866 0.40287280
vt 0.96373600 0.43836367
vt 0.76981640 0.41263270
vt 0.61504942 0.94467366
vt 0.82058650 0.22487015
vt 0.87342060 0.24166220
vt 0.21400163 0.95183772
vt 0.13716641 0.28089917
vt 0.02943364 0.33144021
vt 0.17661050 0.26126373
vt 0.18917726 0.84517354
vt 0.73614609 0.76013446
vt 0.01248752 0.30968630
vt 0.77047253 0.84244585
vt 0.81302452 0.24309570
vt 0.16190983 0.83722079
vt 0.86222756 0.25225031
vt 0.91070181 0.34595132
vt 0.08274611 0.18824840
vt 0.15040056 0.24406111
vt 0.12879717 0.27430558
vt 0.88067937 0.81059462
vt 0.15084460 0.90298057
vt 0.62602824 0.84019154
vt 0.75023276 0.76119673
vt 0.17431164 0.73384511
vt 0.45560819 0.95129830
vt 0.04217715 0.70183557
vt 0.11283785 0.76527864
vt 0.11359924 0.98696840
vt 0.43123582 0.96495795
vt 0.40330562 0.70718205
vt 0.91901928 0.04457599
vt 0.08375672 0.87324798
vt 0.00000000 0.00000000
vt 0.82935178 0.18574333
vt 0.00000000 0.00000000
vt 0.96258658 0.52266592
vt 0.15834856 0.24568349
vt 0.04412460 0.63087600
vt 0.24772900 0.45125973
vt 0.28261471 0.27568042
vt 0.44153762 0.85757571
vt 0.78475004 0.76375788
vt 0.11811858 0.44482982
vt 0.91668636 0.80819553
vt 0.77762866 0.46227443
vt 0.97247589 0.48640919
vt 0.85016912 0.77116293
vt 0.58488125 0.66496295
vt 0.79088533 0.71943009
vt 0.29745543 0.94919270
vt 0.42072782 0.83344740
vt 0.61801445 0.83403206
vt 0.71769911 0.70401376
vt 0.24847560 0.26001132
vt 0.08927004 0.93432534
vt 0.61085653 0.90714031
vt 0.61469519 0.18824148
vt 0.25907755 0.91650319
vt 0.53480953 0.69005156
vt 0.55327863 0.64048904
vt 0.04494678 0.64327371
vt 0.95532417 0.91969478
vt 0.74781328 0.80409920
vt 0.82579219 0.21571791
vt 0.07648329 0.88215798
vt 0.22102380 0.64097726
vt 0.87109619 0.52475005
vt 0.21642353 0.85743850
vt 0.56989443 0.19506299
vt 0.98360205 0.92233837
vt 0.72555274 0.89304572
vt 0.28958586 0.95361912
vt 0.27189124 0.83813012
vt 0.78372157 0.15033287
vt 0.25984287 0.16277552
vt 0.00000000 0.00000000
vt 0.69167781 0.85216558
vt 0.77455413 0.34661210
vt 0.88034195 0.10842866
vt 0.46473181 0.88833416
vt 0.36636019 0.97619474
vt 0.76851928 0.73765886
vt 0.71745050 0.88648480
vt 0.17297928 0.63040513
vt 0.89550078 0.78195792
vt 0.11229159 0.92491066
vt 0.08297361 0.63817132
vt 0.22251931 0.62523234
vt 0.55998683 0.63443828
vt 0.87728006 0.53236556
vt 0.18485117 0.46020901
vt 0.50454825 0.93931216
vt 0.90852457 0.66465849
vt 0.09313976 0.13977140
vt 0.00000000 0.00000000
vt 0.06854460 0.87389183
vt 0.00936580 0.41473758
vt 0.23371579 0.88250184
vt 0.59649462 0.09700108
vt 0.90697664 0.21646440
vt 0.29058552 0.11455292
vt 0.62152404 0.15301812
vt 0.24276343 0.16765916
vt 0.69251549 0.89271498
vt 0.95210522 0.42038941
vt 0.08737002 0.91591758
vt 0.82156748 0.40488893
vt 0.78879702 0.10364848
vt 0.75420696 0.34547210
vt 0.95401806 0.95119786
vt 0.85896689 0.80869216
vt 0.19241133 0.22125566
vt 0.06501296 0.65466422
vt 0.00000000 0.00000000
vt 0.49942812 0.59911650
vt 0.13746195 0.26095462
vt 0.04210235 0.33555663
vt 0.87833935 0.85196811
vt 0.08846278 0.23756564
vt 0.99890202 0.47339076
vt 0.86132288 0.72809929
vt 0.20140934 0.93495721
vt 0.29026514 0.86400831
vt 0.84649706 0.03680241
vt 0.47579572 0.94219673
vt 0.82519573 0.84538162
vt 0.51129121 0.76939797
vt 0.48543185 0.60868615
vt 0.20135093 0.15326536
vt 0.14295954 0.28952044
vt 0.00000000 0.00000000
vt 0.02405277 0.32533121
vt 0.74874258 0.86604881
vt 0.78010577 0.23572779
vt 0.09974387 0.62430847
vt 0.03526758 0.31764412
vt 0.63191402 0.83948839
vt 0.15872067 0.79189289
vt 0.08350843 0.86749840
vt 0.77252126 0.70353407
vt 0.00000000 0.00000000
vt 0.39038426 0.97189486
vt 0.95183790 0.92401159
vt 0.93741614 0.08794063
vt 0.80207938 0.34278667
vt 0.07689257 0.88761002
vt 0.00683980 0.47389263
vt 0.87060851 0.84210396
vt 0.10815350 0.18208802
vt 0.71779001 0.67769748
vt 0.19243915 0.96998006
vt 0.69684273 0.88280690
vt 0.19836771 0.26500857
vt 0.71883130 0.62182498
vt 0.00950984 0.32596457
vt 0.62120986 0.88005036
vt 0.53652793 0.81363976
vt 0.87082827 0.49498081
vt 0.00000000 0.00000000
vt 0.83862126 0.05410194
vt 0.64765662 0.67502111
vt 0.43831292 0.83757871
vt 0.93938679 0.77589947
vt 0.12321965 0.20023471
vt 0.94193333 0.20030540
vt 0.09256030 0.97940981
vt 0.52997494 0.90000761
vt 0.27083525 0.15913785
vt 0.12704451 0.25159526
vt 0.94264573 0.12784499
vt 0.00713128 0.39160657
vt 0.73997897 0.87646788
vt 0.23367108 0.45763242
vt 0.13486239 0.66182256
vt 0.70834887 0.66187310
vt 0.73066425 0.80445641
vt 0.94291055 0.49425077
vt 0.81844503 0.81541866
vt 0.07697090 0.41846049
vt 0.88321036 0.23060930
vt 0.00000000 0.00000000
vt 0.14277174 0.24161464
vt 0.95335799 0.39602208
vt 0.58639729 0.73924953
vt 0.78398961 0.77989686
vt 0.25332606 0.08791149
vt 0.94514674 0.92042780
vt 0.53744358 0.63523996
vt 0.61105120 0.94327998
vt 0.10991044 0.72218108
vt 0.11755421 0.11364901
vt 0.90132385 0.05484629
vt 0.82998878 0.07376277
vt 0.13409176 0.94885069
vt 0.61014867 0.85975564
vt 0.76665992 0.71736580
vt 0.98378479 0.38610560
vt 0.77983314 0.03252244
vt 0.20565553 0.91608483
vt 0.23996009 0.73772508
vt 0.89150882 0.10609168
vt 0.25835770 0.94247746
vt 0.17545506 0.25823945
vt 0.75002044 0.44320285
vt 0.89775860 0.08524358
vt 0.19483805 0.90000278
vt 0.76566738 0.06784195
vt 0.06734453 0.97603965
vt 0.00000000 0.00000000
vt 0.89516652 0.49633133
vt 0.76195699 0.66466027
vt 0.16864957 0.43953812
vt 0.23308517 0.43257052
vt 0.23832782 0.75442439
vt 0.19428821 0.80006176
vt 0.82029748 0.65476477
vt 0.71184701 0.86019725
vt 0.90901172 0.18684363
vt 0.97141552 0.71717370
vt 0.42166916 0.92519855
vt 0.77311748 0.77126229
vt 0.04471834 0.65460426
vt 0.60237545 0.53777295
vt 0.31732064 0.21194714
vt 0.79678828 0.46644902
vt 0.97153801 0.52259779
vt 0.18524858 0.92851937
vt 0.56668282 0.16676086
vt 0.76988381 0.17848140
vt 0.62114137 0.87384826
vt 0.21612199 0.24804622
vt 0.84926832 0.24066341
vt 0.66776979 0.54480398
vt 0.22304003 0.86520624
vt 0.80073321 0.87060684
vt 0.20475607 0.65449780
vt 0.61995947 0.84328586
vt 0.88129967 0.70242417
vt 0.19159402 0.26605153
vt 0.21110526 0.72787547
vt 0.66753250 0.68290246
vt 0.71717882 0.67478776
vt 0.11902413 0.88821125
vt 0.30782473 0.23687762
vt 0.00000000 0.00000000
vt 0.89035815 0.25400156
vt 0.89124972 0.42015105
vt 0.29296038 0.97867543
vt 0.16331890 0.96429688
vt 0.91027766 0.44485015
vt 0.96477294 0.36406738
vt 0.17106242 0.44877052
vt 0.01215342 0.47532028
vt 0.86596513 0.20920187
vt 0.17917615 0.45619833
vt 0.10608552 0.82152337
vt 0.79713839 0.56964821
vt 0.29876551 0.88481736
vt 0.08332732 0.21394575
vt 0.00000000 0.00000000
vt 0.90829927 0.78185785
vt 0.77345985 0.74857891
vt 0.86165524 0.75473994
vt 0.94793218 0.05136269
vt 0.54591018 0.62770832
vt 0.72416472 0.83560300
vt 0.10301682 0.25014275
vt 0.08807428 0.22684038
vt 0.00000000 0.00000000
vt 0.72113961 0.87522781
vt 0.94753277 0.38896739
vt 0.94104940 0.90099871
vt 0.25885254 0.87961519
vt 0.99284112 0.51337886
vt 0.90718526 0.76359802
vt 0.22793493 0.24437928
vt 0.71895760 0.68402529
vt 0.82647055 0.08053911
vt 0.80147713 0.77233732
vt 0.25820473 0.13361502
vt 0.31866896 0.21313137
vt 0.27301294 0.86876339
vt 0.39218268 0.70215523
vt 0.82385260 0.14347368
vt 0.82512927 0.02926660
vt 0.84526223 0.21675622
vt 0.00000000 0.00000000
vt 0.16172825 0.12561607
vt 0.01760518 0.30535406
vt 0.99755645 0.51229882
vt 0.00000000 0.00000000
vt 0.74646521 0.86982369
vt 0.03202329 0.31270391
vt 0.86827552 0.68653345
vt 0.86405069 0.52136314
vt 0.10074086 0.62939483
vt 0.80618602 0.24436492
vt 0.21844441 0.30128193
vt 0.12501320 0.47331262
vt 0.21308468 0.38784772
vt 0.77323729 0.87354857
vt 0.81411743 0.23181850
vt 0.86597735 0.68380940
vt 0.96683890 0.06442457
vt 0.67174464 0.62145132
vt 0.23876390 0.67715031
vt 0.11401913 0.27096581
vt 0.96908808 0.05287862
vt 0.00000000 0.00000000
vt 0.77287012 0.65200907
vt 0.95942438 0.92911083
vt 0.26286212 0.23792529
vt 0.83453530 0.19714427
vt 0.76464754 0.78941262
vt 0.97357804 0.73795354
vt 0.26374474 0.20555997
vt 0.80666512 0.39645839
vt 0.56437135 0.15436697
vt 0.60538173 0.53626215
vt 0.97513270 0.71183354
vt 0.61963391 0.91293818
vt 0.84601057 0.64323908
vt 0.77448165 0.66428226
vt 0.56537378 0.19632047
vt 0.99898404 0.46066368
vt 0.09323455 0.84196854
vt 0.26376843 0.28557056
vt 0.16946545 0.16537750
vt 0.04272757 0.62960368
vt 0.27694395 0.20849395
vt 0.90209007 0.86558855
vt 0.23617604 0.83331650
vt 0.17862290 0.65353715
vt 0.09413299 0.65507394
vt 0.89890581 0.35632020
vt 0.28328487 0.21973252
vt 0.70411229 0.68900222
vt 0.87592703 0.80327964
vt 0.12361529 0.27291292
vt 0.23906192 0.65938461
vt 0.25450289 0.96822435
vt 0.22412106 0.25066137
vt 0.39867711 0.96449780
vt 0.78393966 0.68639302
vt 0.74586719 0.75308055
vt 0.21155179 0.91332293
vt 0.14271584 0.09367132
vt 0.98979676 0.35635608
vt 0.73579216 0.76977891
vt 0.22853801 0.85352349
vt 0.47026664 0.64225107
vt 0.24239680 0.38239658
vt 0.00000000 0.00000000
vt 0.99795532 0.50620729
vt 0.00000000 0.00000000
vt 0.18391268 0.41711962
vt 0.16309242 0.69940770
vt 0.00000000 0.00000000
vt 0.11430960 0.20039845
vt 0.92570877 0.72302222
vt 0.12695341 0.89357829
vt 0.60567695 0.19433331
vt 0.00000000 0.00000000
vt 0.84869301 0.84131825
vt 0.41938055 0.96578449
vt 0.47344631 0.82711476
vt 0.22873099 0.69965130
vt 0.68286604 0.63271677
vt 0.16869627 0.08193350
vt 0.30293927 0.96985173
vt 0.91299576 0.65203029
vt 0.27204418 0.87500489
vt 0.94288552 0.42817533
vt 0.89306390 0.76355696
vt 0.17575090 0.29304177
vt 0.63031781 0.83406752
vt 0.88299865 0.75741738
vt 0.14749037 0.18016666
vt 0.01868320 0.33829355
vt 0.85502261 0.41558397
vt 0.70731193 0.69791359
vt 0.93954402 0.36514187
vt 0.38355869 0.79665124
vt 0.91943073 0.24336910
vt 0.95418125 0.51958102
vt 0.37469801 0.85608643
vt 0.08585563 0.64445418
vt 0.57965547 0.75483406
vt 0.50246495 0.83366585
vt 0.07762304 0.85067445
vt 0.27699566 0.62536395
vt 0.11913659 0.82144517
vt 0.73020625 0.67977631
vt 0.52804923 0.76135880
vt 0.13241151 0.10268945
vt 0.31385097 0.21996897
vt 0.11402302 0.17412871
vt 0.98238033 0.39668214
vt 0.87291032 0.84106100
vt 0.29299366 0.83634436
vt 0.80429757 0.87530458
vt 0.86368531 0.34395170
vt 0.15952249 0.70338655
vt 0.43793127 0.88157851
vt 0.76498431 0.05169892
vt 0.48523235 0.69344324
vt 0.22347414 0.27063107
vt 0.21334457 0.29675615
vt 0.82668203 0.13062114
vt 0.54271525 0.90097469
vt 0.01033599 0.36107707
vt 0.00000000 0.00000000
vt 0.00000000 0.00000000
vt 0.00000000 0.00000000
vt 0.78115326 0.06905669
vt 0.21886270 0.19829249
vt 0.76042497 0.70892841
vt 0.94223410 0.34000003
vt 0.95470989 0.35350657
vt 0.06544805 0.73442411
vt 0.56879592 0.18531096
vt 0.29053169 0.96226239
vt 0.89943606 0.13440382
vt 0.65312785 0.76590478
vt 0.43089950 0.83462089
vt 0.02662820 0.47507936
vt 0.07642651 0.81555384
vt 0.76483178 0.69854593
vt 0.97174549 0.73061454
vt 0.76449162 0.68780339
vt 0.50406843 0.91413283
vt 0.94586277 0.48637462
vt 0.07745385 0.85349715
vt 0.64695102 0.53427774
vt 0.31603950 0.21603143
vt 0.25334924 0.18632805
vt 0.61636704 0.84834248
vt 0.50211209 0.93918926
vt 0.00000000 0.00000000
vt 0.61879843 0.83868802
vt 0.53919035 0.73039168
vt 0.23601533 0.29525650
vt 0.62178755 0.60769618
vt 0.23143610 0.38646680
vt 0.22559765 0.08206528
vt 0.84947890 0.79778314
vt 0.06953374 0.93373823
vt 0.25269541 0.26165843
vt 0.23825331 0.81511903
vt 0.84672719 0.14014304
vt 0.85783756 0.20998406
vt 0.98265326 0.41329527
vt 0.86075962 0.78812122
vt 0.95842832 0.94820333
vt 0.16773286 0.27110320
vt 0.67380643 0.56031126
vt 0.24198879 0.96845675
vt 0.39069051 0.96509910
vt 0.25490525 0.09498739
vt 0.57549316 0.17564738
vt 0.07645322 0.75126964
vt 0.50738841 0.63418651
vt 0.78641278 0.83812195
vt 0.51403981 0.12578607
vt 0.28458199 0.86831754
vt 0.00233209 0.33623165
vt 0.89642763 0.10439122
vt 0.16923234 0.24333251
vt 0.00000000 0.00000000
vt 0.29617521 0.12417644
vt 0.17116748 0.37107790
vt 0.82011408 0.83912557
vt 0.15943414 0.25141233
vt 0.58245087 0.85811973
vt 0.13429239 0.65442038
vt 0.72949660 0.70319027
vt 0.73829645 0.79667723
vt 0.46615741 0.67676812
vt 0.71694076 0.83721352
vt 0.17994891 0.68962634
vt 0.04249080 0.67024034
vt 0.27869210 0.86211425
vt 0.04141564 0.32392156
vt 0.00000000 0.00000000
vt 0.04222623 0.69433492
vt 0.22698680 0.82630372
vt 0.85296071 0.74864328
vt 0.77784765 0.23083568
vt 0.78720242 0.80304873
vt 0.28813860 0.92143607
vt 0.85896027 0.73680747
vt 0.97318828 0.72714114
vt 0.13061631 0.18902969
vt 0.44075650 0.83725661
vt 0.70728862 0.65051174
vt 0.00000000 0.00000000
vt 0.12171866 0.66418546
vt 0.00000000 0.00000000
vt 0.19872765 0.94874120
vt 0.03743830 0.35013306
vt 0.76104075 0.50285435
vt 0.48397321 0.68047822
vt 0.97159249 0.50637424
vt 0.57147384 0.15259600
vt 0.94055074 0.65274507
vt 0.96937251 0.92522514
vt 0.25938654 0.12841523
vt 0.95032626 0.22872061
vt 0.00000000 0.00000000
vt 0.60553938 0.19689447
vt 0.06786534 0.83519357
vt 0.87888938 0.18368196
vt 0.96797305 0.94425637
vt 0.83812523 0.03619939
vt 0.67734241 0.71802860
vt 0.82015502 0.69332290
vt 0.83013028 0.21534091
vt 0.23924509 0.29602331
vt 0.62159431 0.89081514
vt 0.41618654 0.86319536
vt 0.15561785 0.25703341
vt 0.22184472 0.11032879
vt 0.23997925 0.42452657
vt 0.28315461 0.27310079
vt 0.14796740 0.46982324
vt 0.97193998 0.67399371
vt 0.69276941 0.73957330
vt 0.24505524 0.13375831
vt 0.03022269 0.34453517
vt 0.24745485 0.39337623
vt 0.70529032 0.89439392
vt 0.73121673 0.73123270
vt 0.00000000 0.00000000
vt 0.08463719 0.92504573
vt 0.31964183 0.20894378
vt 0.76933736 0.79700178
vt 0.00783774 0.46207523
vt 0.85439891 0.45618898
vt 0.15377809 0.37112153
vt 0.23792216 0.11998582
vt 0.59214127 0.19615412
vt 0.04862915 0.66609430
vt 0.39889503 0.88862711
vt 0.52261198 0.91967899
vt 0.46647787 0.71641225
vt 0.91816378 0.70531374
vt 0.00000000 0.00000000
vt 0.12164369 0.17599469
vt 0.56000531 0.15032947
vt 0.26107237 0.28996170
vt 0.02242793 0.31202555
vt 0.51409537 0.67506152
vt 0.58909947 0.69005430
vt 0.77256995 0.81248420
vt 0.30074477 0.87184536
vt 0.15204223 0.29196948
vt 0.24493517 0.17073798
vt 0.74915707 0.84616524
vt 0.81484467 0.18272018
vt 0.44517928 0.84637189
vt 0.89724225 0.86931038
vt 0.00738921 0.45788336
vt 0.27632722 0.98673922
vt 0.49836981 0.61506158
vt 0.07136194 0.18386126
vt 0.19897512 0.22425514
vt 0.00000000 0.00000000
vt 0.87242728 0.33967733
vt 0.10760836 0.43131518
vt 0.94912452 0.81674314
vt 0.35702562 0.70871747
vt 0.24211133 0.26830524
vt 0.80609024 0.54226846
vt 0.99809879 0.36671865
vt 0.12371123 0.61935335
vt 0.06730109 0.95644397
vt 0.94394928 0.93784261
vt 0.87632954 0.67175376
vt 0.10848092 0.74403262
vt 0.77494323 0.56245047
vt 0.90899026 0.23221213
vt 0.87296730 0.55669820
vt 0.27917099 0.67569882
vt 0.63189167 0.89110392
vt 0.15332048 0.12848604
vt 0.22277237 0.24545485
vt 0.25360480 0.48278439
vt 0.99600607 0.41463888
vt 0.40487391 0.96051860
vt 0.31314886 0.23369718
vt 0.94090652 0.05491132
vt 0.09134093 0.98229557
vt 0.07186903 0.96186972
vt 0.29354882 0.90847355
vt 0.60453779 0.91836065
vt 0.28930932 0.94722635
vt 0.08825880 0.38863897
vt 0.25223282 0.39274585
vt 0.73182583 0.46381187
vt 0.56399500 0.15083945
vt 0.88447285 0.56933790
vt 0.97166604 0.67039847
vt 0.82062310 0.66661733
vt 0.21544594 0.21759862
vt 0.26928443 0.83104813
vt 0.00000000 0.00000000
vt 0.83291537 0.25430727
vt 0.92274874 0.72984576
vt 0.16146553 0.27823722
vt 0.16042648 0.62597841
vt 0.45542112 0.82818037
vt 0.00000000 0.00000000
vt 0.73840255 0.33757019
vt 0.07464055 0.43184566
vt 0.58433050 0.54372650
vt 0.97409457 0.36889929
vt 0.94393986 0.37602901
vt 0.19446735 0.24415505
vt 0.59027004 0.54038930
vt 0.27059323 0.22351062
vt 0.02982884 0.30908298
vt 0.19410880 0.27488720
vt 0.83982998 0.15584540
vt 0.97320122 0.94465280
vt 0.92077804 0.75772268
vt 0.87635547 0.19018692
vt 0.32335472 0.17997897
vt 0.99749982 0.50165099
vt 0.30206099 0.12525111
vt 0.69314826 0.67504239
vt 0.92819226 0.41193962
vt 0.13560018 0.89293998
vt 0.27236462 0.70060647
vt 0.97213310 0.52844024
vt 0.00781437 0.44008660
vt 0.96320796 0.93721658
vt 0.80524856 0.24045748
vt 0.97290277 0.69308043
vt 0.02882946 0.34109741
vt 0.90607935 0.80467659
vt 0.23027852 0.13654703
vt 0.00000000 0.00000000
vt 0.21880479 0.46145236
vt 0.76735830 0.67309952
vt 0.89512658 0.56862926
vt 0.07452033 0.86797071
vt 0.77595496 0.43271011
vt 0.92035401 0.10584372
vt 0.74824256 0.70242918
vt 0.47450969 0.94475949
vt 0.23665121 0.89378327
vt 0.57681364 0.61344284
vt 0.08072564 0.78415197
vt 0.97267526 0.44008607
vt 0.41557837 0.77148938
vt 0.11858393 0.75890243
vt 0.95972943 0.39662337
vt 0.07835715 0.41060585
vt 0.07432494 0.62248242
vt 0.16500141 0.77185786
vt 0.95564222 0.53218031
vt 0.00000000 0.00000000
vt 0.92439395 0.23757118
vt 0.90360451 0.51133645
vt 0.81142920 0.87920773
vt 0.76800382 0.86059368
vt 0.28928685 0.86911231
vt 0.14315704 0.87843114
vt 0.82959217 0.75354874
vt 0.53690112 0.92003167
vt 0.18623967 0.93820238
vt 0.18988577 0.63576871
vt 0.65043765 0.77563488
vt 0.10321540 0.47834593
vt 0.59828264 0.86707395
vt 0.50427061 0.70353299
vt 0.75946152 0.80506444
vt 0.12274345 0.16025615
vt 0.20457958 0.26984864
vt 0.87988663 0.12325251
vt 0.17938402 0.13376915
vt 0.79809749 0.70842719
vt 0.26605105 0.09388399
vt 0.97259361 0.68620867
vt 0.71206623 0.88750583
vt 0.88658869 0.19068229
vt 0.25046995 0.37657022
vt 0.86264348 0.41663808
vt 0.26856616 0.87953216
vt 0.77945727 0.24343461
vt 0.20013036 0.25297463
vt 0.07197491 0.93955618
vt 0.00795445 0.43120331
vt 0.66797328 0.64600170
vt 0.58288187 0.62248743
vt 0.81014782 0.85000736
vt 0.56346267 0.14798766
vt 0.58763713 0.76146865
vt 0.22051334 0.21125710
vt 0.95197797 0.51282650
vt 0.51697278 0.62892133
vt 0.85314620 0.87841296
vt 0.87505364 0.88601750
vt 0.87119162 0.21730483
vt 0.90382117 0.69833905
vt 0.37243450 0.86582041
vt 0.07408158 0.42632818
vt 0.59709007 0.16113698
vt 0.82454556 0.43695807
vt 0.42719197 0.96825570
vt 0.01435632 0.46691239
vt 0.93027908 0.50004435
vt 0.86511564 0.08917558
vt 0.27683514 0.27202529
vt 0.21484216 0.12487262
vt 0.07026855 0.70732844
vt 0.92774516 0.23415124
vt 0.62542313 0.89077210
vt 0.79701531 0.48431671
vt 0.18490365 0.42673850
vt 0.59323913 0.17442703
vt 0.49149272 0.95477694
vt 0.50102288 0.68946928
vt 0.00000000 0.00000000
vt 0.71577388 0.88146788
vt 0.11642950 0.86812860
vt 0.38151795 0.84707791
vt 0.16811678 0.63692105
vt 0.50755268 0.73827857
vt 0.30324328 0.12395543
vt 0.97697389 0.94926906
vt 0.90151513 0.56976944
vt 0.84572673 0.84577227
vt 0.90019578 0.03706574
vt 0.80595511 0.56158483
vt 0.08372369 0.22203767
vt 0.45761964 0.96259028
vt 0.93878156 0.70494300
vt 0.89494610 0.54661852
vt 0.54915553 0.74207145
vt 0.59923416 0.16195565
vt 0.58766866 0.54490340
vt 0.91287357 0.24797517
vt 0.32272729 0.17263502
vt 0.04479968 0.34054244
vt 0.75857836 0.41457641
vt 0.12970756 0.23079062
vt 0.02046376 0.36373711
vt 0.79778844 0.70164049
vt 0.74650186 0.71681565
vt 0.48910359 0.84139752
vt 0.27353030 0.27402830
vt 0.63045603 0.63296711
vt 0.17842615 0.44762373
vt 0.70427912 0.85484564
vt 0.43001568 0.95716560
vt 0.50838143 0.93789250
vt 0.55492848 0.64586115
vt 0.07775173 0.84170896
vt 0.93590742 0.16729367
vt 0.88511622 0.02826625
vt 0.74555260 0.42220175
vt 0.76056987 0.56921977
vt 0.12976532 0.28148514
vt 0.18557239 0.46835721
vt 0.18344258 0.67695683
vt 0.87956697 0.89364135
vt 0.03246316 0.40905404
vt 0.23041265 0.21490222
vt 0.89832801 0.65682113
vt 0.21096659 0.37984097
vt 0.03967692 0.79035699
vt 0.88311082 0.35644454
vt 0.00000000 0.00000000
vt 0.57532048 0.95999825
vt 0.47965115 0.84130961
vt 0.94453746 0.42230630
vt 0.94747651 0.06374794
vt 0.25306958 0.81697810
vt 0.64871049 0.72496575
vt 0.15699013 0.38943863
vt 0.88373756 0.03273958
vt 0.11324205 0.93399632
vt 0.86201024 0.81526649
vt 0.29366684 0.74925053
vt 0.23798609 0.23671794
vt 0.87056762 0.18614894
vt 0.69544142 0.61541241
vt 0.74241060 0.83448744
vt 0.09784079 0.44807696
vt 0.80205393 0.84979188
vt 0.76913530 0.16567552
vt 0.04192566 0.75040925
vt 0.00000000 0.00000000
vt 0.17161085 0.17611670
vt 0.87799817 0.74754018
vt 0.88641250 0.89432740
vt 0.26941112 0.75853539
vt 0.17773494 0.24804187
vt 0.89155817 0.84869796
vt 0.22798346 0.84751606
vt 0.58015180 0.78136832
vt 0.00719708 0.47039223
vt 0.18923947 0.16100001
vt 0.00000000 0.00000000
vt 0.20736207 0.24602884
vt 0.26082268 0.85046649
vt 0.71917540 0.68832874
vt 0.26012576 0.19456184
vt 0.25356981 0.46705145
vt 0.21000147 0.42970026
vt 0.88731056 0.08048606
vt 0.76178825 0.71180797
vt 0.46338195 0.76939601
vt 0.76518905 0.68442333
vt 0.94169164 0.48275566
vt 0.16303636 0.29343450
vt 0.29855520 0.95293522
vt 0.17163216 0.68282896
vt 0.88536674 0.05159521
vt 0.85463184 0.17170572
vt 0.25054181 0.13749701
vt 0.58927864 0.54286122
vt 0.06964064 0.94032550
vt 0.44138849 0.83523697
vt 0.16307570 0.40438843
vt 0.54864633 0.91982120
vt 0.94076490 0.56960315
vt 0.24542490 0.22755337
vt 0.72005612 0.77897286
vt 0.52016199 0.77171093
vt 0.13060267 0.71248800
vt 0.97257042 0.70029092
vt 0.00000000 0.00000000
vt 0.83913374 0.10527897
vt 0.50140911 0.90517974
vt 0.91116524 0.37307608
vt 0.75395387 0.69646198
vt 0.88775480 0.22854507
vt 0.93492705 0.20953679
vt 0.10829689 0.65868777
vt 0.20667472 0.75416005
vt 0.79246873 0.43322659
vt 0.14696667 0.92164540
vt 0.19881092 0.11990571
vt 0.99078697 0.91218811
vt 0.14190333 0.23856616
vt 0.16729321 0.98923135
vt 0.00799979 0.40357769
vt 0.47366402 0.65332520
vt 0.80193806 0.35710025
vt 0.00000000 0.00000000
vt 0.47066122 0.80008745
vt 0.99664807 0.36022282
vt 0.64836669 0.75559431
vt 0.54203588 0.82969922
vt 0.94309682 0.66931939
vt 0.89450109 0.48846018
vt 0.63431543 0.77162993
vt 0.12665243 0.93407643
vt 0.26340392 0.28420448
vt 0.00000000 0.00000000
vt 0.29602528 0.25673556
vt 0.47165924 0.85671002
vt 0.25374267 0.19509894
vt 0.27347651 0.77923363
vt 0.74958664 0.47981703
vt 0.91814572 0.70898002
vt 0.27293748 0.83151859
vt 0.06695574 0.63734436
vt 0.21859369 0.12270594
vt 0.16320783 0.71580088
vt 0.21897046 0.44290453
vt 0.03956457 0.66680878
vt 0.20426361 0.27541357
vt 0.42260596 0.87172103
vt 0.75477773 0.56839305
vt 0.07777428 0.84566855
vt 0.23723996 0.24495935
vt 0.24450605 0.36522055
vt 0.93779403 0.24510980
vt 0.62128997 0.94406021
vt 0.92645580 0.77598089
vt 0.26629603 0.14697790
vt 0.81207550 0.25027823
vt 0.87092727 0.73639315
vt 0.85324693 0.56818432
vt 0.90545350 0.77181321
vt 0.26438040 0.17614114
vt 0.77258033 0.71450031
vt 0.87274647 0.23643982
vt 0.79695737 0.74906743
vt 0.78274328 0.53993565
vt 0.94056213 0.50484240
vt 0.84212571 0.02997899
vt 0.23095076 0.16289103
vt 0.12487508 0.82950467
vt 0.13574253 0.24834710
vt 0.88221925 0.78976148
vt 0.21109721 0.48010981
vt 0.46027151 0.59288508
vt 0.22647409 0.12806392
vt 0.59186614 0.82628930
vt 0.97255379 0.77119398
vt 0.14602475 0.84469080
vt 0.87082738 0.19659400
vt 0.79969823 0.68044728
vt 0.42804617 0.88490826
vt 0.70603353 0.63973051
vt 0.08891667 0.23643100
vt 0.97027975 0.63695288
vt 0.94742811 0.90216422
vt 0.10486884 0.11849850
vt 0.60136098 0.67557663
vt 0.39940682 0.90231299
vt 0.78390253 0.72650385
vt 0.67128652 0.76164556
vt 0.48856005 0.84589803
vt 0.23021930 0.21949953
vt 0.36888373 0.69810587
vt 0.23775931 0.91862410
vt 0.16260044 0.19467777
vt 0.94127160 0.69109678
vt 0.97101367 0.80219591
vt 0.08670065 0.15019512
vt 0.85837114 0.03119558
vt 0.26765069 0.23570031
vt 0.28340966 0.96694595
vt 0.28850642 0.89385158
vt 0.88608003 0.38002831
vt 0.00000000 0.00000000
vt 0.08064240 0.67040622
vt 0.43293378 0.95369339
vt 0.80188829 0.85993540
vt 0.57358485 0.60858959
vt 0.22567205 0.07862908
vt 0.61139828 0.83900893
vt 0.00866072 0.37091219
vt 0.76007581 0.56727445
vt 0.51773095 0.83359528
vt 0.16881478 0.90899259
vt 0.85245192 0.80355418
vt 0.12389929 0.13094676
vt 0.08527143 0.85356677
vt 0.09862400 0.12520468
vt 0.04716125 0.42271328
vt 0.18539104 0.44644177
vt 0.06798254 0.93522936
vt 0.24833019 0.71845192
vt 0.89352620 0.88936597
vt 0.58877879 0.78116453
vt 0.16330034 0.88765264
vt 0.63467962 0.64625669
vt 0.83384091 0.24698222
vt 0.68731773 0.85330427
vt 0.65090370 0.69892406
vt 0.25813168 0.28998363
vt 0.41386032 0.85979825
vt 0.18234792 0.41252327
vt 0.13213971 0.89716566
vt 0.00000000 0.00000000
vt 0.38621303 0.90564680
vt 0.10783137 0.70253915
vt 0.00000000 0.00000000
vt 0.85112989 0.03702897
vt 0.12304259 0.14443994
vt 0.08165797 0.47798872
vt 0.01103726 0.33724451
vt 0.17048378 0.42725754
vt 0.15210354 0.41201735
vt 0.94241595 0.23588800
vt 0.78873622 0.03100133
vt 0.17680137 0.11467421
vt 0.03900212 0.76087135
vt 0.13260010 0.41315132
vt 0.64879584 0.64632815
vt 0.08210737 0.82195938
vt 0.24581727 0.40931118
vt 0.00000000 0.00000000
vt 0.11106355 0.26496518
vt 0.26947871 0.28509867
vt 0.96224052 0.79289436
vt 0.90344489 0.85574675
vt 0.19905797 0.66154331
vt 0.87108064 0.50891620
vt 0.59413582 0.94558561
vt 0.30834839 0.14400291
vt 0.14111425 0.42027330
vt 0.26373178 0.89989239
vt 0.84731758 0.05521679
vt 0.08516265 0.45395172
vt 0.66667300 0.55453396
vt 0.04206565 0.79333675
vt 0.89450371 0.24481821
vt 0.00000000 0.00000000
vt 0.64255100 0.66296643
vt 0.81189346 0.78011364
vt 0.87868899 0.51114655
vt 0.61729234 0.61596197
vt 0.78422880 0.77200228
vt 0.08282530 0.40329176
vt 0.24470896 0.47513092
vt 0.64792371 0.74547923
vt 0.47113049 0.84607726
vt 0.80187005 0.21058273
vt 0.85300195 0.22188830
vt 0.00000000 0.00000000
vt 0.71963435 0.74287617
vt 0.78605366 0.22968137
vt 0.00000000 0.00000000
vt 0.29455668 0.26518244
vt 0.07718667 0.83828694
vt 0.94212210 0.40285516
vt 0.96291363 0.50400996
vt 0.85067225 0.22983629
vt 0.08345760 0.15806633
vt 0.82302529 0.15725088
vt 0.85350078 0.47484553
vt 0.06492974 0.75006992
vt 0.59890372 0.94509268
vt 0.85843831 0.69919771
vt 0.99819171 0.40183109
vt 0.28472614 0.69394422
vt 0.79078346 0.73100019
vt 0.41752931 0.85161650
vt 0.95394987 0.08472818
vt 0.26563156 0.15939486
vt 0.03979596 0.69093937
vt 0.79854387 0.22351760
vt 0.13538970 0.17561829
vt 0.68712544 0.84091365
vt 0.91680175 0.03035557
vt 0.40286720 0.84656477
vt 0.94533390 0.06760633
vt 0.00000000 0.00000000
vt 0.20145538 0.72388709
vt 0.31167507 0.22649443
vt 0.26938850 0.17685974
vt 0.10014612 0.24877208
vt 0.48556218 0.71637613
vt 0.22482507 0.78161037
vt 0.71058130 0.89480519
vt 0.59659594 0.54128724
vt 0.00000000 0.00000000
vt 0.16710427 0.93331647
vt 0.48411635 0.69846493
vt 0.30133384 0.85532814
vt 0.23943941 0.63481492
vt 0.85749948 0.77174205
vt 0.28429967 0.18699163
vt 0.03984963 0.62796223
vt 0.40156254 0.96293926
vt 0.43348750 0.83557433
vt 0.27010420 0.27823710
vt 0.87672698 0.12383354
vt 0.15975662 0.16804183
vt 0.50148785 0.94340849
vt 0.97374022 0.38589132
vt 0.29230192 0.83923632
vt 0.13457566 0.68661702
vt 0.00000000 0.00000000
vt 0.92768097 0.21801478
vt 0.54211235 0.94438303
vt 0.62412685 0.18769586
vt 0.94196784 0.43258852
vt 0.21421827 0.23662549
vt 0.20900944 0.73843014
vt 0.75988752 0.16145402
vt 0.15134655 0.24919629
vt 0.28856120 0.93619794
vt 0.89531487 0.17500782
vt 0.12561548 0.09943736
vt 0.26050809 0.63143313
vt 0.70769316 0.86004740
vt 0.03822961 0.31708771
vt 0.07251619 0.75896788
vt 0.93018979 0.37024540
vt 0.86252981 0.77686507
vt 0.95790124 0.49582350
vt 0.86440265 0.38825029
vt 0.13169330 0.15444875
vt 0.29886669 0.87506253
vt 0.71809298 0.73611784
vt 0.40386799 0.70203596
vt 0.07895032 0.17062384
vt 0.95074862 0.93788803
vt 0.52998602 0.61836958
vt 0.40970033 0.80278146
vt 0.95445317 0.35667157
vt 0.73104733 0.74969196
vt 0.21170089 0.40160334
vt 0.78736311 0.68767798
vt 0.19323537 0.12379122
vt 0.64729500 0.78346688
vt 0.57837725 0.64892060
vt 0.00000000 0.00000000
vt 0.16602330 0.47780561
vt 0.29592752 0.89041722
vt 0.86160517 0.53268272
vt 0.91837800 0.14436245
vt 0.15145059 0.08679271
vt 0.29467779 0.11622244
vt 0.29101500 0.12013555
vt 0.10960919 0.12112266
vt 0.08246557 0.97986454
vt 0.49580890 0.89991826
vt 0.20244963 0.11643708
vt 0.26781932 0.18252605
vt 0.20016690 0.19243044
vt 0.16129869 0.08886093
vt 0.30120540 0.13083154
vt 0.99717563 0.44548213
vt 0.10208655 0.13010049
vt 0.22717273 0.22591871
vt 0.74032360 0.74446619
vt 0.78941733 0.35000312
vt 0.56775159 0.14930004
vt 0.51043564 0.94650465
vt 0.35209024 0.69757116
vt 0.93174845 0.66521549
vt 0.99419093 0.43278909
vt 0.75109738 0.80480111
vt 0.13539945 0.47273159
vt 0.31928203 0.21891093
vt 0.13183877 0.24408782
vt 0.72185427 0.89343500
vt 0.64103830 0.95950061
vt 0.21445006 0.18779349
vt 0.71944493 0.84967744
vt 0.02934839 0.37590420
vt 0.88202810 0.76820606
vt 0.94018489 0.23962712
vt 0.94758290 0.91998941
vt 0.14102444 0.24623996
vt 0.00783142 0.47919321
vt 0.18301927 0.44217211
vt 0.85105222 0.25311041
vt 0.01004026 0.37646526
vt 0.09758714 0.12961876
vt 0.10708769 0.20404220
vt 0.74591625 0.79426301
vt 0.16944009 0.86154646
vt 0.89520341 0.70636410
vt 0.64976621 0.61436170
vt 0.87567323 0.43071824
vt 0.02357848 0.31817484
vt 0.12630357 0.67042977
vt 0.26027042 0.16865104
vt 0.24396281 0.84140086
vt 0.97291267 0.40826786
vt 0.57132059 0.72403520
vt 0.70557046 0.64492142
vt 0.48349118 0.65331399
vt 0.04063318 0.80747122
vt 0.99747843 0.39662009
vt 0.23146142 0.44227004
vt 0.31387383 0.88566178
vt 0.24439695 0.15533930
vt 0.00000000 0.00000000
vt 0.50325400 0.93812281
vt 0.70917839 0.87519366
vt 0.02735956 0.29749495
vt 0.62032712 0.94509119
vt 0.13216224 0.26268387
vt 0.85808408 0.84128475
vt 0.56588846 0.91490090
vt 0.38123798 0.88238913
vt 0.97396648 0.80211127
vt 0.90261626 0.73054510
vt 0.60798907 0.79368818
vt 0.32211924 0.17775583
vt 0.23342969 0.12806332
vt 0.86111075 0.87930208
vt 0.66118222 0.67388505
vt 0.12934709 0.12398428
vt 0.22307490 0.13303161
vt 0.52376407 0.74892992
vt 0.43047521 0.82888591
vt 0.07681150 0.86006725
vt 0.06881573 0.97191924
vt 0.03996409 0.75932276
vt 0.00000000 0.00000000
vt 0.99625182 0.43494463
vt 0.61826789 0.92755204
vt 0.24457644 0.12937021
vt 0.00000000 0.00000000
vt 0.74621183 0.85445982
vt 0.12137131 0.97804242
vt 0.12980014 0.84070647
vt 0.30555463 0.88297886
vt 0.95405072 0.37492239
vt 0.86148787 0.85945255
vt 0.46392384 0.74953777
vt 0.76496255 0.87287378
vt 0.00000000 0.00000000
vt 0.00000000 0.00000000
vt 0.85188717 0.72129071
vt 0.76380968 0.83778793
vt 0.40252948 0.96959317
vt 0.97279018 0.51168740
vt 0.75207955 0.75581276
vt 0.62552297 0.94725347
vt 0.24847466 0.18825531
vt 0.94810647 0.19471031
vt 0.98728496 0.93485469
vt 0.18428902 0.85277760
vt 0.09962199 0.24333227
vt 0.95266026 0.46578646
vt 0.94637859 0.94263440
vt 0.93852508 0.77199703
vt 0.06872813 0.84355640
vt 0.00000000 0.00000000
vt 0.75570744 0.74031770
vt 0.30648044 0.88766319
vt 0.57324892 0.59889239
vt 0.84779537 0.17385954
vt 0.08092601 0.17362273
vt 0.08911046 0.43054938
vt 0.08151857 0.93426716
vt 0.20485410 0.66977984
vt 0.75561273 0.66869962
vt 0.76685852 0.74733818
vt 0.69066471 0.75482202
vt 0.21454194 0.92567289
vt 0.18163665 0.72471827
vt 0.24324420 0.91620553
vt 0.18562765 0.40490615
vt 0.56910288 0.71849215
vt 0.07628282 0.82088453
vt 0.17361894 0.88350916
vt 0.96298409 0.52842546
vt 0.80927163 0.83745420
vt 0.98154950 0.94508570
vt 0.91438067 0.14423454
vt 0.39884043 0.96108431
vt 0.27017650 0.24416310
vt 0.17003584 0.15279365
vt 0.17248973 0.13542330
vt 0.78060418 0.19051552
vt 0.82951432 0.22207129
vt 0.27449143 0.91574270
vt 0.73356491 0.71044093
vt 0.97216535 0.48321623
vt 0.22103548 0.14493525
vt 0.25045335 0.21491104
vt 0.84982675 0.22184688
vt 0.66630888 0.56420916
vt 0.59069276 0.64019996
vt 0.13767457 0.24179566
vt 0.85211056 0.13852954
vt 0.22649816 0.73015159
vt 0.06707370 0.88121903
vt 0.96920663 0.92844850
vt 0.58055222 0.65332663
vt 0.97329736 0.71144295
vt 0.99953359 0.40796411
vt 0.50112355 0.59116155
vt 0.05464211 0.80034733
vt 0.09840190 0.63193703
vt 0.27519053 0.25070763
vt 0.75903147 0.05152947
vt 0.18881497 0.45344508
vt 0.61405802 0.87497914
vt 0.56150556 0.18833208
vt 0.80293512 0.87349528
vt 0.88512039 0.86139739
vt 0.22903876 0.13246220
vt 0.37821624 0.70635670
vt 0.23881747 0.90662485
vt 0.97172719 0.65980721
vt 0.98401958 0.92630684
vt 0.79441661 0.86034560
vt 0.61093456 0.84759307
vt 0.83445549 0.84027719
vt 0.24057138 0.90042073
vt 0.80618787 0.52854240
vt 0.89864612 0.74903804
vt 0.15879308 0.86436623
vt 0.06547876 0.67848015
vt 0.22125946 0.71780145
vt 0.81486887 0.06786710
vt 0.11084644 0.94082355
vt 0.24184179 0.98283690
vt 0.29922897 0.93594527
vt 0.06826620 0.91742790
vt 0.29881775 0.87852091
vt 0.36980793 0.99048132
vt 0.66754937 0.74015605
vt 0.79307610 0.05019253
vt 0.16359200 0.29471707
vt 0.08279637 0.17198592
vt 0.37314129 0.90009040
vt 0.14738812 0.93909907
vt 0.73230362 0.68966621
vt 0.96493691 0.03117907
vt 0.19661693 0.37882805
vt 0.87860143 0.18624914
vt 0.79140198 0.19246972
vt 0.77469015 0.83798093
vt 0.17932141 0.27324378
vt 0.25861353 0.77798271
vt 0.40280777 0.92041492
vt 0.54354811 0.56425494
vt 0.99637413 0.45393795
vt 0.93448609 0.79285949
vt 0.88611710 0.19659340
vt 0.62837875 0.79981655
vt 0.82759744 0.15777421
vt 0.06862495 0.86710358
vt 0.63125145 0.88447648
vt 0.00675548 0.43563676
vt 0.00000000 0.00000000
vt 0.24317870 0.46657157
vt 0.97088420 0.65086168
vt 0.79519451 0.19790822
vt 0.79332662 0.21625507
vt 0.91745710 0.71323770
vt 0.29333526 0.82925570
vt 0.00000000 0.00000000
vt 0.65566623 0.53883046
vt 0.28876171 0.94176084
vt 0.15684211 0.15926361
vt 0.60649133 0.87566024
vt 0.03318157 0.44989443
vt 0.79051042 0.73886067
vt 0.04082506 0.67964906
vt 0.16481639 0.87676603
vt 0.22454219 0.72520179
vt 0.78986424 0.53242606
vt 0.59630674 0.60274899
vt 0.91883993 0.15962142
vt 0.44819966 0.86541086
vt 0.75687885 0.67745107
vt 0.18377580 0.29774553
vt 0.96165776 0.77179730
vt 0.19116528 0.38762105
vt 0.29282960 0.90291888
vt 0.51523000 0.67936283
vt 0.41813046 0.85883784
vt 0.57802963 0.15092707
vt 0.84558117 0.39355338
vt 0.92042977 0.19282520
vt 0.87397963 0.24578124
vt 0.22395445 0.16454524
vt 0.96054780 0.68624216
vt 0.85235023 0.48937458
vt 0.56982547 0.68993974
vt 0.11468359 0.89974773
vt 0.06769966 0.96832913
vt 0.63140112 0.89209330
vt 0.88562870 0.45991457
vt 0.74641311 0.86010820
vt 0.80100191 0.09061939
vt 0.08357844 0.85836256
vt 0.03122930 0.32492822
vt 0.38297239 0.80118442
vt 0.14375107 0.15453494
vt 0.31031829 0.84510475
vt 0.17716621 0.25398815
vt 0.16716540 0.26281416
vt 0.17342399 0.23604757
vt 0.12779579 0.15469277
vt 0.58616549 0.18729687
vt 0.98222411 0.35274833
vt 0.78732997 0.87430173
vt 0.23517720 0.21453619
vt 0.54857826 0.63478404
vt 0.23707131 0.92653257
vt 0.47892466 0.94584662
vt 0.99651963 0.36373407
vt 0.90518528 0.23697978
vt 0.58402205 0.94660074
vt 0.58104247 0.15352476
vt 0.15902908 0.08661956
vt 0.76166940 0.78926504
vt 0.83293414 0.56956637
vt 0.95747650 0.05135423
vt 0.95193112 0.81192887
vt 0.08005282 0.18286806
vt 0.95542508 0.20588547
vt 0.88558811 0.14546114
vt 0.25471866 0.22011602
vt 0.90274417 0.45827913
vt 0.20549223 0.36783409
vt 0.90738910 0.49706113
vt 0.12949416 0.10032213
vt 0.76477164 0.70492452
vt 0.08685923 0.39882040
vt 0.27782980 0.09927285
vt 0.17221883 0.21135110
vt 0.73188764 0.83446807
vt 0.18115975 0.17361939
vt 0.70876312 0.62553334
vt 0.99330354 0.35857427
vt 0.25777134 0.09364533
vt 0.26707378 0.12739396
vt 0.90347177 0.34263301
vt 0.00000000 0.00000000
vt 0.71047717 0.83974689
vt 0.80092561 0.05723077
vt 0.60340661 0.62224036
vt 0.80323976 0.72193253
vt 0.49104446 0.85645276
vt 0.37349391 0.91594875
vt 0.76990789 0.43152046
vt 0.97446102 0.93349266
vt 0.77924842 0.16423440
vt 0.00000000 0.00000000
vt 0.07716195 0.19491953
vt 0.20940435 0.94352061
vt 0.94713193 0.51310760
vt 0.42627874 0.88020289
vt 0.00000000 0.00000000
vt 0.51774460 0.86621368
vt 0.21568759 0.25494421
vt 0.96405178 0.92461872
vt 0.25570571 0.98613054
vt 0.30594614 0.23665655
vt 0.58376288 0.81463522
vt 0.27402383 0.10498619
vt 0.21525645 0.83227944
vt 0.23303200 0.81100249
vt 0.89630419 0.04453927
vt 0.84269977 0.84000379
vt 0.87549275 0.16039968
vt 0.95518631 0.70864624
vt 0.85025686 0.34837043
vt 0.47681946 0.80209833
vt 0.50618929 0.75443172
vt 0.83738136 0.67475128
vt 0.66763610 0.54632998
vt 0.10902452 0.13108236
vt 0.24384433 0.25641096
vt 0.00000000 0.00000000
vt 0.00000000 0.00000000
vt 0.15185900 0.09165251
vt 0.24362035 0.37783039
vt 0.03423366 0.30476016
vt 0.13975690 0.63006306
vt 0.87065214 0.18330657
vt 0.22094893 0.07924032
vt 0.94068861 0.63940883
vt 0.23492841 0.88858992
vt 0.77928740 0.76352674
vt 0.08839345 0.90153766
vt 0.43366054 0.96054637
vt 0.94060296 0.52762449
vt 0.13045909 0.14123744
vt 0.02236094 0.42638361
vt 0.87090123 0.16846454
vt 0.24061950 0.39214587
vt 0.50608689 0.60382551
vt 0.00000000 0.00000000
vt 0.90023953 0.03295779
vt 0.00000000 0.00000000
vt 0.89278883 0.09673023
vt 0.50583965 0.77385217
vt 0.06599732 0.46342671
vt 0.53548515 0.85667759
vt 0.78434515 0.23998970
vt 0.26041800 0.09090579
vt 0.02907957 0.30536342
vt 0.44277674 0.84674531
vt 0.02652087 0.47816288
vt 0.79089981 0.70849121
vt 0.03339662 0.34013003
vt 0.08085478 0.38872826
vt 0.63411373 0.63964641
vt 0.29142737 0.84624118
vt 0.15022580 0.23025745
vt 0.13064393 0.23787057
vt 0.08455339 0.82852942
vt 0.56776041 0.67676902
vt 0.94628221 0.49069357
vt 0.83190757 0.55116230
vt 0.00942862 0.43156898
vt 0.00000000 0.00000000
vt 0.29802489 0.25598705
vt 0.86552137 0.86817193
vt 0.76936293 0.03117216
vt 0.76847184 0.76263463
vt 0.22241627 0.38559496
vt 0.00000000 0.00000000
vt 0.08578423 0.96195656
vt 0.00000000 0.00000000
vt 0.91705644 0.23274761
vt 0.45051521 0.88045132
vt 0.32065079 0.20336354
vt 0.14607492 0.13184649
vt 0.91553307 0.06642413
vt 0.00000000 0.00000000
vt 0.17969847 0.90940470
vt 0.79049873 0.06901133
vt 0.22446656 0.16662771
vt 0.16783485 0.89991450
vt 0.08646611 0.94452274
vt 0.70202184 0.87589437
vt 0.81650096 0.38288617
vt 0.69077873 0.89255774
vt 0.77955103 0.17548734
vt 0.94923621 0.36324078
vt 0.12555286 0.20557147
vt 0.89508927 0.56314451
vt 0.94443196 0.51657993
vt 0.51465380 0.84270495
vt 0.75824815 0.69073600
vt 0.74698788 0.68940312
vt 0.08006798 0.19397962
vt 0.28160578 0.95734823
vt 0.82308960 0.74284047
vt 0.93953758 0.81552172
vt 0.93107152 0.56363928
vt 0.85324818 0.86224443
vt 0.48198593 0.89042169
vt 0.27272686 0.88781333
vt 0.11912626 0.42679936
vt 0.91774666 0.23770231
vt 0.43948033 0.87712705
vt 0.81095099 0.15091521
vt 0.71964097 0.72907674
vt 0.47235978 0.88360214
vt 0.04010202 0.74679017
vt 0.16941608 0.29698116
vt 0.22870600 0.45074725
vt 0.08428523 0.83138472
vt 0.93918478 0.72953361
vt 0.08363425 0.17359740
vt 0.95245105 0.91338474
vt 0.93486720 0.21838731
vt 0.69193232 0.83986515
vt 0.24342677 0.17716759
vt 0.67097664 0.55450463
vt 0.42582393 0.80915439
vt 0.14056455 0.81660414
vt 0.77708662 0.22115254
vt 0.47777426 0.94681191
vt 0.13428555 0.40079522
vt 0.27861950 0.27503210
vt 0.37410599 0.82517743
vt 0.25001326 0.46989965
vt 0.09760012 0.42321277
vt 0.98857319 0.92635792
vt 0.07983208 0.39268929
vt 0.10302503 0.68238401
vt 0.17015591 0.11058742
vt 0.90102339 0.74162900
vt 0.06921165 0.39465237
vt 0.81529623 0.85018539
vt 0.22847688 0.22115844
vt 0.26541886 0.28129625
vt 0.07678040 0.91600710
vt 0.76563340 0.75270873
vt 0.76619262 0.66472238
vt 0.88025790 0.79392570
vt 0.01839003 0.32606339
vt 0.25274363 0.13220555
vt 0.11350121 0.16143548
vt 0.32167715 0.18207377
vt 0.03844667 0.46741456
vt 0.57362473 0.19785094
vt 0.00000000 0.00000000
vt 0.86226904 0.76453936
vt 0.91933680 0.70189524
vt 0.25520325 0.13737726
vt 0.93063813 0.06108338
vt 0.84115708 0.46191430
vt 0.82317221 0.43097484
vt 0.78620070 0.43078876
vt 0.91301280 0.79844278
vt 0.82791287 0.03015190
vt 0.97312474 0.51240319
vt 0.54452127 0.76897591
vt 0.91916263 0.07373810
vt 0.90338659 0.38779485
vt 0.42786944 0.95377815
vt 0.41578436 0.83903456
vt 0.55027443 0.90439975
vt 0.72657025 0.88582802
vt 0.19259183 0.88294488
vt 0.75304395 0.78925127
vt 0.61074072 0.94045460
vt 0.40523607 0.87218451
vt 0.73519129 0.72824514
vt 0.90372121 0.68648922
vt 0.79192829 0.23425490
vt 0.93854111 0.12733185
vt 0.00000000 0.00000000
vt 0.03236532 0.34635651
vt 0.47904786 0.94728506
vt 0.10631108 0.46755034
vt 0.41357991 0.77091181
vt 0.00000000 0.00000000
vt 0.25160018 0.25617695
vt 0.81730604 0.72158366
vt 0.14526674 0.29078865
vt 0.21201955 0.80790299
vt 0.48964754 0.88343376
vt 0.20593897 0.79188579
vt 0.79200315 0.46293163
vt 0.00000000 0.00000000
vt 0.83465517 0.12415731
vt 0.00803074 0.31440401
vt 0.18197173 0.22005290
vt 0.63138777 0.70115501
vt 0.13217516 0.78514403
vt 0.86104685 0.23793393
vt 0.13406119 0.09607059
vt 0.20382234 0.24290037
vt 0.17259544 0.29421580
vt 0.54616946 0.66186470
vt 0.12697852 0.23824191
vt 0.62032330 0.72223324
vt 0.50883359 0.84670597
vt 0.67476463 0.67496175
vt 0.78934085 0.14095497
vt 0.50867939 0.66666669
vt 0.84107983 0.18801838
vt 0.15994464 0.44887817
vt 0.83795041 0.65344572
vt 0.16233757 0.79966402
vt 0.82802767 0.72142309
vt 0.71823907 0.75565058
vt 0.28839013 0.92537379
vt 0.97177625 0.72460705
vt 0.77393240 0.56730253
vt 0.79606098 0.44771117
vt 0.95525551 0.06500685
vt 0.22234571 0.30232245
vt 0.87638640 0.71379870
vt 0.24759412 0.29298323
vt 0.22221698 0.45052338
vt 0.28033280 0.84720242
vt 0.52929515 0.72297806
vt 0.10809006 0.71700400
vt 0.98777962 0.35806084
vt 0.61122477 0.75120991
vt 0.97186077 0.64446533
vt 0.26416209 0.16550499
vt 0.49645171 0.94253945
vt 0.04190033 0.75513333
vt 0.30457264 0.24279910
vt 0.16928329 0.94113165
vt 0.50308591 0.67947114
vt 0.78236747 0.10606605
vt 0.90411741 0.71383077
vt 0.59292233 0.94400442
vt 0.74966252 0.71501553
vt 0.79735374 0.24542302
vt 0.24599013 0.68401968
vt 0.22363500 0.96032572
vt 0.54159158 0.56664383
vt 0.22832525 0.40396005
vt 0.25336009 0.17392004
vt 0.79804593 0.65867984
vt 0.19524634 0.41287786
vt 0.58118635 0.95390570
vt 0.62166262 0.15002918
vt 0.51940429 0.93954265
vt 0.89646494 0.67449987
vt 0.07194583 0.89907235
vt 0.23760018 0.78167951
vt 0.24567550 0.14590812
vt 0.77824736 0.39753979
vt 0.57891130 0.14832014
vt 0.04121391 0.65547568
vt 0.54017043 0.72123408
vt 0.93055338 0.52877539
vt 0.41501561 0.85892272
vt 0.62358791 0.88897806
vt 0.10069583 0.39331692
vt 0.46241507 0.89449030
vt 0.99953359 0.92034245
vt 0.78939718 0.89659572
vt 0.79086596 0.76403743
vt 0.75990885 0.65463632
vt 0.69543779 0.62007743
vt 0.60970968 0.53487283
vt 0.24073461 0.08651644
vt 0.18284753 0.78251886
vt 0.26794940 0.85577321
vt 0.00000000 0.00000000
vt 0.92775935 0.14849728
vt 0.97296119 0.39782465
vt 0.97375304 0.81850374
vt 0.10889151 0.25698364
vt 0.00000000 0.00000000
vt 0.12796612 0.39390290
vt 0.44258890 0.95653838
vt 0.52546096 0.62274104
vt 0.12826976 0.38519466
vt 0.25621048 0.97368902
vt 0.74958491 0.54847425
vt 0.87014651 0.12172860
vt 0.14003263 0.83672917
vt 0.83137959 0.46704984
vt 0.10420060 0.91125739
vt 0.49422923 0.72916740
vt 0.84840626 0.18715960
vt 0.82080984 0.03604746
vt 0.86980450 0.69189179
vt 0.87214398 0.22549444
vt 0.57787895 0.19656688
vt 0.11635134 0.44916654
vt 0.27168307 0.13616359
vt 0.60391420 0.64611346
vt 0.95973194 0.48771578
vt 0.88550532 0.18330151
vt 0.92963672 0.10607505
vt 0.56924510 0.99156201
vt 0.38602817 0.70155823
vt 0.28847441 0.26843071
vt 0.93953288 0.45838165
vt 0.98706180 0.46349680
vt 0.26716107 0.18852711
vt 0.62347424 0.17009121
vt 0.62751371 0.72901523
vt 0.16682518 0.36127001
vt 0.48852509 0.81273288
vt 0.22817391 0.39720410
vt 0.12582763 0.94206917
vt 0.73586571 0.73854256
vt 0.09629456 0.44317722
vt 0.85992783 0.50511342
vt 0.17634284 0.66134030
vt 0.97246987 0.44905418
vt 0.26798686 0.28324836
vt 0.92988580 0.09156108
vt 0.64506269 0.76156384
vt 0.22214617 0.45933819
vt 0.94623590 0.66558027
vt 0.48899972 0.63718790
vt 0.09071147 0.71156824
vt 0.87237453 0.79984105
vt 0.82159597 0.73748904
vt 0.92857707 0.13991535
vt 0.99278122 0.95010012
vt 0.76139063 0.71709549
vt 0.88981414 0.73703283
vt 0.86659592 0.18158835
vt 0.42807075 0.83239311
vt 0.23989071 0.13445985
vt 0.75798523 0.43129635
vt 0.06305003 0.41952729
vt 0.23564263 0.84777778
vt 0.17555988 0.14814371
vt 0.87069637 0.47532260
vt 0.58122700 0.54536414
vt 0.08715908 0.14341819
vt 0.95296413 0.48635811
vt 0.12250338 0.96692735
vt 0.01669087 0.30062270
vt 0.09513420 0.23621190
vt 0.97285950 0.70681322
vt 0.73253214 0.69381088
vt 0.25421700 0.64765769
vt 0.97380942 0.94098955
vt 0.04206374 0.77680933
vt 0.95348388 0.49581271
vt 0.00000000 0.00000000
vt 0.61666483 0.89093167
vt 0.22137406 0.64656872
vt 0.99798256 0.37760919
vt 0.83401328 0.25118518
vt 0.29126215 0.96861255
vt 0.40933925 0.70031887
vt 0.94679379 0.48568290
vt 0.09510449 0.83165699
vt 0.85460246 0.18633604
vt 0.24419887 0.24775833
vt 0.62087059 0.53160751
vt 0.07650365 0.83021641
vt 0.72510946 0.69733292
vt 0.30613270 0.25005484
vt 0.95457733 0.36193645
vt 0.55255723 0.80501473
vt 0.81477845 0.11669111
vt 0.62545651 0.15724999
vt 0.77572054 0.68337494
vt 0.15650183 0.29179394
vt 0.06784137 0.94770038
vt 0.75564468 0.86630577
vt 0.04044858 0.75053555
vt 0.12219305 0.16758323
vt 0.21197751 0.96471751
vt 0.60884434 0.60224205
vt 0.28406924 0.82853210
vt 0.54966807 0.73552215
vt 0.06526504 0.65982461
vt 0.12714702 0.98833561
vt 0.19315822 0.20612848
vt 0.05905212 0.39963579
vt 0.08205352 0.18066633
vt 0.85210556 0.04580051
vt 0.00811529 0.38168633
vt 0.87852639 0.23069775
vt 0.92800504 0.35668433
vt 0.37105793 0.89551914
vt 0.00000000 0.00000000
vt 0.31993529 0.19620776
vt 0.25271538 0.16948080
vt 0.56393665 0.15837914
vt 0.29755294 0.12374407
vt 0.64444250 0.73515660
vt 0.19933589 0.30245322
vt 0.06912443 0.83573103
vt 0.44293854 0.86923259
vt 0.15266375 0.45433891
vt 0.04189058 0.81489360
vt 0.57483864 0.66543692
vt 0.87284088 0.86814153
vt 0.10924250 0.11419684
vt 0.48455885 0.70440930
vt 0.87087476 0.41374660
vt 0.29596135 0.67928475
vt 0.01014760 0.37342072
vt 0.00000000 0.00000000
vt 0.38540050 0.78725088
vt 0.36933827 0.97682065
vt 0.25618345 0.16988730
vt 0.61074555 0.86768740
vt 0.06961805 0.96280646
vt 0.81168628 0.16914153
vt 0.37208894 0.90266633
vt 0.56652111 0.71528101
vt 0.47336131 0.72273886
vt 0.79909414 0.68501353
vt 0.58599925 0.19159514
vt 0.59592652 0.18059295
vt 0.00000000 0.00000000
vt 0.94315600 0.34109658
vt 0.91469133 0.11318445
vt 0.30709073 0.95380372
vt 0.93788546 0.07488412
vt 0.00000000 0.00000000
vt 0.62588400 0.95059186
vt 0.94860256 0.94710147
vt 0.67527407 0.56317031
vt 0.92074966 0.73688745
vt 0.57644540 0.95341796
vt 0.29159102 0.11952388
vt 0.00000000 0.00000000
vt 0.10809036 0.19309866
vt 0.00000000 0.00000000
vt 0.93375063 0.14879388
vt 0.61229926 0.94444609
vt 0.80038017 0.03746557
vt 0.06833439 0.90189981
vt 0.14485246 0.23419297
vt 0.21646008 0.38780874
vt 0.98914039 0.35302544
vt 0.00000000 0.00000000
vt 0.38467020 0.96822107
vt 0.48299915 0.67487401
vt 0.09344918 0.73492956
vt 0.74987370 0.51473027
vt 0.98553693 0.49727941
vt 0.06796800 0.89374179
vt 0.08067250 0.16993093
vt 0.28963912 0.88029671
vt 0.97891462 0.94011462
vt 0.07586752 0.95049340
vt 0.26706046 0.86954200
vt 0.00000000 0.00000000
vt 0.31370357 0.22336996
vt 0.00000000 0.00000000
vt 0.85617757 0.08621222
vt 0.61032397 0.94204164
vt 0.94299138 0.16814172
vt 0.03907037 0.65822846
vt 0.21137509 0.40631986
vt 0.93684363 0.56998497
vt 0.98367774 0.37426466
vt 0.25461861 0.09207571
vt 0.79511350 0.14299256
vt 0.82014281 0.03350139
vt 0.04268147 0.67781055
vt 0.23127070 0.39774805
vt 0.62366968 0.60258335
vt 0.73533881 0.86595494
vt 0.94104463 0.43321788
vt 0.77601433 0.86630887
vt 0.00000000 0.00000000
vt 0.00000000 0.00000000
vt 0.76674664 0.86649317
vt 0.25513020 0.14196485
vt 0.58586907 0.80061436
vt 0.23943192 0.41954845
vt 0.49176118 0.95117539
vt 0.88113713 0.75392276
vt 0.26893073 0.92497194
vt 0.42256969 0.86595339
vt 0.27233869 0.96528363
vt 0.78840673 0.04995769
vt 0.12389590 0.23353696
vt 0.10936345 0.85526043
vt 0.21860304 0.41697925
vt 0.58654648 0.17553306
vt 0.62715691 0.78274727
vt 0.91697907 0.43486935
vt 0.95353317 0.51603627
vt 0.23663551 0.62502193
vt 0.00000000 0.00000000
vt 0.99703866 0.90306515
vt 0.83104134 0.23100615
vt 0.14728662 0.11821562
vt 0.27673841 0.15118879
vt 0.20288318 0.07894129
vt 0.97274715 0.42102712
vt 0.81820732 0.70085210
vt 0.11743723 0.64767337
vt 0.56076837 0.08855271
vt 0.44127613 0.83307475
vt 0.71823204 0.74101025
vt 0.24924654 0.38229465
vt 0.50375104 0.68557560
vt 0.07794723 0.72761357
vt 0.99432462 0.37830347
vt 0.16120057 0.20021176
vt 0.25959498 0.28783202
vt 0.96027035 0.69112200
vt 0.10631974 0.12090099
vt 0.60636282 0.18126637
vt 0.06800750 0.87004751
vt 0.24014743 0.12725216
vt 0.81575590 0.84372312
vt 0.94708890 0.37814546
vt 0.29640681 0.12611544
vt 0.06666101 0.94654089
vt 0.78522778 0.67764729
vt 0.84213156 0.71453345
vt 0.12024823 0.27491486
vt 0.73309243 0.83899659
vt 0.06794002 0.44644988
vt 0.30214223 0.95193774
vt 0.52532357 0.76973379
vt 0.18074813 0.23273975
vt 0.12108929 0.26735163
vt 0.16665824 0.91619682
vt 0.87489957 0.21501833
vt 0.94221222 0.41015267
vt 0.39159983 0.96630889
vt 0.21357843 0.80013001
vt 0.48866296 0.94502491
vt 0.13301568 0.64497590
vt 0.82771564 0.48644406
vt 0.18189780 0.23938054
vt 0.93007833 0.46493208
vt 0.82292134 0.10953349
vt 0.23428266 0.24772608
vt 0.90816653 0.05304396
vt 0.07673451 0.65939015
vt 0.50007153 0.76929998
vt 0.97390348 0.36360574
vt 0.80833495 0.05672908
vt 0.57650185 0.14790493
vt 0.85835594 0.79803920
vt 0.74828506 0.36204910
vt 0.25661543 0.90574157
vt 0.27969858 0.15565288
vt 0.97095639 0.64062792
vt 0.87239397 0.23060060
vt 0.24235870 0.79146552
vt 0.28212342 0.20086229
vt 0.18388410 0.42978430
vt 0.85843438 0.37262440
vt 0.73861653 0.78921318
vt 0.00000000 0.00000000
vt 0.74620658 0.68378782
vt 0.75544453 0.66411543
vt 0.26733798 0.16872776
vt 0.58428538 0.82585031
vt 0.18601482 0.36871767
vt 0.83378065 0.77353662
vt 0.26913837 0.94225615
vt 0.19756407 0.74326205
vt 0.15875886 0.80752885
vt 0.63915974 0.95713454
vt 0.55583215 0.72405666
vt 0.49359724 0.86554378
vt 0.15004338 0.25821215
vt 0.59388715 0.19745201
vt 0.66572827 0.57069248
vt 0.48805887 0.76940578
vt 0.45286435 0.87538338
vt 0.75412661 0.87318856
vt 0.12111254 0.14924020
vt 0.21046187 0.95688486
vt 0.24859191 0.21284485
vt 0.00000000 0.00000000
vt 0.90779811 0.11966652
vt 0.43904549 0.80307037
vt 0.71791548 0.89450634
vt 0.76907957 0.52022159
vt 0.44440541 0.83669186
vt 0.87750733 0.09812623
vt 0.41771016 0.86041075
vt 0.26850897 0.16682166
vt 0.98842609 0.40828472
vt 0.72030371 0.70339197
vt 0.25275615 0.17773366
vt 0.95767599 0.02981848
vt 0.60490775 0.69665372
vt 0.88623130 0.88282102
vt 0.85096192 0.76072419
vt 0.91643673 0.22461033
vt 0.63477165 0.53245944
vt 0.50781214 0.79972702
vt 0.15535104 0.09056973
vt 0.91536522 0.38667607
vt 0.44655383 0.87570167
vt 0.76174843 0.72868788
vt 0.03726723 0.34828544
vt 0.87582171 0.10882753
vt 0.50712395 0.94212997
vt 0.00000000 0.00000000
vt 0.11087240 0.19679797
vt 0.07200325 0.93373328
vt 0.60674369 0.17471027
vt 0.21634115 0.90861237
vt 0.25010762 0.14138317
vt 0.24488115 0.11647522
vt 0.06660938 0.94022989
vt 0.30476061 0.93559134
vt 0.58039784 0.95688581
vt 0.89622241 0.68285769
vt 0.17496243 0.87589294
vt 0.61511487 0.17562073
vt 0.71639889 0.64482015
vt 0.00595770 0.34107363
vt 0.89914834 0.23646301
vt 0.00000000 0.00000000
vt 0.92202848 0.45453382
vt 0.09375884 0.75945586
vt 0.85959226 0.19985092
vt 0.43983251 0.84043485
vt 0.22946234 0.23318636
vt 0.66508269 0.54993767
vt 0.16193303 0.17200404
vt 0.84462816 0.87365347
vt 0.86501038 0.05405509
vt 0.82400697 0.84953916
vt 0.73225957 0.56835067
vt 0.28356957 0.98257554
vt 0.60996062 0.60753810
vt 0.25912654 0.20195383
vt 0.11159257 0.96928108
vt 0.05345595 0.42791486
vt 0.93662900 0.42294359
vt 0.37484810 0.97121447
vt 0.23871756 0.74296135
vt 0.00000000 0.00000000
vt 0.04756814 0.70755970
vt 0.94082475 0.44627160
vt 0.51276630 0.12645125
vt 0.80612880 0.50784969
vt 0.49148741 0.82722098
vt 0.21448007 0.41245109
vt 0.00000000 0.00000000
vt 0.93048370 0.51210618
vt 0.94245368 0.38151014
vt 0.12059645 0.65545565
vt 0.26077396 0.86315411
vt 0.91245472 0.21427757
vt 0.18484224 0.45060885
vt 0.73219591 0.51327598
vt 0.28561035 0.20601684
vt 0.00000000 0.00000000
vt 0.14468752 0.38921905
vt 0.94979882 0.13120091
vt 0.92293364 0.03038204
vt 0.79098576 0.09011275
vt 0.50580430 0.85680050
vt 0.19291158 0.30197638
vt 0.06368561 0.67067760
vt 0.83176672 0.53499240
vt 0.20962107 0.64643407
vt 0.83901054 0.09227890
vt 0.14074849 0.22021568
vt 0.01181088 0.46696436
vt 0.72973162 0.83533877
vt 0.59173268 0.72929657
vt 0.27109972 0.95805073
vt 0.37971583 0.84138680
vt 0.71675426 0.74481660
vt 0.00000000 0.00000000
vt 0.25254866 0.18874800
vt 0.85630202 0.88282412
vt 0.26906946 0.91631585
vt 0.03930444 0.74836558
vt 0.74244487 0.85482335
vt 0.88606155 0.48869038
vt 0.23586413 0.71064067
vt 0.99588740 0.36698347
vt 0.92703766 0.04534364
vt 0.96446890 0.66518199
vt 0.17647131 0.18954903
vt 0.22072929 0.93844724
vt 0.27915815 0.63018167
vt 0.74923652 0.40234315
vt 0.77196819 0.21043169
vt 0.04294719 0.64315504
vt 0.22677658 0.98336911
vt 0.50176489 0.69807714
vt 0.24120925 0.91122156
vt 0.13278320 0.20321685
vt 0.72487873 0.84485447
vt 0.74124748 0.52286851
vt 0.94415718 0.48517323
vt 0.80006737 0.56765747
vt 0.03008782 0.30364317
vt 0.30550137 0.90226471
vt 0.14296614 0.09621292
vt 0.98326921 0.93020135
vt 0.92484975 0.05748326
vt 0.59652025 0.60801929
vt 0.72994405 0.37994993
vt 0.38382587 0.88815534
vt 0.71519196 0.65590173
vt 0.15775990 0.65470845
vt 0.88712239 0.22358382
vt 0.70422459 0.85008591
vt 0.74466318 0.56804180
vt 0.94264096 0.48660755
vt 0.83856279 0.03343683
vt 0.86867160 0.78788322
vt 0.04450559 0.30079651
vt 0.87806749 0.88179892
vt 0.97593689 0.79424971
vt 0.21021765 0.22451472
vt 0.89948863 0.21340746
vt 0.98589009 0.94507325
vt 0.57067305 0.98778582
vt 0.37364122 0.89362460
vt 0.14652207 0.36726242
vt 0.14729944 0.19360006
vt 0.81885165 0.78732258
vt 0.35179234 0.98165381
vt 0.08696645 0.77383322
vt 0.15095708 0.19821721
vt 0.04054729 0.78270715
vt 0.76430434 0.39800769
vt 0.00000000 0.00000000
vt 0.24155802 0.21759516
vt 0.11635703 0.15354764
vt 0.37247637 0.91175503
vt 0.94420171 0.90206993
vt 0.98209745 0.41978478
vt 0.61515570 0.70177436
vt 0.61967891 0.77120310
vt 0.17738521 0.98368561
vt 0.20304616 0.12695199
vt 0.12904355 0.86833251
vt 0.26484793 0.09753060
vt 0.76296389 0.67122161
vt 0.40180531 0.89427114
vt 0.00000000 0.00000000
vt 0.21539602 0.46173108
vt 0.58577645 0.54214096
vt 0.15083416 0.28472054
vt 0.02243816 0.44210017
vt 0.40384388 0.96555048
vt 0.56282932 0.17279160
vt 0.87684220 0.14503640
vt 0.04207392 0.79924107
vt 0.93450952 0.23936403
vt 0.91630745 0.52956337
vt 0.11689398 0.17532098
vt 0.89153939 0.35682523
vt 0.42828336 0.87747425
vt 0.89445490 0.46067858
vt 0.00000000 0.00000000
vt 0.28227139 0.97430158
vt 0.75959641 0.69822907
vt 0.55567843 0.08955115
vt 0.57307535 0.14920443
vt 0.59673679 0.14991117
vt 0.96043456 0.92417419
vt 0.20017616 0.66449380
vt 0.39411119 0.97247332
vt 0.51085967 0.12310684
vt 0.84768516 0.03133142
vt 0.30760273 0.86692089
vt 0.86053669 0.16283011
vt 0.13411230 0.13281286
vt 0.53742945 0.88951242
vt 0.20380105 0.12038636
vt 0.27431962 0.17888153
vt 0.27464512 0.84647876
vt 0.97339183 0.73068964
vt 0.58811826 0.67629957
vt 0.73949265 0.41513622
vt 0.19093055 0.47747183
vt 0.91514182 0.64727300
vt 0.88292789 0.03021085
vt 0.74249196 0.75048083
vt 0.57174647 0.70265788
vt 0.21138594 0.63061106
vt 0.75434715 0.65590423
vt 0.76177162 0.74737972
vt 0.61854804 0.83077472
vt 0.83073616 0.20539749
vt 0.71724719 0.74911195
vt 0.23804668 0.64653796
vt 0.13870896 0.09899062
vt 0.07198519 0.91608369
vt 0.25307417 0.28825122
vt 0.76753205 0.12011409
vt 0.04300227 0.38758671
vt 0.16041231 0.08765978
vt 0.74066383 0.70506698
vt 0.08968013 0.23374116
vt 0.00000000 0.00000000
vt 0.77722549 0.22584146
vt 0.52926618 0.61347145
vt 0.39922699 0.97646797
vt 0.28276929 0.10919917
vt 0.69523895 0.89389604
vt 0.21485813 0.78157723
vt 0.27420545 0.27571428
vt 0.75713229 0.84138632
vt 0.48182109 0.92361152
vt 0.14344119 0.28786242
vt 0.08505879 0.21606052
vt 0.07846550 0.18154657
vt 0.80964416 0.74374264
vt 0.19129585 0.83870590
vt 0.00000000 0.00000000
vt 0.43924162 0.83129990
vt 0.13032910 0.86009651
vt 0.93587434 0.03059119
vt 0.93746811 0.73645455
vt 0.67157966 0.77637517
vt 0.74805385 0.33461714
vt 0.23638977 0.38170123
vt 0.86590123 0.64289355
vt 0.78253108 0.17740297
vt 0.15489009 0.73423302
vt 0.28220066 0.16100961
vt 0.61113846 0.81134295
vt 0.55828232 0.82545859
vt 0.94929230 0.51220268
vt 0.17349334 0.64564937
vt 0.83294016 0.73742032
vt 0.88543618 0.51338416
vt 0.82549006 0.22444463
vt 0.81389171 0.36795020
vt 0.06360034 0.72679615
vt 0.00000000 0.00000000
vt 0.14104696 0.14926416
vt 0.76820326 0.56728566
vt 0.03991187 0.75617927
vt 0.10535379 0.19303620
vt 0.84930593 0.08726716
vt 0.04195439 0.76242155
vt 0.17339768 0.29678476
vt 0.62238890 0.94657022
vt 0.19112390 0.11716098
vt 0.90129536 0.64249951
vt 0.95656788 0.16929734
vt 0.21456449 0.45149231
vt 0.39974725 0.89924908
vt 0.06119043 0.71665996
vt 0.58653593 0.09305716
vt 0.00000000 0.00000000
vt 0.83656108 0.03133780
vt 0.08606701 0.46720004
vt 0.97392088 0.72362369
vt 0.85366887 0.19557756
vt 0.80814302 0.56889689
vt 0.96536207 0.78123283
vt 0.80174387 0.37273908
vt 0.63532692 0.95196146
vt 0.57126808 0.69829029
vt 0.59705794 0.90642285
vt 0.72888410 0.67479682
vt 0.24073888 0.21586901
vt 0.23386236 0.37997830
vt 0.20335548 0.45383382
vt 0.00000000 0.00000000
vt 0.15392184 0.12987852
vt 0.71903920 0.83613110
vt 0.86163598 0.73112887
vt 0.59367621 0.54111564
vt 0.84674460 0.15647709
vt 0.84701574 0.11562747
vt 0.91580701 0.56686783
vt 0.94442940 0.21964312
vt 0.25681910 0.91839957
vt 0.75014484 0.42997670
vt 0.59198958 0.54109222
vt 0.14771684 0.94424033
vt 0.54249096 0.91298306
vt 0.79033655 0.74853343
vt 0.23524705 0.08203232
vt 0.25719112 0.88880122
vt 0.93940812 0.78180575
vt 0.25534189 0.28866553
vt 0.73275822 0.67096567
vt 0.86288714 0.40701818
vt 0.05106952 0.65943110
vt 0.40576613 0.78795248
vt 0.37325957 0.80855936
vt 0.04181397 0.73478478
vt 0.50644869 0.76109248
vt 0.83992195 0.41622877
vt 0.15528697 0.12416267
vt 0.08204180 0.20296282
vt 0.26142702 0.82948011
vt 0.89723420 0.15416342
vt 0.23593496 0.46955162
vt 0.27052847 0.27602994
vt 0.27127618 0.72925019
vt 0.29140636 0.11249673
vt 0.75824732 0.76783258
vt 0.91327357 0.45995688
vt 0.03028246 0.30819428
vt 0.03811504 0.74434197
vt 0.76836944 0.15052390
vt 0.24357024 0.80445033
vt 0.91210365 0.24397564
vt 0.93092012 0.42368513
vt 0.79682851 0.18637139
vt 0.71944791 0.70574313
vt 0.56773043 0.80038929
vt 0.50891334 0.88278651
vt 0.76863730 0.04350454
vt 0.87967247 0.02816927
vt 0.64918315 0.63967860
vt 0.35218036 0.70991224
vt 0.08863018 0.22183710
vt 0.00000000 0.00000000
vt 0.11283085 0.26878405
vt 0.17310242 0.29944605
vt 0.78598851 0.19684815
vt 0.04189618 0.72704208
vt 0.99788803 0.43316424
vt 0.08304427 0.95342702
vt 0.60101515 0.19655180
vt 0.24102749 0.95072442
vt 0.84136516 0.74840963
vt 0.44190040 0.87786561
vt 0.99077445 0.48601294
vt 0.71728790 0.66894752
vt 0.94526726 0.91173029
vt 0.11387595 0.92847365
vt 0.20069928 0.29961473
vt 0.09341995 0.23169988
vt 0.55215615 0.76196194
vt 0.80082613 0.18347436
vt 0.23653199 0.08746475
vt 0.22428653 0.24145633
vt 0.46936464 0.73934633
vt 0.04369337 0.68787795
vt 0.15422893 0.85758799
vt 0.49701110 0.94105315
vt 0.62980008 0.80640614
vt 0.78506869 0.21575367
vt 0.04200008 0.80348766
vt 0.22336748 0.41668403
vt 0.24407624 0.82839531
vt 0.29289040 0.91441053
vt 0.00000000 0.00000000
vt 0.66733372 0.58859265
vt 0.96398222 0.21322370
vt 0.51147342 0.66249591
vt 0.19144198 0.08002293
vt 0.08596160 0.81596881
vt 0.19476378 0.27975869
vt 0.29582334 0.85197061
vt 0.91906458 0.19742924
vt 0.61579293 0.83221149
vt 0.59739417 0.17310232
vt 0.94127446 0.41857314
vt 0.96235597 0.03425658
vt 0.85162497 0.50346369
vt 0.54875177 0.74501860
vt 0.30191782 0.84923327
vt 0.86661357 0.85083920
vt 0.03883708 0.77263427
vt 0.61372310 0.10754168
vt 0.85672772 0.13078713
vt 0.29846939 0.72901368
vt 0.07603147 0.75614470
vt 0.21225414 0.96052629
vt 0.74786669 0.84171969
vt 0.75699627 0.03341860
vt 0.04008389 0.77043974
vt 0.85073394 0.43484062
vt 0.21258408 0.08089805
vt 0.67156959 0.73268586
vt 0.29710355 0.94401687
vt 0.44163644 0.94977039
vt 0.93718785 0.80280387
vt 0.24197969 0.99165612
vt 0.95376676 0.80816072
vt 0.55945492 0.15038645
vt 0.21019620 0.07925349
vt 0.23199253 0.39135855
vt 0.97382230 0.81499457
vt 0.69694132 0.88800812
vt 0.11956548 0.17529476
vt 0.85219622 0.79292238
vt 0.74498683 0.48330593
vt 0.29399183 0.87413263
vt 0.52636200 0.60388410
vt 0.79187644 0.78003353
vt 0.26280782 0.90920162
vt 0.80219084 0.44797945
vt 0.18390499 0.12102282
vt 0.78191614 0.80198479
vt 0.82821339 0.70862359
vt 0.03940027 0.64161211
vt 0.40311179 0.90629250
vt 0.07955327 0.21382689
vt 0.25530615 0.69993246
vt 0.76381665 0.77044874
vt 0.19234170 0.13266683
vt 0.42387843 0.84784037
vt 0.16472979 0.08406734
vt 0.90285867 0.84375077
vt 0.98528540 0.50502276
vt 0.66988790 0.54982358
vt 0.40568128 0.80748421
vt 0.49271962 0.94120657
vt 0.78199631 0.08713233
vt 0.00000000 0.00000000
vt 0.12602061 0.17674369
vt 0.93933064 0.56723070
vt 0.51804364 0.93201834
vt 0.01416082 0.31440121
vt 0.84730721 0.04339302
vt 0.99614781 0.38900989
vt 0.28394604 0.10864919
vt 0.94310457 0.40173221
vt 0.26761022 0.72459829
vt 0.50866562 0.75095767
vt 0.01308295 0.34189880
vt 0.69805402 0.84261155
vt 0.11949527 0.22646236
vt 0.37594116 0.97857755
vt 0.55042917 0.70798433
vt 0.75749564 0.54375702
vt 0.24439348 0.69970495
vt 0.32120228 0.20563352
vt 0.24935491 0.87463802
vt 0.60454679 0.94484687
vt 0.29128885 0.70059597
vt 0.46226022 0.68050945
vt 0.19910924 0.78248650
vt 0.01328045 0.34562457
vt 0.98150933 0.95010483
vt 0.32217833 0.20613170
vt 0.82285213 0.03611743
vt 0.07208463 0.89450717
vt 0.31081134 0.23086637
vt 0.18990475 0.66988188
vt 0.97239250 0.48443127
vt 0.60732204 0.83229423
vt 0.69740272 0.60571265
vt 0.18829527 0.21332830
vt 0.21851234 0.74312055
vt 0.00000000 0.00000000
vt 0.62527817 0.92398554
vt 0.27566484 0.90784729
vt 0.16993701 0.29875445
vt 0.92723048 0.42779320
vt 0.51600754 0.68453372
vt 0.95992404 0.93304706
vt 0.95480835 0.93258083
vt 0.12836830 0.42641026
vt 0.78788334 0.33371377
vt 0.43914545 0.87390572
vt 0.82577318 0.24793196
vt 0.90269232 0.44279802
vt 0.96355140 0.67340040
vt 0.24154356 0.19197607
vt 0.04173985 0.68827552
vt 0.88434029 0.78635490
vt 0.16011278 0.67065936
vt 0.84802550 0.71849275
vt 0.71567810 0.85905731
vt 0.15136534 0.20232493
vt 0.71435183 0.87455970
vt 0.79499602 0.51970714
vt 0.97199237 0.79677129
vt 0.09506986 0.13896132
vt 0.92304951 0.46610916
vt 0.89354944 0.21566200
vt 0.83043748 0.37610275
vt 0.77220523 0.77982163
vt 0.30557135 0.92139179
vt 0.99276209 0.40536267
vt 0.18456484 0.70442635
vt 0.00943991 0.42648852
vt 0.04196320 0.33053327
vt 0.59087920 0.09368533
vt 0.08431294 0.62241858
vt 0.21192691 0.27379644
vt 0.88191020 0.88619411
vt 0.26469001 0.16837734
vt 0.61638129 0.87526482
vt 0.30983660 0.23805916
vt 0.19507407 0.96632326
vt 0.85528988 0.43503553
vt 0.80146986 0.14513731
vt 0.86400342 0.03587109
vt 0.29734716 0.25381172
vt 0.83455849 0.02919507
vt 0.98718661 0.44398302
vt 0.71546263 0.83644360
vt 0.56248885 0.15613592
vt 0.08559636 0.45076704
vt 0.46088368 0.83339459
vt 0.40476754 0.83968574
vt 0.57887542 0.64608383
vt 0.71542317 0.89409161
vt 0.07333875 0.81955695
vt 0.08192755 0.16875488
vt 0.97281271 0.66347945
vt 0.82966310 0.38977247
vt 0.71860546 0.77922267
vt 0.96505111 0.10989785
vt 0.14595704 0.25633049
vt 0.94553441 0.72518754
vt 0.28803596 0.91071630
vt 0.19124067 0.98267370
vt 0.53696686 0.62294126
vt 0.15369971 0.28968459
vt 0.00000000 0.00000000
vt 0.29339892 0.11902797
vt 0.96345532 0.49474263
vt 0.85999024 0.86789298
vt 0.24624668 0.44240940
vt 0.74738181 0.69531900
vt 0.00000000 0.00000000
vt 0.90128571 0.80854511
vt 0.06754608 0.68258840
vt 0.08396241 0.16658741
vt 0.04718724 0.64871991
vt 0.76526469 0.75737202
vt 0.30121198 0.94781852
vt 0.29878521 0.90335095
vt 0.51846254 0.82497567
vt 0.86372501 0.66541642
vt 0.76130998 0.75163805
vt 0.88750607 0.09847081
vt 0.96537757 0.35700679
vt 0.68330443 0.63962841
vt 0.21993572 0.96972346
vt 0.16725992 0.92874014
vt 0.91014588 0.04437691
vt 0.30427298 0.98107690
vt 0.01343596 0.45045376
vt 0.27900198 0.73764521
vt 0.11462713 0.18831575
vt 0.22377983 0.17441422
vt 0.45713994 0.83134395
vt 0.72032630 0.86611789
vt 0.76444334 0.03182691
vt 0.24409522 0.46321124
vt 0.58301169 0.89063787
vt 0.05593186 0.43688881
vt 0.47488767 0.69364697
vt 0.84327179 0.83912933
vt 0.87762046 0.38661015
vt 0.25621134 0.16831529
vt 0.45928842 0.82019252
vt 0.01022389 0.36574495
vt 0.37855572 0.97031146
vt 0.11900939 0.18857181
vt 0.75274438 0.36133617
vt 0.13410228 0.45498300
vt 0.90761560 0.22239578
vt 0.98690033 0.43433976
vt 0.88853616 0.07219678
vt 0.86961156 0.06722850
vt 0.02775464 0.30965590
vt 0.17506318 0.27809298
vt 0.96965474 0.65565199
vt 0.89522487 0.51212430
vt 0.80912352 0.11232686
vt 0.96005225 0.48282290
vt 0.32071522 0.21111947
vt 0.97132760 0.71233433
vt 0.88633567 0.12561244
vt 0.76070154 0.79881471
vt 0.06649846 0.74449515
vt 0.87991238 0.07662922
vt 0.09179550 0.13518161
vt 0.92685139 0.10167813
vt 0.21812002 0.40941298
vt 0.03815869 0.76343715
vt 0.29742754 0.65102774
vt 0.10423718 0.17591572
vt 0.00000000 0.00000000
vt 0.22540513 0.90065324
vt 0.26216069 0.85415000
vt 0.74890208 0.86027902
vt 0.82009953 0.03035051
vt 0.03909326 0.79492271
vt 0.21132807 0.39555967
vt 0.12867719 0.17836004
vt 0.11289629 0.41682684
vt 0.00000000 0.00000000
vt 0.25617388 0.39388645
vt 0.25649887 0.21440542
vt 0.78757453 0.38336086
vt 0.94657582 0.51404846
vt 0.00000000 0.00000000
vt 0.96912724 0.64271456
vt 0.87056285 0.19028461
vt 0.85980415 0.56702542
vt 0.78412306 0.16273570
vt 0.20872554 0.98455703
vt 0.59960425 0.15364313
vt 0.97254145 0.75852406
vt 0.44351107 0.87602562
vt 0.14916620 0.91637319
vt 0.10285624 0.95338619
vt 0.48748547 0.94072098
vt 0.87448198 0.24964339
vt 0.88762569 0.13509762
vt 0.83719635 0.87311733
vt 0.83560568 0.74853623
vt 0.58068860 0.18656904
vt 0.49664783 0.94717139
vt 0.85896075 0.85995203
vt 0.95224565 0.94752234
vt 0.02328532 0.34402692
vt 0.27314049 0.23382092
vt 0.94297647 0.68066913
vt 0.84007329 0.17500615
vt 0.99374002 0.39437163
vt 0.37467000 0.91137195
vt 0.85155934 0.56910384
vt 0.68792552 0.68315983
vt 0.04427519 0.32447302
vt 0.92431706 0.56846225
vt 0.20557748 0.87597066
vt 0.48368648 0.72894776
vt 0.83295292 0.56799555
vt 0.44140401 0.84642249
vt 0.21909921 0.93309039
vt 0.78087294 0.55004984
vt 0.20082553 0.88072348
vt 0.62273568 0.83508998
vt 0.04188368 0.77285653
vt 0.86750835 0.03248143
vt 0.99390072 0.44683105
vt 0.56965029 0.98573285
vt 0.01599174 0.48299789
vt 0.21478117 0.74806648
vt 0.77547365 0.49980223
vt 0.11519160 0.69984245
vt 0.15395619 0.38331527
vt 0.13803151 0.27956527
vt 0.45443937 0.84632653
vt 0.11010059 0.73972529
vt 0.81262290 0.67547500
vt 0.30557507 0.14023805
vt 0.61502558 0.18174726
vt 0.59032375 0.14930034
vt 0.09164172 0.98590881
vt 0.06664282 0.95385319
vt 0.31548321 0.22303337
vt 0.13984396 0.19743216
vt 0.76175946 0.73703486
vt 0.93518877 0.19380265
vt 0.83097124 0.43066680
vt 0.95197558 0.11871749
vt 0.87600332 0.44627905
vt 0.88009816 0.09448391
vt 0.94264185 0.34464204
vt 0.80084032 0.80381638
vt 0.84871399 0.75206894
vt 0.00000000 0.00000000
vt 0.10924653 0.83605170
vt 0.40005589 0.96154130
vt 0.26341704 0.09568083
vt 0.70416009 0.63251126
vt 0.00663324 0.48804140
vt 0.64800739 0.66719609
vt 0.57909489 0.09327859
vt 0.99438441 0.34913456
vt 0.10549999 0.16969520
vt 0.48575580 0.94177258
vt 0.13593605 0.78084844
vt 0.88905096 0.23951524
vt 0.24069111 0.97450590
vt 0.98305660 0.35679400
vt 0.28032920 0.74500024
vt 0.04852254 0.45014668
vt 0.04933434 0.81376463
vt 0.61867911 0.87257034
vt 0.07730216 0.92208695
vt 0.79234409 0.75573170
vt 0.10278619 0.25396717
vt 0.25406617 0.76848841
vt 0.86524606 0.56930906
vt 0.81930423 0.10235596
vt 0.07214192 0.91070855
vt 0.20621338 0.16979426
vt 0.94405609 0.35570997
vt 0.98656929 0.48813373
vt 0.70001352 0.85555542
vt 0.44048622 0.86979282
vt 0.11811604 0.81657618
vt 0.00000000 0.00000000
vt 0.56175256 0.19118440
vt 0.18841541 0.10802352
vt 0.37210506 0.88380516
vt 0.16745779 0.46938914
vt 0.58961827 0.77572578
vt 0.85183692 0.67975080
vt 0.48068988 0.61476558
vt 0.17019235 0.23771042
vt 0.21877578 0.39353395
vt 0.16825551 0.19893432
vt 0.11679755 0.16017526
vt 0.93581027 0.21505773
vt 0.83422661 0.65779191
vt 0.00000000 0.00000000
vt 0.90775526 0.13956046
vt 0.10796613 0.71212482
vt 0.18972163 0.11337829
vt 0.21494365 0.47905743
vt 0.99796855 0.52122599
vt 0.04636592 0.71124101
vt 0.73967564 0.80503207
vt 0.79009944 0.72160035
vt 0.18344013 0.07893634
vt 0.00000000 0.00000000
vt 0.26234952 0.17170060
vt 0.16868256 0.20822614
vt 0.28824803 0.89854771
vt 0.96088707 0.08194166
vt 0.04101412 0.66485894
vt 0.87019914 0.74262261
vt 0.41967943 0.90209216
vt 0.00000000 0.00000000
vt 0.56092685 0.15596259
vt 0.06802925 0.93015617
vt 0.92138964 0.23348033
vt 0.01933339 0.33252627
vt 0.18838683 0.94358367
vt 0.89365792 0.70992976
vt 0.88088775 0.80762184
vt 0.76364791 0.35217559
vt 0.00000000 0.00000000
vt 0.14332993 0.81151760
vt 0.13923056 0.23417217
vt 0.78961092 0.55942076
vt 0.24986286 0.44417387
vt 0.39191267 0.83555186
vt 0.94963127 0.79260409
vt 0.89981467 0.02904350
vt 0.48477042 0.73883116
vt 0.80056703 0.03405362
vt 0.20348245 0.47682023
vt 0.42501602 0.89492667
vt 0.80460656 0.23319501
vt 0.21617256 0.40636194
vt 0.37291077 0.79723388
vt 0.25711033 0.73910159
vt 0.56543016 0.55333644
vt 0.20186859 0.39130700
vt 0.08254995 0.89934164
vt 0.57104868 0.75430948
vt 0.80339813 0.86610484
vt 0.84564149 0.40289903
vt 0.25246078 0.24010861
vt 0.73984635 0.69737870
vt 0.00000000 0.00000000
vt 0.81301993 0.22133005
vt 0.27379382 0.76392543
vt 0.39332435 0.81802529
vt 0.03480542 0.34663087
vt 0.88811094 0.03305423
vt 0.90358645 0.89201444
vt 0.27538458 0.14036041
vt 0.03577452 0.34944457
vt 0.62593693 0.15308809
vt 0.85292929 0.25655556
vt 0.88055944 0.88943940
vt 0.91864634 0.12747562
vt 0.30876133 0.13759643
vt 0.30346280 0.85193074
vt 0.14929137 0.16052592
vt 0.58459502 0.95178324
vt 0.98663658 0.48571730
vt 0.20314151 0.21703970
vt 0.23279557 0.23378170
vt 0.99231744 0.41415048
vt 0.38526121 0.96629518
vt 0.82985365 0.12695861
vt 0.11353700 0.26431370
vt 0.80095530 0.69717181
vt 0.38113976 0.81208962
vt 0.20989156 0.97536010
vt 0.80595505 0.48659861
vt 0.57282478 0.64035237
vt 0.08351827 0.16342211
vt 0.58227259 0.90251350
vt 0.24005571 0.43470442
vt 0.17700262 0.18439460
vt 0.47208020 0.83342928
vt 0.94054657 0.03350639
vt 0.81691855 0.46076500
vt 0.86783612 0.67055774
vt 0.37251383 0.82866234
vt 0.10397168 0.78486115
vt 0.26152632 0.15401983
vt 0.08123790 0.19375002
vt 0.51253271 0.69732863
vt 0.28491211 0.98692477
vt 0.81754839 0.86633539
vt 0.79959679 0.02957201
vt 0.95270550 0.94324011
vt 0.84592658 0.75686669
vt 0.59344006 0.19180560
vt 0.00000000 0.00000000
vt 0.26852983 0.90844506
vt 0.62614155 0.18114072
vt 0.12013343 0.88342547
vt 0.37180817 0.98564577
vt 0.98213798 0.51313883
vt 0.77116072 0.46857667
vt 0.94564641 0.52321148
vt 0.04508809 0.61900848
vt 0.19175452 0.75400972
vt 0.75423068 0.77869958
vt 0.97415227 0.81165868
vt 0.15163358 0.41721630
vt 0.97154200 0.51126897
vt 0.24864613 0.17722881
vt 0.42076883 0.96620345
vt 0.26938811 0.87447107
vt 0.07824137 0.19242346
vt 0.41464552 0.25148940
vt 0.67094469 0.61427760
vt 0.96370149 0.44776499
vt 0.14658976 0.97426075
vt 0.97434688 0.35688257
vt 0.24000134 0.22646517
vt 0.15942851 0.72231859
vt 0.00000000 0.00000000
vt 0.24296872 0.77335465
vt 0.61022460 0.85437018
vt 0.32282731 0.18609035
vt 0.10052867 0.93404871
vt 0.46100232 0.60431391
vt 0.28834739 0.93132842
vt 0.24219556 0.45302010
vt 0.08056141 0.63003218
vt 0.25889474 0.93822420
vt 0.10883389 0.17094815
vt 0.90042454 0.08729881
vt 0.13171352 0.10188496
vt 0.73860198 0.69141603
vt 0.88560623 0.52828544
vt 0.92103058 0.11477852
vt 0.73191732 0.79656374
vt 0.91570568 0.34421813
vt 0.37290984 0.81786937
vt 0.73915064 0.36564517
vt 0.75414723 0.83612931
vt 0.13217555 0.25652981
vt 0.04223311 0.68338782
vt 0.00000000 0.00000000
vt 0.88604224 0.41318345
vt 0.00985637 0.38684118
vt 0.42338735 0.85750818
vt 0.13342926 0.23664111
vt 0.92498481 0.68523729
vt 0.83191311 0.86647850
vt 0.10722832 0.95044464
vt 0.18009229 0.29819077
vt 0.26320589 0.84775454
vt 0.79637873 0.25060016
vt 0.22570702 0.87679136
vt 0.27568123 0.78335327
vt 0.71943152 0.71504343
vt 0.80105293 0.10327446
vt 0.21345153 0.42912889
vt 0.24687751 0.08829713
vt 0.68395412 0.84193432
vt 0.76402462 0.04010230
vt 0.44574863 0.84102046
vt 0.23203643 0.94314235
vt 0.31325427 0.92264444
vt 0.78469741 0.70551234
vt 0.09142232 0.65895826
vt 0.20674589 0.25219733
vt 0.22179781 0.38050234
vt 0.06982823 0.94820541
vt 0.49747080 0.62275571
vt 0.10708089 0.37202561
vt 0.12985459 0.38873059
vt 0.21622936 0.24147916
vt 0.31341916 0.14779699
vt 0.78691626 0.23509014
vt 0.25875741 0.15700537
vt 0.30715215 0.94873214
vt 0.11786708 0.10870814
vt 0.95533150 0.94771934
vt 0.17496035 0.12288791
vt 0.07264720 0.98537993
vt 0.25109819 0.13453460
vt 0.44575679 0.88401604
vt 0.83921015 0.65951616
vt 0.59358221 0.83398068
vt 0.73959780 0.44169450
vt 0.08029952 0.17692667
vt 0.47957954 0.79261124
vt 0.59229881 0.94228983
vt 0.69831949 0.86014891
vt 0.54489183 0.65344638
vt 0.73756063 0.87373137
vt 0.25633541 0.17832887
vt 0.00000000 0.00000000
vt 0.00000000 0.00000000
vt 0.41656181 0.86805010
vt 0.96225375 0.65362448
vt 0.21428174 0.44686234
vt 0.06823036 0.91112947
vt 0.40701529 0.85297751
vt 0.91644251 0.20770639
vt 0.17294204 0.29202151
vt 0.01481870 0.44263113
vt 0.82783449 0.03120190
vt 0.87102956 0.20525396
vt 0.94280678 0.37077659
vt 0.06519087 0.36317074
vt 0.92651767 0.08933896
vt 0.81210566 0.21678221
vt 0.93944442 0.50178212
vt 0.88092375 0.24634004
vt 0.14745736 0.23930985
vt 0.12499159 0.16730750
vt 0.82537395 0.25200737
vt 0.36352229 0.70533019
vt 0.75393987 0.86035728
vt 0.99885625 0.92411083
vt 0.95598239 0.70383120
vt 0.86119980 0.23032194
vt 0.71486074 0.83953434
vt 0.97957522 0.48292375
vt 0.16389498 0.86989039
vt 0.98415822 0.36877072
vt 0.06868665 0.97554332
vt 0.71996981 0.75789708
vt 0.06871361 0.96757948
vt 0.74827546 0.84933597
vt 0.19466928 0.81833535
vt 0.99777472 0.45629114
vt 0.24296772 0.11853933
vt 0.45566523 0.95338100
vt 0.09148288 0.72162384
vt 0.00000000 0.00000000
vt 0.10625919 0.94700724
vt 0.61353922 0.81705105
vt 0.94435036 0.07594383
vt 0.05386732 0.77004522
vt 0.15418883 0.26135427
vt 0.71792924 0.71137637
vt 0.07357963 0.80733365
vt 0.94828689 0.03401822
vt 0.71949232 0.87512225
vt 0.08524283 0.92865610
vt 0.06905985 0.83913964
vt 0.76076126 0.75616688
vt 0.81715703 0.81194907
vt 0.07381570 0.44050097
vt 0.75295419 0.45314455
vt 0.74359089 0.65724438
vt 0.90153396 0.85136271
vt 0.79169840 0.19837844
vt 0.04245092 0.66507012
vt 0.00000000 0.00000000
vt 0.75963736 0.81256056
vt 0.20672189 0.86962670
vt 0.28241634 0.94912720
vt 0.94433570 0.92784375
vt 0.07755319 0.98626745
vt 0.81491017 0.07614785
vt 0.00000000 0.00000000
vt 0.61747992 0.88437760
vt 0.04252676 0.30809528
vt 0.18053752 0.14510250
vt 0.13258235 0.40762115
vt 0.80149537 0.11572796
vt 0.82232171 0.77200884
vt 0.21733549 0.13472319
vt 0.27059522 0.85359573
vt 0.06899722 0.97931206
vt 0.45640689 0.83754605
vt 0.40831357 0.96034306
vt 0.58007491 0.95052820
vt 0.89870244 0.06940269
vt 0.90287238 0.47640884
vt 0.99648499 0.38003063
vt 0.58031780 0.90003532
vt 0.99368072 0.47977668
vt 0.46607041 0.91180444
vt 0.96232331 0.48528075
vt 0.83275753 0.86154079
vt 0.25411794 0.36477840
vt 0.20832635 0.71315825
vt 0.52666664 0.88952655
vt 0.19724458 0.08007938
vt 0.95679235 0.92438167
vt 0.82418561 0.83848488
vt 0.76853734 0.53631657
vt 0.38454553 0.87751871
vt 0.14838171 0.12760210
vt 0.51548010 0.61640650
vt 0.86989063 0.70247835
vt 0.37730512 0.77057600
vt 0.00000000 0.00000000
vt 0.23333503 0.38181019
vt 0.21460629 0.83034623
vt 0.00000000 0.00000000
vt 0.80592191 0.79147059
vt 0.70952672 0.73225743
vt 0.87173438 0.53908896
vt 0.10418701 0.25696254
vt 0.92287803 0.15825534
vt 0.05251262 0.36453629
vt 0.87990338 0.20438951
vt 0.25163150 0.15765780
vt 0.74012911 0.78308302
vt 0.29019722 0.26954913
vt 0.35962486 0.98323566
vt 0.45998043 0.85697907
vt 0.79940504 0.79071724
vt 0.00000000 0.00000000
vt 0.84610689 0.52474141
vt 0.13524567 0.28247124
vt 0.87664610 0.03006989
vt 0.93947130 0.48633683
vt 0.41401961 0.95731443
vt 0.71891779 0.85629392
vt 0.92294407 0.03343058
vt 0.04722305 0.40989459
vt 0.85626823 0.65574223
vt 0.08889196 0.83506984
vt 0.90880376 0.03704858
vt 0.89816612 0.65200186
vt 0.76355982 0.40567708
vt 0.04155982 0.63871431
vt 0.79446220 0.66174603
vt 0.99716073 0.41804200
vt 0.85072666 0.09707558
vt 0.42030370 0.87551796
vt 0.98027140 0.46578705
vt 0.77358407 0.55148560
vt 0.82632941 0.52784181
vt 0.24373840 0.47065365
vt 0.17491546 0.83827066
vt 0.00681739 0.45419621
vt 0.13244885 0.75280797
vt 0.26990646 0.95146149
vt 0.29004216 0.95808601
vt 0.98211068 0.40829182
vt 0.06928166 0.99593657
vt 0.70427197 0.87166160
vt 0.75997049 0.84869242
vt 0.97214955 0.74218786
vt 0.13807052 0.27833563
vt 0.24135379 0.18816149
vt 0.29836893 0.68541634
vt 0.27367651 0.97826439
vt 0.98714024 0.47893196
vt 0.10010748 0.12152421
vt 0.77666730 0.48748732
vt 0.03780143 0.72562057
vt 0.94533932 0.36737740
vt 0.84084696 0.22138703
vt 0.70379502 0.67507166
vt 0.29997528 0.25020206
vt 0.12734392 0.23328733
vt 0.81585354 0.40584970
vt 0.70113844 0.86642981
vt 0.84519011 0.44878316
vt 0.73848063 0.35099709
vt 0.20805836 0.41765833
vt 0.07378533 0.39827108
vt 0.04036376 0.71050584
vt 0.00000000 0.00000000
vt 0.22474636 0.27556205
vt 0.14274198 0.88849974
vt 0.55661929 0.09084308
vt 0.89060700 0.17226434
vt 0.09263678 0.73801923
vt 0.19182914 0.07859737
vt 0.82383466 0.17589736
vt 0.88303715 0.88215989
vt 0.79188472 0.41329604
vt 0.51241893 0.89941072
vt 0.60735857 0.63305372
vt 0.77743608 0.74823874
vt 0.09464638 0.24163371
vt 0.24211843 0.24119937
vt 0.44347337 0.95330667
vt 0.48919302 0.66709048
vt 0.26046416 0.23149133
vt 0.80164492 0.21809244
vt 0.30517268 0.94147027
vt 0.58737707 0.16551024
vt 0.00000000 0.00000000
vt 0.25705457 0.09531432
vt 0.94961274 0.74138194
vt 0.00000000 0.00000000
vt 0.81982994 0.02765960
vt 0.22398774 0.12387663
vt 0.98268938 0.94014126
vt 0.71857768 0.63652855
vt 0.45006520 0.84633511
vt 0.80151188 0.07017088
vt 0.01708659 0.31596053
vt 0.09463998 0.97228122
vt 0.23286116 0.17038226
vt 0.83569258 0.80762005
vt 0.60385150 0.10215253
vt 0.32169893 0.19263244
vt 0.97813475 0.93403292
vt 0.26704305 0.83909053
vt 0.92108625 0.20803410
vt 0.12203453 0.26939458
vt 0.60786432 0.79596144
vt 0.30235553 0.93020791
vt 0.72757351 0.69679010
vt 0.00000000 0.00000000
vt 0.37593937 0.96936136
vt 0.62151277 0.76622838
vt 0.15606534 0.21498698
vt 0.20995133 0.70587873
vt 0.76793569 0.55592024
vt 0.01963484 0.34806383
vt 0.56852716 0.19004369
vt 0.40986353 0.97284991
vt 0.55291730 0.76935232
vt 0.58482522 0.87524998
vt 0.00000000 0.00000000
vt 0.44319248 0.79076642
vt 0.15764505 0.98528820
vt 0.28046590 0.22782379
vt 0.82874292 0.83842999
vt 0.79473609 0.12083656
vt 0.96134037 0.81639099
vt 0.94697315 0.91420710
vt 0.70039785 0.88769937
vt 0.48511410 0.94335294
vt 0.78483462 0.48250735
vt 0.85916835 0.84424764
vt 0.17398344 0.64098537
vt 0.83935952 0.70785755
vt 0.84806216 0.78127289
vt 0.81202644 0.19153130
vt 0.09318922 0.80051154
vt 0.75020587 0.73050022
vt 0.04006715 0.75313133
vt 0.13294061 0.69410956
vt 0.00000000 0.00000000
vt 0.12435083 0.10240227
vt 0.80942965 0.09039569
vt 0.27981287 0.91967463
vt 0.20531619 0.30038750
vt 0.48497140 0.68733478
vt 0.13343187 0.17117167
vt 0.90388143 0.74622059
vt 0.18687388 0.18446374
vt 0.55255508 0.75486201
vt 0.53195739 0.86631989
vt 0.25897786 0.22687966
vt 0.14741309 0.93376309
vt 0.95819765 0.91923225
vt 0.00000000 0.00000000
vt 0.83157152 0.48469061
vt 0.94799805 0.23674077
vt 0.88644701 0.17143559
vt 0.00000000 0.00000000
vt 0.83016682 0.40594137
vt 0.00000000 0.00000000
vt 0.18375550 0.74377865
vt 0.00779463 0.45209658
vt 0.30963793 0.87303680
vt 0.93130559 0.03355926
vt 0.56639707 0.79128689
vt 0.40320083 0.87810898
vt 0.11578070 0.26836538
vt 0.62490398 0.88447195
vt 0.57275033 0.72966659
vt 0.08554570 0.83867466
vt 0.90325916 0.40352082
vt 0.81385112 0.20189083
vt 0.17127638 0.24984467
vt 0.87588924 0.48790485
vt 0.43825614 0.94999582
vt 0.95459592 0.71738344
vt 0.22303866 0.37341279
vt 0.13977160 0.13892210
vt 0.08857082 0.43805379
vt 0.09042735 0.79701471
vt 0.18805516 0.25902331
vt 0.31339988 0.23091686
vt 0.82046473 0.23136926
vt 0.13919933 0.65816849
vt 0.61483550 0.85359991
vt 0.21181780 0.45203125
vt 0.55567640 0.55937511
vt 0.48604691 0.75979614
vt 0.97421014 0.93793488
vt 0.13294102 0.09928232
vt 0.18135715 0.91620928
vt 0.00000000 0.00000000
vt 0.78254396 0.47973537
vt 0.32416046 0.18787718
vt 0.37185690 0.97269666
vt 0.94947976 0.79899156
vt 0.17045248 0.41241729
vt 0.08363678 0.15013015
vt 0.85516447 0.21416128
vt 0.56184864 0.16464704
vt 0.31847885 0.20456970
vt 0.91390967 0.47404438
vt 0.25322911 0.82900554
vt 0.82567066 0.24137348
vt 0.82906389 0.13935214
vt 0.22326922 0.11977684
vt 0.61105198 0.84373355
vt 0.90971518 0.51854557
vt 0.74464202 0.74500662
vt 0.93861729 0.79959655
vt 0.18245086 0.14284861
vt 0.54125911 0.88304919
vt 0.21222356 0.79500657
vt 0.00000000 0.00000000
vt 0.90742487 0.04655832
vt 0.08619677 0.15429711
vt 0.86957169 0.08845311
vt 0.90653181 0.03022248
vt 0.81023210 0.10384369
vt 0.89979631 0.88049191
vt 0.44810542 0.87522626
vt 0.99695837 0.35349137
vt 0.97420841 0.78976911
vt 0.13336022 0.95510262
vt 0.82735902 0.54941142
vt 0.19644736 0.19100571
vt 0.30597293 0.89727765
vt 0.84971362 0.85816187
vt 0.00000000 0.00000000
vt 0.21626526 0.39601505
vt 0.50132221 0.81723106
vt 0.00781121 0.44825327
vt 0.35769033 0.70512027
vt 0.04358057 0.39291596
vt 0.36912158 0.97375977
vt 0.11488885 0.18132901
vt 0.99283826 0.51476777
vt 0.77527356 0.41444814
vt 0.17199378 0.26370335
vt 0.06622814 0.93024307
vt 0.97115040 0.65641004
vt 0.02233322 0.39269674
vt 0.29826224 0.93071038
vt 0.60382366 0.74427360
vt 0.95184994 0.45480448
vt 0.28923407 0.87537026
vt 0.73938793 0.40806353
vt 0.29512289 0.25647372
vt 0.72671282 0.76933211
vt 0.68347996 0.84548783
vt 0.20586994 0.29820049
vt 0.71978831 0.67006981
vt 0.82272488 0.12996876
vt 0.89507431 0.77555865
vt 0.90394175 0.54365700
vt 0.20980494 0.14503670
vt 0.07133623 0.71137387
vt 0.07679386 0.83490330
vt 0.77182299 0.04956412
vt 0.25887963 0.83822626
vt 0.95376629 0.38557053
vt 0.18978614 0.23989338
vt 0.71736681 0.77197731
vt 0.15177301 0.40028751
vt 0.00000000 0.00000000
vt 0.71107972 0.72412992
vt 0.02851491 0.31275988
vt 0.42311963 0.85207254
vt 0.48817411 0.76315886
vt 0.22336754 0.46401048
vt 0.42584184 0.87383801
vt 0.84730017 0.23002762
vt 0.37194923 0.89675355
vt 0.53778237 0.80043918
vt 0.61078966 0.89071769
vt 0.29769802 0.87043941
vt 0.28728247 0.17544121
vt 0.46997589 0.84082329
vt 0.83694494 0.67955500
vt 0.88664532 0.11472625
vt 0.27784735 0.65952700
vt 0.10623097 0.25693011
vt 0.13576791 0.14008927
vt 0.56492984 0.17389750
vt 0.80770683 0.78852713
vt 0.80970800 0.03714418
vt 0.75059092 0.75499791
vt 0.84077334 0.20600599
vt 0.16187628 0.23320472
vt 0.04096037 0.79610360
vt 0.15278624 0.89958841
vt 0.44313416 0.86540216
vt 0.00000000 0.00000000
vt 0.08763249 0.15559775
vt 0.44310728 0.88191199
vt 0.55539089 0.67038816
vt 0.14020459 0.25204861
vt 0.86387736 0.36790389
vt 0.75074625 0.68083066
vt 0.74867928 0.77825612
vt 0.24860491 0.16168821
vt 0.94636297 0.46396971
vt 0.77688408 0.14487433
vt 0.84556848 0.22356403
vt 0.71798062 0.61059910
vt 0.25937316 0.69007456
vt 0.75580168 0.71103674
vt 0.41768220 0.86182290
vt 0.18250237 0.69375157
vt 0.01704524 0.31255895
vt 0.49497354 0.94417149
vt 0.87394017 0.56707478
vt 0.57378590 0.15387017
vt 0.73345369 0.69995850
vt 0.22602151 0.71084189
vt 0.16542412 0.11173320
vt 0.84813088 0.85005623
vt 0.89865512 0.88357747
vt 0.18926001 0.64764267
vt 0.03899536 0.70176113
vt 0.51289278 0.12893617
vt 0.03970601 0.68126285
vt 0.21453688 0.19734454
vt 0.77408236 0.08263069
vt 0.57305521 0.54960084
vt 0.77127719 0.03929919
vt 0.81659544 0.37024164
vt 0.25956202 0.25960857
vt 0.73451513 0.77779514
vt 0.62227947 0.83996391
vt 0.10934940 0.26066166
vt 0.50274384 0.94036674
vt 0.16507186 0.92123890
vt 0.81747222 0.70407844
vt 0.24588792 0.41727912
vt 0.08036710 0.79217213
vt 0.29903015 0.91385037
vt 0.10049605 0.88423049
vt 0.00000000 0.00000000
vt 0.00992281 0.38079631
vt 0.95799953 0.50432587
vt 0.78076023 0.43071342
vt 0.09351612 0.23519278
vt 0.85080320 0.40234029
vt 0.24527638 0.13773882
vt 0.95960021 0.06231195
vt 0.30953991 0.14409614
vt 0.95378566 0.51359481
vt 0.77133644 0.79012412
vt 0.74884659 0.81083840
vt 0.71851385 0.78425533
vt 0.99247444 0.49279821
vt 0.94028383 0.04397184
vt 0.86375725 0.21757942
vt 0.15012984 0.25368565
vt 0.12452679 0.10413694
vt 0.86997038 0.40195888
vt 0.14737633 0.25081086
vt 0.26814970 0.17123348
vt 0.43477863 0.79868954
vt 0.00865460 0.37551856
vt 0.02143882 0.45004189
vt 0.74804932 0.83700752
vt 0.23691675 0.25414348
vt 0.31253985 0.22671962
vt 0.51397926 0.12118268
vt 0.62318283 0.84272254
vt 0.29460585 0.89877307
vt 0.00545285 0.30038601
vt 0.55923510 0.14831710
vt 0.84636915 0.46022391
vt 0.74991864 0.52347749
vt 0.39085799 0.97442621
vt 0.11201041 0.26053411
vt 0.07828639 0.16723299
vt 0.06629671 0.64386940
vt 0.54275960 0.94591391
vt 0.65157729 0.65865576
vt 0.64957947 0.59294987
vt 0.63255012 0.83750612
vt 0.77041900 0.40036368
vt 0.11880698 0.23481011
vt 0.07207695 0.97958404
vt 0.87122971 0.44127858
vt 0.26702595 0.16458434
vt 0.89313626 0.20964384
vt 0.11705488 0.88632429
vt 0.30445918 0.83680350
vt 0.20353995 0.10773951
vt 0.94624263 0.47964144
vt 0.21524486 0.47313774
vt 0.98113990 0.42596036
vt 0.29119843 0.26419640
vt 0.99781626 0.46616358
vt 0.04227571 0.46394432
vt 0.25412717 0.38234186
vt 0.72760898 0.72508281
vt 0.06932341 0.82389522
vt 0.37946227 0.83512306
vt 0.78554553 0.84707725
vt 0.22453022 0.39818341
vt 0.19054709 0.26249570
vt 0.88515639 0.47871101
vt 0.90040797 0.15682852
vt 0.35697141 0.98217160
vt 0.80572933 0.25014043
vt 0.73996031 0.77820373
vt 0.00000000 0.00000000
vt 0.94121671 0.02943653
vt 0.96684903 0.79883784
vt 0.81995612 0.87301177
vt 0.92854583 0.19753087
vt 0.43916756 0.81958258
vt 0.83090878 0.41496158
vt 0.73970354 0.39414495
vt 0.24887404 0.76638108
vt 0.94346607 0.34505367
vt 0.24159600 0.45813060
vt 0.18923372 0.25450557
vt 0.76973355 0.84866768
vt 0.57067531 0.98973215
vt 0.11126366 0.19052577
vt 0.37495044 0.97257644
vt 0.25854379 0.66386670
vt 0.23194075 0.25289768
vt 0.89474773 0.77250201
vt 0.80471218 0.45900542
vt 0.76361781 0.34169978
vt 0.03250725 0.40300345
vt 0.24413368 0.92635721
vt 0.26887375 0.17964429
vt 0.56018841 0.89498723
vt 0.56897473 0.80919784
vt 0.69475633 0.83911836
vt 0.07930624 0.17906964
vt 0.20139021 0.29609799
vt 0.59703606 0.65302205
vt 0.48241824 0.60414529
vt 0.12717463 0.83396149
vt 0.55319488 0.09223890
vt 0.31795606 0.21980304
vt 0.07980063 0.18706661
vt 0.79263473 0.22836292
vt 0.00000000 0.00000000
vt 0.00000000 0.00000000
vt 0.14698239 0.88707781
vt 0.89400357 0.88330263
vt 0.00000000 0.00000000
vt 0.29941946 0.82470965
vt 0.88080609 0.66405702
vt 0.82570648 0.19705218
vt 0.00000000 0.00000000
vt 0.95006925 0.52597469
vt 0.65105373 0.68362653
vt 0.70928305 0.70355052
vt 0.35503477 0.98124790
vt 0.55962312 0.84724909
vt 0.00000000 0.00000000
vt 0.80644810 0.22677821
vt 0.26335940 0.13265961
vt 0.05550605 0.37547785
vt 0.85816950 0.40154147
vt 0.70554781 0.84023398
vt 0.26787528 0.88875496
vt 0.83790022 0.56698036
vt 0.04019709 0.76320481
vt 0.09901873 0.79193318
vt 0.08580521 0.37576836
vt 0.61721450 0.84256685
vt 0.10639028 0.26227039
vt 0.92421710 0.21792185
vt 0.25040039 0.12396270
vt 0.47817931 0.90308779
vt 0.29114565 0.85070497
vt 0.93000495 0.07775736
vt 0.08178329 0.91191602
vt 0.80561668 0.85523933
vt 0.07695971 0.18221122
vt 0.78134716 0.52465540
vt 0.06749260 0.91640532
vt 0.91676378 0.42292809
vt 0.25206214 0.37088281
vt 0.11576162 0.20819896
vt 0.16950980 0.29167151
vt 0.34707090 0.98726970
vt 0.21983692 0.97533441
vt 0.50208730 0.73841709
vt 0.14736241 0.09165674
vt 0.45230985 0.84133524
vt 0.66888523 0.56013173
vt 0.23324820 0.19356203
vt 0.10758797 0.26068455
vt 0.78416944 0.70899361
vt 0.28765851 0.10942268
vt 0.21797752 0.29757941
vt 0.29953417 0.94163680
vt 0.24202938 0.14058459
vt 0.25981677 0.94517702
vt 0.10065245 0.40418488
vt 0.74751556 0.78888917
vt 0.36783132 0.69370544
vt 0.25104535 0.08502424
vt 0.95585918 0.19956714
vt 0.73006731 0.86013269
vt 0.27360272 0.22933912
vt 0.21505201 0.76069289
vt 0.84328693 0.56825799
vt 0.16445851 0.41261429
vt 0.03999480 0.73047453
vt 0.38533360 0.97639930
vt 0.14388080 0.42385727
vt 0.07696157 0.92708558
vt 0.78320444 0.71881485
vt 0.97431386 0.77854568
vt 0.89530039 0.19151241
vt 0.97513980 0.70280254
vt 0.90215719 0.04207468
vt 0.31502995 0.86815530
vt 0.76468134 0.41426790
vt 0.99160957 0.37645513
vt 0.16122338 0.25967765
vt 0.78635842 0.35938603
vt 0.17877509 0.08290714
vt 0.15189599 0.90916806
vt 0.86456555 0.18575811
vt 0.22066107 0.44630623
vt 0.96339101 0.76345682
vt 0.88208234 0.15690839
vt 0.67835385 0.62742817
vt 0.98355806 0.91840225
vt 0.52577591 0.63422567
vt 0.18998815 0.39571500
vt 0.96504599 0.35255593
vt 0.44697434 0.91995966
vt 0.72102320 0.85298026
vt 0.47916299 0.94273186
vt 0.23684078 0.37033594
vt 0.47947767 0.94335490
vt 0.89757580 0.05430746
vt 0.63154209 0.89935410
vt 0.27188092 0.15260470
vt 0.88553977 0.44701672
vt 0.75474691 0.72488564
vt 0.04120740 0.62465733
vt 0.80045778 0.22721279
vt 0.18551174 0.25190711
vt 0.14036204 0.28792679
vt 0.44105563 0.88477790
vt 0.08844960 0.22431052
vt 0.91465598 0.09851050
vt 0.09076938 0.22628164
vt 0.62794369 0.11568654
vt 0.99079555 0.94022709
vt 0.94356322 0.94244349
vt 0.19921647 0.14573342
vt 0.28424636 0.27123779
vt 0.82874358 0.09611422
vt 0.06364114 0.72195524
vt 0.16500297 0.18214130
vt 0.24751425 0.23462957
vt 0.99169409 0.93510979
vt 0.04059184 0.69454676
vt 0.26951617 0.86900705
vt 0.14104874 0.20071554
vt 0.94949991 0.72960073
vt 0.19257709 0.73837805
vt 0.97220325 0.50067198
vt 0.75646913 0.74750233
vt 0.28127837 0.20692831
vt 0.81461859 0.80787134
vt 0.21835962 0.69088745
vt 0.77698517 0.79621619
vt 0.97250503 0.76463288
vt 0.23717122 0.82624900
vt 0.62082636 0.83270448
vt 0.94673568 0.20064634
vt 0.52628613 0.64105392
vt 0.56987375 0.55058283
vt 0.48107108 0.65813839
vt 0.57647145 0.16543782
vt 0.88659877 0.18642640
vt 0.00797605 0.40996361
vt 0.56057620 0.19055128
vt 0.78581369 0.34840965
vt 0.04022495 0.76686049
vt 0.30589744 0.89553630
vt 0.87868941 0.21746647
vt 0.23303859 0.26268983
vt 0.47441867 0.83140391
vt 0.17763563 0.16278434
vt 0.74476683 0.67389905
vt 0.70800167 0.88248575
vt 0.12694894 0.10627514
vt 0.48794961 0.72331911
vt 0.85285378 0.11553347
vt 0.12225915 0.27479231
vt 0.06996010 0.82105160
vt 0.56779987 0.90509290
vt 0.91451836 0.08386385
vt 0.90376914 0.56837100
vt 0.00931538 0.47582865
vt 0.42333329 0.95571816
vt 0.32254747 0.19680327
vt 0.86042547 0.67580891
vt 0.11546613 0.89345580
vt 0.12742363 0.10507512
vt 0.81174570 0.85996920
vt 0.99283826 0.43982011
vt 0.00920906 0.46324557
vt 0.20803507 0.69946724
vt 0.97367722 0.71795565
vt 0.22017264 0.40135777
vt 0.90328103 0.67815667
vt 0.21840252 0.43039763
vt 0.89593482 0.40291500
vt 0.94257629 0.94564742
vt 0.25814447 0.68437159
vt 0.25640455 0.46195471
vt 0.86752307 0.84118181
vt 0.81597358 0.76502174
vt 0.94169480 0.03878605
vt 0.03614937 0.42926395
vt 0.54280305 0.75426835
vt 0.35198960 0.70138949
vt 0.60848379 0.10281181
vt 0.40397498 0.86476928
vt 0.26813570 0.90001321
vt 0.14641377 0.44866121
vt 0.14019819 0.12795532
vt 0.27905497 0.10263044
vt 0.13986105 0.09395427
vt 0.92508161 0.76628566
vt 0.07876609 0.74763495
vt 0.02407598 0.39933455
vt 0.00972979 0.39731407
vt 0.16143309 0.98135453
vt 0.69657236 0.84628493
vt 0.56928986 0.17374301
vt 0.23431928 0.43752623
vt 0.89410514 0.25377256
vt 0.29310039 0.11241156
vt 0.12307096 0.23991841
vt 0.16018687 0.66613531
vt 0.61188006 0.53259385
vt 0.41447270 0.87210315
vt 0.27517173 0.18497688
vt 0.90706646 0.20223737
vt 0.16039480 0.21405178
vt 0.08628087 0.14752173
vt 0.21726495 0.11920983
vt 0.23707765 0.29341769
vt 0.22075953 0.66139090
vt 0.27009729 0.86027229
vt 0.85960180 0.52142757
vt 0.85717374 0.21476352
vt 0.15348850 0.09027082
vt 0.00682331 0.45076931
vt 0.32087263 0.16282833
vt 0.09451491 0.90027845
vt 0.58194882 0.16656637
vt 0.18813039 0.94987428
vt 0.56023610 0.60328782
vt 0.74503273 0.38107479
vt 0.10566411 0.25098884
vt 0.88561112 0.87525618
vt 0.82701963 0.03600037
vt 0.71459866 0.84292692
vt 0.90370089 0.56704587
vt 0.69717830 0.83866978
vt 0.31057701 0.23947132
vt 0.11544540 0.21712244
vt 0.31286362 0.22298115
vt 0.23211329 0.71814430
vt 0.75503087 0.73126364
vt 0.26209071 0.21203363
vt 0.04010776 0.67541111
vt 0.22841375 0.29983413
vt 0.17433852 0.82817549
vt 0.22202493 0.66970575
vt 0.85552347 0.87422001
vt 0.00000000 0.00000000
vt 0.14070669 0.46129400
vt 0.00000000 0.00000000
vt 0.75834054 0.68588579
vt 0.13816583 0.47914839
vt 0.56780922 0.09004027
vt 0.71217322 0.61943209
vt 0.25963247 0.28266138
vt 0.24517532 0.43237102
vt 0.23945940 0.66386968
vt 0.11850524 0.44188321
vt 0.57196325 0.09216970
vt 0.21732043 0.37128079
vt 0.94716692 0.15656722
vt 0.28340784 0.26869929
vt 0.66480464 0.55205566
vt 0.71771568 0.59489542
vt 0.17227429 0.82094753
vt 0.93114680 0.44249415
vt 0.18122946 0.43816423
vt 0.51628602 0.80692780
vt 0.10987465 0.84296727
vt 0.16818738 0.12417740
vt 0.96009123 0.51145220
vt 0.08807855 0.41031623
vt 0.92116350 0.22468364
vt 0.22824125 0.15107632
vt 0.88145924 0.19050014
vt 0.94944006 0.94288129
vt 0.80833250 0.04159915
vt 0.51705819 0.81334317
vt 0.08126433 0.18816161
vt 0.13002051 0.85662454
vt 0.56061071 0.87521362
vt 0.59960580 0.84650308
vt 0.61910182 0.66927725
vt 0.78146231 0.83891439
vt 0.77819651 0.37722558
vt 0.56284243 0.16537064
vt 0.04723364 0.70243162
vt 0.24654508 0.37128580
vt 0.19098625 0.82556909
vt 0.03767922 0.38199174
vt 0.60707253 0.79940683
vt 0.81643981 0.56814224
vt 0.81047875 0.74939930
vt 0.12759794 0.47903979
vt 0.26839778 0.19373673
vt 0.94007909 0.53088892
vt 0.60707581 0.15079284
vt 0.98833042 0.91114122
vt 0.76340991 0.64863771
vt 0.85158199 0.51279962
vt 0.44922695 0.83701849
vt 0.14436440 0.12985694
vt 0.25482813 0.89987147
vt 0.37281474 0.82379711
vt 0.75479406 0.56749678
vt 0.93096465 0.54131776
vt 0.81427449 0.56965268
vt 0.01051692 0.30645561
vt 0.25797564 0.87519056
vt 0.53097236 0.57269794
vt 0.88636428 0.36576903
vt 0.83981836 0.36418235
vt 0.81272507 0.21503407
vt 0.69521862 0.89284468
vt 0.97879189 0.47700155
vt 0.52815139 0.59766179
vt 0.03157161 0.33661425
vt 0.06539067 0.77295667
vt 0.78008533 0.03895199
vt 0.90729743 0.19687998
vt 0.97897679 0.49764305
vt 0.99707371 0.48772728
vt 0.67367643 0.56232309
vt 0.48647165 0.92023522
vt 0.16652183 0.21228486
vt 0.44271120 0.84178180
vt 0.89759505 0.11676371
vt 0.97960478 0.50340360
vt 0.57012534 0.68844324
vt 0.21968818 0.08177465
vt 0.99953359 0.94600213
vt 0.77091241 0.45229322
vt 0.85581660 0.56432074
vt 0.26584604 0.17311347
vt 0.25537390 0.96624750
vt 0.97504109 0.92575091
vt 0.83342153 0.76724476
vt 0.22835034 0.45677269
vt 0.08596794 0.23414284
vt 0.81774652 0.34709102
vt 0.86024559 0.45874876
vt 0.89067388 0.44725001
vt 0.08437338 0.93975461
vt 0.03891837 0.77606881
vt 0.04828617 0.40269291
vt 0.96823555 0.93871957
vt 0.87674218 0.21179283
vt 0.71757877 0.69764185
vt 0.45308542 0.94794810
vt 0.76425487 0.03329790
vt 0.60612798 0.63994896
vt 0.07151338 0.94575870
vt 0.92173785 0.42841578
vt 0.82591164 0.20449722
vt 0.27996472 0.67042369
vt 0.42176533 0.85636026
vt 0.70138997 0.72392797
vt 0.81540519 0.13472563
vt 0.14226489 0.28518999
vt 0.17747989 0.46995711
vt 0.71999645 0.69154739
vt 0.00000000 0.00000000
vt 0.00000000 0.00000000
vt 0.50536585 0.93705368
vt 0.84525049 0.40902960
vt 0.00000000 0.00000000
vt 0.24129245 0.94545400
vt 0.03955072 0.77926230
vt 0.58208257 0.76946568
vt 0.88002419 0.06876630
vt 0.11904370 0.24201810
vt 0.57946336 0.54480976
vt 0.22972223 0.17616808
vt 0.88643098 0.21499830
vt 0.89503080 0.13405263
vt 0.15801856 0.89261895
vt 0.92094612 0.21751022
vt 0.56100100 0.15332502
vt 0.54685289 0.90893078
vt 0.72020924 0.85845751
vt 0.72061443 0.84312248
vt 0.61185038 0.87974536
vt 0.83524275 0.18595314
vt 0.18051633 0.62339377
vt 0.16153800 0.40020669
vt 0.93881464 0.06386822
vt 0.35576221 0.69404191
vt 0.81524777 0.67197210
vt 0.30091640 0.12676477
vt 0.26227233 0.18397474
vt 0.46352926 0.94971460
vt 0.13530186 0.10084265
vt 0.61507434 0.19749892
vt 0.82017303 0.87618726
vt 0.93142301 0.04599226
vt 0.99744129 0.48032039
vt 0.14363047 0.42849034
vt 0.98618382 0.42294484
vt 0.26160461 0.96554971
vt 0.55972028 0.82967347
vt 0.37469655 0.88805366
vt 0.80956519 0.75768983
vt 0.95663768 0.03910124
vt 0.06779882 0.80018085
vt 0.62586004 0.53024763
vt 0.50363266 0.79249036
vt 0.92796254 0.17396051
vt 0.50227016 0.80436635
vt 0.90290511 0.42875636
vt 0.27374294 0.76976532
vt 0.59264284 0.59836805
vt 0.89167887 0.23094928
vt 0.90931755 0.77518356
vt 0.84520841 0.08868581
vt 0.29716167 0.84376466
vt 0.97181141 0.51377022
vt 0.59403825 0.18703145
vt 0.99237484 0.48505843
vt 0.13699575 0.09881240
vt 0.26488340 0.22973704
vt 0.58751744 0.84714186
vt 0.84116715 0.24067783
vt 0.72987473 0.80839032
vt 0.56803662 0.68257761
vt 0.77119887 0.47828722
vt 0.10856077 0.75239807
vt 0.25936422 0.75148636
vt 0.60897690 0.14954376
vt 0.26679721 0.28568995
vt 0.90197754 0.24273664
vt 0.18158363 0.78176445
vt 0.92472303 0.56272447
vt 0.26680857 0.21713573
vt 0.95947450 0.38508010
vt 0.24426720 0.22220844
vt 0.00000000 0.00000000
vt 0.13133068 0.19756770
vt 0.79739028 0.69395339
vt 0.00000000 0.00000000
vt 0.05639007 0.73808062
vt 0.84777772 0.12763959
vt 0.90786594 0.17575288
vt 0.84251404 0.23776883
vt 0.94405955 0.93223017
vt 0.78627616 0.41353631
vt 0.62059498 0.86738002
vt 0.13852789 0.96127242
vt 0.51453358 0.72244275
vt 0.30471346 0.12934268
vt 0.00000000 0.00000000
vt 0.09968125 0.25289476
vt 0.54306835 0.59580064
vt 0.22008283 0.91626787
vt 0.06893101 0.85339487
vt 0.16425389 0.25397062
vt 0.90886277 0.15644628
vt 0.99260551 0.50077105
vt 0.58976918 0.15394622
vt 0.47111613 0.81244355
vt 0.36511219 0.98698056
vt 0.89498901 0.47524965
vt 0.96035969 0.48641092
vt 0.88550431 0.86860484
vt 0.79030979 0.72618151
vt 0.91621852 0.81612933
vt 0.30973762 0.88220692
vt 0.20683813 0.64070898
vt 0.20855625 0.11764115
vt 0.48560533 0.94604993
vt 0.92163682 0.02933013
vt 0.30516174 0.91315573
vt 0.10332856 0.99374199
vt 0.14111015 0.82005811
vt 0.38834897 0.96772349
vt 0.23142241 0.47821605
vt 0.00000000 0.00000000
vt 0.07297073 0.88174784
vt 0.17660813 0.86586368
vt 0.99264115 0.36817557
vt 0.88391262 0.64229482
vt 0.17046937 0.42037064
vt 0.90950924 0.41961920
vt 0.89222568 0.02835727
vt 0.01697228 0.33106852
vt 0.47976986 0.94166058
vt 0.97391748 0.35199630
vt 0.94800782 0.21197093
vt 0.96353173 0.77551001
vt 0.88973850 0.66040164
vt 0.32067755 0.17120051
vt 0.63013059 0.15570867
vt 0.22153567 0.29977071
vt 0.80477053 0.73794395
vt 0.79861218 0.23408526
vt 0.29977018 0.89633685
vt 0.80107301 0.19741601
vt 0.86760592 0.65908772
vt 0.87936616 0.22467029
vt 0.29417396 0.86641216
vt 0.15852934 0.84497172
vt 0.16911472 0.95052868
vt 0.00000000 0.00000000
vt 0.16011071 0.22766811
vt 0.18874055 0.08169693
vt 0.11436117 0.80717790
vt 0.94825172 0.73651952
vt 0.26477894 0.24168450
vt 0.26451743 0.97466403
vt 0.40800887 0.81206983
vt 0.15850064 0.85265779
vt 0.00000000 0.00000000
vt 0.82123911 0.05071580
vt 0.00000000 0.00000000
vt 0.23364003 0.08441740
vt 0.39631650 0.85625166
vt 0.90674180 0.79285342
vt 0.88796961 0.84201294
vt 0.22532398 0.79175186
vt 0.10622828 0.47161746
vt 0.20688942 0.88836730
vt 0.99219388 0.38437718
vt 0.65071529 0.53801012
vt 0.95057929 0.92767328
vt 0.93201005 0.23441952
vt 0.04523129 0.39899623
vt 0.21567115 0.82582057
vt 0.95614660 0.94317913
vt 0.18574655 0.37284911
vt 0.00920272 0.34242916
vt 0.27555624 0.95777237
vt 0.13852088 0.13398969
vt 0.78038198 0.04556596
vt 0.31722194 0.22423446
vt 0.12945731 0.89990711
vt 0.07763556 0.74205524
vt 0.22787292 0.15678859
vt 0.07052780 0.84608972
vt 0.53281742 0.73749679
vt 0.80777687 0.71942616
vt 0.58531195 0.94856298
vt 0.12681527 0.10018277
vt 0.00000000 0.00000000
vt 0.13571279 0.25405276
vt 0.11504170 0.26307511
vt 0.75178689 0.74673218
vt 0.95338851 0.40180349
vt 0.14912736 0.08870792
vt 0.42824548 0.81945097
vt 0.71294665 0.71718043
vt 0.75554520 0.76162291
vt 0.09118228 0.23997223
vt 0.17347510 0.85711855
vt 0.99328804 0.46877038
vt 0.27125141 0.18157238
vt 0.25245473 0.79163265
vt 0.21939607 0.08307821
vt 0.41857779 0.95613903
vt 0.20345309 0.13809705
vt 0.48559365 0.79970771
vt 0.73043531 0.36450338
vt 0.16727532 0.26708055
vt 0.20513487 0.83933014
vt 0.08940859 0.13644505
vt 0.27780151 0.10590959
vt 0.16497906 0.82947546
vt 0.22793002 0.42291319
vt 0.89167339 0.18352771
vt 0.59849477 0.94404632
vt 0.95915550 0.43316305
vt 0.12705769 0.15052778
vt 0.16714360 0.77572912
vt 0.84121555 0.21472645
vt 0.79447293 0.53329873
vt 0.78448248 0.74187219
vt 0.11608631 0.13202053
vt 0.21469419 0.26020515
vt 0.24511744 0.29136848
vt 0.91104531 0.40775865
vt 0.02050990 0.38308340
vt 0.83429456 0.78876376
vt 0.13305777 0.37177539
vt 0.78402591 0.73836583
vt 0.79854155 0.03075236
vt 0.11842672 0.43708652
vt 0.00000000 0.00000000
vt 0.81172442 0.02912885
vt 0.89580470 0.37694317
vt 0.59854734 0.68370390
vt 0.25464055 0.41038597
vt 0.60048062 0.17409426
vt 0.99934274 0.50299782
vt 0.28322914 0.83943003
vt 0.48004243 0.62245095
vt 0.81482166 0.19085842
vt 0.73027539 0.71617484
vt 0.25002217 0.28881729
vt 0.04055228 0.77625328
vt 0.10793636 0.73069346
vt 0.19994186 0.29790753
vt 0.11916984 0.87668133
vt 0.73479539 0.71555096
vt 0.13502325 0.80748880
vt 0.39075726 0.70679820
vt 0.06779843 0.79225379
vt 0.11265492 0.20863432
vt 0.21142846 0.22767353
vt 0.90748805 0.08880937
vt 0.76567656 0.56919903
vt 0.31576493 0.96500719
vt 0.62269586 0.91820544
vt 0.11314999 0.67048234
vt 0.00000000 0.00000000
vt 0.89453614 0.38870311
vt 0.58577609 0.75362885
vt 0.06231268 0.75576371
vt 0.15603569 0.47827291
vt 0.28725269 0.82256091
vt 0.71836251 0.65466350
vt 0.56133866 0.08944893
vt 0.27269301 0.77532518
vt 0.55130589 0.77552921
vt 0.65228844 0.59681243
vt 0.47435173 0.77350599
vt 0.08516929 0.84696639
vt 0.56693101 0.78125829
vt 0.24878764 0.46136940
vt 0.13638091 0.21226656
vt 0.04859199 0.38684672
vt 0.86640096 0.14630473
vt 0.81758434 0.71864796
vt 0.78023428 0.70664042
vt 0.06843282 0.88725972
vt 0.90539300 0.25035071
vt 0.08623528 0.36657298
vt 0.07265101 0.99114364
vt 0.95462471 0.23798019
vt 0.62026781 0.84920043
vt 0.58446878 0.91931486
vt 0.31340870 0.15264314
vt 0.81224513 0.54137707
vt 0.95442897 0.52337551
vt 0.12034135 0.62341213
vt 0.94373125 0.38130558
vt 0.71956050 0.84482968
vt 0.89361471 0.76696265
vt 0.13514644 0.71811867
vt 0.25629377 0.37141073
vt 0.25470147 0.81964135
vt 0.08229911 0.77779108
vt 0.93696380 0.13921440
vt 0.78070295 0.56657249
vt 0.81620675 0.39535868
vt 0.29258353 0.88592100
vt 0.77742612 0.74212772
vt 0.00000000 0.00000000
vt 0.23742750 0.22287071
vt 0.63067621 0.53010559
vt 0.90367579 0.84776241
vt 0.39161268 0.84638333
vt 0.21080080 0.26901972
vt 0.92111021 0.44431686
vt 0.15581349 0.84099638
vt 0.00000000 0.00000000
vt 0.94987625 0.35649240
vt 0.23438820 0.85917610
vt 0.18719327 0.99456334
vt 0.94167185 0.24422222
vt 0.91250545 0.35781872
vt 0.87545639 0.17344052
vt 0.25946137 0.95068598
vt 0.67162758 0.55745161
vt 0.31320629 0.89337206
vt 0.15786523 0.69045371
vt 0.53724897 0.84215134
vt 0.22786549 0.44139367
vt 0.95486939 0.52769923
vt 0.01485760 0.32560027
vt 0.89038700 0.24251705
vt 0.10091672 0.46127522
vt 0.08484039 0.16705513
vt 0.29889724 0.11815870
vt 0.26195976 0.21964055
vt 0.15621071 0.73873180
vt 0.60128224 0.53959966
vt 0.64258564 0.71812886
vt 0.95978546 0.35670471
vt 0.73291337 0.78903162
vt 0.08086848 0.38369060
vt 0.98819435 0.39653218
vt 0.25420079 0.12231666
vt 0.99719387 0.40994585
vt 0.48340383 0.95497268
vt 0.00000000 0.00000000
vt 0.00000000 0.00000000
vt 0.13474602 0.99581742
vt 0.22988103 0.08334416
vt 0.22668147 0.81987858
vt 0.06223233 0.40957558
vt 0.71910250 0.67756116
vt 0.75623786 0.75587165
vt 0.13193962 0.09766364
vt 0.85756767 0.15216416
vt 0.16876639 0.46231854
vt 0.14318636 0.12555081
vt 0.89967483 0.10514641
vt 0.19906852 0.45971358
vt 0.49849582 0.94874138
vt 0.52277052 0.65308297
vt 0.15433475 0.72858196
vt 0.90750635 0.06890148
vt 0.79620248 0.49914426
vt 0.94586736 0.49857873
vt 0.41058791 0.83556551
vt 0.10857117 0.70773673
vt 0.97531241 0.77699673
vt 0.56969655 0.09201068
vt 0.15356092 0.68253404
vt 0.83917135 0.12516463
vt 0.26194844 0.25285971
vt 0.28584865 0.15954626
vt 0.05302394 0.74991995
vt 0.00000000 0.00000000
vt 0.07604305 0.89398581
vt 0.77180636 0.17895091
vt 0.58443666 0.54476398
vt 0.31309226 0.94157010
vt 0.30790398 0.96474028
vt 0.37411749 0.83513087
vt 0.81351125 0.05312550
vt 0.39721826 0.70270073
vt 0.88675308 0.21152997
vt 0.00000000 0.00000000
vt 0.46218416 0.94715196
vt 0.97523147 0.92069709
vt 0.29767603 0.90929115
vt 0.47009563 0.89969248
vt 0.24231163 0.99700361
vt 0.87549514 0.87472939
vt 0.79624039 0.03224635
vt 0.55079532 0.73047692
vt 0.06661264 0.91021985
vt 0.76946658 0.56853700
vt 0.88760442 0.05177790
vt 0.09947252 0.24514413
vt 0.54691327 0.83407259
vt 0.78945684 0.15037948
vt 0.56313944 0.17501688
vt 0.70477158 0.84423447
vt 0.00000000 0.00000000
vt 0.23796123 0.42924404
vt 0.92012501 0.74822396
vt 0.16118476 0.43675745
vt 0.24011905 0.75178313
vt 0.17991522 0.12536240
vt 0.91341281 0.65987164
vt 0.77396208 0.16027516
vt 0.15349461 0.12081403
vt 0.88443244 0.56824923
vt 0.49872178 0.84189612
vt 0.24142672 0.20498562
vt 0.95191765 0.43756336
vt 0.16924699 0.29472196
vt 0.15242770 0.98904079
vt 0.82336575 0.48974520
vt 0.07184233 0.96764046
vt 0.35029995 0.70094061
vt 0.00000000 0.00000000
vt 0.80557704 0.80770200
vt 0.25886193 0.37650269
vt 0.43530777 0.88462073
vt 0.12798804 0.92825204
vt 0.06598584 0.37109953
vt 0.60100156 0.85890895
vt 0.21434291 0.08228707
vt 0.29320008 0.70583540
vt 0.24012931 0.96000922
vt 0.24800076 0.08630288
vt 0.25013494 0.20186377
vt 0.77291596 0.69504786
vt 0.17991304 0.29576039
vt 0.70189881 0.89381576
vt 0.59188396 0.16997600
vt 0.21241507 0.84667510
vt 0.04060765 0.68542421
vt 0.57400370 0.95603275
vt 0.94046021 0.49650413
vt 0.21846452 0.11662936
vt 0.00000000 0.00000000
vt 0.78498024 0.33156145
vt 0.01641657 0.32079917
vt 0.79673040 0.06025279
vt 0.05877505 0.38795614
vt 0.60670233 0.14920783
vt 0.12410064 0.68163854
vt 0.28254825 0.88696498
vt 0.23839544 0.93830681
vt 0.25248826 0.63309997
vt 0.98910457 0.91896898
vt 0.46781301 0.95902592
vt 0.11859190 0.20175064
vt 0.14289553 0.98128408
vt 0.87779957 0.67734677
vt 0.11025709 0.11714357
vt 0.22553837 0.25482571
vt 0.12085070 0.13914216
vt 0.57335085 0.19596541
vt 0.16922085 0.22548783
vt 0.06983158 0.81608248
vt 0.00000000 0.00000000
vt 0.87845618 0.69214261
vt 0.00000000 0.00000000
vt 0.00000000 0.00000000
vt 0.15891397 0.29592955
vt 0.14612786 0.63955849
vt 0.24344714 0.83492970
vt 0.71467209 0.84930116
vt 0.42031780 0.86551493
vt 0.25738195 0.25691068
vt 0.52268046 0.71486568
vt 0.40485397 0.69730014
vt 0.24501009 0.42543435
vt 0.85191894 0.24930817
vt 0.22790076 0.11541033
vt 0.58583516 0.19588518
vt 0.08023022 0.90133375
vt 0.86082786 0.24095714
vt 0.75047493 0.72483563
vt 0.07881502 0.17544186
vt 0.71872491 0.64528370
vt 0.81621414 0.16858238
vt 0.25553468 0.18223619
vt 0.76170880 0.56849247
vt 0.00000000 0.00000000
vt 0.98342156 0.51192051
vt 0.06560519 0.64881665
vt 0.32206547 0.18837559
vt 0.20258322 0.18140984
vt 0.57431489 0.96212769
vt 0.72535139 0.86096174
vt 0.85400373 0.37384528
vt 0.13611460 0.23634803
vt 0.22454017 0.96733022
vt 0.77634072 0.67712587
vt 0.14243393 0.17718470
vt 0.97368395 0.70600092
vt 0.78587699 0.83572662
vt 0.44024664 0.96575993
vt 0.04178427 0.76668948
vt 0.41732812 0.95575881
vt 0.09156901 0.23129523
vt 0.98165971 0.92577618
vt 0.92079288 0.38791615
vt 0.94400293 0.36122572
vt 0.56855053 0.55009693
vt 0.80838072 0.70870024
vt 0.60771787 0.94079369
vt 0.88092077 0.23773420
vt 0.86768204 0.55275929
vt 0.84886307 0.76484025
vt 0.71873564 0.74865824
vt 0.96439672 0.36883748
vt 0.16713458 0.92577344
vt 0.08315998 0.19505811
vt 0.37592205 0.97451317
vt 0.69990331 0.84008121
vt 0.83205301 0.78125691
vt 0.88996583 0.71436495
vt 0.83377194 0.24065554
vt 0.00000000 0.00000000
vt 0.42065188 0.91958433
vt 0.95858228 0.12419534
vt 0.97380376 0.75301111
vt 0.87863731 0.76439673
vt 0.24028237 0.45326316
vt 0.41129407 0.86509305
vt 0.00000000 0.00000000
vt 0.64166492 0.53320408
vt 0.31757936 0.17214942
vt 0.29432255 0.65739238
vt 0.00000000 0.00000000
vt 0.10016767 0.41018355
vt 0.60720956 0.16824490
vt 0.06953878 0.92450321
vt 0.00695767 0.48169589
vt 0.00000000 0.00000000
vt 0.08425731 0.15963453
vt 0.15987314 0.44425219
vt 0.23919418 0.08526945
vt 0.02220628 0.31975758
vt 0.17006586 0.94441092
vt 0.19709420 0.23182511
vt 0.11219700 0.25866508
vt 0.51892918 0.73870766
vt 0.17637406 0.24208885
vt 0.94872624 0.76337457
vt 0.06831489 0.88985437
vt 0.23823345 0.25974059
vt 0.59469289 0.19538414
vt 0.83863419 0.83923864
vt 0.13825411 0.09629446
vt 0.64938170 0.53506732
vt 0.13874887 0.70295900
vt 0.85281789 0.67138892
vt 0.12799485 0.91316831
vt 0.61030674 0.82675302
vt 0.00000000 0.00000000
vt 0.81993693 0.03163743
vt 0.37772164 0.70129329
vt 0.23085451 0.46976721
vt 0.99233598 0.91235697
vt 0.28847092 0.16469663
vt 0.12572578 0.92419672
vt 0.00000000 0.00000000
vt 0.06833545 0.88267744
vt 0.74535918 0.46458948
vt 0.95921099 0.40297008
vt 0.00000000 0.00000000
vt 0.56815326 0.91948956
vt 0.17691328 0.39414251
vt 0.18310097 0.08025670
vt 0.83862233 0.13951433
vt 0.70425838 0.89489365
vt 0.87749851 0.06861418
vt 0.27719155 0.88038623
vt 0.70835567 0.89485550
vt 0.76949573 0.50201660
vt 0.37458816 0.87747622
vt 0.59312481 0.94686681
vt 0.04847712 0.78126073
vt 0.37501785 0.84546971
vt 0.96501911 0.03915882
vt 0.81539243 0.43378896
vt 0.21689117 0.75421810
vt 0.22735941 0.23477870
vt 0.00000000 0.00000000
vt 0.00000000 0.00000000
vt 0.16150652 0.13335299
vt 0.25009578 0.29333973
vt 0.12242263 0.21660733
vt 0.98151308 0.48439789
vt 0.35212001 0.70531398
vt 0.31028628 0.14854479
vt 0.76022255 0.76217407
vt 0.06576493 0.95094085
vt 0.64856362 0.62239873
vt 0.81910473 0.16750056
vt 0.77535582 0.80292314
vt 0.85329860 0.17384416
vt 0.00000000 0.00000000
vt 0.10241566 0.12840283
vt 0.83807898 0.74192286
vt 0.72803646 0.85743636
vt 0.65604180 0.54038328
vt 0.88052082 0.14452839
vt 0.66836172 0.55316931
vt 0.29997632 0.12285358
vt 0.84403068 0.56701785
vt 0.00933367 0.46796340
vt 0.25538322 0.73733139
vt 0.18352313 0.14821029
vt 0.53341538 0.80509943
vt 0.88360184 0.34427154
vt 0.41910911 0.88870889
vt 0.70688695 0.60119575
vt 0.94398385 0.51275617
vt 0.21608430 0.24342877
vt 0.82569844 0.23104930
vt 0.98931170 0.36882710
vt 0.59986877 0.70251101
vt 0.00000000 0.00000000
vt 0.41345388 0.95778394
vt 0.46339890 0.72859353
vt 0.91730076 0.25424767
vt 0.73935276 0.56847614
vt 0.89685845 0.23122489
vt 0.96102816 0.67691535
vt 0.29133001 0.80107653
vt 0.57266968 0.08857393
vt 0.87576133 0.46378344
vt 0.25680336 0.48005211
vt 0.02383663 0.33825946
vt 0.62555134 0.94857067
vt 0.77590483 0.73258108
vt 0.23037925 0.08104777
vt 0.84842044 0.06795841
vt 0.06819922 0.94107091
vt 0.62281865 0.74973112
vt 0.28011030 0.75495422
vt 0.16149831 0.29078329
vt 0.74949455 0.56694466
vt 0.30666184 0.86274499
vt 0.04194381 0.78116119
vt 0.94554543 0.93857461
vt 0.98812526 0.52446830
vt 0.20882046 0.11329651
vt 0.89385623 0.11649734
vt 0.02453847 0.45506942
vt 0.20040128 0.40564531
vt 0.26885039 0.82525378
vt 0.00000000 0.00000000
vt 0.83333814 0.17431831
vt 0.96214372 0.47691965
vt 0.14270838 0.43270570
vt 0.97499686 0.74425930
vt 0.19044636 0.64023238
vt 0.61217523 0.10537875
vt 0.22195220 0.92703003
vt 0.03137588 0.30786622
vt 0.91273463 0.15866232
vt 0.10799579 0.25410438
vt 0.16491048 0.13692504
vt 0.88185835 0.16687268
vt 0.09532788 0.67597735
vt 0.81991947 0.80451679
vt 0.21624818 0.38062668
vt 0.93647462 0.46482873
vt 0.10664638 0.87325996
vt 0.10705967 0.12314475
vt 0.98053426 0.49182570
vt 0.25632635 0.89454275
vt 0.72341418 0.74159098
vt 0.46160805 0.65336162
vt 0.26487175 0.15358055
vt 0.84827209 0.19556820
vt 0.90215385 0.88756138
vt 0.95340157 0.50522977
vt 0.04641865 0.71740347
vt 0.14739700 0.18555754
vt 0.61233538 0.59240013
vt 0.18071719 0.25895077
vt 0.18267728 0.19988167
vt 0.11266124 0.21856272
vt 0.30591175 0.87233150
vt 0.09292987 0.24134833
vt 0.25888476 0.14151156
vt 0.75135684 0.71667236
vt 0.00000000 0.00000000
vt 0.00000000 0.00000000
vt 0.44719246 0.85734850
vt 0.19707605 0.07874846
vt 0.01865054 0.34306884
vt 0.42477569 0.87532479
vt 0.48760423 0.66389936
vt 0.62577921 0.59837151
vt 0.94586420 0.93215197
vt 0.84044582 0.39513022
vt 0.82595611 0.56679875
vt 0.37474397 0.87066954
vt 0.03186565 0.31855488
vt 0.11146511 0.11044693
vt 0.77526528 0.67143017
vt 0.85899806 0.56883705
vt 0.76863402 0.06862223
vt 0.87583464 0.65538764
vt 0.03587827 0.32364827
vt 0.26543567 0.09189135
vt 0.01427029 0.46402180
vt 0.83181572 0.03614867
vt 0.28142712 0.94206572
vt 0.21152030 0.17657030
vt 0.25874040 0.86645854
vt 0.06820905 0.82204270
vt 0.13054389 0.21375966
vt 0.73936707 0.71237701
vt 0.51312411 0.62279421
vt 0.69911939 0.89319545
vt 0.06671116 0.78568059
vt 0.31518587 0.95873648
vt 0.88687646 0.04240865
vt 0.94203597 0.68600863
vt 0.31795451 0.20175511
vt 0.27972901 0.89931691
vt 0.04088128 0.67436320
vt 0.57306999 0.16567546
vt 0.00000000 0.00000000
vt 0.71514213 0.86614621
vt 0.20190865 0.46799517
vt 0.77612346 0.73975092
vt 0.26945540 0.13147700
vt 0.17202358 0.39965045
vt 0.35597354 0.98688465
vt 0.11651503 0.18884563
vt 0.21457875 0.12962854
vt 0.40227383 0.83531988
vt 0.78035164 0.41431701
vt 0.51718390 0.12070197
vt 0.62265104 0.86769801
vt 0.93499029 0.81097394
vt 0.87067264 0.79349887
vt 0.85339123 0.69225097
vt 0.79564261 0.85547733
vt 0.97484565 0.73622680
vt 0.22811517 0.84410524
vt 0.18625487 0.37868190
vt 0.11741767 0.79166722
vt 0.47376648 0.94180095
vt 0.78375286 0.22006869
vt 0.09673747 0.88777500
vt 0.85073394 0.54905242
vt 0.78477091 0.66226518
vt 0.26754272 0.23042864
vt 0.40474012 0.91176528
vt 0.78281063 0.65178460
vt 0.85837477 0.06312782
vt 0.22875445 0.19960624
vt 0.03152115 0.30661023
vt 0.17080909 0.44386870
vt 0.89721519 0.66995853
vt 0.00000000 0.00000000
vt 0.90483493 0.17290610
vt 0.71858567 0.76549143
vt 0.09548394 0.96473247
vt 0.49119216 0.83224446
vt 0.04123568 0.64867771
vt 0.27120888 0.28084671
vt 0.58583742 0.91180396
vt 0.88126004 0.71867448
vt 0.71902323 0.66468424
vt 0.00814495 0.39506769
vt 0.93010741 0.40060425
vt 0.08137087 0.18234950
vt 0.95288742 0.22092032
vt 0.23595716 0.26795638
vt 0.83853048 0.04280859
vt 0.23025100 0.29569614
vt 0.27133614 0.21492428
vt 0.42027155 0.86035132
vt 0.28610820 0.11391896
vt 0.97240961 0.74798000
vt 0.70246649 0.88257658
vt 0.00000000 0.00000000
vt 0.87051719 0.45461440
vt 0.00000000 0.00000000
vt 0.11886691 0.21795160
vt 0.87044245 0.14506316
vt 0.68896466 0.84441453
vt 0.57395893 0.95692050
vt 0.77277970 0.03290421
vt 0.00000000 0.00000000
vt 0.49917239 0.93980604
vt 0.10400002 0.12866378
vt 0.92211783 0.69810098
vt 0.94356346 0.39523458
vt 0.26136163 0.80025154
vt 0.64924335 0.62100041
vt 0.97191435 0.46477127
vt 0.39356622 0.69879651
vt 0.27616733 0.91082436
vt 0.09332405 0.81603599
vt 0.65227461 0.60737532
vt 0.00000000 0.00000000
vt 0.67143351 0.76568985
vt 0.07705502 0.93826878
vt 0.56173515 0.18453574
vt 0.02405892 0.33198178
vt 0.74141723 0.71983945
vt 0.78388828 0.51086944
vt 0.56496054 0.58788806
vt 0.28667969 0.26560175
vt 0.56295252 0.73906159
vt 0.67906797 0.70465082
vt 0.93810773 0.64772445
vt 0.43934378 0.96283466
vt 0.09157547 0.70235342
vt 0.23807064 0.18214899
vt 0.17263877 0.84183389
vt 0.67342204 0.55671227
vt 0.58457929 0.15382695
vt 0.39177889 0.86499596
vt 0.86173266 0.17278618
vt 0.03998446 0.65755820
vt 0.13538364 0.75988156
vt 0.29940549 0.80033886
vt 0.00970088 0.39201164
vt 0.86883551 0.03012049
vt 0.27402923 0.27788657
vt 0.97280097 0.41387546
vt 0.14301479 0.96578282
vt 0.05448695 0.74498457
vt 0.15780327 0.11957747
vt 0.75204659 0.47620547
vt 0.19870713 0.11621737
vt 0.95461583 0.36901295
vt 0.14802828 0.92797714
vt 0.74882191 0.70700586
vt 0.75323224 0.87978256
vt 0.67095155 0.68921483
vt 0.00000000 0.00000000
vt 0.22408950 0.40753800
vt 0.11166978 0.72835803
vt 0.00000000 0.00000000
vt 0.93398613 0.35291702
vt 0.97716773 0.92648083
vt 0.31620625 0.14918125
vt 0.26598972 0.17841017
vt 0.17140861 0.89294165
vt 0.15126792 0.23241729
vt 0.04851230 0.68291628
vt 0.24428846 0.84462208
vt 0.22801314 0.41581756
vt 0.55769217 0.74429125
vt 0.54321450 0.60346663
vt 0.23902777 0.36014724
vt 0.01897992 0.35002601
vt 0.81723928 0.56647754
vt 0.56097788 0.85793614
vt 0.12071450 0.27149665
vt 0.28299910 0.10567093
vt 0.00000000 0.00000000
vt 0.79228538 0.24606526
vt 0.22523673 0.41482323
vt 0.29106051 0.93505639
vt 0.15616648 0.61970007
vt 0.22045614 0.29853141
vt 0.81744701 0.51114887
vt 0.42022002 0.86271697
vt 0.97274452 0.69671756
vt 0.49753371 0.94426340
vt 0.45992664 0.84132075
vt 0.07688205 0.96545064
vt 0.94064170 0.51885831
vt 0.20783265 0.38745975
vt 0.25793958 0.93203580
vt 0.62028694 0.17721671
vt 0.89319038 0.02998453
vt 0.02987766 0.30656117
vt 0.94581860 0.17221338
vt 0.11032809 0.26692879
vt 0.71258169 0.89455992
vt 0.59504020 0.09706575
vt 0.93877900 0.65607905
vt 0.58027798 0.19545841
vt 0.16730461 0.90331000
vt 0.13416283 0.37697828
vt 0.43068638 0.88121116
vt 0.59627318 0.53942192
vt 0.74321353 0.73324060
vt 0.00000000 0.00000000
vt 0.83910382 0.08266991
vt 0.79475129 0.83786374
vt 0.77333218 0.23099494
vt 0.76624221 0.83632833
vt 0.81721276 0.70791519
vt 0.56796598 0.15977538
vt 0.00000000 0.00000000
vt 0.89103270 0.56289494
vt 0.37088108 0.86341715
vt 0.39834738 0.79710531
vt 0.22998708 0.08590096
vt 0.12591696 0.98388755
vt 0.95258522 0.47637522
vt 0.85552883 0.23600709
vt 0.10036239 0.12469012
vt 0.38504368 0.96915859
vt 0.90029496 0.84328175
vt 0.87032956 0.05259484
vt 0.91870511 0.50123900
vt 0.62108624 0.88517576
vt 0.94465625 0.95593584
vt 0.40977982 0.85654575
vt 0.00000000 0.00000000
vt 0.00000000 0.00000000
vt 0.26852041 0.90650648
vt 0.00000000 0.00000000
vt 0.58724588 0.71495479
vt 0.44157320 0.88225210
vt 0.80099976 0.04337543
vt 0.58682609 0.79199129
vt 0.96935099 0.93333226
vt 0.37515670 0.86431944
vt 0.61386561 0.86018091
vt 0.78604764 0.03241986
vt 0.38461843 0.96726108
vt 0.27407405 0.64095652
vt 0.58249342 0.59248888
vt 0.32030094 0.16296303
vt 0.21411912 0.39820743
vt 0.73303992 0.75909293
vt 0.12749891 0.70781261
vt 0.01134977 0.31747079
vt 0.04184538 0.74458826
vt 0.79777461 0.15595496
vt 0.14984506 0.26423836
vt 0.89861047 0.09549248
vt 0.01899890 0.48278272
vt 0.87992710 0.21477711
vt 0.40353206 0.96805114
vt 0.15877399 0.29357100
vt 0.69261229 0.88852602
vt 0.92365927 0.07157105
vt 0.21877055 0.08054376
vt 0.76175541 0.45480061
vt 0.13114065 0.48769468
vt 0.85946572 0.78157163
vt 0.77154320 0.36778456
vt 0.62123913 0.11163515
vt 0.30784902 0.13428992
vt 0.94258451 0.44353229
vt 0.13724218 0.63627023
vt 0.79355526 0.54582548
vt 0.87808293 0.84225380
vt 0.41871557 0.83529359
vt 0.57248241 0.70787889
vt 0.82512772 0.86691236
vt 0.20473593 0.85484648
vt 0.56734771 0.15712357
vt 0.84568417 0.86713231
vt 0.19442537 0.29921317
vt 0.07000402 0.70199746
vt 0.90383708 0.56290764
vt 0.83995706 0.69179732
vt 0.03987851 0.72328812
vt 0.22758555 0.38151336
vt 0.00000000 0.00000000
vt 0.26141071 0.18665409
vt 0.31242719 0.14393455
vt 0.77845836 0.70033735
vt 0.54591185 0.68308014
vt 0.43878365 0.88212162
vt 0.23452495 0.37656057
vt 0.61972809 0.77554595
vt 0.75953633 0.56354928
vt 0.37190565 0.89039809
vt 0.32295111 0.19306600
vt 0.81200308 0.75101364
vt 0.36616570 0.99170631
vt 0.93681580 0.40599179
vt 0.23941512 0.64077085
vt 0.59102404 0.54315239
vt 0.00951857 0.42129993
vt 0.18916544 0.92601144
vt 0.53631514 0.94216412
vt 0.47526273 0.86517704
vt 0.39294276 0.96466142
vt 0.31702179 0.16504163
vt 0.08144670 0.15998757
vt 0.00000000 0.00000000
vt 0.13682272 0.28577483
vt 0.00000000 0.00000000
vt 0.88549942 0.50202852
vt 0.81558853 0.41445655
vt 0.72252423 0.89055818
vt 0.78802335 0.69411910
vt 0.21385531 0.20498043
vt 0.20882113 0.68359315
vt 0.30909222 0.23248023
vt 0.62287021 0.94890106
vt 0.35643232 0.69932485
vt 0.35874516 0.97863209
vt 0.15063775 0.19582605
vt 0.22610939 0.21004987
vt 0.06851957 0.94650173
vt 0.00000000 0.00000000
vt 0.68179822 0.59549278
vt 0.00000000 0.00000000
vt 0.81398731 0.08597779
vt 0.79159534 0.75133002
vt 0.95611882 0.22151154
vt 0.17011172 0.43138456
vt 0.87921691 0.69850266
vt 0.80870354 0.03053826
vt 0.79071164 0.84243953
vt 0.78959852 0.12688005
vt 0.60165060 0.18122256
vt 0.21877329 0.78859282
vt 0.14910664 0.28958619
vt 0.05770399 0.63716334
vt 0.16784312 0.29574394
vt 0.13510485 0.72333378
vt 0.82757258 0.04899424
vt 0.80770266 0.03737450
vt 0.89374727 0.80388713
vt 0.62467670 0.75448525
vt 0.00649452 0.30735636
vt 0.86527103 0.06905162
vt 0.37466016 0.80693823
vt 0.07686067 0.97343940
vt 0.00790667 0.36060953
vt 0.81209475 0.04012805
vt 0.94830424 0.93794101
vt 0.95789838 0.94345164
vt 0.91704887 0.21732944
vt 0.22752316 0.98839366
vt 0.39930749 0.96218997
vt 0.08938798 0.91141838
vt 0.18080592 0.93344080
vt 0.75107306 0.68667090
vt 0.70836550 0.83715880
vt 0.70892072 0.84418285
vt 0.04152967 0.61900765
vt 0.94814545 0.92756367
vt 0.14852911 0.13487893
vt 0.18204021 0.70961517
vt 0.94327581 0.40758646
vt 0.94494802 0.39743972
vt 0.23652020 0.20690024
vt 0.78475976 0.67092651
vt 0.05540582 0.69406486
vt 0.23645754 0.65407944
vt 0.85333937 0.21017551
vt 0.80059236 0.25018263
vt 0.37321439 0.88819718
vt 0.25548166 0.38767821
vt 0.04116440 0.31609905
vt 0.78634185 0.80702686
vt 0.57887751 0.81835824
vt 0.78370845 0.14282221
vt 0.04064620 0.34545714
vt 0.23778515 0.08690459
vt 0.04628828 0.43188167
vt 0.10292097 0.42004931
vt 0.22769009 0.43748420
vt 0.19806820 0.93986827
vt 0.09526052 0.24619418
vt 0.61567944 0.16917562
vt 0.11879324 0.13552046
vt 0.00000000 0.00000000
vt 0.59825909 0.94248742
vt 0.95985526 0.74746478
vt 0.53953904 0.94474047
vt 0.75512886 0.73591036
vt 0.17563532 0.87952077
vt 0.20542726 0.07795137
vt 0.15321694 0.67625839
vt 0.09049159 0.37087858
vt 0.31199765 0.15467817
vt 0.58557922 0.94694442
vt 0.59099615 0.94629580
vt 0.60337979 0.85130984
vt 0.27545524 0.89961022
vt 0.79130018 0.65586942
vt 0.38935894 0.97970879
vt 0.20605282 0.46362311
vt 0.05285705 0.37075657
vt 0.70422113 0.60096514
vt 0.14571702 0.92534626
vt 0.93707061 0.10441160
vt 0.21860048 0.76805812
vt 0.98238099 0.52291411
vt 0.81631082 0.44898307
vt 0.19580868 0.24862540
vt 0.80949092 0.12001681
vt 0.59863311 0.81621540
vt 0.87587196 0.20399058
vt 0.79877287 0.77974606
vt 0.08631106 0.89278102
vt 0.93719000 0.54079354
vt 0.44528627 0.92578024
vt 0.37118295 0.88815564
vt 0.66302943 0.54393584
vt 0.26247936 0.77198273
vt 0.29836968 0.83966380
vt 0.20422727 0.08301520
vt 0.15496573 0.26758140
vt 0.86108249 0.44418281
vt 0.48350537 0.94536394
vt 0.11326292 0.39353871
vt 0.73010916 0.87435412
vt 0.24468385 0.08952415
vt 0.81836009 0.21648991
vt 0.24461664 0.93236631
vt 0.91169691 0.78482461
vt 0.98320645 0.93435401
vt 0.04376248 0.30467653
vt 0.15356843 0.15305507
vt 0.00000000 0.00000000
vt 0.82704347 0.68145448
vt 0.76316315 0.65500885
vt 0.89267820 0.23543435
vt 0.04070442 0.79141378
vt 0.82185590 0.39553392
vt 0.60047340 0.61704040
vt 0.12127115 0.10345721
vt 0.89719856 0.18345231
vt 0.71721464 0.66286403
vt 0.56242943 0.15934223
vt 0.78394604 0.46684617
vt 0.12203070 0.14233303
vt 0.37224916 0.85520166
vt 0.21431519 0.43519008
vt 0.27264398 0.96904588
vt 0.94070286 0.51117742
vt 0.01274161 0.32133764
vt 0.83076727 0.36563611
vt 0.51691198 0.83783382
vt 0.19984569 0.17559046
vt 0.00000000 0.00000000
vt 0.25465003 0.41813779
vt 0.71771067 0.68950099
vt 0.00926800 0.45014465
vt 0.71929073 0.69765139
vt 0.20117345 0.43533480
vt 0.89028972 0.89449543
vt 0.10558920 0.37940449
vt 0.75721252 0.77259225
vt 0.58150786 0.95171583
vt 0.00000000 0.00000000
vt 0.18257751 0.29975212
vt 0.16981085 0.23276329
vt 0.91082895 0.14462531
vt 0.72754437 0.86614060
vt 0.12609619 0.27925503
vt 0.78465587 0.44908416
vt 0.02090404 0.40281379
vt 0.31099689 0.95857203
vt 0.00000000 0.00000000
vt 0.58838737 0.15950269
vt 0.52224874 0.93841141
vt 0.53029746 0.90467459
vt 0.14334166 0.43695533
vt 0.83929306 0.70002711
vt 0.00000000 0.00000000
vt 0.14708026 0.47313082
vt 0.19831111 0.39573562
vt 0.65368867 0.60220623
vt 0.54932678 0.61406773
vt 0.07906079 0.18951392
vt 0.95795214 0.93791807
vt 0.28889966 0.66500002
vt 0.96311563 0.94843417
vt 0.10907170 0.83103752
vt 0.21396485 0.42228961
vt 0.07716066 0.44312698
vt 0.13101302 0.74545467
vt 0.44097638 0.86543536
vt 0.70714569 0.77236825
vt 0.11409431 0.90181547
vt 0.13715312 0.97659844
vt 0.95906591 0.37466812
vt 0.82758284 0.02872521
vt 0.87740970 0.50225478
vt 0.59968334 0.66277790
vt 0.91561919 0.25626773
vt 0.03212962 0.29744685
vt 0.00000000 0.00000000
vt 0.48297852 0.75136071
vt 0.92577988 0.77167434
vt 0.08144837 0.37979627
vt 0.72447896 0.83894259
vt 0.75159460 0.84087145
vt 0.00786186 0.42163622
vt 0.30526301 0.13342148
vt 0.57682228 0.73589945
vt 0.27117708 0.84419185
vt 0.97261423 0.79161370
vt 0.07020736 0.85663724
vt 0.99411863 0.35437745
vt 0.58813578 0.18046111
vt 0.00000000 0.00000000
vt 0.10255802 0.94436377
vt 0.09497028 0.75222248
vt 0.25860333 0.17891943
vt 0.79820645 0.16569149
vt 0.52760154 0.75423902
vt 0.00513060 0.44832414
vt 0.85223252 0.12885058
vt 0.95300198 0.48503059
vt 0.88503993 0.88960493
vt 0.89271623 0.85336745
vt 0.86419100 0.39820266
vt 0.15121822 0.86092740
vt 0.97355825 0.68087631
vt 0.71297008 0.83677441
vt 0.24013725 0.39864880
vt 0.57799655 0.95624179
vt 0.45108348 0.85718966
vt 0.97401506 0.76083148
vt 0.41804045 0.84692162
vt 0.87740016 0.70678496
vt 0.19266684 0.79177451
vt 0.85559368 0.07700443
vt 0.94458544 0.14907402
vt 0.06534496 0.78138512
vt 0.26006922 0.84331912
vt 0.79143000 0.23878211
vt 0.01116681 0.30122387
vt 0.94986522 0.93251568
vt 0.87997764 0.87490046
vt 0.19330351 0.68333185
vt 0.89396507 0.57029182
vt 0.95918727 0.39083576
vt 0.94341594 0.90704685
vt 0.00434415 0.34649062
vt 0.24905802 0.25219905
vt 0.19838785 0.94353622
vt 0.19546576 0.96061355
vt 0.07548901 0.65485942
vt 0.00830639 0.38633227
vt 0.86745518 0.19718772
vt 0.84528857 0.47953761
vt 0.37806648 0.69657582
vt 0.94643569 0.44672132
vt 0.84516627 0.35513157
vt 0.46217752 0.61340028
vt 0.31590050 0.15746015
vt 0.87322575 0.56221604
vt 0.77068800 0.48710203
vt 0.78561109 0.68046486
vt 0.83349061 0.75741822
vt 0.23687926 0.86312371
vt 0.59770173 0.94622463
vt 0.82821935 0.71881241
vt 0.97950059 0.44908381
vt 0.10469747 0.11649179
vt 0.71844131 0.65971905
vt 0.65055412 0.73210388
vt 0.22118771 0.40682197
vt 0.36515039 0.97552550
vt 0.14689745 0.46655273
vt 0.87024850 0.02924037
vt 0.81708020 0.55709285
vt 0.91898680 0.64275163
vt 0.09379826 0.13255471
vt 0.11959864 0.64489263
vt 0.84917951 0.02985579
vt 0.25203741 0.88055104
vt 0.97823870 0.92020869
vt 0.92454022 0.19803751
vt 0.03389062 0.30013525
vt 0.24790391 0.08542842
vt 0.28343526 0.11306632
vt 0.77420413 0.20254606
vt 0.23430942 0.37115097
vt 0.76410055 0.76254719
vt 0.94040138 0.47038215
vt 0.06906719 0.99020797
vt 0.02253149 0.31049418
vt 0.22032221 0.94318807
vt 0.80717933 0.18413377
vt 0.22706178 0.26213306
vt 0.19285414 0.29746711
vt 0.24404059 0.81581938
vt 0.00000000 0.00000000
vt 0.37355778 0.83615124
vt 0.34900585 0.76984030
vt 0.75990862 0.70425290
vt 0.84103113 0.68457133
vt 0.71975279 0.73844767
vt 0.22037283 0.14089108
vt 0.23058379 0.29369533
vt 0.29954365 0.69074482
vt 0.16116083 0.12200189
vt 0.63852233 0.70490164
vt 0.54590541 0.94977808
vt 0.56690580 0.18477321
vt 0.07665898 0.87374169
vt 0.90735394 0.10806674
vt 0.00868188 0.45691437
vt 0.41734955 0.86567831
vt 0.83029288 0.87313622
vt 0.99270958 0.92659897
vt 0.15593642 0.29353917
vt 0.73473424 0.72039646
vt 0.23890157 0.13765991
vt 0.10080788 0.39993978
vt 0.13985606 0.62667865
vt 0.95200890 0.24134994
vt 0.89724857 0.85410261
vt 0.57066524 0.15757036
vt 0.99190211 0.39142549
vt 0.83372283 0.04883975
vt 0.19082366 0.24965626
vt 0.78245413 0.56922352
vt 0.85019833 0.72757703
vt 0.16265972 0.45316958
vt 0.49355078 0.64737707
vt 0.70853096 0.84952974
vt 0.26039550 0.83290696
vt 0.22358496 0.08447862
vt 0.37357897 0.88171977
vt 0.74903369 0.84004980
vt 0.10623296 0.19794428
vt 0.57463348 0.95656914
vt 0.18859307 0.11740655
vt 0.09011430 0.41921222
vt 0.25567091 0.24538052
vt 0.94854659 0.36913919
vt 0.28196028 0.83360732
vt 0.25414705 0.64090228
vt 0.12788038 0.42015123
vt 0.50950146 0.64120847
vt 0.74401748 0.54881203
vt 0.17927012 0.29341829
vt 0.90149397 0.19792163
vt 0.54587865 0.59967095
vt 0.90243113 0.89330536
vt 0.00957640 0.43967772
vt 0.99654090 0.51414329
vt 0.25240269 0.09280592
vt 0.90789455 0.07809085
vt 0.89355481 0.07000244
vt 0.14797802 0.71460670
vt 0.53273261 0.66640675
vt 0.92429215 0.51177889
vt 0.18621236 0.29888397
vt 0.05926414 0.70233530
vt 0.49587300 0.75129426
vt 0.74601233 0.50279510
vt 0.26981610 0.86485380
vt 0.79325491 0.21881098
vt 0.91616625 0.56850481
vt 0.77819830 0.86297673
vt 0.40543112 0.69278353
vt 0.91797680 0.81278217
vt 0.27690172 0.19551182
vt 0.05771397 0.78644425
vt 0.45359200 0.86520964
vt 0.30614951 0.87626445
vt 0.95846373 0.41440392
vt 0.39259106 0.81287146
vt 0.83969837 0.16188806
vt 0.95893061 0.40801311
vt 0.23028617 0.68399942
vt 0.29980496 0.83227164
vt 0.61332345 0.53330803
vt 0.18753637 0.11421603
vt 0.61588705 0.15323263
vt 0.22325701 0.89447826
vt 0.10348948 0.61744678
vt 0.98047602 0.43982387
vt 0.01319102 0.30595016
vt 0.07027666 0.86182874
vt 0.66965258 0.77220225
vt 0.27392587 0.16946959
vt 0.55034131 0.70292550
vt 0.70307159 0.85975051
vt 0.00677044 0.42192030
vt 0.85191143 0.88231426
vt 0.21412891 0.73296463
vt 0.72907650 0.79521042
vt 0.92759717 0.78612149
vt 0.90202802 0.22495240
vt 0.24011114 0.08345872
vt 0.59648055 0.72524470
vt 0.90934813 0.43042123
vt 0.08421205 0.61775106
vt 0.87015343 0.10765636
vt 0.97401112 0.70044732
vt 0.22673000 0.83265191
vt 0.97207719 0.82170224
vt 0.19883092 0.43025941
vt 0.96439737 0.41377604
vt 0.00000000 0.00000000
vt 0.89000589 0.88982069
vt 0.81921512 0.18381244
vt 0.56484920 0.18071514
vt 0.94632828 0.43648481
vt 0.77918321 0.14635545
vt 0.25789210 0.62695950
vt 0.22353320 0.17860991
vt 0.13904122 0.82284969
vt 0.58151209 0.09157223
vt 0.79089659 0.18302083
vt 0.85453224 0.86754137
vt 0.74119937 0.83667821
vt 0.76132548 0.46945417
vt 0.82371885 0.36903632
vt 0.52796614 0.66242349
vt 0.72910368 0.87851751
vt 0.97192460 0.73684800
vt 0.42220724 0.90661466
vt 0.95812964 0.10320616
vt 0.81106335 0.65217227
vt 0.03807796 0.34096718
vt 0.07222106 0.81386501
vt 0.91948378 0.56986195
vt 0.07129173 0.95407724
vt 0.25073189 0.42709523
vt 0.29981518 0.86616158
vt 0.88922000 0.86868691
vt 0.13849063 0.82982677
vt 0.00000000 0.00000000
vt 0.18619134 0.27007174
vt 0.17008409 0.08478892
vt 0.92381161 0.14344430
vt 0.28871268 0.18533897
vt 0.09260021 0.73919213
vt 0.10826214 0.38457191
vt 0.22113287 0.42259276
vt 0.90168226 0.73662031
vt 0.57885194 0.08993077
vt 0.77206081 0.78578204
vt 0.20843068 0.70799220
vt 0.49792930 0.70739490
vt 0.21257976 0.81927460
vt 0.53704005 0.56977642
vt 0.60646814 0.89960563
vt 0.42446193 0.86590475
vt 0.71273714 0.88216662
vt 0.04111014 0.34128249
vt 0.82868969 0.03324980
vt 0.86564696 0.10411817
vt 0.00000000 0.00000000
vt 0.97143465 0.70929658
vt 0.07679659 0.98196453
vt 0.02269258 0.43059504
vt 0.41305867 0.86299258
vt 0.20487100 0.89523667
vt 0.22470441 0.47453672
vt 0.57417840 0.19027632
vt 0.93248850 0.65928471
vt 0.36989918 0.70258009
vt 0.50529879 0.82398987
vt 0.93170387 0.25744677
vt 0.94325852 0.35338295
vt 0.97231317 0.42994136
vt 0.04171213 0.74023455
vt 0.18194282 0.23498631
vt 0.93503183 0.71354514
vt 0.40238672 0.82619351
vt 0.93172336 0.56692719
vt 0.31201565 0.14988101
vt 0.68621737 0.64537632
vt 0.12899584 0.86397070
vt 0.74905020 0.38145900
vt 0.24987841 0.17281985
vt 0.25396046 0.23349679
vt 0.77236933 0.70807511
vt 0.03994016 0.73430526
vt 0.12424271 0.14917576
vt 0.78498137 0.89744681
vt 0.35915974 0.97945845
vt 0.57441425 0.19519591
vt 0.92938858 0.56982154
vt 0.19665201 0.36802351
vt 0.10958605 0.77348691
vt 0.37916833 0.97123557
vt 0.51203942 0.68971080
vt 0.00705536 0.41169357
vt 0.87626696 0.89308178
vt 0.16848402 0.25588179
vt 0.88226706 0.77288717
vt 0.88222951 0.24995232
vt 0.12938789 0.22336394
vt 0.00000000 0.00000000
vt 0.22925456 0.12232685
vt 0.95213872 0.75302368
vt 0.00000000 0.00000000
vt 0.93228084 0.56840819
vt 0.50697410 0.87504417
vt 0.10264643 0.12404400
vt 0.87834114 0.84835863
vt 0.89237630 0.15726173
vt 0.13135692 0.28066969
vt 0.61005008 0.71824980
vt 0.40935305 0.70495749
vt 0.97068512 0.69233984
vt 0.00000000 0.00000000
vt 0.56777585 0.80421823
vt 0.60831136 0.70687002
vt 0.23810428 0.44131410
vt 0.28857389 0.88619828
vt 0.57544869 0.60290432
vt 0.00000000 0.00000000
vt 0.61671430 0.72916669
vt 0.31639877 0.22743702
vt 0.80125737 0.46411383
vt 0.00000000 0.00000000
vt 0.04049620 0.41614819
vt 0.48963377 0.83359396
vt 0.01456205 0.47499478
vt 0.96217406 0.74087656
vt 0.82712770 0.85651839
vt 0.27820718 0.17880583
vt 0.08590446 0.22426373
vt 0.00000000 0.00000000
vt 0.87734270 0.04446930
vt 0.94347751 0.51042664
vt 0.92263114 0.67442185
vt 0.18929055 0.95285666
vt 0.62616199 0.17724276
vt 0.00000000 0.00000000
vt 0.38179052 0.97043008
vt 0.56966591 0.98874116
vt 0.74557239 0.56584084
vt 0.91927284 0.66968507
vt 0.90074307 0.18665940
vt 0.46908626 0.91965944
vt 0.72061568 0.72047496
vt 0.60270053 0.16105556
vt 0.48204842 0.78243762
vt 0.00788459 0.47454876
vt 0.25610414 0.28607494
vt 0.27474982 0.10350996
vt 0.00388582 0.33299100
vt 0.60770684 0.15979648
vt 0.08626509 0.46256125
vt 0.83699733 0.51673663
vt 0.29881716 0.24859631
vt 0.30035245 0.92312562
vt 0.68323815 0.65100825
vt 0.71108133 0.85535735
vt 0.00000000 0.00000000
vt 0.32413465 0.19563103
vt 0.24102020 0.94332355
vt 0.10195434 0.86282074
vt 0.27391288 0.22568268
vt 0.24076758 0.38727951
vt 0.30247077 0.12985605
vt 0.17309341 0.38582695
vt 0.54961926 0.80028945
vt 0.89535236 0.56704265
vt 0.97529465 0.77091289
vt 0.63533598 0.95414716
vt 0.28063571 0.93165517
vt 0.73129606 0.85464287
vt 0.06758659 0.97186989
vt 0.44758192 0.88305199
vt 0.58461183 0.54596537
vt 0.92159909 0.24951512
vt 0.72085994 0.89436305
vt 0.60056984 0.73655480
vt 0.54639792 0.56336713
vt 0.78764576 0.06947249
vt 0.18536586 0.43326592
vt 0.16145422 0.27002317
vt 0.95317799 0.40811539
vt 0.03982344 0.63523942
vt 0.80191469 0.39845574
vt 0.03942875 0.73887718
vt 0.23939246 0.44826937
vt 0.69121146 0.88245368
vt 0.12008782 0.20647854
vt 0.83711606 0.53222108
vt 0.91137356 0.65605253
vt 0.84108472 0.19572759
vt 0.79753661 0.04638898
vt 0.24815693 0.85513222
vt 0.78965974 0.70483416
vt 0.46779189 0.87502450
vt 0.14328638 0.39414132
vt 0.90337968 0.35800695
vt 0.92310709 0.23063815
vt 0.87068576 0.15875298
vt 0.98094702 0.34813631
vt 0.89123434 0.19639575
vt 0.94406569 0.18907458
vt 0.84994227 0.23706961
vt 0.00754203 0.33678728
vt 0.00000000 0.00000000
vt 0.17150339 0.38970840
vt 0.69401330 0.61129898
vt 0.21799654 0.42266190
vt 0.26925215 0.17454392
vt 0.92766118 0.67938817
vt 0.00000000 0.00000000
vt 0.07094737 0.45454741
vt 0.21001464 0.12100166
vt 0.81833583 0.69743311
vt 0.00850727 0.36605543
vt 0.95187050 0.71244878
vt 0.15368050 0.23619914
vt 0.20923585 0.41352475
vt 0.93385619 0.18799007
vt 0.96420574 0.41925859
vt 0.78500843 0.65762842
vt 0.00000000 0.00000000
vt 0.95479864 0.72495222
vt 0.96203649 0.48471284
vt 0.25352797 0.17606980
vt 0.16945142 0.72835076
vt 0.16595735 0.47248161
vt 0.03997381 0.65256989
vt 0.92471379 0.56706733
vt 0.54027593 0.83071548
vt 0.25066710 0.43885332
vt 0.91292256 0.03037155
vt 0.12862360 0.85139644
vt 0.05343102 0.62561977
vt 0.97244489 0.75320214
vt 0.04053377 0.73952860
vt 0.81802279 0.65839207
vt 0.82163113 0.41457593
vt 0.30600068 0.24351406
vt 0.37132332 0.90075922
vt 0.15611537 0.74592066
vt 0.74356091 0.71364689
vt 0.94315785 0.19593209
vt 0.73226929 0.52360523
vt 0.75120324 0.73521370
vt 0.20831303 0.08135623
vt 0.77116293 0.19614917
vt 0.15671799 0.13089603
vt 0.15626542 0.08598620
vt 0.58033240 0.19078404
vt 0.06852034 0.86168820
vt 0.98894316 0.95014215
vt 0.99837178 0.94038719
vt 0.91535968 0.56219274
vt 0.00555907 0.31881106
vt 0.97104895 0.80902368
vt 0.88119954 0.21169782
vt 0.76434261 0.36737961
vt 0.63167173 0.68992382
vt 0.24857409 0.86448634
vt 0.25591075 0.45275557
vt 0.94355547 0.71774411
vt 0.11569647 0.22713983
vt 0.79510671 0.86615855
vt 0.57136631 0.18548322
vt 0.00000000 0.00000000
vt 0.62117648 0.16256344
vt 0.81763232 0.24223411
vt 0.04246851 0.80744213
vt 0.66727608 0.57254583
vt 0.41265878 0.79738408
vt 0.28330579 0.87258923
vt 0.07961211 0.20498008
vt 0.06311741 0.63102025
vt 0.26097807 0.09776807
vt 0.50317997 0.67454135
vt 0.20688249 0.62417167
vt 0.10556960 0.25308955
vt 0.59156626 0.63387412
vt 0.74818856 0.78390014
vt 0.63475811 0.53133672
vt 0.29707280 0.12181008
vt 0.30781084 0.93058228
vt 0.15931176 0.81161308
vt 0.84387732 0.50732183
vt 0.01397038 0.44697964
vt 0.22784087 0.42865360
vt 0.14718850 0.15202034
vt 0.48922628 0.94312012
vt 0.02455134 0.29766011
vt 0.20705530 0.86589068
vt 0.00719719 0.41656220
vt 0.17630914 0.42742324
vt 0.76949298 0.80343354
vt 0.66720742 0.64006323
vt 0.94373679 0.36844671
vt 0.83601660 0.44465184
vt 0.84384638 0.53152132
vt 0.16039592 0.18144220
vt 0.98793346 0.52879930
vt 0.14191623 0.25880647
vt 0.94487298 0.37351161
vt 0.94557476 0.94951195
vt 0.27758825 0.79365134
vt 0.24490744 0.25209540
vt 0.89360875 0.14552391
vt 0.48579437 0.63344347
vt 0.29516628 0.85996759
vt 0.00000000 0.00000000
vt 0.40234703 0.88281530
vt 0.45977306 0.58731622
vt 0.68128353 0.85004616
vt 0.20395811 0.08008295
vt 0.37427011 0.90582615
vt 0.53474128 0.87552941
vt 0.80097038 0.19234109
vt 0.49333942 0.83120406
vt 0.40494308 0.81844628
vt 0.28699014 0.11230487
vt 0.22470491 0.80462140
vt 0.82602787 0.21859711
vt 0.22247712 0.65403503
vt 0.13947934 0.98953414
vt 0.31855327 0.19071871
vt 0.90095627 0.88379043
vt 0.00000000 0.00000000
vt 0.60397780 0.15329045
vt 0.19183053 0.98885971
vt 0.31986296 0.17288750
vt 0.96913534 0.04471642
vt 0.27204475 0.88053650
vt 0.74398196 0.79885972
vt 0.05854546 0.61764687
vt 0.71821189 0.73030955
vt 0.92029232 0.05430180
vt 0.26186600 0.14030480
vt 0.80923229 0.07454771
vt 0.11377525 0.77631539
vt 0.02051850 0.41307247
vt 0.54211915 0.76183635
vt 0.91661388 0.75288880
vt 0.27255142 0.10169226
vt 0.72764295 0.87120330
vt 0.90624905 0.56973833
vt 0.15716489 0.75306344
vt 0.11621710 0.11230296
vt 0.13267399 0.43655562
vt 0.71867394 0.64093035
vt 0.69528395 0.76343256
vt 0.83091366 0.44300199
f 4494/4494 6643/6643 6861/6861
f 6643/6643 6741/6741 6861/6861
f 1011/1011 1143/1143 2426/2426
f 6682/6682 3653/3653 5427/5427
f 5235/5235 5427/5427 4253/4253
f 6682/6682 1192/1192 3653/3653
f 3653/3653 4253/4253 5427/5427
f 4253/4253 7559/7559 1809/1809
f 1809/1809 7559/7559 7523/7523
f 1192/1192 4819/4819 5667/5667
f 1192/1192 5667/5667 1977/1977
f 1192/1192 1977/1977 3653/3653
f 3653/3653 1977/1977 4253/4253
f 1977/1977 7559/7559 4253/4253
f 1977/1977 7668/7668 7559/7559
f 5667/5667 1042/1042 1977/1977
f 5667/5667 6592/6592 1042/1042
f 1804/1804 5927/5927 7246/7246
f 5927/5927 6840/6840 7246/7246
f 5927/5927 5942/5942 502/502
f 5927/5927 6682/6682 6840/6840
f 6840/6840 5427/5427 7246/7246
f 7246/7246 5427/5427 532/532
f 6850/6850 6399/6399 678/678
f 6840/6840 6682/6682 5427/5427
f 678/678 6399/6399 831/831
f 502/502 4819/4819 5927/5927
f 5927/5927 4819/4819 6682/6682
f 6399/6399 4123/4123 831/831
f 532/532 5235/5235 6850/6850
f 6850/6850 5235/5235 6399/6399
f 4123/4123 3873/3873 831/831
f 7106/7106 179/179 4698/4698
f 5427/5427 5235/5235 532/532
f 5235/5235 4253/4253 6399/6399
f 5361/5361 179/179 7106/7106
f 4819/4819 1192/1192 6682/6682
f 4253/4253 1809/1809 6399/6399
f 6399/6399 1809/1809 4123/4123
f 502/502 3554/3554 4819/4819
f 502/502 5860/5860 3554/3554
f 4123/4123 1809/1809 5357/5357
f 4123/4123 5357/5357 3873/3873
f 3873/3873 7667/7667 7720/7720
f 179/179 1250/1250 4698/4698
f 4698/4698 5947/5947 4667/4667
f 2086/2086 7119/7119 943/943
f 3744/3744 7667/7667 3873/3873
f 5361/5361 122/122 179/179
f 4667/4667 5947/5947 7119/7119
f 7119/7119 5947/5947 943/943
f 5357/5357 7225/7225 3873/3873
f 7225/7225 3744/3744 3873/3873
f 3744/3744 5262/5262 7667/7667
f 6681/6681 1250/1250 179/179
f 4698/4698 1250/1250 5947/5947
f 3554/3554 5709/5709 4819/4819
f 4819/4819 5709/5709 5667/5667
f 122/122 6681/6681 179/179
f 3554/3554 352/352 5709/5709
f 3554/3554 5860/5860 352/352
f 7523/7523 7655/7655 1809/1809
f 5860/5860 2922/2922 352/352
f 7559/7559 7668/7668 7523/7523
f 1809/1809 7655/7655 1008/1008
f 1008/1008 5357/5357 1809/1809
f 7228/7228 943/943 5947/5947
f 4948/4948 6681/6681 122/122
f 6681/6681 3519/3519 1250/1250
f 1250/1250 3519/3519 137/137
f 1250/1250 137/137 833/833
f 1250/1250 833/833 5947/5947
f 7228/7228 2092/2092 943/943
f 5709/5709 6592/6592 5667/5667
f 1977/1977 1042/1042 7668/7668
f 7523/7523 7668/7668 7655/7655
f 5357/5357 1008/1008 7225/7225
f 5947/5947 833/833 7228/7228
f 4948/4948 3519/3519 6681/6681
f 7668/7668 5215/5215 7655/7655
f 7228/7228 3605/3605 2092/2092
f 1042/1042 6734/6734 7668/7668
f 7668/7668 382/382 5215/5215
f 5215/5215 5935/5935 7655/7655
f 7655/7655 4553/4553 1008/1008
f 833/833 3605/3605 7228/7228
f 352/352 4813/4813 5709/5709
f 352/352 2922/2922 4813/4813
f 5709/5709 1064/1064 6592/6592
f 1064/1064 1042/1042 6592/6592
f 7668/7668 6734/6734 382/382
f 5215/5215 382/382 5935/5935
f 1042/1042 1064/1064 6734/6734
f 5935/5935 4553/4553 7655/7655
f 4813/4813 3065/3065 5709/5709
f 5709/5709 3065/3065 1064/1064
f 1064/1064 5968/5968 6734/6734
f 2913/2913 8/8 2751/2751
f 8/8 6275/6275 2751/2751
f 2913/2913 322/322 1804/1804
f 2913/2913 1804/1804 8/8
f 6275/6275 3454/3454 2751/2751
f 4447/4447 5942/5942 1298/1298
f 1804/1804 6275/6275 8/8
f 6275/6275 532/532 3454/3454
f 532/532 6850/6850 3454/3454
f 5942/5942 1662/1662 1624/1624
f 4233/4233 678/678 1507/1507
f 1507/1507 678/678 4986/4986
f 6287/6287 3676/3676 1849/1849
f 5942/5942 1624/1624 6829/6829
f 5942/5942 5927/5927 1298/1298
f 1298/1298 5927/5927 322/322
f 322/322 5927/5927 1804/1804
f 4233/4233 6850/6850 678/678
f 3676/3676 5529/5529 1849/1849
f 6976/6976 7608/7608 5260/5260
f 5260/5260 2285/2285 7106/7106
f 5260/5260 7106/7106 6287/6287
f 4986/4986 955/955 7075/7075
f 7075/7075 955/955 6567/6567
f 955/955 3745/3745 6567/6567
f 6567/6567 3745/3745 6976/6976
f 6976/6976 3745/3745 7608/7608
f 7608/7608 2285/2285 5260/5260
f 6287/6287 7106/7106 3676/3676
f 5529/5529 7392/7392 5975/5975
f 6829/6829 502/502 5942/5942
f 678/678 831/831 4986/4986
f 831/831 955/955 4986/4986
f 955/955 2887/2887 3745/3745
f 4667/4667 5529/5529 3676/3676
f 5529/5529 4667/4667 7392/7392
f 7106/7106 4698/4698 3676/3676
f 2285/2285 5361/5361 7106/7106
f 3676/3676 4698/4698 4667/4667
f 6829/6829 6911/6911 502/502
f 6829/6829 1624/1624 57/57
f 6829/6829 57/57 6911/6911
f 955/955 7720/7720 2887/2887
f 3745/3745 5616/5616 7608/7608
f 7119/7119 2086/2086 7392/7392
f 7392/7392 2086/2086 5975/5975
f 5975/5975 2086/2086 2100/2100
f 831/831 3873/3873 955/955
f 955/955 3873/3873 7720/7720
f 7608/7608 5616/5616 2285/2285
f 2285/2285 5616/5616 5361/5361
f 4667/4667 7119/7119 7392/7392
f 6911/6911 5860/5860 502/502
f 7720/7720 4847/4847 2887/2887
f 2887/2887 4847/4847 3745/3745
f 4847/4847 5616/5616 3745/3745
f 7720/7720 7667/7667 4847/4847
f 4847/4847 1334/1334 5616/5616
f 7667/7667 1334/1334 4847/4847
f 1334/1334 4483/4483 5616/5616
f 4483/4483 6000/6000 5361/5361
f 5616/5616 4483/4483 5361/5361
f 6911/6911 57/57 6125/6125
f 7667/7667 5262/5262 1334/1334
f 5361/5361 6000/6000 122/122
f 6911/6911 2922/2922 5860/5860
f 5262/5262 1678/1678 1334/1334
f 1334/1334 1678/1678 4483/4483
f 4483/4483 2015/2015 6000/6000
f 6911/6911 6125/6125 2922/2922
f 5573/5573 5262/5262 3744/3744
f 1678/1678 2015/2015 4483/4483
f 6000/6000 4948/4948 122/122
f 2922/2922 6125/6125 3349/3349
f 7225/7225 5573/5573 3744/3744
f 2922/2922 3349/3349 2805/2805
f 5262/5262 4566/4566 1678/1678
f 1678/1678 4566/4566 2015/2015
f 2015/2015 2558/2558 6000/6000
f 6000/6000 5546/5546 4948/4948
f 2805/2805 4813/4813 2922/2922
f 1008/1008 3524/3524 7225/7225
f 7225/7225 3524/3524 3196/3196
f 7225/7225 3196/3196 5573/5573
f 3196/3196 2716/2716 5573/5573
f 2716/2716 5262/5262 5573/5573
f 4566/4566 2558/2558 2015/2015
f 6000/6000 2558/2558 5546/5546
f 4948/4948 5546/5546 3519/3519
f 4553/4553 3524/3524 1008/1008
f 5262/5262 2716/2716 4566/4566
f 5546/5546 1900/1900 3519/3519
f 3519/3519 1900/1900 137/137
f 1900/1900 2037/2037 137/137
f 137/137 2037/2037 6475/6475
f 137/137 6475/6475 833/833
f 833/833 6475/6475 3605/3605
f 4566/4566 4682/4682 2558/2558
f 3605/3605 6475/6475 1108/1108
f 2716/2716 4682/4682 4566/4566
f 2558/2558 1900/1900 5546/5546
f 2805/2805 5396/5396 4813/4813
f 3524/3524 4553/4553 1095/1095
f 1900/1900 5664/5664 2037/2037
f 2037/2037 4143/4143 6475/6475
f 6475/6475 4143/4143 1108/1108
f 4143/4143 1085/1085 1108/1108
f 4813/4813 6687/6687 3065/3065
f 4813/4813 5396/5396 6687/6687
f 3065/3065 4790/4790 1064/1064
f 1064/1064 4790/4790 5968/5968
f 5968/5968 758/758 6734/6734
f 758/758 5856/5856 6734/6734
f 6734/6734 5856/5856 382/382
f 382/382 5856/5856 5935/5935
f 5935/5935 5856/5856 4553/4553
f 4553/4553 3901/3901 1095/1095
f 3524/3524 1095/1095 3196/3196
f 3196/3196 5976/5976 2716/2716
f 3065/3065 6687/6687 4790/4790
f 4553/4553 5856/5856 3901/3901
f 1095/1095 5976/5976 3196/3196
f 5968/5968 4790/4790 142/142
f 5968/5968 142/142 758/758
f 758/758 3277/3277 5856/5856
f 3901/3901 648/648 1095/1095
f 142/142 262/262 758/758
f 758/758 262/262 3277/3277
f 4287/4287 322/322 2913/2913
f 6208/6208 3454/3454 4662/4662
f 2751/2751 3454/3454 6208/6208
f 4662/4662 3454/3454 4233/4233
f 4662/4662 4233/4233 6346/6346
f 2150/2150 322/322 4287/4287
f 2913/2913 2751/2751 6935/6935
f 1450/1450 4447/4447 2150/2150
f 2150/2150 4447/4447 322/322
f 1450/1450 1662/1662 4447/4447
f 4978/4978 4986/4986 5629/5629
f 1849/1849 4424/4424 2112/2112
f 2112/2112 4424/4424 4449/4449
f 4447/4447 1298/1298 322/322
f 4233/4233 1507/1507 4978/4978
f 3029/3029 1505/1505 2323/2323
f 398/398 6976/6976 5260/5260
f 398/398 5260/5260 2495/2495
f 2495/2495 5260/5260 6287/6287
f 1505/1505 5975/5975 2323/2323
f 1662/1662 5942/5942 4447/4447
f 5629/5629 4986/4986 7075/7075
f 7075/7075 6567/6567 1901/1901
f 6287/6287 1849/1849 2495/2495
f 1505/1505 4424/4424 5529/5529
f 1662/1662 6951/6951 1624/1624
f 6951/6951 5078/5078 1624/1624
f 1624/1624 5078/5078 7230/7230
f 1624/1624 7230/7230 57/57
f 7230/7230 7699/7699 57/57
f 57/57 7699/7699 6125/6125
f 6125/6125 7699/7699 3349/3349
f 3349/3349 7699/7699 3736/3736
f 3349/3349 3736/3736 2805/2805
f 2805/2805 3736/3736 5027/5027
f 2805/2805 5027/5027 5396/5396
f 2716/2716 7090/7090 4682/4682
f 4682/4682 7090/7090 1529/1529
f 1529/1529 2866/2866 4682/4682
f 4682/4682 2866/2866 2558/2558
f 2558/2558 4477/4477 5664/5664
f 2558/2558 5664/5664 1900/1900
f 2866/2866 4477/4477 2558/2558
f 5664/5664 7195/7195 2037/2037
f 2037/2037 3258/3258 4143/4143
f 4143/4143 5500/5500 1085/1085
f 1085/1085 5500/5500 2580/2580
f 5396/5396 4877/4877 6687/6687
f 6687/6687 4877/4877 682/682
f 6687/6687 682/682 4790/4790
f 648/648 5976/5976 1095/1095
f 4477/4477 7195/7195 5664/5664
f 682/682 1456/1456 4790/4790
f 4790/4790 1456/1456 142/142
f 7195/7195 3258/3258 2037/2037
f 3258/3258 5500/5500 4143/4143
f 3277/3277 2473/2473 5856/5856
f 648/648 6767/6767 5976/5976
f 5976/5976 5586/5586 7090/7090
f 142/142 6493/6493 262/262
f 2473/2473 3901/3901 5856/5856
f 3901/3901 2336/2336 648/648
f 5500/5500 1009/1009 2580/2580
f 1456/1456 7231/7231 142/142
f 6493/6493 5203/5203 262/262
f 262/262 5203/5203 3277/3277
f 3277/3277 5203/5203 2245/2245
f 3277/3277 2245/2245 2473/2473
f 142/142 7231/7231 6493/6493
f 2473/2473 2245/2245 3901/3901
f 1236/1236 4287/4287 325/325
f 325/325 4287/4287 356/356
f 1685/1685 2150/2150 4287/4287
f 1685/1685 4287/4287 1236/1236
f 1685/1685 2435/2435 2150/2150
f 356/356 4287/4287 2913/2913
f 356/356 2913/2913 6935/6935
f 6935/6935 2751/2751 6208/6208
f 2897/2897 7492/7492 2403/2403
f 3029/3029 2323/2323 3294/3294
f 2435/2435 1450/1450 2150/2150
f 2435/2435 6932/6932 1450/1450
f 6346/6346 4233/4233 4978/4978
f 6346/6346 4978/4978 2897/2897
f 2897/2897 4978/4978 7492/7492
f 2001/2001 1202/1202 7554/7554
f 4978/4978 5629/5629 7492/7492
f 481/481 398/398 1202/1202
f 1202/1202 2495/2495 7554/7554
f 6932/6932 4964/4964 1450/1450
f 7492/7492 5629/5629 4586/4586
f 1202/1202 398/398 2495/2495
f 7554/7554 2495/2495 2112/2112
f 2112/2112 2495/2495 1849/1849
f 4449/4449 1505/1505 3029/3029
f 1450/1450 4964/4964 1662/1662
f 4586/4586 7075/7075 1901/1901
f 1901/1901 6567/6567 481/481
f 4964/4964 58/58 6951/6951
f 1662/1662 4964/4964 6951/6951
f 58/58 7447/7447 5078/5078
f 6951/6951 58/58 5078/5078
f 5078/5078 7447/7447 6274/6274
f 5078/5078 6274/6274 7230/7230
f 6274/6274 1472/1472 6970/6970
f 1472/1472 6513/6513 6970/6970
f 7699/7699 1582/1582 3736/3736
f 5027/5027 3736/3736 6471/6471
f 5027/5027 6471/6471 5396/5396
f 5396/5396 6471/6471 6959/6959
f 7529/7529 4877/4877 5396/5396
f 5396/5396 6959/6959 7529/7529
f 6767/6767 5586/5586 5976/5976
f 2336/2336 3924/3924 648/648
f 5586/5586 91/91 1529/1529
f 7090/7090 5586/5586 1529/1529
f 2866/2866 3991/3991 4477/4477
f 4477/4477 3991/3991 5559/5559
f 4477/4477 5559/5559 7195/7195
f 7195/7195 5559/5559 3258/3258
f 3258/3258 5559/5559 1193/1193
f 1193/1193 1474/1474 3258/3258
f 3258/3258 1474/1474 5500/5500
f 3901/3901 2245/2245 3163/3163
f 3901/3901 3163/3163 2336/2336
f 648/648 3924/3924 6767/6767
f 91/91 3991/3991 1529/1529
f 1529/1529 3991/3991 2866/2866
f 5500/5500 1474/1474 1009/1009
f 1009/1009 2746/2746 2580/2580
f 4877/4877 1204/1204 682/682
f 4877/4877 7529/7529 1204/1204
f 1204/1204 5514/5514 1456/1456
f 682/682 1204/1204 1456/1456
f 7231/7231 2760/2760 6493/6493
f 6493/6493 2760/2760 5203/5203
f 6614/6614 6767/6767 3924/3924
f 1474/1474 1772/1772 1009/1009
f 5514/5514 7231/7231 1456/1456
f 2760/2760 2268/2268 5203/5203
f 5203/5203 2268/2268 2245/2245
f 4930/4930 6935/6935 1916/1916
f 1497/1497 1685/1685 1236/1236
f 325/325 356/356 4930/4930
f 4930/4930 356/356 6935/6935
f 6935/6935 6208/6208 3507/3507
f 6208/6208 4662/4662 3507/3507
f 3507/3507 4662/4662 608/608
f 4662/4662 6346/6346 1907/1907
f 1907/1907 6346/6346 2897/2897
f 2897/2897 2403/2403 3777/3777
f 3777/3777 2403/2403 3804/3804
f 1497/1497 2435/2435 1685/1685
f 1497/1497 6084/6084 2435/2435
f 6084/6084 6932/6932 2435/2435
f 2403/2403 7492/7492 3804/3804
f 7492/7492 4586/4586 3804/3804
f 3804/3804 4586/4586 1901/1901
f 3021/3021 1901/1901 481/481
f 3021/3021 481/481 5276/5276
f 5276/5276 481/481 1202/1202
f 1202/1202 2001/2001 5276/5276
f 1089/1089 5549/5549 58/58
f 4964/4964 1089/1089 58/58
f 58/58 5549/5549 7447/7447
f 5549/5549 6577/6577 7447/7447
f 7447/7447 6577/6577 7061/7061
f 2302/2302 2692/2692 4302/4302
f 4686/4686 7165/7165 1606/1606
f 3736/3736 1938/1938 6471/6471
f 6471/6471 1938/1938 5292/5292
f 6471/6471 5292/5292 5303/5303
f 6471/6471 5303/5303 6959/6959
f 6959/6959 5303/5303 5805/5805
f 6959/6959 5805/5805 7529/7529
f 7529/7529 210/210 1204/1204
f 5805/5805 1661/1661 210/210
f 7529/7529 5805/5805 210/210
f 6767/6767 6614/6614 4849/4849
f 6767/6767 4849/4849 5586/5586
f 5586/5586 4849/4849 3323/3323
f 5586/5586 3323/3323 91/91
f 3991/3991 123/123 5559/5559
f 5559/5559 123/123 4743/4743
f 5559/5559 4743/4743 1193/1193
f 1193/1193 4743/4743 1474/1474
f 1009/1009 630/630 2746/2746
f 1204/1204 1353/1353 5514/5514
f 7166/7166 5376/5376 2336/2336
f 2336/2336 5376/5376 3924/3924
f 3924/3924 5376/5376 6614/6614
f 3991/3991 91/91 123/123
f 1772/1772 630/630 1009/1009
f 1772/1772 6597/6597 630/630
f 1204/1204 210/210 1353/1353
f 2245/2245 2268/2268 3176/3176
f 2245/2245 3176/3176 3163/3163
f 3163/3163 3176/3176 7166/7166
f 3163/3163 7166/7166 2336/2336
f 5605/5605 6614/6614 5376/5376
f 1353/1353 619/619 5514/5514
f 5514/5514 619/619 7231/7231
f 619/619 874/874 7231/7231
f 7231/7231 874/874 2760/2760
f 874/874 2268/2268 2760/2760
f 2908/2908 1497/1497 1236/1236
f 2908/2908 1236/1236 540/540
f 540/540 1236/1236 6286/6286
f 4930/4930 1916/1916 3071/3071
f 3071/3071 1916/1916 3507/3507
f 5681/5681 3507/3507 608/608
f 608/608 1907/1907 6792/6792
f 2908/2908 2807/2807 1497/1497
f 1236/1236 325/325 6286/6286
f 6286/6286 325/325 4930/4930
f 1907/1907 2897/2897 5332/5332
f 5332/5332 2897/2897 7112/7112
f 1497/1497 2807/2807 6084/6084
f 608/608 4662/4662 1907/1907
f 7112/7112 2897/2897 3777/3777
f 7554/7554 4785/4785 1105/1105
f 4785/4785 4449/4449 1937/1937
f 4449/4449 3029/3029 1937/1937
f 1937/1937 3029/3029 3294/3294
f 3294/3294 2323/2323 4649/4649
f 3777/3777 3804/3804 2078/2078
f 5276/5276 2001/2001 7554/7554
f 6084/6084 7177/7177 6932/6932
f 6932/6932 7177/7177 4964/4964
f 7177/7177 2063/2063 4964/4964
f 4964/4964 2063/2063 1089/1089
f 1089/1089 2063/2063 5549/5549
f 5549/5549 2063/2063 3165/3165
f 1941/1941 2371/2371 2338/2338
f 7165/7165 2463/2463 1938/1938
f 2463/2463 7694/7694 1938/1938
f 5292/5292 3977/3977 5303/5303
f 5303/5303 3977/3977 1094/1094
f 5303/5303 1094/1094 5805/5805
f 5805/5805 1094/1094 1661/1661
f 1772/1772 2951/2951 6597/6597
f 210/210 1661/1661 4630/4630
f 3323/3323 1668/1668 91/91
f 123/123 250/250 4743/4743
f 1014/1014 2779/2779 210/210
f 210/210 4630/4630 1014/1014
f 210/210 2779/2779 1353/1353
f 91/91 5048/5048 123/123
f 4743/4743 1772/1772 1474/1474
f 2779/2779 6393/6393 1353/1353
f 1353/1353 6393/6393 619/619
f 1690/1690 1296/1296 874/874
f 874/874 1296/1296 2268/2268
f 2268/2268 5038/5038 3176/3176
f 3176/3176 4422/4422 6975/6975
f 3176/3176 6975/6975 7166/7166
f 7166/7166 5605/5605 5376/5376
f 619/619 1690/1690 874/874
f 2268/2268 1296/1296 5038/5038
f 5038/5038 4422/4422 3176/3176
f 5786/5786 4649/4649 6424/6424
f 6286/6286 4930/4930 351/351
f 5681/5681 608/608 6792/6792
f 6792/6792 1907/1907 20/20
f 7298/7298 6591/6591 2807/2807
f 7298/7298 2807/2807 2908/2908
f 7298/7298 2908/2908 540/540
f 4930/4930 3071/3071 351/351
f 3071/3071 3507/3507 5681/5681
f 20/20 1907/1907 5332/5332
f 3777/3777 2078/2078 7138/7138
f 7138/7138 2078/2078 3746/3746
f 5724/5724 1937/1937 3294/3294
f 5724/5724 3294/3294 5786/5786
f 5786/5786 3294/3294 4649/4649
f 3746/3746 2078/2078 3021/3021
f 3746/3746 3021/3021 5276/5276
f 3746/3746 5276/5276 6080/6080
f 6080/6080 5276/5276 1105/1105
f 1105/1105 5276/5276 7554/7554
f 2807/2807 6024/6024 6084/6084
f 2078/2078 3804/3804 3021/3021
f 6024/6024 7534/7534 6084/6084
f 6084/6084 7534/7534 7177/7177
f 7534/7534 2119/2119 7177/7177
f 7177/7177 2119/2119 4505/4505
f 7177/7177 4505/4505 2063/2063
f 5419/5419 7372/7372 7427/7427
f 1549/1549 1530/1530 2012/2012
f 4559/4559 6337/6337 3428/3428
f 4631/4631 3877/3877 4053/4053
f 7694/7694 596/596 3977/3977
f 1094/1094 3977/3977 3666/3666
f 1094/1094 3666/3666 1661/1661
f 1661/1661 3666/3666 4622/4622
f 1661/1661 4622/4622 4630/4630
f 4849/4849 1668/1668 3323/3323
f 6614/6614 5744/5744 4849/4849
f 123/123 5048/5048 250/250
f 4743/4743 3108/3108 1772/1772
f 6975/6975 5605/5605 7166/7166
f 6614/6614 3529/3529 5744/5744
f 5744/5744 1668/1668 4849/4849
f 1668/1668 5048/5048 91/91
f 4743/4743 250/250 3108/3108
f 6393/6393 49/49 619/619
f 5605/5605 3529/3529 6614/6614
f 1772/1772 3108/3108 5946/5946
f 1772/1772 5946/5946 2951/2951
f 5946/5946 6597/6597 2951/2951
f 5946/5946 191/191 6597/6597
f 619/619 49/49 1690/1690
f 6975/6975 4269/4269 5605/5605
f 6881/6881 1690/1690 49/49
f 1690/1690 6881/6881 1296/1296
f 1296/1296 1738/1738 5038/5038
f 4822/4822 5681/5681 253/253
f 253/253 5681/5681 4831/4831
f 5681/5681 20/20 4831/4831
f 2758/2758 6286/6286 351/351
f 791/791 5786/5786 1020/1020
f 5786/5786 6424/6424 1020/1020
f 6316/6316 24/24 7298/7298
f 6316/6316 7298/7298 540/540
f 3841/3841 1105/1105 5920/5920
f 5920/5920 1937/1937 5724/5724
f 5920/5920 5724/5724 1557/1557
f 1557/1557 5724/5724 5786/5786
f 7298/7298 24/24 6591/6591
f 5681/5681 6792/6792 20/20
f 20/20 5332/5332 5395/5395
f 5395/5395 5332/5332 7112/7112
f 5544/5544 3746/3746 6080/6080
f 5544/5544 6080/6080 6720/6720
f 6080/6080 1105/1105 3841/3841
f 1105/1105 4785/4785 5920/5920
f 5920/5920 4785/4785 1937/1937
f 6591/6591 6024/6024 2807/2807
f 7534/7534 3289/3289 2939/2939
f 7534/7534 2939/2939 2119/2119
f 4766/4766 4850/4850 134/134
f 134/134 4850/4850 4173/4173
f 3977/3977 327/327 3666/3666
f 4630/4630 4622/4622 4761/4761
f 4630/4630 4761/4761 1014/1014
f 1014/1014 1395/1395 2779/2779
f 1014/1014 4761/4761 1395/1395
f 4269/4269 3036/3036 5605/5605
f 5977/5977 2074/2074 5744/5744
f 5744/5744 2074/2074 1668/1668
f 1668/1668 2074/2074 5048/5048
f 2074/2074 2425/2425 5048/5048
f 250/250 6248/6248 3108/3108
f 6248/6248 326/326 3108/3108
f 3108/3108 326/326 5946/5946
f 5946/5946 4346/4346 191/191
f 1395/1395 25/25 2779/2779
f 2779/2779 25/25 6393/6393
f 6393/6393 25/25 49/49
f 5038/5038 4758/4758 4422/4422
f 6975/6975 3036/3036 4269/4269
f 3036/3036 6096/6096 5605/5605
f 5605/5605 4348/4348 3529/3529
f 3529/3529 5977/5977 5744/5744
f 6881/6881 2917/2917 1296/1296
f 5038/5038 1738/1738 4758/4758
f 4422/4422 4758/4758 6975/6975
f 1296/1296 2917/2917 1738/1738
f 5234/5234 4822/4822 253/253
f 1781/1781 6316/6316 540/540
f 1781/1781 540/540 3803/3803
f 540/540 6286/6286 3803/3803
f 6286/6286 2758/2758 3803/3803
f 2758/2758 351/351 5234/5234
f 3280/3280 24/24 6316/6316
f 1781/1781 3280/3280 6316/6316
f 4831/4831 20/20 5253/5253
f 5253/5253 20/20 5395/5395
f 1557/1557 5786/5786 791/791
f 5395/5395 7112/7112 2223/2223
f 7112/7112 7138/7138 2223/2223
f 2223/2223 7138/7138 5544/5544
f 7138/7138 3746/3746 5544/5544
f 24/24 7652/7652 6591/6591
f 7652/7652 3980/3980 6591/6591
f 6591/6591 3980/3980 6024/6024
f 3980/3980 6118/6118 6024/6024
f 6024/6024 6118/6118 7534/7534
f 7534/7534 6118/6118 3289/3289
f 2990/2990 4724/4724 4850/4850
f 327/327 5403/5403 3666/3666
f 3666/3666 5403/5403 2713/2713
f 3666/3666 2713/2713 4622/4622
f 4622/4622 2713/2713 4761/4761
f 2425/2425 250/250 5048/5048
f 4761/4761 7215/7215 1395/1395
f 3529/3529 4348/4348 5977/5977
f 5977/5977 807/807 2074/2074
f 2425/2425 5817/5817 250/250
f 5817/5817 6248/6248 250/250
f 5946/5946 326/326 4346/4346
f 191/191 4346/4346 653/653
f 1395/1395 2823/2823 25/25
f 2823/2823 7537/7537 49/49
f 25/25 2823/2823 49/49
f 4758/4758 2388/2388 6975/6975
f 6975/6975 2388/2388 3036/3036
f 5605/5605 6096/6096 4348/4348
f 7537/7537 3681/3681 49/49
f 49/49 3681/3681 6881/6881
f 6881/6881 3681/3681 2917/2917
f 5843/5843 1781/1781 6377/6377
f 5843/5843 3280/3280 1781/1781
f 6377/6377 1781/1781 3803/3803
f 6377/6377 3803/3803 4428/4428
f 4831/4831 5253/5253 7232/7232
f 1557/1557 791/791 2256/2256
f 3841/3841 5920/5920 5583/5583
f 2256/2256 791/791 1020/1020
f 5440/5440 2825/2825 6720/6720
f 2825/2825 5544/5544 6720/6720
f 5440/5440 6720/6720 3841/3841
f 24/24 3280/3280 7652/7652
f 3980/3980 2648/2648 6118/6118
f 4763/4763 3559/3559 6589/6589
f 5730/5730 6647/6647 3603/3603
f 5403/5403 2402/2402 2713/2713
f 2713/2713 2402/2402 2459/2459
f 2713/2713 2459/2459 4761/4761
f 4761/4761 2459/2459 1567/1567
f 4761/4761 1567/1567 5643/5643
f 4761/4761 5643/5643 7215/7215
f 7215/7215 5643/5643 3302/3302
f 7215/7215 2823/2823 1395/1395
f 4348/4348 807/807 5977/5977
f 807/807 1262/1262 2074/2074
f 2074/2074 1262/1262 2425/2425
f 2425/2425 1262/1262 5817/5817
f 6248/6248 6222/6222 326/326
f 326/326 6222/6222 4346/4346
f 4346/4346 6222/6222 2513/2513
f 4346/4346 2513/2513 653/653
f 7537/7537 5870/5870 3681/3681
f 1738/1738 2917/2917 1612/1612
f 121/121 3036/3036 2388/2388
f 3803/3803 2758/2758 4428/4428
f 4428/4428 2758/2758 5316/5316
f 5316/5316 5234/5234 5191/5191
f 6561/6561 4831/4831 7232/7232
f 7232/7232 5253/5253 6060/6060
f 5843/5843 4491/4491 3280/3280
f 5253/5253 5395/5395 6060/6060
f 5395/5395 2223/2223 6060/6060
f 6060/6060 2223/2223 5005/5005
f 5005/5005 2223/2223 5967/5967
f 3583/3583 2825/2825 5440/5440
f 5583/5583 5440/5440 3841/3841
f 3280/3280 4708/4708 7652/7652
f 4708/4708 2648/2648 3980/3980
f 7652/7652 4708/4708 3980/3980
f 1151/1151 5556/5556 5857/5857
f 7215/7215 2910/2910 2823/2823
f 7215/7215 3302/3302 2910/2910
f 4348/4348 3561/3561 807/807
f 807/807 4652/4652 1262/1262
f 4652/4652 6044/6044 1262/1262
f 5817/5817 3752/3752 6248/6248
f 6248/6248 3752/3752 6222/6222
f 6222/6222 7567/7567 2513/2513
f 2513/2513 3575/3575 653/653
f 2910/2910 5802/5802 2823/2823
f 2823/2823 5802/5802 5870/5870
f 2823/2823 5870/5870 7537/7537
f 4758/4758 2026/2026 2388/2388
f 2388/2388 2026/2026 121/121
f 3036/3036 121/121 6096/6096
f 6096/6096 121/121 5178/5178
f 5178/5178 1560/1560 6096/6096
f 6096/6096 1560/1560 4348/4348
f 4348/4348 1560/1560 3561/3561
f 3681/3681 5457/5457 2917/2917
f 2917/2917 5457/5457 1612/1612
f 1738/1738 1612/1612 4758/4758
f 1612/1612 2842/2842 4758/4758
f 4758/4758 2842/2842 2026/2026
f 6957/6957 4428/4428 5316/5316
f 6243/6243 5843/5843 6377/6377
f 6243/6243 4491/4491 5843/5843
f 6930/6930 2256/2256 4926/4926
f 5967/5967 2825/2825 3583/3583
f 3583/3583 5440/5440 2179/2179
f 2179/2179 5440/5440 5583/5583
f 4491/4491 2279/2279 3280/3280
f 3280/3280 2279/2279 4708/4708
f 4708/4708 4018/4018 2648/2648
f 2648/2648 4018/4018 4934/4934
f 4117/4117 2882/2882 958/958
f 2402/2402 2613/2613 2459/2459
f 2459/2459 2613/2613 1567/1567
f 3302/3302 5643/5643 6168/6168
f 3302/3302 6168/6168 2910/2910
f 6044/6044 5373/5373 1262/1262
f 1262/1262 5373/5373 5817/5817
f 3752/3752 2154/2154 6222/6222
f 807/807 3561/3561 4652/4652
f 5817/5817 5373/5373 3752/3752
f 6222/6222 2154/2154 7567/7567
f 7567/7567 3575/3575 2513/2513
f 5870/5870 6945/6945 3681/3681
f 3681/3681 6945/6945 5457/5457
f 121/121 2026/2026 5178/5178
f 2941/2941 6243/6243 6467/6467
f 2941/2941 5696/5696 6243/6243
f 6467/6467 4428/4428 3117/3117
f 6957/6957 5316/5316 558/558
f 558/558 5191/5191 663/663
f 4171/4171 6561/6561 2679/2679
f 7232/7232 6060/6060 246/246
f 4926/4926 2256/2256 5630/5630
f 6243/6243 5696/5696 4491/4491
f 6927/6927 5967/5967 1769/1769
f 5967/5967 3583/3583 1769/1769
f 3583/3583 2179/2179 5721/5721
f 5696/5696 2279/2279 4491/4491
f 2041/2041 4018/4018 4708/4708
f 2279/2279 2041/2041 4708/4708
f 5177/5177 6242/6242 5035/5035
f 5256/5256 948/948 1543/1543
f 1589/1589 577/577 2613/2613
f 577/577 1074/1074 2613/2613
f 1567/1567 2613/2613 727/727
f 1567/1567 727/727 4843/4843
f 1567/1567 4843/4843 5643/5643
f 2910/2910 6168/6168 7491/7491
f 2910/2910 7491/7491 7714/7714
f 3561/3561 2428/2428 4652/4652
f 4652/4652 2428/2428 6044/6044
f 2428/2428 7370/7370 6044/6044
f 2154/2154 6303/6303 7567/7567
f 7567/7567 2194/2194 3575/3575
f 2910/2910 7714/7714 5802/5802
f 5870/5870 1714/1714 6945/6945
f 6945/6945 94/94 5457/5457
f 5457/5457 5410/5410 1612/1612
f 1612/1612 5410/5410 2842/2842
f 2842/2842 3563/3563 2026/2026
f 2026/2026 3563/3563 5178/5178
f 3117/3117 4428/4428 6957/6957
f 2679/2679 6561/6561 2153/2153
f 2153/2153 6561/6561 7232/7232
f 5721/5721 4319/4319 5227/5227
f 5005/5005 6927/6927 7391/7391
f 1769/1769 3583/3583 5721/5721
f 5696/5696 7689/7689 2279/2279
f 7689/7689 2041/2041 2279/2279
f 6763/6763 4018/4018 2041/2041
f 1082/1082 5420/5420 72/72
f 2370/2370 6345/6345 5177/5177
f 5177/5177 6345/6345 6242/6242
f 948/948 4082/4082 3418/3418
f 1074/1074 2574/2574 727/727
f 5643/5643 4843/4843 1190/1190
f 5643/5643 1190/1190 6168/6168
f 6044/6044 7370/7370 6117/6117
f 6044/6044 6117/6117 5373/5373
f 5373/5373 1138/1138 3752/3752
f 1138/1138 3015/3015 3752/3752
f 3752/3752 3015/3015 2154/2154
f 7714/7714 551/551 5802/5802
f 5802/5802 551/551 1714/1714
f 5802/5802 1714/1714 5870/5870
f 5457/5457 94/94 5410/5410
f 2842/2842 5410/5410 3563/3563
f 5178/5178 3563/3563 1560/1560
f 3563/3563 1614/1614 1560/1560
f 1614/1614 5404/5404 1560/1560
f 6117/6117 6213/6213 5373/5373
f 5373/5373 6213/6213 1138/1138
f 2154/2154 3015/3015 6303/6303
f 6303/6303 2194/2194 7567/7567
f 94/94 1991/1991 5410/5410
f 2941/2941 6467/6467 3055/3055
f 3055/3055 6467/6467 3117/3117
f 3055/3055 3117/3117 5940/5940
f 558/558 663/663 4620/4620
f 4620/4620 663/663 624/624
f 5227/5227 4319/4319 578/578
f 578/578 4319/4319 7628/7628
f 578/578 7628/7628 1797/1797
f 6843/6843 4611/4611 5696/5696
f 2941/2941 6843/6843 5696/5696
f 4611/4611 4394/4394 5696/5696
f 5696/5696 4394/4394 7689/7689
f 7573/7573 5474/5474 3193/3193
f 7095/7095 2181/2181 5113/5113
f 727/727 4042/4042 4843/4843
f 7714/7714 1024/1024 551/551
f 7714/7714 7491/7491 1024/1024
f 1560/1560 4493/4493 3561/3561
f 3561/3561 4493/4493 2428/2428
f 1714/1714 7624/7624 6945/6945
f 6945/6945 7624/7624 94/94
f 2061/2061 1614/1614 5410/5410
f 5410/5410 1614/1614 3563/3563
f 1560/1560 5404/5404 4493/4493
f 2941/2941 1999/1999 5832/5832
f 624/624 2679/2679 4033/4033
f 2924/2924 5227/5227 578/578
f 2287/2287 4926/4926 5630/5630
f 2941/2941 5832/5832 6843/6843
f 486/486 2153/2153 246/246
f 7391/7391 6927/6927 5152/5152
f 6927/6927 1769/1769 3920/3920
f 3920/3920 1769/1769 5721/5721
f 3920/3920 5721/5721 2924/2924
f 4394/4394 6763/6763 7689/7689
f 7689/7689 6763/6763 2041/2041
f 4128/4128 4729/4729 186/186
f 1987/1987 6091/6091 5606/5606
f 5606/5606 6745/6745 7109/7109
f 6133/6133 2358/2358 3973/3973
f 4139/4139 3069/3069 3784/3784
f 6078/6078 6503/6503 948/948
f 6602/6602 5385/5385 2181/2181
f 2181/2181 373/373 4952/4952
f 4042/4042 5567/5567 4843/4843
f 4843/4843 5567/5567 1190/1190
f 6168/6168 1190/1190 5384/5384
f 6168/6168 5384/5384 7491/7491
f 7491/7491 5384/5384 2768/2768
f 7491/7491 2768/2768 1024/1024
f 2428/2428 4077/4077 7370/7370
f 685/685 6213/6213 6117/6117
f 551/551 4464/4464 1714/1714
f 1714/1714 4464/4464 7624/7624
f 1991/1991 2061/2061 5410/5410
f 1138/1138 4187/4187 3015/3015
f 3015/3015 4187/4187 6303/6303
f 6303/6303 5041/5041 2194/2194
f 94/94 7624/7624 1991/1991
f 1614/1614 2010/2010 5404/5404
f 5940/5940 3117/3117 6625/6625
f 3117/3117 6957/6957 6625/6625
f 3870/3870 558/558 4620/4620
f 4749/4749 1797/1797 4926/4926
f 4749/4749 4926/4926 2287/2287
f 4620/4620 624/624 5574/5574
f 4033/4033 2679/2679 344/344
f 2153/2153 486/486 344/344
f 246/246 7391/7391 6816/6816
f 4394/4394 937/937 6763/6763
f 6763/6763 937/937 7256/7256
f 115/115 3668/3668 4729/4729
f 4901/4901 7135/7135 1987/1987
f 6887/6887 2410/2410 7573/7573
f 7573/7573 2410/2410 6078/6078
f 4077/4077 5683/5683 7370/7370
f 7370/7370 5683/5683 6117/6117
f 6117/6117 5683/5683 685/685
f 1024/1024 7336/7336 551/551
f 551/551 7336/7336 4464/4464
f 4493/4493 4210/4210 2428/2428
f 2428/2428 6296/6296 4077/4077
f 685/685 504/504 6213/6213
f 6213/6213 4187/4187 1138/1138
f 6213/6213 6487/6487 4187/4187
f 2061/2061 1991/1991 4344/4344
f 2061/2061 6892/6892 1614/1614
f 1614/1614 6892/6892 2010/2010
f 2010/2010 4665/4665 5404/5404
f 5404/5404 4665/4665 4210/4210
f 5404/5404 4210/4210 4493/4493
f 6303/6303 12/12 5041/5041
f 12/12 221/221 5041/5041
f 7624/7624 4344/4344 1991/1991
f 3567/3567 1999/1999 3055/3055
f 3567/3567 3055/3055 5940/5940
f 3567/3567 5940/5940 6625/6625
f 3870/3870 4620/4620 5574/5574
f 5574/5574 624/624 4033/4033
f 2287/2287 5630/5630 4411/4411
f 486/486 246/246 6816/6816
f 2382/2382 3920/3920 4467/4467
f 1065/1065 2924/2924 578/578
f 7450/7450 1797/1797 4749/4749
f 5152/5152 6927/6927 3920/3920
f 5152/5152 3920/3920 2382/2382
f 6843/6843 5832/5832 2140/2140
f 2140/2140 6199/6199 4611/4611
f 6843/6843 2140/2140 4611/4611
f 6199/6199 937/937 4394/4394
f 4611/4611 6199/6199 4394/4394
f 4168/4168 4009/4009 1025/1025
f 1025/1025 4009/4009 903/903
f 5567/5567 4633/4633 1190/1190
f 1190/1190 4633/4633 5384/5384
f 5384/5384 4633/4633 202/202
f 5384/5384 202/202 4680/4680
f 5384/5384 4680/4680 2768/2768
f 1024/1024 2768/2768 5872/5872
f 7401/7401 7336/7336 1024/1024
f 1024/1024 5872/5872 7401/7401
f 2428/2428 4210/4210 6296/6296
f 6213/6213 504/504 6487/6487
f 4187/4187 6487/6487 12/12
f 4187/4187 12/12 6303/6303
f 7401/7401 4816/4816 7336/7336
f 7336/7336 4816/4816 4464/4464
f 4816/4816 7599/7599 4464/4464
f 4344/4344 7329/7329 2061/2061
f 1195/1195 4665/4665 2010/2010
f 7599/7599 6067/6067 4464/4464
f 4464/4464 6067/6067 7624/7624
f 3567/3567 1783/1783 1999/1999
f 344/344 486/486 3045/3045
f 486/486 6816/6816 3045/3045
f 4467/4467 3920/3920 1065/1065
f 1065/1065 578/578 4277/4277
f 6199/6199 1304/1304 937/937
f 1342/1342 2209/2209 803/803
f 4009/4009 5039/5039 903/903
f 6644/6644 430/430 6077/6077
f 1957/1957 6610/6610 6047/6047
f 991/991 6981/6981 4633/4633
f 2768/2768 4680/4680 5872/5872
f 6296/6296 5988/5988 4077/4077
f 4077/4077 5988/5988 5683/5683
f 5988/5988 1948/1948 685/685
f 5683/5683 5988/5988 685/685
f 1948/1948 504/504 685/685
f 5872/5872 1954/1954 7401/7401
f 7624/7624 6067/6067 4344/4344
f 6067/6067 838/838 4344/4344
f 4344/4344 838/838 741/741
f 4344/4344 741/741 7329/7329
f 2061/2061 7329/7329 6892/6892
f 1783/1783 3567/3567 4300/4300
f 4300/4300 3567/3567 6625/6625
f 4033/4033 344/344 7333/7333
f 7333/7333 344/344 3045/3045
f 7450/7450 4749/4749 4135/4135
f 1783/1783 2145/2145 1999/1999
f 2145/2145 2140/2140 5832/5832
f 1999/1999 2145/2145 5832/5832
f 1304/1304 128/128 6105/6105
f 3751/3751 7705/7705 6925/6925
f 3278/3278 3509/3509 3412/3412
f 3412/3412 3509/3509 6644/6644
f 1836/1836 430/430 2396/2396
f 1814/1814 7104/7104 692/692
f 6057/6057 1463/1463 3132/3132
f 4633/4633 2422/2422 202/202
f 7401/7401 1954/1954 4816/4816
f 6892/6892 7329/7329 1195/1195
f 6892/6892 1195/1195 2010/2010
f 6296/6296 4210/4210 5988/5988
f 4210/4210 4644/4644 5988/5988
f 1948/1948 2809/2809 504/504
f 504/504 947/947 6487/6487
f 947/947 12/12 6487/6487
f 12/12 3974/3974 221/221
f 7317/7317 3870/3870 4285/4285
f 5574/5574 4033/4033 4285/4285
f 7333/7333 3045/3045 4581/4581
f 4581/4581 3045/3045 6550/6550
f 3045/3045 1749/1749 6550/6550
f 6550/6550 2382/2382 848/848
f 848/848 2382/2382 2940/2940
f 2382/2382 4467/4467 2940/2940
f 4467/4467 1065/1065 2940/2940
f 2940/2940 1065/1065 4277/4277
f 4277/4277 7450/7450 5865/5865
f 2145/2145 7712/7712 2140/2140
f 2140/2140 7712/7712 7519/7519
f 2140/2140 7519/7519 3598/3598
f 2140/2140 3598/3598 6199/6199
f 6199/6199 3598/3598 1304/1304
f 1304/1304 3598/3598 128/128
f 4248/4248 7/7 5221/5221
f 4963/4963 7410/7410 3278/3278
f 501/501 4241/4241 2278/2278
f 2104/2104 2193/2193 434/434
f 434/434 2193/2193 6457/6457
f 202/202 2422/2422 4680/4680
f 4680/4680 2422/2422 7609/7609
f 4665/4665 5901/5901 4210/4210
f 5988/5988 4644/4644 1948/1948
f 4644/4644 2809/2809 1948/1948
f 947/947 3255/3255 12/12
f 3255/3255 3974/3974 12/12
f 1195/1195 7329/7329 2890/2890
f 2890/2890 4125/4125 1195/1195
f 1195/1195 4125/4125 4665/4665
f 4125/4125 5901/5901 4665/4665
f 5901/5901 4644/4644 4210/4210
f 6609/6609 1783/1783 4300/4300
f 4033/4033 7333/7333 4285/4285
f 1783/1783 6609/6609 2145/2145
f 7333/7333 4581/4581 1125/1125
f 848/848 2940/2940 5090/5090
f 4369/4369 2940/2940 5449/5449
f 7519/7519 7712/7712 3598/3598
f 5221/5221 931/931 1342/1342
f 4548/4548 5105/5105 5955/5955
f 1385/1385 4751/4751 2278/2278
f 4799/4799 2193/2193 18/18
f 6457/6457 3315/3315 2016/2016
f 1050/1050 3494/3494 4535/4535
f 3658/3658 3596/3596 2422/2422
f 5872/5872 4680/4680 1699/1699
f 5872/5872 1699/1699 1954/1954
f 1699/1699 7459/7459 1954/1954
f 2809/2809 6755/6755 504/504
f 504/504 6755/6755 947/947
f 7459/7459 7474/7474 4816/4816
f 1954/1954 7459/7459 4816/4816
f 4816/4816 7474/7474 7599/7599
f 7446/7446 3690/3690 6067/6067
f 7599/7599 7446/7446 6067/6067
f 3690/3690 5941/5941 6067/6067
f 6067/6067 5941/5941 838/838
f 5941/5941 3845/3845 741/741
f 838/838 5941/5941 741/741
f 741/741 3845/3845 7329/7329
f 7329/7329 3845/3845 4237/4237
f 7329/7329 4237/4237 2890/2890
f 5901/5901 4499/4499 4644/4644
f 4644/4644 4499/4499 2809/2809
f 3255/3255 6827/6827 3974/3974
f 6609/6609 2861/2861 2145/2145
f 1949/1949 7333/7333 1125/1125
f 4581/4581 6550/6550 1053/1053
f 1053/1053 6550/6550 843/843
f 5617/5617 5865/5865 129/129
f 129/129 5865/5865 5043/5043
f 5263/5263 4135/4135 4411/4411
f 7712/7712 23/23 3598/3598
f 4272/4272 6030/6030 4292/4292
f 7410/7410 3860/3860 5205/5205
f 5205/5205 1066/1066 1084/1084
f 5115/5115 7468/7468 4799/4799
f 3941/3941 2785/2785 3132/3132
f 3132/3132 2785/2785 4651/4651
f 2815/2815 6129/6129 4939/4939
f 4512/4512 784/784 3417/3417
f 3596/3596 4859/4859 2422/2422
f 2422/2422 3819/3819 7609/7609
f 4680/4680 7609/7609 1699/1699
f 1699/1699 3951/3951 7459/7459
f 7474/7474 7446/7446 7599/7599
f 2809/2809 6962/6962 6755/6755
f 6691/6691 2861/2861 6609/6609
f 5043/5043 4135/4135 5263/5263
f 5263/5263 4411/4411 2791/2791
f 2861/2861 124/124 2145/2145
f 2145/2145 4857/4857 7712/7712
f 23/23 1470/1470 3598/3598
f 3886/3886 1516/1516 4768/4768
f 1950/1950 455/455 1939/1939
f 4548/4548 5306/5306 5105/5105
f 5105/5105 5306/5306 7017/7017
f 1385/1385 7017/7017 4183/4183
f 1140/1140 3549/3549 4208/4208
f 6313/6313 7468/7468 5115/5115
f 7468/7468 2138/2138 4799/4799
f 4799/4799 2138/2138 1656/1656
f 2193/2193 1656/1656 44/44
f 2193/2193 4961/4961 3315/3315
f 4651/4651 3063/3063 7638/7638
f 4859/4859 1646/1646 3819/3819
f 7459/7459 3951/3951 7474/7474
f 3690/3690 7703/7703 5941/5941
f 3845/3845 7354/7354 4237/4237
f 4237/4237 7354/7354 240/240
f 4237/4237 240/240 2890/2890
f 2890/2890 6651/6651 4125/4125
f 6651/6651 1514/1514 4125/4125
f 4125/4125 1514/1514 5901/5901
f 4499/4499 4226/4226 2809/2809
f 4226/4226 6962/6962 2809/2809
f 6962/6962 947/947 6755/6755
f 947/947 6962/6962 1255/1255
f 1255/1255 1892/1892 947/947
f 3255/3255 947/947 1892/1892
f 3255/3255 1985/1985 6827/6827
f 3690/3690 5007/5007 7703/7703
f 6691/6691 6609/6609 4220/4220
f 4220/4220 6609/6609 5553/5553
f 5553/5553 1947/1947 847/847
f 5449/5449 5617/5617 129/129
f 124/124 4857/4857 2145/2145
f 4331/4331 23/23 7712/7712
f 4857/4857 4331/4331 7712/7712
f 23/23 1569/1569 1470/1470
f 239/239 7253/7253 3520/3520
f 2759/2759 1603/1603 1140/1140
f 1140/1140 1603/1603 3549/3549
f 6065/6065 3172/3172 6313/6313
f 588/588 7307/7307 2138/2138
f 1656/1656 3318/3318 44/44
f 4961/4961 7633/7633 987/987
f 2785/2785 6006/6006 5118/5118
f 5118/5118 3063/3063 4651/4651
f 3063/3063 5608/5608 2475/2475
f 2475/2475 1055/1055 2815/2815
f 80/80 7210/7210 3763/3763
f 4535/4535 1548/1548 784/784
f 3417/3417 1485/1485 6359/6359
f 1699/1699 4049/4049 3951/3951
f 7474/7474 4606/4606 7446/7446
f 7703/7703 7082/7082 5941/5941
f 3845/3845 5941/5941 7371/7371
f 3845/3845 7371/7371 7354/7354
f 2890/2890 240/240 6651/6651
f 1514/1514 4226/4226 5901/5901
f 5901/5901 4226/4226 4499/4499
f 3255/3255 1892/1892 1985/1985
f 847/847 1947/1947 167/167
f 1125/1125 1053/1053 2777/2777
f 2777/2777 1053/1053 843/843
f 4369/4369 5449/5449 1156/1156
f 5449/5449 129/129 4294/4294
f 931/931 5555/5555 6030/6030
f 3886/3886 7072/7072 1516/1516
f 1489/1489 6285/6285 3913/3913
f 6285/6285 4022/4022 3913/3913
f 7253/7253 5614/5614 823/823
f 4183/4183 3664/3664 2759/2759
f 3172/3172 5842/5842 564/564
f 588/588 4430/4430 7307/7307
f 7307/7307 3318/3318 2138/2138
f 2138/2138 3318/3318 1656/1656
f 44/44 6667/6667 4961/4961
f 4961/4961 6667/6667 7633/7633
f 7633/7633 5584/5584 2785/2785
f 2785/2785 5584/5584 6006/6006
f 5118/5118 1090/1090 3063/3063
f 1055/1055 3826/3826 80/80
f 1646/1646 6519/6519 3819/3819
f 3819/3819 6519/6519 1210/1210
f 1699/1699 10/10 4049/4049
f 3951/3951 4049/4049 7474/7474
f 4049/4049 7025/7025 7474/7474
f 7474/7474 7025/7025 4606/4606
f 4606/4606 5007/5007 7446/7446
f 7446/7446 5007/5007 3690/3690
f 5941/5941 7082/7082 7371/7371
f 1892/1892 2560/2560 1985/1985
f 4220/4220 3639/3639 6691/6691
f 4076/4076 3272/3272 1125/1125
f 1125/1125 2777/2777 4076/4076
f 5090/5090 2980/2980 2777/2777
f 2980/2980 5090/5090 6260/6260
f 5449/5449 4294/4294 1156/1156
f 3639/3639 124/124 2861/2861
f 6691/6691 3639/3639 2861/2861
f 4331/4331 7645/7645 23/23
f 23/23 5611/5611 1569/1569
f 4408/4408 4985/4985 5366/5366
f 5555/5555 2769/2769 6030/6030
f 1516/1516 7072/7072 1489/1489
f 6042/6042 1909/1909 206/206
f 206/206 7589/7589 455/455
f 455/455 7589/7589 239/239
f 3549/3549 1603/1603 6065/6065
f 2424/2424 4430/4430 588/588
f 44/44 6240/6240 5873/5873
f 44/44 5873/5873 6667/6667
f 5584/5584 5844/5844 6006/6006
f 1210/1210 5258/5258 7609/7609
f 7609/7609 5258/5258 3656/3656
f 7609/7609 3656/3656 1699/1699
f 10/10 915/915 4049/4049
f 4049/4049 3006/3006 7025/7025
f 7082/7082 2837/2837 4675/4675
f 7082/7082 4675/4675 7371/7371
f 7371/7371 4675/4675 7354/7354
f 7354/7354 2753/2753 240/240
f 240/240 2753/2753 6848/6848
f 240/240 6848/6848 6651/6651
f 6651/6651 6848/6848 1514/1514
f 6962/6962 2266/2266 1255/1255
f 1255/1255 4079/4079 1892/1892
f 4079/4079 2560/2560 1892/1892
f 4699/4699 847/847 1867/1867
f 847/847 167/167 1867/1867
f 1156/1156 6260/6260 4369/4369
f 6195/6195 5263/5263 7516/7516
f 239/239 7589/7589 4846/4846
f 4846/4846 5614/5614 239/239
f 823/823 271/271 3240/3240
f 2759/2759 4921/4921 3695/3695
f 564/564 5842/5842 2424/2424
f 4430/4430 4020/4020 7307/7307
f 7307/7307 592/592 3318/3318
f 3318/3318 592/592 6240/6240
f 3318/3318 6240/6240 44/44
f 6667/6667 5873/5873 4617/4617
f 6667/6667 4617/4617 7633/7633
f 6006/6006 2347/2347 1090/1090
f 1090/1090 155/155 5608/5608
f 7210/7210 3638/3638 5079/5079
f 6519/6519 7524/7524 1210/1210
f 915/915 3006/3006 4049/4049
f 7647/7647 2266/2266 4226/4226
f 4226/4226 2266/2266 6962/6962
f 7703/7703 2837/2837 7082/7082
f 4675/4675 2313/2313 7354/7354
f 2313/2313 6277/6277 7354/7354
f 2753/2753 7354/7354 6277/6277
f 2753/2753 7291/7291 6848/6848
f 7291/7291 2788/2788 6848/6848
f 6848/6848 6019/6019 1514/1514
f 6848/6848 2788/2788 6019/6019
f 1514/1514 6019/6019 4226/4226
f 2266/2266 4079/4079 1255/1255
f 1867/1867 7614/7614 4410/4410
f 3008/3008 3639/3639 4220/4220
f 4243/4243 3272/3272 2851/2851
f 3573/3573 5289/5289 4331/4331
f 4857/4857 3573/3573 4331/4331
f 4331/4331 5289/5289 7645/7645
f 733/733 620/620 4408/4408
f 4408/4408 620/620 4985/4985
f 6021/6021 3212/3212 4011/4011
f 3212/3212 5140/5140 4011/4011
f 4011/4011 5140/5140 2322/2322
f 2322/2322 1215/1215 7072/7072
f 40/40 2109/2109 4022/4022
f 5614/5614 3018/3018 271/271
f 2424/2424 2327/2327 4430/4430
f 4020/4020 4194/4194 7307/7307
f 7307/7307 4194/4194 592/592
f 592/592 5685/5685 6240/6240
f 6240/6240 5685/5685 5873/5873
f 5873/5873 5685/5685 6769/6769
f 6769/6769 1409/1409 4617/4617
f 5873/5873 6769/6769 4617/4617
f 7633/7633 4617/4617 5584/5584
f 4617/4617 4072/4072 5584/5584
f 4072/4072 5844/5844 5584/5584
f 5844/5844 719/719 2347/2347
f 6006/6006 5844/5844 2347/2347
f 2347/2347 155/155 1090/1090
f 155/155 3342/3342 7036/7036
f 3826/3826 5057/5057 6845/6845
f 5079/5079 3638/3638 2312/2312
f 5258/5258 4685/4685 3656/3656
f 1699/1699 3656/3656 10/10
f 6019/6019 7647/7647 4226/4226
f 3006/3006 915/915 5746/5746
f 3006/3006 5746/5746 7025/7025
f 7025/7025 5746/5746 2507/2507
f 7025/7025 2507/2507 4606/4606
f 4606/4606 2507/2507 5007/5007
f 7703/7703 7604/7604 2837/2837
f 3008/3008 4699/4699 1022/1022
f 4985/4985 5145/5145 5823/5823
f 7072/7072 1467/1467 3764/3764
f 3764/3764 2348/2348 6285/6285
f 6285/6285 7207/7207 40/40
f 2109/2109 4046/4046 2938/2938
f 5614/5614 5/5 3018/3018
f 4921/4921 2841/2841 3695/3695
f 4430/4430 2327/2327 4020/4020
f 4020/4020 5624/5624 4194/4194
f 4194/4194 2537/2537 592/592
f 592/592 2537/2537 5685/5685
f 4072/4072 3789/3789 5844/5844
f 6277/6277 7291/7291 2753/2753
f 4079/4079 7384/7384 2560/2560
f 2560/2560 7384/7384 2569/2569
f 2507/2507 2216/2216 5007/5007
f 2216/2216 7604/7604 5007/5007
f 5007/5007 7604/7604 7703/7703
f 2474/2474 2313/2313 4675/4675
f 1100/1100 2364/2364 3008/3008
f 1022/1022 4699/4699 5465/5465
f 2851/2851 4076/4076 6956/6956
f 3008/3008 2364/2364 3639/3639
f 2980/2980 6260/6260 6256/6256
f 2364/2364 4051/4051 124/124
f 3639/3639 2364/2364 124/124
f 4051/4051 3573/3573 4857/4857
f 124/124 4051/4051 4857/4857
f 5289/5289 2637/2637 7645/7645
f 2637/2637 620/620 733/733
f 7645/7645 2637/2637 733/733
f 620/620 5145/5145 4985/4985
f 5823/5823 1167/1167 5555/5555
f 5555/5555 1167/1167 2442/2442
f 1467/1467 2348/2348 3764/3764
f 2348/2348 182/182 7207/7207
f 40/40 4046/4046 2109/2109
f 1246/1246 1056/1056 7589/7589
f 5/5 2343/2343 3018/3018
f 1420/1420 1359/1359 6159/6159
f 1420/1420 6159/6159 2895/2895
f 2895/2895 690/690 4921/4921
f 4921/4921 690/690 2841/2841
f 4772/4772 500/500 2327/2327
f 4772/4772 2327/2327 5842/5842
f 2327/2327 5624/5624 4020/4020
f 5624/5624 4733/4733 898/898
f 5624/5624 898/898 4194/4194
f 4194/4194 898/898 2537/2537
f 2537/2537 6435/6435 5685/5685
f 5685/5685 6574/6574 6769/6769
f 6769/6769 6574/6574 1409/1409
f 4617/4617 1409/1409 5259/5259
f 4617/4617 5259/5259 4072/4072
f 4072/4072 5259/5259 3789/3789
f 3789/3789 3303/3303 5844/5844
f 5844/5844 3303/3303 719/719
f 5057/5057 3342/3342 2765/2765
f 6876/6876 7434/7434 1562/1562
f 2004/2004 5995/5995 3275/3275
f 10/10 1131/1131 915/915
f 1131/1131 3229/3229 915/915
f 915/915 3229/3229 5746/5746
f 2313/2313 2474/2474 6277/6277
f 6019/6019 2788/2788 2262/2262
f 2262/2262 7647/7647 6019/6019
f 4079/4079 511/511 7384/7384
f 2569/2569 7384/7384 4276/4276
f 5746/5746 3229/3229 1288/1288
f 5746/5746 1288/1288 2507/2507
f 7161/7161 1867/1867 615/615
f 3573/3573 4051/4051 5289/5289
f 5823/5823 1081/1081 1167/1167
f 5140/5140 2124/2124 1215/1215
f 2124/2124 1467/1467 1215/1215
f 4046/4046 1056/1056 1246/1246
f 4846/4846 7613/7613 2343/2343
f 2841/2841 2562/2562 3695/3695
f 2562/2562 2921/2921 4498/4498
f 2327/2327 2121/2121 5624/5624
f 2537/2537 898/898 6435/6435
f 6435/6435 7558/7558 5685/5685
f 5685/5685 7558/7558 6574/6574
f 6574/6574 1805/1805 1409/1409
f 1409/1409 2925/2925 5259/5259
f 5259/5259 3649/3649 3789/3789
f 3789/3789 3649/3649 3303/3303
f 719/719 6178/6178 5045/5045
f 2325/2325 2981/2981 4685/4685
f 2981/2981 5450/5450 4685/4685
f 4685/4685 3041/3041 3656/3656
f 2837/2837 5032/5032 4675/4675
f 4675/4675 5032/5032 2474/2474
f 2474/2474 3617/3617 6277/6277
f 6277/6277 3617/3617 7291/7291
f 3617/3617 496/496 2788/2788
f 7291/7291 3617/3617 2788/2788
f 2788/2788 496/496 2262/2262
f 2262/2262 4375/4375 7647/7647
f 7647/7647 4375/4375 2266/2266
f 4375/4375 511/511 2266/2266
f 2266/2266 511/511 4079/4079
f 3251/3251 4276/4276 7384/7384
f 2216/2216 7644/7644 7604/7604
f 7604/7604 5032/5032 2837/2837
f 7604/7604 7644/7644 5032/5032
f 1100/1100 5704/5704 2364/2364
f 1257/1257 6956/6956 3037/3037
f 2980/2980 6256/6256 5320/5320
f 1161/1161 4294/4294 3009/3009
f 4051/4051 7324/7324 5289/5289
f 620/620 1584/1584 5145/5145
f 5145/5145 1584/1584 1081/1081
f 1467/1467 4848/4848 740/740
f 2348/2348 4247/4247 182/182
f 182/182 5896/5896 7207/7207
f 7207/7207 5896/5896 4046/4046
f 2343/2343 31/31 3018/3018
f 3018/3018 31/31 4898/4898
f 3707/3707 4898/4898 1417/1417
f 3707/3707 1537/1537 1359/1359
f 468/468 4863/4863 6268/6268
f 4863/4863 5034/5034 4772/4772
f 4772/4772 5034/5034 500/500
f 500/500 2121/2121 2327/2327
f 2121/2121 4733/4733 5624/5624
f 7558/7558 7469/7469 6574/6574
f 1805/1805 2925/2925 1409/1409
f 3303/3303 3076/3076 719/719
f 6178/6178 2294/2294 5045/5045
f 3342/3342 2294/2294 446/446
f 938/938 3180/3180 2868/2868
f 7434/7434 1660/1660 1562/1562
f 10/10 3656/3656 1131/1131
f 3229/3229 3189/3189 1288/1288
f 5032/5032 3437/3437 2474/2474
f 2474/2474 3437/3437 3617/3617
f 7384/7384 511/511 3251/3251
f 615/615 7358/7358 1311/1311
f 256/256 6258/6258 4161/4161
f 7255/7255 6412/6412 2364/2364
f 5704/5704 7255/7255 2364/2364
f 338/338 4891/4891 2096/2096
f 3750/3750 1161/1161 3009/3009
f 4294/4294 3635/3635 3009/3009
f 1465/1465 7324/7324 4051/4051
f 620/620 780/780 1584/1584
f 1584/1584 6038/6038 1081/1081
f 1081/1081 6038/6038 476/476
f 1081/1081 476/476 1167/1167
f 1167/1167 476/476 2442/2442
f 2124/2124 2956/2956 3805/3805
f 3805/3805 3204/3204 2124/2124
f 1467/1467 1133/1133 4848/4848
f 4848/4848 4247/4247 740/740
f 182/182 745/745 5896/5896
f 4046/4046 6862/6862 1056/1056
f 7613/7613 5778/5778 2343/2343
f 3707/3707 1417/1417 1537/1537
f 2895/2895 4343/4343 690/690
f 2921/2921 6608/6608 468/468
f 500/500 5034/5034 1462/1462
f 2121/2121 5438/5438 4733/4733
f 4733/4733 6717/6717 898/898
f 898/898 6717/6717 691/691
f 898/898 691/691 6435/6435
f 6574/6574 7469/7469 1805/1805
f 7469/7469 2925/2925 1805/1805
f 2925/2925 5051/5051 5259/5259
f 5259/5259 5051/5051 3649/3649
f 3649/3649 3427/3427 3303/3303
f 3303/3303 3427/3427 3076/3076
f 719/719 3076/3076 6178/6178
f 6178/6178 7671/7671 2294/2294
f 2868/2868 3180/3180 999/999
f 3301/3301 151/151 1579/1579
f 2981/2981 443/443 5450/5450
f 3617/3617 6934/6934 496/496
f 2262/2262 2850/2850 4375/4375
f 2850/2850 320/320 4375/4375
f 320/320 511/511 4375/4375
f 511/511 6432/6432 3251/3251
f 3229/3229 1131/1131 3189/3189
f 1311/1311 7358/7358 6787/6787
f 7358/7358 1257/1257 6787/6787
f 6787/6787 1257/1257 2602/2602
f 1257/1257 3037/3037 2602/2602
f 2096/2096 4891/4891 6004/6004
f 6412/6412 5063/5063 2364/2364
f 5063/5063 1465/1465 4051/4051
f 2364/2364 5063/5063 4051/4051
f 7324/7324 4179/4179 2637/2637
f 2637/2637 4179/4179 780/780
f 476/476 3555/3555 2442/2442
f 182/182 4247/4247 745/745
f 5778/5778 6122/6122 2343/2343
f 2343/2343 6122/6122 31/31
f 1359/1359 1537/1537 2064/2064
f 2064/2064 1852/1852 6159/6159
f 690/690 1521/1521 2841/2841
f 468/468 7168/7168 4863/4863
f 4863/4863 7168/7168 5034/5034
f 1462/1462 2575/2575 500/500
f 500/500 2575/2575 2121/2121
f 2121/2121 2575/2575 5438/5438
f 5438/5438 174/174 4733/4733
f 174/174 6717/6717 4733/4733
f 6717/6717 4748/4748 691/691
f 691/691 2342/2342 6435/6435
f 6435/6435 2342/2342 7558/7558
f 7558/7558 3680/3680 7469/7469
f 7469/7469 1339/1339 2925/2925
f 1339/1339 6476/6476 2925/2925
f 6476/6476 5051/5051 2925/2925
f 3649/3649 5051/5051 3427/3427
f 3427/3427 3312/3312 3076/3076
f 3076/3076 5499/5499 6178/6178
f 2294/2294 37/37 446/446
f 446/446 37/37 6615/6615
f 443/443 98/98 5450/5450
f 5450/5450 1616/1616 3041/3041
f 3041/3041 1616/1616 5595/5595
f 3041/3041 5595/5595 3656/3656
f 3656/3656 5595/5595 1131/1131
f 306/306 340/340 3437/3437
f 6934/6934 537/537 496/496
f 496/496 2906/2906 2262/2262
f 511/511 3226/3226 6432/6432
f 3189/3189 7553/7553 1288/1288
f 1288/1288 1027/1027 2507/2507
f 2507/2507 1027/1027 2216/2216
f 2216/2216 7002/7002 7644/7644
f 7644/7644 3048/3048 5032/5032
f 5704/5704 2159/2159 7255/7255
f 5320/5320 6256/6256 3750/3750
f 3750/3750 3009/3009 4113/4113
f 2305/2305 3635/3635 4130/4130
f 1465/1465 7094/7094 7324/7324
f 3555/3555 5548/5548 3805/3805
f 1133/1133 7397/7397 4848/4848
f 4848/4848 6506/6506 4247/4247
f 4247/4247 237/237 745/745
f 237/237 1972/1972 745/745
f 3382/3382 5778/5778 7613/7613
f 1417/1417 48/48 1537/1537
f 1852/1852 4343/4343 6159/6159
f 7168/7168 3735/3735 5034/5034
f 2575/2575 4345/4345 5438/5438
f 5438/5438 4345/4345 174/174
f 6717/6717 174/174 4748/4748
f 691/691 396/396 2342/2342
f 2342/2342 3680/3680 7558/7558
f 6476/6476 3427/3427 5051/5051
f 3076/3076 3312/3312 5499/5499
f 6178/6178 5499/5499 7671/7671
f 2294/2294 7671/7671 37/37
f 3718/3718 5236/5236 3180/3180
f 1616/1616 919/919 5595/5595
f 2262/2262 2906/2906 2850/2850
f 1131/1131 7553/7553 3189/3189
f 3048/3048 2265/2265 5032/5032
f 5032/5032 306/306 3437/3437
f 3437/3437 340/340 6934/6934
f 3437/3437 6934/6934 3617/3617
f 496/496 537/537 2906/2906
f 7553/7553 5228/5228 1288/1288
f 1288/1288 5228/5228 1027/1027
f 2216/2216 1027/1027 7002/7002
f 7002/7002 3048/3048 7644/7644
f 2602/2602 3037/3037 5313/5313
f 1584/1584 4552/4552 6038/6038
f 3805/3805 5548/5548 3204/3204
f 6506/6506 237/237 4247/4247
f 1537/1537 48/48 3149/3149
f 1537/1537 3149/3149 2064/2064
f 1521/1521 2101/2101 7545/7545
f 7545/7545 2101/2101 6608/6608
f 6608/6608 3735/3735 7168/7168
f 4345/4345 4579/4579 174/174
f 4748/4748 396/396 691/691
f 3680/3680 6698/6698 7469/7469
f 7469/7469 6698/6698 1596/1596
f 7469/7469 1596/1596 1339/1339
f 5499/5499 4701/4701 7671/7671
f 6615/6615 37/37 2077/2077
f 6544/6544 405/405 5472/5472
f 6338/6338 5884/5884 7244/7244
f 82/82 919/919 1616/1616
f 5595/5595 3889/3889 1131/1131
f 2850/2850 6640/6640 320/320
f 6432/6432 6909/6909 3251/3251
f 3251/3251 6909/6909 4276/4276
f 7553/7553 5210/5210 5228/5228
f 5032/5032 2265/2265 306/306
f 900/900 7368/7368 7255/7255
f 2159/2159 900/900 7255/7255
f 5320/5320 3750/3750 7710/7710
f 7255/7255 7368/7368 6412/6412
f 7094/7094 895/895 4179/4179
f 4179/4179 895/895 780/780
f 780/780 3473/3473 4552/4552
f 780/780 4552/4552 1584/1584
f 5548/5548 4914/4914 3204/3204
f 3204/3204 4914/4914 1133/1133
f 4914/4914 7397/7397 1133/1133
f 7397/7397 6506/6506 4848/4848
f 1972/1972 4437/4437 5896/5896
f 6862/6862 4437/4437 914/914
f 914/914 6372/6372 7572/7572
f 7572/7572 6372/6372 3382/3382
f 5705/5705 5778/5778 3382/3382
f 6122/6122 2122/2122 4465/4465
f 591/591 48/48 1417/1417
f 1852/1852 3149/3149 3310/3310
f 4579/4579 2726/2726 174/174
f 2726/2726 4748/4748 174/174
f 4748/4748 4605/4605 396/396
f 2342/2342 396/396 6072/6072
f 1339/1339 4929/4929 6476/6476
f 4929/4929 3025/3025 6476/6476
f 5560/5560 5557/5557 5499/5499
f 5499/5499 5557/5557 4701/4701
f 6918/6918 1281/1281 37/37
f 1281/1281 2988/2988 2077/2077
f 37/37 1281/1281 2077/2077
f 919/919 6794/6794 385/385
f 919/919 385/385 5595/5595
f 1131/1131 3889/3889 7553/7553
f 340/340 306/306 293/293
f 340/340 293/293 6934/6934
f 293/293 6449/6449 6934/6934
f 6934/6934 6449/6449 537/537
f 537/537 6449/6449 2906/2906
f 6449/6449 5334/5334 2906/2906
f 5334/5334 6640/6640 2906/2906
f 2906/2906 6640/6640 2850/2850
f 6640/6640 6102/6102 320/320
f 320/320 6102/6102 2244/2244
f 320/320 2244/2244 511/511
f 2244/2244 3226/3226 511/511
f 3226/3226 2244/2244 6963/6963
f 6963/6963 6909/6909 6432/6432
f 3226/3226 6963/6963 6432/6432
f 6963/6963 7314/7314 6909/6909
f 1027/1027 4279/4279 2239/2239
f 1027/1027 2239/2239 7002/7002
f 899/899 5578/5578 7002/7002
f 7002/7002 5578/5578 3048/3048
f 5578/5578 2265/2265 3048/3048
f 2876/2876 6004/6004 1585/1585
f 4482/4482 2305/2305 4130/4130
f 5471/5471 4130/4130 4161/4161
f 7368/7368 6523/6523 6412/6412
f 6523/6523 3856/3856 5063/5063
f 6412/6412 6523/6523 5063/5063
f 3856/3856 7094/7094 1465/1465
f 5063/5063 3856/3856 1465/1465
f 4552/4552 6566/6566 6038/6038
f 6038/6038 6566/6566 1651/1651
f 6038/6038 1651/1651 476/476
f 3382/3382 6372/6372 5705/5705
f 5778/5778 5705/5705 6122/6122
f 6122/6122 6757/6757 2122/2122
f 3059/3059 1711/1711 2101/2101
f 2101/2101 7439/7439 6608/6608
f 3735/3735 4897/4897 1462/1462
f 1462/1462 616/616 2575/2575
f 2575/2575 517/517 4345/4345
f 6072/6072 3680/3680 2342/2342
f 3680/3680 6262/6262 6698/6698
f 6698/6698 6262/6262 1596/1596
f 6262/6262 184/184 1596/1596
f 1596/1596 1175/1175 1339/1339
f 1339/1339 1175/1175 4929/4929
f 3025/3025 2360/2360 6476/6476
f 6476/6476 2360/2360 3427/3427
f 4701/4701 4158/4158 7671/7671
f 7671/7671 4158/4158 6918/6918
f 3491/3491 1408/1408 4488/4488
f 82/82 2740/2740 919/919
f 5595/5595 385/385 3889/3889
f 3889/3889 4590/4590 5210/5210
f 7553/7553 3889/3889 5210/5210
f 293/293 4122/4122 6449/6449
f 5228/5228 4279/4279 1027/1027
f 7002/7002 2239/2239 899/899
f 2159/2159 5129/5129 900/900
f 3095/3095 2602/2602 3906/3906
f 3906/3906 5313/5313 1822/1822
f 5471/5471 2992/2992 1593/1593
f 4526/4526 5320/5320 7710/7710
f 3473/3473 1013/1013 4552/4552
f 1651/1651 2482/2482 3555/3555
f 3555/3555 2482/2482 5548/5548
f 4914/4914 6330/6330 7397/7397
f 4700/4700 1528/1528 6506/6506
f 1972/1972 914/914 4437/4437
f 5705/5705 3558/3558 6122/6122
f 6122/6122 3558/3558 1826/1826
f 2122/2122 6757/6757 591/591
f 48/48 775/775 3149/3149
f 3149/3149 778/778 3310/3310
f 3310/3310 6302/6302 4343/4343
f 6608/6608 4322/4322 3735/3735
f 4897/4897 616/616 1462/1462
f 517/517 4579/4579 4345/4345
f 2726/2726 4605/4605 4748/4748
f 396/396 4605/4605 2671/2671
f 6072/6072 4283/4283 3680/3680
f 3680/3680 4283/4283 6262/6262
f 2360/2360 864/864 3312/3312
f 864/864 3247/3247 3312/3312
f 3312/3312 3247/3247 5560/5560
f 3889/3889 2702/2702 4590/4590
f 6449/6449 77/77 5334/5334
f 4590/4590 1858/1858 5210/5210
f 5210/5210 1858/1858 5228/5228
f 5228/5228 1858/1858 4279/4279
f 2265/2265 2565/2565 306/306
f 306/306 376/376 293/293
f 198/198 7719/7719 3401/3401
f 3856/3856 7044/7044 7094/7094
f 7094/7094 7044/7044 895/895
f 895/895 5243/5243 3473/3473
f 4552/4552 1013/1013 6566/6566
f 5548/5548 2482/2482 4914/4914
f 2482/2482 6330/6330 4914/4914
f 237/237 993/993 1972/1972
f 1711/1711 7439/7439 2101/2101
f 4322/4322 4897/4897 3735/3735
f 616/616 517/517 2575/2575
f 517/517 3961/3961 4579/4579
f 396/396 2671/2671 6072/6072
f 184/184 1175/1175 1596/1596
f 4929/4929 4026/4026 3025/3025
f 4158/4158 5142/5142 6918/6918
f 6794/6794 5897/5897 1280/1280
f 6794/6794 1280/1280 385/385
f 385/385 1280/1280 5758/5758
f 385/385 5758/5758 3889/3889
f 3889/3889 5758/5758 2702/2702
f 5334/5334 5521/5521 6640/6640
f 6102/6102 4254/4254 2244/2244
f 2565/2565 376/376 306/306
f 376/376 7249/7249 293/293
f 7249/7249 4122/4122 293/293
f 6449/6449 4122/4122 77/77
f 6963/6963 3933/3933 7314/7314
f 7314/7314 1788/1788 6909/6909
f 5578/5578 2565/2565 2265/2265
f 384/384 198/198 3401/3401
f 3401/3401 7719/7719 230/230
f 5129/5129 4472/4472 900/900
f 1822/1822 1935/1935 661/661
f 900/900 4472/4472 7368/7368
f 7044/7044 4528/4528 895/895
f 895/895 4528/4528 5243/5243
f 3473/3473 5243/5243 1013/1013
f 1013/1013 1718/1718 6566/6566
f 6566/6566 1718/1718 7700/7700
f 6566/6566 7700/7700 1651/1651
f 1651/1651 7700/7700 2486/2486
f 1651/1651 2486/2486 2482/2482
f 4700/4700 1550/1550 1528/1528
f 1550/1550 6301/6301 1528/1528
f 1528/1528 6301/6301 237/237
f 6301/6301 993/993 237/237
f 1972/1972 2108/2108 914/914
f 914/914 4572/4572 6372/6372
f 6372/6372 4572/4572 5705/5705
f 5705/5705 401/401 3558/3558
f 1826/1826 6993/6993 6757/6757
f 6993/6993 61/61 2686/2686
f 591/591 6993/6993 2686/2686
f 3961/3961 2726/2726 4579/4579
f 4605/4605 4780/4780 2671/2671
f 184/184 4256/4256 1175/1175
f 1175/1175 4256/4256 4026/4026
f 1175/1175 4026/4026 4929/4929
f 4026/4026 5116/5116 3025/3025
f 3025/3025 5116/5116 2360/2360
f 2360/2360 5116/5116 864/864
f 864/864 2196/2196 3247/3247
f 6918/6918 7089/7089 1281/1281
f 2988/2988 1281/1281 5820/5820
f 3718/3718 2988/2988 6261/6261
f 77/77 4420/4420 5334/5334
f 4420/4420 5521/5521 5334/5334
f 6640/6640 5521/5521 4254/4254
f 6640/6640 4254/4254 6102/6102
f 4254/4254 3939/3939 2244/2244
f 2244/2244 3939/3939 6963/6963
f 3939/3939 4381/4381 6963/6963
f 6963/6963 4381/4381 3933/3933
f 3933/3933 1788/1788 7314/7314
f 2702/2702 2218/2218 4590/4590
f 4590/4590 2218/2218 1858/1858
f 3033/3033 3906/3906 7008/7008
f 6523/6523 7044/7044 3856/3856
f 5243/5243 6270/6270 1013/1013
f 6107/6107 6330/6330 2482/2482
f 993/993 2108/2108 1972/1972
f 914/914 2108/2108 4572/4572
f 4572/4572 401/401 5705/5705
f 3558/3558 4542/4542 1826/1826
f 4897/4897 1307/1307 616/616
f 616/616 2856/2856 517/517
f 517/517 2856/2856 3961/3961
f 3961/3961 5117/5117 2726/2726
f 2726/2726 5117/5117 4605/4605
f 6072/6072 4844/4844 4283/4283
f 4283/4283 941/941 6262/6262
f 6262/6262 4256/4256 184/184
f 6832/6832 5116/5116 4026/4026
f 5116/5116 2196/2196 864/864
f 5560/5560 3247/3247 5557/5557
f 4158/4158 2699/2699 5142/5142
f 6918/6918 5142/5142 7089/7089
f 7089/7089 5820/5820 1281/1281
f 5820/5820 2787/2787 2988/2988
f 4738/4738 6261/6261 5620/5620
f 5238/5238 5859/5859 5897/5897
f 2565/2565 303/303 376/376
f 376/376 4088/4088 7249/7249
f 4122/4122 1821/1821 77/77
f 77/77 1821/1821 4420/4420
f 1788/1788 3933/3933 308/308
f 1858/1858 2218/2218 6749/6749
f 1858/1858 6749/6749 4279/4279
f 2239/2239 4717/4717 899/899
f 899/899 4717/4717 6470/6470
f 899/899 6470/6470 5578/5578
f 5578/5578 6470/6470 2565/2565
f 5390/5390 1593/1593 1277/1277
f 5129/5129 1622/1622 4472/4472
f 661/661 1935/1935 2566/2566
f 4472/4472 6149/6149 7368/7368
f 7368/7368 6149/6149 6523/6523
f 6523/6523 6149/6149 7044/7044
f 4528/4528 7261/7261 5243/5243
f 1013/1013 6270/6270 1718/1718
f 6107/6107 1163/1163 6330/6330
f 1163/1163 7693/7693 6330/6330
f 6330/6330 7693/7693 4700/4700
f 7693/7693 6398/6398 4700/4700
f 4700/4700 3026/3026 1550/1550
f 993/993 6301/6301 2008/2008
f 993/993 2008/2008 7018/7018
f 4572/4572 192/192 401/401
f 401/401 4542/4542 3558/3558
f 4542/4542 2741/2741 1826/1826
f 1826/1826 2741/2741 6993/6993
f 6993/6993 2741/2741 61/61
f 61/61 6271/6271 775/775
f 6271/6271 5358/5358 775/775
f 6271/6271 7292/7292 778/778
f 5358/5358 6271/6271 778/778
f 778/778 3610/3610 6302/6302
f 1711/1711 1102/1102 7439/7439
f 7439/7439 1102/1102 459/459
f 4322/4322 459/459 4164/4164
f 4322/4322 4164/4164 4897/4897
f 1307/1307 2856/2856 616/616
f 4256/4256 113/113 4026/4026
f 4026/4026 113/113 3648/3648
f 5116/5116 1745/1745 2196/2196
f 2196/2196 132/132 3247/3247
f 3247/3247 713/713 5557/5557
f 5557/5557 713/713 2699/2699
f 5142/5142 1517/1517 7089/7089
f 4750/4750 1779/1779 1774/1774
f 5897/5897 7190/7190 1280/1280
f 5758/5758 1280/1280 2702/2702
f 840/840 2414/2414 5521/5521
f 5521/5521 2414/2414 4254/4254
f 4279/4279 1205/1205 2239/2239
f 6470/6470 303/303 2565/2565
f 303/303 4088/4088 376/376
f 7249/7249 4088/4088 4122/4122
f 308/308 4771/4771 1788/1788
f 1/1 3033/3033 7008/7008
f 1622/1622 6619/6619 4472/4472
f 6149/6149 1595/1595 7044/7044
f 7044/7044 1595/1595 4528/4528
f 5243/5243 7261/7261 6270/6270
f 1718/1718 1155/1155 7700/7700
f 7700/7700 1155/1155 193/193
f 7700/7700 193/193 2486/2486
f 193/193 1163/1163 2486/2486
f 2486/2486 1163/1163 6107/6107
f 4700/4700 6398/6398 3026/3026
f 1550/1550 3026/3026 6301/6301
f 6301/6301 3026/3026 7698/7698
f 6301/6301 7698/7698 2008/2008
f 7018/7018 109/109 4572/4572
f 4572/4572 109/109 192/192
f 192/192 3595/3595 401/401
f 401/401 3595/3595 4542/4542
f 61/61 2741/2741 4993/4993
f 61/61 4993/4993 6271/6271
f 778/778 7292/7292 3610/3610
f 6302/6302 3610/3610 1117/1117
f 6302/6302 1117/1117 1383/1383
f 4897/4897 4164/4164 1307/1307
f 2856/2856 347/347 3961/3961
f 3961/3961 347/347 5117/5117
f 5117/5117 2053/2053 4605/4605
f 1030/1030 6072/6072 2671/2671
f 4283/4283 4844/4844 5766/5766
f 4283/4283 5766/5766 941/941
f 6262/6262 941/941 4256/4256
f 4256/4256 941/941 113/113
f 3648/3648 6832/6832 4026/4026
f 6832/6832 7587/7587 5116/5116
f 5116/5116 7587/7587 1745/1745
f 2196/2196 1745/1745 132/132
f 132/132 713/713 3247/3247
f 6261/6261 5031/5031 5620/5620
f 1280/1280 7190/7190 3716/3716
f 1280/1280 3716/3716 2702/2702
f 2702/2702 348/348 2218/2218
f 4420/4420 2511/2511 5521/5521
f 2414/2414 3939/3939 4254/4254
f 7692/7692 7034/7034 3939/3939
f 3939/3939 7034/7034 4381/4381
f 4381/4381 7034/7034 3933/3933
f 2218/2218 7598/7598 6749/6749
f 6749/6749 1205/1205 4279/4279
f 1205/1205 4717/4717 2239/2239
f 6619/6619 6331/6331 4472/4472
f 4472/4472 6331/6331 6149/6149
f 1595/1595 6884/6884 4528/4528
f 4528/4528 6884/6884 7261/7261
f 6270/6270 1155/1155 1718/1718
f 1163/1163 3967/3967 7693/7693
f 4221/4221 6271/6271 4993/4993
f 4164/4164 7455/7455 1307/1307
f 1307/1307 7455/7455 2856/2856
f 4605/4605 5348/5348 4780/4780
f 6072/6072 1030/1030 4844/4844
f 1745/1745 2215/2215 132/132
f 5723/5723 1517/1517 5142/5142
f 7190/7190 41/41 3716/3716
f 2702/2702 3716/3716 348/348
f 1821/1821 2511/2511 4420/4420
f 2511/2511 840/840 5521/5521
f 348/348 7598/7598 2218/2218
f 303/303 2512/2512 4088/4088
f 2512/2512 4239/4239 4088/4088
f 4088/4088 2653/2653 4122/4122
f 4122/4122 2653/2653 1821/1821
f 4297/4297 2511/2511 1821/1821
f 7034/7034 374/374 3933/3933
f 374/374 308/308 3933/3933
f 6331/6331 1595/1595 6149/6149
f 7261/7261 5085/5085 6270/6270
f 6270/6270 5085/5085 1155/1155
f 193/193 2206/2206 1163/1163
f 1163/1163 2206/2206 3967/3967
f 3967/3967 1815/1815 7693/7693
f 7693/7693 1815/1815 6398/6398
f 6398/6398 5324/5324 3026/3026
f 7698/7698 3026/3026 4792/4792
f 7698/7698 4792/4792 2008/2008
f 2008/2008 4280/4280 7018/7018
f 7018/7018 4280/4280 109/109
f 4542/4542 309/309 2741/2741
f 2741/2741 309/309 4221/4221
f 2741/2741 4221/4221 4993/4993
f 6271/6271 1011/1011 7292/7292
f 7292/7292 4730/4730 3610/3610
f 3610/3610 6210/6210 1117/1117
f 1117/1117 6210/6210 7051/7051
f 1117/1117 7051/7051 1383/1383
f 1383/1383 7051/7051 6440/6440
f 1383/1383 6440/6440 1102/1102
f 7113/7113 3144/3144 1102/1102
f 1102/1102 3144/3144 459/459
f 3144/3144 4164/4164 459/459
f 7455/7455 6205/6205 2856/2856
f 2856/2856 3540/3540 347/347
f 347/347 1756/1756 5117/5117
f 1756/1756 2053/2053 5117/5117
f 2053/2053 5348/5348 4605/4605
f 132/132 2651/2651 713/713
f 713/713 907/907 2699/2699
f 2699/2699 907/907 5723/5723
f 5820/5820 7551/7551 7631/7631
f 3716/3716 56/56 348/348
f 2653/2653 4297/4297 1821/1821
f 2414/2414 7692/7692 3939/3939
f 308/308 627/627 4771/4771
f 4771/4771 627/627 6514/6514
f 7598/7598 3843/3843 6749/6749
f 6749/6749 3843/3843 1205/1205
f 1205/1205 2400/2400 4717/4717
f 4717/4717 2291/2291 6470/6470
f 2291/2291 7222/7222 303/303
f 6470/6470 2291/2291 303/303
f 3114/3114 1622/1622 1269/1269
f 3114/3114 989/989 1622/1622
f 6249/6249 4946/4946 199/199
f 199/199 4946/4946 865/865
f 865/865 4946/4946 5351/5351
f 5825/5825 7189/7189 3355/3355
f 3355/3355 7189/7189 4614/4614
f 1622/1622 989/989 6619/6619
f 6619/6619 2623/2623 6331/6331
f 6884/6884 2066/2066 7261/7261
f 5085/5085 5162/5162 1155/1155
f 193/193 4841/4841 2206/2206
f 1815/1815 5324/5324 6398/6398
f 5324/5324 4328/4328 3026/3026
f 3026/3026 4328/4328 4792/4792
f 4792/4792 4280/4280 2008/2008
f 4280/4280 3461/3461 109/109
f 109/109 3461/3461 192/192
f 192/192 3461/3461 3595/3595
f 3461/3461 1276/1276 3595/3595
f 3595/3595 1276/1276 444/444
f 3595/3595 444/444 4542/4542
f 4542/4542 444/444 309/309
f 4221/4221 1011/1011 6271/6271
f 1011/1011 2125/2125 7292/7292
f 7292/7292 2125/2125 4730/4730
f 347/347 3540/3540 1756/1756
f 4780/4780 3208/3208 1030/1030
f 4780/4780 1030/1030 2671/2671
f 7587/7587 1855/1855 1745/1745
f 2215/2215 1107/1107 2651/2651
f 132/132 2215/2215 2651/2651
f 2651/2651 6090/6090 713/713
f 6090/6090 907/907 713/713
f 1517/1517 6196/6196 7551/7551
f 2633/2633 7631/7631 7551/7551
f 3702/3702 1433/1433 3809/3809
f 41/41 4397/4397 3716/3716
f 4297/4297 840/840 2511/2511
f 348/348 4047/4047 7598/7598
f 4088/4088 4239/4239 2653/2653
f 2400/2400 2291/2291 4717/4717
f 1290/1290 1/1 3181/3181
f 3181/3181 1/1 1810/1810
f 989/989 2623/2623 6619/6619
f 2623/2623 1171/1171 6331/6331
f 6331/6331 1171/1171 304/304
f 6331/6331 304/304 1595/1595
f 1595/1595 304/304 6884/6884
f 6884/6884 304/304 2066/2066
f 7261/7261 2066/2066 5085/5085
f 4841/4841 342/342 2206/2206
f 342/342 6885/6885 2206/2206
f 4328/4328 4704/4704 4792/4792
f 3144/3144 7455/7455 4164/4164
f 1756/1756 148/148 2053/2053
f 5348/5348 3208/3208 4780/4780
f 3648/3648 266/266 2022/2022
f 1855/1855 2215/2215 1745/1745
f 5723/5723 3538/3538 1517/1517
f 1517/1517 3538/3538 6196/6196
f 6196/6196 2633/2633 7551/7551
f 2787/2787 7631/7631 2217/2217
f 5031/5031 1475/1475 7556/7556
f 2892/2892 2930/2930 41/41
f 3716/3716 4397/4397 6811/6811
f 3716/3716 6811/6811 56/56
f 348/348 56/56 4047/4047
f 374/374 825/825 308/308
f 308/308 825/825 627/627
f 627/627 825/825 6514/6514
f 7598/7598 6806/6806 3843/3843
f 3843/3843 1416/1416 1205/1205
f 1205/1205 1416/1416 2400/2400
f 6622/6622 3814/3814 1810/1810
f 1810/1810 3814/3814 5446/5446
f 3114/3114 3619/3619 989/989
f 1171/1171 7304/7304 304/304
f 5085/5085 7430/7430 5162/5162
f 5162/5162 7430/7430 2770/2770
f 5162/5162 2770/2770 4841/4841
f 2770/2770 342/342 4841/4841
f 1815/1815 6436/6436 5324/5324
f 6436/6436 5838/5838 5324/5324
f 5324/5324 5838/5838 4328/4328
f 309/309 444/444 5250/5250
f 2426/2426 2125/2125 1011/1011
f 3540/3540 3259/3259 1756/1756
f 3208/3208 6479/6479 1030/1030
f 4317/4317 4660/4660 5766/5766
f 5766/5766 4660/4660 941/941
f 3648/3648 2022/2022 6832/6832
f 2651/2651 1107/1107 6090/6090
f 907/907 3538/3538 5723/5723
f 7631/7631 1986/1986 2217/2217
f 5031/5031 2217/2217 1475/1475
f 4239/4239 1876/1876 2653/2653
f 1876/1876 5386/5386 2653/2653
f 2653/2653 5386/5386 4297/4297
f 4297/4297 5386/5386 1720/1720
f 4297/4297 1720/1720 840/840
f 840/840 1720/1720 3902/3902
f 2414/2414 840/840 3162/3162
f 2414/2414 3162/3162 7692/7692
f 7034/7034 2518/2518 374/374
f 2518/2518 825/825 374/374
f 825/825 5483/5483 6514/6514
f 4047/4047 6806/6806 7598/7598
f 2400/2400 3966/3966 2291/2291
f 3966/3966 7222/7222 2291/2291
f 7222/7222 4129/4129 2512/2512
f 2512/2512 5070/5070 3019/3019
f 2512/2512 3019/3019 4239/4239
f 2066/2066 5585/5585 5085/5085
f 5085/5085 5585/5585 7430/7430
f 2770/2770 117/117 342/342
f 342/342 117/117 6885/6885
f 4792/4792 4977/4977 4280/4280
f 4280/4280 5688/5688 3461/3461
f 3461/3461 1331/1331 1276/1276
f 1276/1276 6143/6143 444/444
f 309/309 4350/4350 4221/4221
f 4221/4221 1143/1143 1011/1011
f 4730/4730 595/595 6210/6210
f 595/595 3121/3121 6210/6210
f 6210/6210 3121/3121 7051/7051
f 7051/7051 3121/3121 76/76
f 7051/7051 76/76 6440/6440
f 6440/6440 76/76 979/979
f 6440/6440 979/979 7113/7113
f 7113/7113 979/979 3144/3144
f 3144/3144 3626/3626 7455/7455
f 7455/7455 1609/1609 6205/6205
f 3259/3259 148/148 1756/1756
f 2053/2053 148/148 5348/5348
f 5348/5348 1963/1963 3208/3208
f 1030/1030 4313/4313 4844/4844
f 4844/4844 6985/6985 5766/5766
f 5766/5766 6985/6985 4317/4317
f 941/941 5314/5314 113/113
f 113/113 5314/5314 266/266
f 2022/2022 7587/7587 6832/6832
f 2215/2215 5375/5375 1107/1107
f 2930/2930 4489/4489 4397/4397
f 4397/4397 3232/3232 6811/6811
f 6811/6811 6750/6750 56/56
f 7692/7692 3162/3162 5854/5854
f 7692/7692 5854/5854 7034/7034
f 5854/5854 2518/2518 7034/7034
f 4129/4129 5070/5070 2512/2512
f 3019/3019 1876/1876 4239/4239
f 6806/6806 1419/1419 3843/3843
f 3843/3843 1419/1419 1416/1416
f 2400/2400 1416/1416 4478/4478
f 2400/2400 4478/4478 3966/3966
f 7222/7222 3966/3966 4129/4129
f 5689/5689 841/841 7171/7171
f 3114/3114 704/704 3619/3619
f 989/989 5965/5965 2623/2623
f 2623/2623 5965/5965 1171/1171
f 7304/7304 5173/5173 2066/2066
f 2066/2066 5173/5173 5585/5585
f 7430/7430 3283/3283 2770/2770
f 2770/2770 3283/3283 2344/2344
f 2770/2770 2344/2344 117/117
f 6885/6885 3366/3366 6436/6436
f 6436/6436 785/785 5838/5838
f 4704/4704 4977/4977 4792/4792
f 4280/4280 4977/4977 5688/5688
f 5688/5688 1331/1331 3461/3461
f 6143/6143 516/516 444/444
f 444/444 516/516 5250/5250
f 5250/5250 4350/4350 309/309
f 4350/4350 1143/1143 4221/4221
f 2426/2426 4730/4730 2125/2125
f 3626/3626 1609/1609 7455/7455
f 6205/6205 1609/1609 3540/3540
f 1030/1030 6479/6479 6663/6663
f 1030/1030 6663/6663 4313/4313
f 4313/4313 6985/6985 4844/4844
f 941/941 4660/4660 5314/5314
f 266/266 5314/5314 2022/2022
f 1855/1855 2646/2646 2215/2215
f 6090/6090 7466/7466 907/907
f 907/907 7466/7466 33/33
f 907/907 33/33 3538/3538
f 3538/3538 33/33 5441/5441
f 5441/5441 933/933 6196/6196
f 3538/3538 5441/5441 6196/6196
f 6196/6196 933/933 2633/2633
f 933/933 1973/1973 2633/2633
f 2633/2633 1973/1973 7631/7631
f 7631/7631 4756/4756 1986/1986
f 4756/4756 4931/4931 1986/1986
f 2217/2217 4711/4711 1475/1475
f 4711/4711 104/104 1475/1475
f 6811/6811 3232/3232 546/546
f 6811/6811 546/546 6750/6750
f 56/56 6750/6750 4047/4047
f 1876/1876 2352/2352 5386/5386
f 2352/2352 1720/1720 5386/5386
f 3902/3902 3162/3162 840/840
f 5854/5854 5892/5892 2518/2518
f 2518/2518 5892/5892 825/825
f 825/825 5892/5892 5626/5626
f 5626/5626 5483/5483 825/825
f 4047/4047 3159/3159 6806/6806
f 6806/6806 3159/3159 1419/1419
f 3619/3619 6926/6926 989/989
f 989/989 6926/6926 5965/5965
f 5965/5965 6191/6191 1171/1171
f 1171/1171 6191/6191 7304/7304
f 5838/5838 785/785 4328/4328
f 4328/4328 785/785 1136/1136
f 4328/4328 1136/1136 4704/4704
f 1331/1331 3869/3869 1276/1276
f 5250/5250 516/516 4350/4350
f 1143/1143 267/267 2426/2426
f 267/267 1692/1692 4730/4730
f 1692/1692 595/595 4730/4730
f 1609/1609 3259/3259 3540/3540
f 148/148 1963/1963 5348/5348
f 1963/1963 6479/6479 3208/3208
f 2556/2556 6663/6663 6479/6479
f 2022/2022 5314/5314 6138/6138
f 2022/2022 6138/6138 7587/7587
f 7587/7587 6138/6138 5491/5491
f 7587/7587 5491/5491 1855/1855
f 2646/2646 5375/5375 2215/2215
f 1107/1107 5375/5375 7466/7466
f 1107/1107 7466/7466 6090/6090
f 4489/4489 3489/3489 3232/3232
f 6750/6750 3904/3904 4047/4047
f 3162/3162 4356/4356 5854/5854
f 3019/3019 2675/2675 1876/1876
f 1876/1876 2675/2675 2352/2352
f 4478/4478 1207/1207 3966/3966
f 2705/2705 1520/1520 3466/3466
f 6191/6191 2386/2386 7304/7304
f 7304/7304 2386/2386 5173/5173
f 3366/3366 7163/7163 6436/6436
f 6436/6436 7163/7163 785/785
f 5688/5688 4867/4867 1331/1331
f 6663/6663 6985/6985 4313/4313
f 5491/5491 4894/4894 1855/1855
f 4894/4894 2646/2646 1855/1855
f 3232/3232 3728/3728 546/546
f 6750/6750 546/546 3904/3904
f 3904/3904 6064/6064 4047/4047
f 4047/4047 6064/6064 3159/3159
f 3019/3019 5070/5070 2675/2675
f 5483/5483 5626/5626 7154/7154
f 1419/1419 5156/5156 1416/1416
f 1416/1416 2720/2720 4478/4478
f 3966/3966 1207/1207 4129/4129
f 4935/4935 1333/1333 4530/4530
f 3981/3981 3466/3466 1425/1425
f 7547/7547 5446/5446 2362/2362
f 6795/6795 6836/6836 2918/2918
f 6173/6173 2918/2918 6528/6528
f 6528/6528 841/841 2907/2907
f 704/704 1046/1046 3619/3619
f 3619/3619 1046/1046 6926/6926
f 2386/2386 5128/5128 5173/5173
f 5585/5585 7012/7012 7430/7430
f 7430/7430 7012/7012 3283/3283
f 117/117 944/944 3366/3366
f 3366/3366 944/944 7163/7163
f 6143/6143 7116/7116 516/516
f 516/516 949/949 4350/4350
f 4350/4350 949/949 1143/1143
f 267/267 1402/1402 1692/1692
f 1692/1692 2548/2548 595/595
f 595/595 3353/3353 3121/3121
f 3626/3626 5485/5485 1609/1609
f 5485/5485 1672/1672 1609/1609
f 1609/1609 1672/1672 3259/3259
f 3259/3259 4427/4427 3535/3535
f 3259/3259 3535/3535 148/148
f 4660/4660 4317/4317 4096/4096
f 5314/5314 5850/5850 6138/6138
f 7466/7466 2381/2381 33/33
f 33/33 2186/2186 5441/5441
f 34/34 670/670 5441/5441
f 1973/1973 3478/3478 4756/4756
f 1721/1721 7601/7601 4756/4756
f 3489/3489 3728/3728 3232/3232
f 2352/2352 5845/5845 1720/1720
f 1720/1720 5845/5845 3902/3902
f 5845/5845 4356/4356 3902/3902
f 3902/3902 4356/4356 3162/3162
f 3159/3159 4915/4915 1419/1419
f 1419/1419 4915/4915 5156/5156
f 5156/5156 2720/2720 1416/1416
f 1046/1046 4567/4567 6926/6926
f 4567/4567 6409/6409 5965/5965
f 6926/6926 4567/4567 5965/5965
f 5965/5965 6409/6409 6191/6191
f 6191/6191 6409/6409 2386/2386
f 5128/5128 3358/3358 5173/5173
f 5173/5173 3358/3358 859/859
f 5173/5173 859/859 5585/5585
f 7012/7012 759/759 3283/3283
f 3283/3283 759/759 5299/5299
f 3283/3283 5299/5299 2344/2344
f 2344/2344 5299/5299 117/117
f 7163/7163 5020/5020 785/785
f 5688/5688 4727/4727 4867/4867
f 4727/4727 2635/2635 4867/4867
f 3869/3869 7116/7116 6143/6143
f 516/516 7116/7116 949/949
f 949/949 3942/3942 1143/1143
f 1143/1143 1402/1402 267/267
f 2548/2548 3353/3353 595/595
f 3121/3121 536/536 76/76
f 76/76 4362/4362 979/979
f 979/979 4362/4362 3626/3626
f 1672/1672 245/245 3259/3259
f 3259/3259 245/245 4427/4427
f 3535/3535 4966/4966 148/148
f 148/148 4966/4966 1963/1963
f 1963/1963 1510/1510 6479/6479
f 6479/6479 1510/1510 2556/2556
f 4660/4660 5850/5850 5314/5314
f 6138/6138 7134/7134 5491/5491
f 5491/5491 7134/7134 4894/4894
f 3537/3537 2381/2381 7466/7466
f 2381/2381 2186/2186 33/33
f 2186/2186 34/34 5441/5441
f 670/670 3478/3478 1973/1973
f 933/933 670/670 1973/1973
f 3478/3478 1721/1721 4756/4756
f 4931/4931 7601/7601 4711/4711
f 3489/3489 152/152 3728/3728
f 3904/3904 2505/2505 6064/6064
f 1207/1207 3110/3110 4129/4129
f 4129/4129 3110/3110 5070/5070
f 5070/5070 6246/6246 2675/2675
f 2352/2352 617/617 5845/5845
f 4657/4657 4634/4634 5845/5845
f 5845/5845 4634/4634 4356/4356
f 5854/5854 5881/5881 5892/5892
f 5892/5892 1119/1119 5626/5626
f 5626/5626 5990/5990 7154/7154
f 4478/4478 2720/2720 1207/1207
f 88/88 3466/3466 4568/4568
f 1046/1046 4575/4575 4567/4567
f 6409/6409 7542/7542 2386/2386
f 7542/7542 3358/3358 5128/5128
f 2386/2386 7542/7542 5128/5128
f 5585/5585 859/859 7012/7012
f 117/117 5299/5299 944/944
f 5020/5020 871/871 785/785
f 2329/2329 4977/4977 1136/1136
f 4977/4977 4727/4727 5688/5688
f 2635/2635 2519/2519 1331/1331
f 4867/4867 2635/2635 1331/1331
f 1331/1331 2519/2519 3869/3869
f 7116/7116 3106/3106 949/949
f 3942/3942 1402/1402 1143/1143
f 1402/1402 2548/2548 1692/1692
f 3353/3353 536/536 3121/3121
f 76/76 536/536 4362/4362
f 3626/3626 6166/6166 5485/5485
f 4096/4096 5850/5850 4660/4660
f 5375/5375 3537/3537 7466/7466
f 6387/6387 6994/6994 726/726
f 546/546 3728/3728 3039/3039
f 546/546 3039/3039 3904/3904
f 3904/3904 3039/3039 2505/2505
f 6064/6064 3052/3052 3159/3159
f 2675/2675 3325/3325 2352/2352
f 4634/4634 3398/3398 4356/4356
f 4356/4356 3398/3398 5881/5881
f 4356/4356 5881/5881 5854/5854
f 5881/5881 1119/1119 5892/5892
f 1119/1119 5990/5990 5626/5626
f 3159/3159 3052/3052 4915/4915
f 3052/3052 2163/2163 4915/4915
f 4915/4915 2163/2163 5156/5156
f 704/704 343/343 1046/1046
f 4224/4224 3928/3928 944/944
f 944/944 3928/3928 7163/7163
f 7163/7163 6813/6813 5020/5020
f 6813/6813 871/871 5020/5020
f 871/871 2329/2329 1136/1136
f 2329/2329 4727/4727 4977/4977
f 3869/3869 2519/2519 7116/7116
f 949/949 3106/3106 1806/1806
f 949/949 1806/1806 3942/3942
f 3353/3353 6244/6244 536/536
f 4362/4362 6166/6166 3626/3626
f 5485/5485 5380/5380 1672/1672
f 1672/1672 5380/5380 2038/2038
f 4317/4317 3100/3100 4096/4096
f 5850/5850 6442/6442 6138/6138
f 6138/6138 6442/6442 7134/7134
f 4894/4894 7134/7134 3539/3539
f 2646/2646 2977/2977 5375/5375
f 2381/2381 6665/6665 2186/2186
f 4711/4711 5891/5891 104/104
f 154/154 5816/5816 781/781
f 152/152 706/706 3728/3728
f 3325/3325 617/617 2352/2352
f 617/617 4657/4657 5845/5845
f 2163/2163 2659/2659 5156/5156
f 2659/2659 1315/1315 2720/2720
f 5156/5156 2659/2659 2720/2720
f 1315/1315 4252/4252 1207/1207
f 2720/2720 1315/1315 1207/1207
f 4252/4252 3110/3110 1207/1207
f 5070/5070 3110/3110 1551/1551
f 5070/5070 1551/1551 6246/6246
f 2675/2675 6246/6246 3325/3325
f 1180/1180 3698/3698 343/343
f 343/343 4575/4575 1046/1046
f 3358/3358 6400/6400 859/859
f 859/859 759/759 7012/7012
f 759/759 1626/1626 5299/5299
f 5299/5299 4224/4224 944/944
f 4727/4727 6477/6477 2635/2635
f 5970/5970 6034/6034 7116/7116
f 2519/2519 5970/5970 7116/7116
f 6034/6034 4070/4070 7116/7116
f 7116/7116 4070/4070 333/333
f 2548/2548 6362/6362 3353/3353
f 2038/2038 245/245 1672/1672
f 4427/4427 7658/7658 3535/3535
f 6663/6663 7669/7669 6985/6985
f 5850/5850 4912/4912 5960/5960
f 5960/5960 6442/6442 5850/5850
f 4894/4894 6529/6529 2646/2646
f 5375/5375 2977/2977 3537/3537
f 3537/3537 6665/6665 2381/2381
f 670/670 1721/1721 3478/3478
f 5891/5891 4982/4982 104/104
f 152/152 5890/5890 706/706
f 3728/3728 706/706 3039/3039
f 2505/2505 4097/4097 6064/6064
f 6064/6064 3135/3135 3052/3052
f 6064/6064 4097/4097 3135/3135
f 3135/3135 2728/2728 3052/3052
f 3052/3052 2728/2728 2163/2163
f 5992/5992 5202/5202 88/88
f 7241/7241 1425/1425 3894/3894
f 2619/2619 6375/6375 3965/3965
f 1664/1664 2907/2907 5689/5689
f 343/343 7058/7058 4575/4575
f 4567/4567 7616/7616 29/29
f 29/29 3527/3527 7542/7542
f 3527/3527 5130/5130 3358/3358
f 7542/7542 3527/3527 3358/3358
f 3358/3358 5130/5130 6400/6400
f 859/859 6400/6400 759/759
f 4681/4681 4727/4727 2329/2329
f 4727/4727 3962/3962 6477/6477
f 6477/6477 1846/1846 2635/2635
f 2635/2635 1846/1846 789/789
f 789/789 5970/5970 2635/2635
f 2635/2635 5970/5970 2519/2519
f 3942/3942 1976/1976 1402/1402
f 1976/1976 6362/6362 2548/2548
f 1402/1402 1976/1976 2548/2548
f 536/536 6244/6244 4362/4362
f 4966/4966 1510/1510 1963/1963
f 1510/1510 4216/4216 2556/2556
f 2556/2556 7669/7669 6663/6663
f 6985/6985 3100/3100 4317/4317
f 2646/2646 6529/6529 2977/2977
f 6665/6665 479/479 2186/2186
f 2186/2186 479/479 34/34
f 670/670 7408/7408 1721/1721
f 3039/3039 706/706 2127/2127
f 3039/3039 2127/2127 2505/2505
f 2505/2505 2127/2127 4097/4097
f 1551/1551 59/59 6246/6246
f 4575/4575 7616/7616 4567/4567
f 759/759 6400/6400 6855/6855
f 1626/1626 6747/6747 5299/5299
f 7163/7163 3928/3928 6813/6813
f 871/871 2427/2427 2329/2329
f 2329/2329 2427/2427 4681/4681
f 333/333 1806/1806 3106/3106
f 1806/1806 2600/2600 3942/3942
f 3942/3942 2600/2600 1976/1976
f 6362/6362 7140/7140 3353/3353
f 3353/3353 7140/7140 6244/6244
f 6244/6244 5831/5831 4362/4362
f 4362/4362 5831/5831 6166/6166
f 6166/6166 3667/3667 5485/5485
f 3535/3535 7658/7658 4966/4966
f 4096/4096 4912/4912 5850/5850
f 4894/4894 3539/3539 6529/6529
f 3539/3539 4124/4124 6529/6529
f 2977/2977 5748/5748 3537/3537
f 3537/3537 5748/5748 6665/6665
f 34/34 7408/7408 670/670
f 5890/5890 7518/7518 706/706
f 3110/3110 6648/6648 1551/1551
f 6648/6648 59/59 1551/1551
f 6246/6246 6429/6429 3325/3325
f 6429/6429 1445/1445 3325/3325
f 1445/1445 617/617 3325/3325
f 617/617 7059/7059 4657/4657
f 4634/4634 2944/2944 3398/3398
f 5881/5881 2484/2484 1119/1119
f 2728/2728 6708/6708 2163/2163
f 2163/2163 6708/6708 2659/2659
f 2659/2659 4054/4054 1315/1315
f 7058/7058 7683/7683 4575/4575
f 4575/4575 7683/7683 7616/7616
f 5130/5130 3999/3999 6400/6400
f 759/759 6855/6855 1626/1626
f 1626/1626 6855/6855 6747/6747
f 5299/5299 6747/6747 4224/4224
f 6747/6747 3928/3928 4224/4224
f 6813/6813 2427/2427 871/871
f 4681/4681 7221/7221 3962/3962
f 6477/6477 1451/1451 1846/1846
f 1846/1846 6411/6411 789/789
f 4070/4070 6165/6165 333/333
f 333/333 945/945 1806/1806
f 5960/5960 1917/1917 6442/6442
f 6442/6442 1917/1917 7134/7134
f 6529/6529 1739/1739 2977/2977
f 479/479 2417/2417 34/34
f 2417/2417 7408/7408 34/34
f 7408/7408 2800/2800 1721/1721
f 5891/5891 2701/2701 4982/4982
f 5890/5890 7362/7362 7518/7518
f 706/706 7518/7518 2127/2127
f 5990/5990 2761/2761 3992/3992
f 3135/3135 5878/5878 2728/2728
f 2728/2728 5878/5878 6708/6708
f 4252/4252 2075/2075 3110/3110
f 3110/3110 2075/2075 6648/6648
f 7058/7058 4085/4085 7683/7683
f 7683/7683 1398/1398 7616/7616
f 1398/1398 7088/7088 29/29
f 29/29 7088/7088 5130/5130
f 2771/2771 6855/6855 6400/6400
f 6747/6747 1466/1466 3928/3928
f 3928/3928 1466/1466 1275/1275
f 6477/6477 3962/3962 1451/1451
f 789/789 6411/6411 5970/5970
f 6411/6411 454/454 5970/5970
f 5970/5970 454/454 6034/6034
f 454/454 1687/1687 6034/6034
f 6034/6034 1687/1687 4070/4070
f 4260/4260 6165/6165 4070/4070
f 6165/6165 945/945 333/333
f 945/945 2600/2600 1806/1806
f 5241/5241 2007/2007 2600/2600
f 2007/2007 1189/1189 1976/1976
f 2600/2600 2007/2007 1976/1976
f 1976/1976 1189/1189 6362/6362
f 1189/1189 120/120 6362/6362
f 120/120 7140/7140 6362/6362
f 7140/7140 6703/6703 6244/6244
f 6244/6244 6703/6703 5831/5831
f 5831/5831 5937/5937 6166/6166
f 6166/6166 5937/5937 3667/3667
f 5380/5380 7027/7027 2038/2038
f 2038/2038 676/676 245/245
f 245/245 1360/1360 4427/4427
f 4966/4966 3500/3500 3234/3234
f 4966/4966 3234/3234 1510/1510
f 7669/7669 5761/5761 6985/6985
f 6985/6985 5761/5761 3100/3100
f 1340/1340 4096/4096 3100/3100
f 7134/7134 1917/1917 4114/4114
f 7134/7134 4114/4114 3539/3539
f 4124/4124 1739/1739 6529/6529
f 5748/5748 5383/5383 6665/6665
f 6665/6665 5383/5383 479/479
f 479/479 5604/5604 2417/2417
f 2800/2800 4546/4546 1721/1721
f 1721/1721 4546/4546 7403/7403
f 4982/4982 2701/2701 6385/6385
f 7518/7518 4384/4384 2127/2127
f 2127/2127 4384/4384 4475/4475
f 2127/2127 4475/4475 4097/4097
f 4097/4097 4475/4475 1760/1760
f 4097/4097 1760/1760 3135/3135
f 4657/4657 7059/7059 4634/4634
f 7059/7059 2944/2944 4634/4634
f 3398/3398 2944/2944 1368/1368
f 3398/3398 1368/1368 5881/5881
f 5881/5881 1368/1368 2484/2484
f 2484/2484 2761/2761 1119/1119
f 1119/1119 2761/2761 5990/5990
f 6246/6246 59/59 6429/6429
f 617/617 1445/1445 7059/7059
f 6708/6708 5878/5878 4054/4054
f 6708/6708 4054/4054 2659/2659
f 1315/1315 4054/4054 687/687
f 1315/1315 687/687 4252/4252
f 4252/4252 3457/3457 2075/2075
f 3811/3811 2619/2619 1664/1664
f 343/343 7514/7514 7058/7058
f 7088/7088 114/114 5130/5130
f 5130/5130 114/114 3999/3999
f 3999/3999 2771/2771 6400/6400
f 1943/1943 3662/3662 6855/6855
f 6855/6855 3662/3662 2166/2166
f 6855/6855 2166/2166 6747/6747
f 3928/3928 1275/1275 6813/6813
f 6813/6813 1275/1275 6082/6082
f 6813/6813 6082/6082 2165/2165
f 6813/6813 2165/2165 2427/2427
f 2427/2427 7221/7221 4681/4681
f 7221/7221 4562/4562 3962/3962
f 4562/4562 3828/3828 1451/1451
f 3962/3962 4562/4562 1451/1451
f 1846/1846 1451/1451 6411/6411
f 4070/4070 1687/1687 4260/4260
f 945/945 5241/5241 2600/2600
f 7027/7027 676/676 2038/2038
f 676/676 1360/1360 245/245
f 1360/1360 7658/7658 4427/4427
f 7658/7658 7100/7100 4966/4966
f 1510/1510 3234/3234 4216/4216
f 5761/5761 1340/1340 3100/3100
f 1340/1340 4896/4896 4096/4096
f 4096/4096 4896/4896 4912/4912
f 4912/4912 3568/3568 5960/5960
f 5960/5960 3568/3568 1917/1917
f 4114/4114 7443/7443 3539/3539
f 3539/3539 7443/7443 4124/4124
f 2977/2977 1739/1739 5748/5748
f 5383/5383 5604/5604 479/479
f 2417/2417 1933/1933 7408/7408
f 7408/7408 1933/1933 2800/2800
f 7403/7403 6456/6456 5891/5891
f 2484/2484 3827/3827 2761/2761
f 3827/3827 5819/5819 2761/2761
f 5878/5878 3504/3504 4054/4054
f 4252/4252 687/687 3457/3457
f 1398/1398 1157/1157 7088/7088
f 7088/7088 1157/1157 114/114
f 2771/2771 1943/1943 6855/6855
f 2166/2166 1466/1466 6747/6747
f 2427/2427 2165/2165 7221/7221
f 6411/6411 2084/2084 454/454
f 2084/2084 1687/1687 454/454
f 6165/6165 3687/3687 945/945
f 945/945 3687/3687 5241/5241
f 6703/6703 6339/6339 5831/5831
f 5831/5831 6339/6339 5937/5937
f 3667/3667 7027/7027 5380/5380
f 7100/7100 3500/3500 4966/4966
f 4912/4912 4896/4896 3568/3568
f 5748/5748 5621/5621 5383/5383
f 1760/1760 6573/6573 3135/3135
f 7059/7059 6352/6352 2944/2944
f 2944/2944 7214/7214 1368/1368
f 1368/1368 7348/7348 2484/2484
f 3135/3135 5524/5524 5878/5878
f 5878/5878 5524/5524 3504/3504
f 3457/3457 1930/1930 2075/2075
f 2075/2075 1930/1930 6648/6648
f 7514/7514 6675/6675 7058/7058
f 6675/6675 5188/5188 4085/4085
f 7058/7058 6675/6675 4085/4085
f 5188/5188 819/819 7683/7683
f 4085/4085 5188/5188 7683/7683
f 7683/7683 819/819 1398/1398
f 2165/2165 243/243 7221/7221
f 3828/3828 130/130 1451/1451
f 1451/1451 1803/1803 6411/6411
f 2007/2007 2996/2996 1189/1189
f 5937/5937 5193/5193 3667/3667
f 7658/7658 1360/1360 7100/7100
f 1739/1739 1845/1845 5748/5748
f 7362/7362 7662/7662 7518/7518
f 4475/4475 4384/4384 1760/1760
f 1445/1445 6352/6352 7059/7059
f 6352/6352 2997/2997 2944/2944
f 2944/2944 2997/2997 7214/7214
f 7214/7214 6980/6980 1368/1368
f 6648/6648 1930/1930 59/59
f 4054/4054 6833/6833 687/687
f 687/687 6833/6833 3457/3457
f 1038/1038 1260/1260 5796/5796
f 1157/1157 106/106 114/114
f 114/114 106/106 2029/2029
f 114/114 2029/2029 3999/3999
f 3999/3999 2029/2029 2771/2771
f 6082/6082 1794/1794 2165/2165
f 1451/1451 130/130 1803/1803
f 1803/1803 2084/2084 6411/6411
f 5241/5241 2996/2996 2007/2007
f 4112/4112 120/120 1189/1189
f 6339/6339 5193/5193 5937/5937
f 5193/5193 2763/2763 3667/3667
f 7669/7669 4216/4216 5761/5761
f 3568/3568 3781/3781 1917/1917
f 5748/5748 1845/1845 7297/7297
f 5383/5383 672/672 5604/5604
f 2417/2417 5604/5604 2331/2331
f 1933/1933 3053/3053 2800/2800
f 4384/4384 195/195 1760/1760
f 1760/1760 195/195 6573/6573
f 1930/1930 3722/3722 59/59
f 3722/3722 6429/6429 59/59
f 1368/1368 6980/6980 7348/7348
f 2484/2484 7348/7348 3827/3827
f 5819/5819 1962/1962 2761/2761
f 2761/2761 1962/1962 3992/3992
f 3504/3504 5046/5046 4054/4054
f 5046/5046 6833/6833 4054/4054
f 6833/6833 4715/4715 3457/3457
f 1157/1157 2754/2754 106/106
f 1943/1943 4515/4515 3662/3662
f 3662/3662 4515/4515 2166/2166
f 2166/2166 4797/4797 1466/1466
f 4797/4797 1839/1839 1466/1466
f 1466/1466 1839/1839 1275/1275
f 1839/1839 5426/5426 1275/1275
f 1275/1275 5426/5426 6082/6082
f 6082/6082 5426/5426 1794/1794
f 2165/2165 7505/7505 243/243
f 243/243 4165/4165 7221/7221
f 7221/7221 4165/4165 4562/4562
f 4562/4562 4165/4165 3828/3828
f 1687/1687 5240/5240 4260/4260
f 3687/3687 2250/2250 5241/5241
f 2250/2250 2996/2996 5241/5241
f 120/120 4112/4112 4010/4010
f 120/120 4010/4010 7140/7140
f 4010/4010 4083/4083 7140/7140
f 7140/7140 4083/4083 6703/6703
f 6703/6703 4083/4083 6339/6339
f 6339/6339 4083/4083 756/756
f 6339/6339 756/756 5193/5193
f 2763/2763 4458/4458 3667/3667
f 3667/3667 4458/4458 7027/7027
f 5761/5761 4983/4983 1340/1340
f 7443/7443 5464/5464 4124/4124
f 4124/4124 1845/1845 1739/1739
f 7297/7297 7076/7076 5748/5748
f 5748/5748 7076/7076 5621/5621
f 3053/3053 7123/7123 2800/2800
f 195/195 3808/3808 6573/6573
f 6573/6573 5524/5524 3135/3135
f 3992/3992 1962/1962 5249/5249
f 5524/5524 6419/6419 3504/3504
f 3504/3504 6419/6419 5046/5046
f 3457/3457 4715/4715 1930/1930
f 7514/7514 5273/5273 6675/6675
f 819/819 2754/2754 1157/1157
f 2029/2029 7402/7402 2771/2771
f 2165/2165 1794/1794 801/801
f 2165/2165 801/801 7505/7505
f 243/243 7505/7505 4165/4165
f 4165/4165 2183/2183 3828/3828
f 1803/1803 6305/6305 2084/2084
f 2084/2084 6305/6305 1687/1687
f 1687/1687 6305/6305 5240/5240
f 5240/5240 1071/1071 4260/4260
f 4260/4260 1071/1071 6165/6165
f 1360/1360 633/633 7100/7100
f 1340/1340 4274/4274 4896/4896
f 1917/1917 2290/2290 4114/4114
f 4124/4124 5464/5464 1845/1845
f 5621/5621 672/672 5383/5383
f 7403/7403 1854/1854 5537/5537
f 6456/6456 5537/5537 4065/4065
f 7662/7662 7464/7464 6231/6231
f 4384/4384 6212/6212 195/195
f 1930/1930 421/421 3722/3722
f 3722/3722 3238/3238 6429/6429
f 3238/3238 1445/1445 6429/6429
f 7348/7348 5819/5819 3827/3827
f 6573/6573 1004/1004 5524/5524
f 5524/5524 1004/1004 6419/6419
f 4715/4715 1442/1442 1930/1930
f 5273/5273 4544/4544 6675/6675
f 6675/6675 4544/4544 5188/5188
f 819/819 4842/4842 2754/2754
f 2754/2754 4842/4842 106/106
f 4039/4039 4515/4515 1943/1943
f 2166/2166 4515/4515 4797/4797
f 7505/7505 2183/2183 4165/4165
f 3828/3828 2183/2183 130/130
f 1071/1071 5160/5160 6165/6165
f 6165/6165 5160/5160 3687/3687
f 2250/2250 2774/2774 2996/2996
f 4112/4112 5081/5081 4010/4010
f 4010/4010 5081/5081 4083/4083
f 7100/7100 633/633 3500/3500
f 3500/3500 2506/2506 3234/3234
f 3234/3234 2506/2506 4216/4216
f 4216/4216 2973/2973 5761/5761
f 4983/4983 4274/4274 1340/1340
f 4896/4896 6666/6666 3568/3568
f 3781/3781 2290/2290 1917/1917
f 7076/7076 2869/2869 5621/5621
f 5621/5621 2869/2869 672/672
f 2417/2417 2857/2857 1933/1933
f 7464/7464 172/172 6231/6231
f 195/195 6212/6212 3808/3808
f 1445/1445 3238/3238 6352/6352
f 2997/2997 2073/2073 7214/7214
f 2073/2073 6980/6980 7214/7214
f 5046/5046 4531/4531 6833/6833
f 6833/6833 1705/1705 4715/4715
f 1705/1705 1442/1442 4715/4715
f 1930/1930 1442/1442 421/421
f 1960/1960 7480/7480 6900/6900
f 6900/6900 7480/7480 3406/3406
f 7514/7514 1418/1418 5273/5273
f 4544/4544 6139/6139 5188/5188
f 5188/5188 6139/6139 6579/6579
f 5188/5188 6579/6579 819/819
f 819/819 6579/6579 4842/4842
f 5426/5426 1839/1839 1141/1141
f 5426/5426 1141/1141 1794/1794
f 1141/1141 801/801 1794/1794
f 130/130 4517/4517 1803/1803
f 1803/1803 4517/4517 6305/6305
f 6305/6305 1071/1071 5240/5240
f 2228/2228 4719/4719 2996/2996
f 2996/2996 4719/4719 4112/4112
f 5081/5081 1183/1183 4083/4083
f 4083/4083 6392/6392 756/756
f 756/756 4484/4484 5193/5193
f 5193/5193 4484/4484 2763/2763
f 4458/4458 7618/7618 7027/7027
f 7027/7027 7618/7618 6572/6572
f 7027/7027 6572/6572 676/676
f 6572/6572 144/144 676/676
f 676/676 144/144 1360/1360
f 4216/4216 2506/2506 2973/2973
f 3568/3568 4638/4638 3781/3781
f 7297/7297 2796/2796 7076/7076
f 2331/2331 2857/2857 2417/2417
f 1933/1933 2857/2857 3053/3053
f 3808/3808 693/693 6573/6573
f 3238/3238 2997/2997 6352/6352
f 2997/2997 2658/2658 2073/2073
f 2073/2073 5773/5773 7348/7348
f 6980/6980 2073/2073 7348/7348
f 5773/5773 1793/1793 7348/7348
f 1793/1793 5508/5508 7348/7348
f 7348/7348 5508/5508 5819/5819
f 5819/5819 5508/5508 1962/1962
f 1962/1962 7276/7276 5249/5249
f 6573/6573 693/693 1004/1004
f 6419/6419 4655/4655 5046/5046
f 5046/5046 4655/4655 4531/4531
f 421/421 3238/3238 3722/3722
f 6833/6833 4531/4531 1705/1705
f 1553/1553 3811/3811 6454/6454
f 917/917 6454/6454 1038/1038
f 7402/7402 4039/4039 2771/2771
f 2771/2771 4039/4039 1943/1943
f 4515/4515 5054/5054 4797/4797
f 4797/4797 5054/5054 1839/1839
f 801/801 6136/6136 7505/7505
f 7505/7505 6136/6136 5863/5863
f 7505/7505 5863/5863 2183/2183
f 4112/4112 4719/4719 5081/5081
f 4083/4083 1183/1183 6392/6392
f 756/756 6392/6392 4484/4484
f 3500/3500 3415/3415 2506/2506
f 2973/2973 4983/4983 5761/5761
f 5464/5464 2796/2796 1845/1845
f 672/672 1540/1540 5604/5604
f 5604/5604 1540/1540 2331/2331
f 3808/3808 2696/2696 693/693
f 421/421 87/87 3238/3238
f 87/87 6308/6308 3238/3238
f 3238/3238 6308/6308 2997/2997
f 2997/2997 6308/6308 2658/2658
f 4842/4842 3958/3958 106/106
f 106/106 3958/3958 5073/5073
f 106/106 5073/5073 2029/2029
f 2029/2029 5073/5073 7402/7402
f 4039/4039 289/289 4515/4515
f 5054/5054 2372/2372 1839/1839
f 1839/1839 2372/2372 1141/1141
f 1141/1141 2372/2372 801/801
f 2372/2372 6136/6136 801/801
f 5863/5863 2677/2677 2183/2183
f 2677/2677 3588/3588 2183/2183
f 4517/4517 6002/6002 6305/6305
f 6305/6305 5700/5700 1071/1071
f 5700/5700 4152/4152 1071/1071
f 1071/1071 6694/6694 5160/5160
f 6694/6694 2774/2774 5160/5160
f 4274/4274 215/215 4896/4896
f 4896/4896 215/215 6666/6666
f 6666/6666 882/882 3568/3568
f 7443/7443 1936/1936 5464/5464
f 2331/2331 1540/1540 2857/2857
f 172/172 5853/5853 6212/6212
f 1004/1004 3206/3206 6419/6419
f 1442/1442 1796/1796 421/421
f 5508/5508 3201/3201 1962/1962
f 1962/1962 3201/3201 7276/7276
f 6419/6419 3206/3206 4655/4655
f 1418/1418 4909/4909 5273/5273
f 6579/6579 3958/3958 4842/4842
f 5073/5073 5987/5987 7402/7402
f 7402/7402 5987/5987 4039/4039
f 4515/4515 5138/5138 5054/5054
f 2372/2372 821/821 6136/6136
f 2183/2183 3588/3588 7263/7263
f 2183/2183 7263/7263 130/130
f 130/130 5067/5067 4517/4517
f 6002/6002 5700/5700 6305/6305
f 673/673 6694/6694 1071/1071
f 2774/2774 4569/4569 2228/2228
f 2228/2228 4569/4569 4719/4719
f 4719/4719 5286/5286 5081/5081
f 6392/6392 6815/6815 4484/4484
f 144/144 633/633 1360/1360
f 7443/7443 6526/6526 1936/1936
f 5464/5464 1936/1936 2796/2796
f 2796/2796 3786/3786 7076/7076
f 3053/3053 2857/2857 4676/4676
f 7123/7123 335/335 1854/1854
f 6212/6212 2620/2620 3808/3808
f 3808/3808 2620/2620 2696/2696
f 1682/1682 87/87 421/421
f 2658/2658 1135/1135 2073/2073
f 4655/4655 2663/2663 4531/4531
f 1442/1442 1146/1146 1796/1796
f 4909/4909 6555/6555 5273/5273
f 5273/5273 6555/6555 4544/4544
f 6139/6139 4106/4106 6579/6579
f 6579/6579 4106/4106 3958/3958
f 4515/4515 289/289 5138/5138
f 5054/5054 5138/5138 1075/1075
f 5054/5054 1075/1075 2372/2372
f 1075/1075 821/821 2372/2372
f 6136/6136 821/821 5863/5863
f 821/821 4923/4923 5863/5863
f 4923/4923 2677/2677 5863/5863
f 5067/5067 6002/6002 4517/4517
f 1071/1071 4152/4152 673/673
f 6694/6694 3499/3499 2774/2774
f 5286/5286 6361/6361 5081/5081
f 5081/5081 6361/6361 1183/1183
f 1183/1183 6361/6361 6815/6815
f 1183/1183 6815/6815 6392/6392
f 6815/6815 7277/7277 4484/4484
f 4484/4484 7277/7277 2466/2466
f 4484/4484 2466/2466 2763/2763
f 2763/2763 2466/2466 4458/4458
f 4458/4458 1604/1604 7618/7618
f 6572/6572 6646/6646 144/144
f 6646/6646 499/499 144/144
f 633/633 3415/3415 3500/3500
f 3415/3415 5792/5792 2506/2506
f 2506/2506 3570/3570 2973/2973
f 2973/2973 228/228 4983/4983
f 4638/4638 2290/2290 3781/3781
f 2290/2290 2744/2744 4114/4114
f 1540/1540 6295/6295 2857/2857
f 6295/6295 4676/4676 2857/2857
f 3053/3053 4676/4676 7123/7123
f 6212/6212 6760/6760 2620/2620
f 1796/1796 1682/1682 421/421
f 87/87 5341/5341 6308/6308
f 6308/6308 5511/5511 2658/2658
f 2658/2658 5511/5511 1135/1135
f 2073/2073 1135/1135 5773/5773
f 1793/1793 4621/4621 5508/5508
f 1004/1004 693/693 3206/3206
f 3206/3206 5764/5764 4655/4655
f 4531/4531 2663/2663 1705/1705
f 2663/2663 7033/7033 1705/1705
f 1705/1705 7033/7033 1146/1146
f 1705/1705 1146/1146 1442/1442
f 4106/4106 6987/6987 3958/3958
f 3958/3958 6987/6987 5073/5073
f 5987/5987 1165/1165 4039/4039
f 4039/4039 1165/1165 289/289
f 289/289 7185/7185 5138/5138
f 1075/1075 5138/5138 2175/2175
f 1075/1075 2175/2175 4469/4469
f 1075/1075 4469/4469 821/821
f 4923/4923 7220/7220 2677/2677
f 2677/2677 7220/7220 3588/3588
f 6002/6002 2380/2380 5700/5700
f 2466/2466 1604/1604 4458/4458
f 7618/7618 1604/1604 6572/6572
f 144/144 499/499 633/633
f 4274/4274 4983/4983 215/215
f 3568/3568 882/882 4638/4638
f 2796/2796 1936/1936 3786/3786
f 1540/1540 1919/1919 6295/6295
f 4676/4676 6224/6224 7123/7123
f 1682/1682 5341/5341 87/87
f 5764/5764 2663/2663 4655/4655
f 1418/1418 4177/4177 4909/4909
f 6555/6555 5725/5725 4544/4544
f 4544/4544 5725/5725 6139/6139
f 4106/4106 6621/6621 6987/6987
f 1165/1165 3674/3674 289/289
f 289/289 3674/3674 7185/7185
f 5138/5138 7185/7185 2175/2175
f 6002/6002 5067/5067 7530/7530
f 6002/6002 7530/7530 2380/2380
f 5700/5700 2380/2380 4152/4152
f 2774/2774 3499/3499 5698/5698
f 2774/2774 5698/5698 4569/4569
f 4569/4569 5698/5698 4719/4719
f 4719/4719 5698/5698 5286/5286
f 6361/6361 1427/1427 6815/6815
f 6815/6815 1427/1427 7277/7277
f 882/882 3968/3968 4638/4638
f 3786/3786 2984/2984 7076/7076
f 7076/7076 2984/2984 2869/2869
f 2869/2869 5071/5071 672/672
f 672/672 1919/1919 1540/1540
f 7242/7242 1733/1733 4769/4769
f 5341/5341 1669/1669 6308/6308
f 1669/1669 2535/2535 6308/6308
f 2535/2535 491/491 5511/5511
f 6308/6308 2535/2535 5511/5511
f 5511/5511 491/491 5812/5812
f 5511/5511 5812/5812 1135/1135
f 1135/1135 5812/5812 5773/5773
f 5773/5773 5812/5812 2545/2545
f 5773/5773 2545/2545 1793/1793
f 1793/1793 2545/2545 4621/4621
f 4621/4621 4593/4593 5508/5508
f 5508/5508 4593/4593 3201/3201
f 6139/6139 4200/4200 4106/4106
f 4106/4106 4200/4200 6621/6621
f 7185/7185 3460/3460 2175/2175
f 2175/2175 3460/3460 3898/3898
f 6525/6525 3820/3820 4923/4923
f 4923/4923 7048/7048 7220/7220
f 633/633 499/499 3923/3923
f 3923/3923 3415/3415 633/633
f 5792/5792 3570/3570 2506/2506
f 215/215 1607/1607 882/882
f 215/215 882/882 6666/6666
f 4969/4969 2744/2744 2290/2290
f 2984/2984 5071/5071 2869/2869
f 672/672 3593/3593 1919/1919
f 172/172 7275/7275 5853/5853
f 4593/4593 2811/2811 3201/3201
f 2811/2811 4625/4625 3201/3201
f 693/693 5522/5522 3206/3206
f 3206/3206 5522/5522 5764/5764
f 1796/1796 660/660 1682/1682
f 660/660 4832/4832 1682/1682
f 6139/6139 5725/5725 4200/4200
f 6621/6621 3002/3002 6987/6987
f 6987/6987 3002/3002 5987/5987
f 5987/5987 2870/2870 1165/1165
f 3898/3898 1524/1524 2175/2175
f 2175/2175 1524/1524 4469/4469
f 4469/4469 3820/3820 6525/6525
f 7220/7220 7048/7048 3588/3588
f 3588/3588 7048/7048 7263/7263
f 4275/4275 5067/5067 7263/7263
f 5067/5067 6431/6431 7530/7530
f 7530/7530 6431/6431 576/576
f 7530/7530 576/576 2380/2380
f 2380/2380 1911/1911 4152/4152
f 4152/4152 1911/1911 673/673
f 673/673 1605/1605 6694/6694
f 5698/5698 6847/6847 3462/3462
f 5698/5698 4201/4201 5286/5286
f 5286/5286 4201/4201 6361/6361
f 2466/2466 5905/5905 1604/1604
f 6572/6572 1580/1580 6646/6646
f 3415/3415 3923/3923 5792/5792
f 2973/2973 3570/3570 228/228
f 4983/4983 5350/5350 215/215
f 215/215 5350/5350 1607/1607
f 2744/2744 4307/4307 4114/4114
f 4114/4114 4307/4307 7443/7443
f 6526/6526 6241/6241 1936/1936
f 693/693 5879/5879 5522/5522
f 5522/5522 1981/1981 5764/5764
f 5764/5764 1981/1981 2204/2204
f 5764/5764 2204/2204 2663/2663
f 2663/2663 2204/2204 5922/5922
f 2663/2663 5922/5922 7033/7033
f 5922/5922 6944/6944 7033/7033
f 7033/7033 6944/6944 1146/1146
f 6944/6944 660/660 1146/1146
f 1146/1146 660/660 1796/1796
f 1682/1682 4832/4832 5341/5341
f 3002/3002 2870/2870 5987/5987
f 1165/1165 2870/2870 6788/6788
f 1165/1165 6788/6788 5978/5978
f 1165/1165 5978/5978 3674/3674
f 3674/3674 5978/5978 7185/7185
f 1524/1524 3471/3471 4469/4469
f 4469/4469 3471/3471 3820/3820
f 4923/4923 3820/3820 2849/2849
f 4923/4923 2849/2849 7048/7048
f 7048/7048 4275/4275 7263/7263
f 4275/4275 6431/6431 5067/5067
f 576/576 5033/5033 2380/2380
f 2380/2380 5033/5033 1911/1911
f 6694/6694 1605/1605 3499/3499
f 3499/3499 3248/3248 6847/6847
f 3499/3499 6847/6847 5698/5698
f 5698/5698 3462/3462 4201/4201
f 4201/4201 7653/7653 6361/6361
f 6361/6361 7653/7653 5518/5518
f 6361/6361 5518/5518 1427/1427
f 409/409 35/35 7277/7277
f 1427/1427 409/409 7277/7277
f 7277/7277 35/35 2466/2466
f 2466/2466 35/35 5905/5905
f 6572/6572 1604/1604 1580/1580
f 1580/1580 3416/3416 6646/6646
f 6646/6646 3416/3416 499/499
f 4983/4983 228/228 5350/5350
f 882/882 746/746 3968/3968
f 7443/7443 4307/4307 6526/6526
f 1936/1936 3244/3244 3786/3786
f 5071/5071 3593/3593 672/672
f 6295/6295 1201/1201 4676/4676
f 4676/4676 2585/2585 6224/6224
f 6224/6224 515/515 335/335
f 4048/4048 3269/3269 1068/1068
f 5853/5853 7275/7275 6760/6760
f 5978/5978 2233/2233 7185/7185
f 2233/2233 3460/3460 7185/7185
f 3471/3471 345/345 3820/3820
f 5033/5033 1366/1366 1911/1911
f 673/673 1684/1684 1605/1605
f 1605/1605 3248/3248 3499/3499
f 5518/5518 409/409 1427/1427
f 499/499 5167/5167 3923/3923
f 3968/3968 6979/6979 4638/4638
f 4638/4638 6979/6979 2290/2290
f 1919/1919 1816/1816 6295/6295
f 6224/6224 5268/5268 515/515
f 5814/5814 305/305 1733/1733
f 5922/5922 7331/7331 6944/6944
f 6944/6944 6799/6799 660/660
f 4177/4177 2547/2547 4909/4909
f 4909/4909 2547/2547 6555/6555
f 4200/4200 3126/3126 6621/6621
f 6621/6621 3126/3126 3002/3002
f 5978/5978 6788/6788 3397/3397
f 3460/3460 3038/3038 3898/3898
f 3898/3898 3038/3038 1524/1524
f 3820/3820 345/345 2849/2849
f 2849/2849 2300/2300 7048/7048
f 5033/5033 6858/6858 1366/1366
f 673/673 1911/1911 1684/1684
f 3462/3462 5309/5309 4201/4201
f 7653/7653 3723/3723 5518/5518
f 3570/3570 1099/1099 228/228
f 3786/3786 6601/6601 2984/2984
f 2984/2984 2409/2409 5071/5071
f 6295/6295 1816/1816 1201/1201
f 2585/2585 5268/5268 6224/6224
f 515/515 420/420 3156/3156
f 2696/2696 5879/5879 693/693
f 1669/1669 6537/6537 2581/2581
f 1669/1669 2581/2581 2535/2535
f 2535/2535 4671/4671 491/491
f 491/491 4671/4671 5812/5812
f 5812/5812 4671/4671 5315/5315
f 5812/5812 5315/5315 2545/2545
f 2545/2545 5517/5517 4621/4621
f 4625/4625 2811/2811 6410/6410
f 660/660 6799/6799 4832/4832
f 6799/6799 3141/3141 4832/4832
f 4832/4832 3141/3141 85/85
f 4832/4832 85/85 1669/1669
f 5725/5725 7409/7409 4200/4200
f 3126/3126 2625/2625 3002/3002
f 3002/3002 2625/2625 2870/2870
f 2870/2870 99/99 6788/6788
f 6788/6788 99/99 3397/3397
f 3397/3397 2233/2233 5978/5978
f 2233/2233 5028/5028 2961/2961
f 2233/2233 2961/2961 3460/3460
f 3460/3460 2961/2961 3038/3038
f 1524/1524 3038/3038 3471/3471
f 3038/3038 5354/5354 3471/3471
f 3471/3471 5354/5354 345/345
f 2849/2849 345/345 7021/7021
f 2849/2849 7021/7021 720/720
f 2849/2849 720/720 2300/2300
f 7048/7048 4821/4821 4275/4275
f 4275/4275 4821/4821 6431/6431
f 6431/6431 1983/1983 576/576
f 576/576 1983/1983 7096/7096
f 7096/7096 6858/6858 576/576
f 576/576 6858/6858 5033/5033
f 1366/1366 1684/1684 1911/1911
f 1605/1605 5030/5030 3248/3248
f 6847/6847 5445/5445 3462/3462
f 5518/5518 418/418 409/409
f 409/409 418/418 35/35
f 5905/5905 5084/5084 1604/1604
f 3416/3416 1026/1026 499/499
f 499/499 1026/1026 5167/5167
f 5167/5167 6595/6595 3923/3923
f 5428/5428 882/882 1607/1607
f 746/746 6979/6979 3968/3968
f 4307/4307 6241/6241 6526/6526
f 1936/1936 6241/6241 3244/3244
f 3786/3786 3244/3244 5077/5077
f 2984/2984 6601/6601 2409/2409
f 5071/5071 2409/2409 3593/3593
f 6211/6211 1816/1816 1919/1919
f 2620/2620 6849/6849 6127/6127
f 2620/2620 6127/6127 2696/2696
f 2696/2696 6127/6127 5879/5879
f 2581/2581 4671/4671 2535/2535
f 7418/7418 5517/5517 2545/2545
f 4593/4593 997/997 2811/2811
f 85/85 6537/6537 1669/1669
f 4177/4177 5996/5996 2547/2547
f 2547/2547 4597/4597 6555/6555
f 4597/4597 7409/7409 5725/5725
f 6555/6555 4597/4597 5725/5725
f 2625/2625 4195/4195 2870/2870
f 2870/2870 4195/4195 99/99
f 3223/3223 7021/7021 345/345
f 2300/2300 4821/4821 7048/7048
f 6431/6431 4821/4821 1983/1983
f 1684/1684 7540/7540 1605/1605
f 1605/1605 7540/7540 5030/5030
f 3248/3248 5030/5030 6847/6847
f 1580/1580 2859/2859 3416/3416
f 3416/3416 2859/2859 1026/1026
f 1026/1026 5413/5413 5167/5167
f 3923/3923 6595/6595 439/439
f 3923/3923 439/439 5792/5792
f 5792/5792 2982/2982 3570/3570
f 228/228 7121/7121 5350/5350
f 3786/3786 5077/5077 6601/6601
f 3593/3593 1322/1322 6211/6211
f 6537/6537 851/851 2581/2581
f 2581/2581 851/851 4671/4671
f 5315/5315 7418/7418 2545/2545
f 4621/4621 5517/5517 4270/4270
f 7409/7409 5442/5442 4200/4200
f 4200/4200 5442/5442 3126/3126
f 5354/5354 3223/3223 345/345
f 2300/2300 720/720 4821/4821
f 5030/5030 5445/5445 6847/6847
f 5445/5445 5309/5309 3462/3462
f 5309/5309 7653/7653 4201/4201
f 5518/5518 3723/3723 418/418
f 418/418 2028/2028 35/35
f 2028/2028 5084/5084 5905/5905
f 35/35 2028/2028 5905/5905
f 5084/5084 6389/6389 1604/1604
f 1604/1604 6389/6389 1580/1580
f 439/439 2982/2982 5792/5792
f 7121/7121 6472/6472 5350/5350
f 1607/1607 6472/6472 5428/5428
f 5428/5428 3287/3287 882/882
f 6979/6979 4969/4969 2290/2290
f 4969/4969 2782/2782 2744/2744
f 6211/6211 1322/1322 1816/1816
f 2349/2349 5697/5697 7275/7275
f 7275/7275 5697/5697 6760/6760
f 6537/6537 6914/6914 851/851
f 851/851 7028/7028 4671/4671
f 4671/4671 7028/7028 5315/5315
f 4621/4621 997/997 4593/4593
f 2811/2811 1952/1952 6410/6410
f 2204/2204 4230/4230 5922/5922
f 7331/7331 2894/2894 6944/6944
f 6799/6799 6349/6349 3141/3141
f 3141/3141 6349/6349 85/85
f 85/85 6349/6349 6914/6914
f 5442/5442 4920/4920 3126/3126
f 3126/3126 4920/4920 2625/2625
f 3723/3723 3151/3151 418/418
f 2982/2982 1099/1099 3570/3570
f 5350/5350 6472/6472 1607/1607
f 882/882 3287/3287 746/746
f 5315/5315 7028/7028 7418/7418
f 4621/4621 4270/4270 997/997
f 5879/5879 3806/3806 5522/5522
f 3806/3806 5266/5266 1981/1981
f 5522/5522 3806/3806 1981/1981
f 1981/1981 5266/5266 926/926
f 1981/1981 926/926 2204/2204
f 2204/2204 926/926 4230/4230
f 5922/5922 4230/4230 7331/7331
f 4230/4230 2894/2894 7331/7331
f 2894/2894 3910/3910 6799/6799
f 6944/6944 2894/2894 6799/6799
f 6799/6799 3910/3910 6349/6349
f 2625/2625 1036/1036 4195/4195
f 4195/4195 1036/1036 99/99
f 99/99 5714/5714 3397/3397
f 3397/3397 5147/5147 2233/2233
f 2233/2233 5147/5147 5028/5028
f 5028/5028 4523/4523 2961/2961
f 4523/4523 6406/6406 2961/2961
f 2961/2961 6406/6406 3038/3038
f 5354/5354 6819/6819 3223/3223
f 7021/7021 2405/2405 720/720
f 2405/2405 1732/1732 720/720
f 720/720 1732/1732 4821/4821
f 4821/4821 6642/6642 1983/1983
f 1983/1983 3546/3546 7096/7096
f 1366/1366 1308/1308 1684/1684
f 7540/7540 679/679 3801/3801
f 7540/7540 3801/3801 5030/5030
f 5030/5030 628/628 5445/5445
f 5445/5445 7525/7525 5309/5309
f 7653/7653 5068/5068 3723/3723
f 418/418 3151/3151 2028/2028
f 1099/1099 7121/7121 228/228
f 6601/6601 2764/2764 2409/2409
f 2409/2409 2764/2764 2520/2520
f 2409/2409 2520/2520 3593/3593
f 1816/1816 7265/7265 1201/1201
f 2585/2585 829/829 4783/4783
f 4779/4779 6857/6857 139/139
f 6914/6914 942/942 851/851
f 851/851 942/942 7028/7028
f 2811/2811 997/997 1952/1952
f 1952/1952 1647/1647 6410/6410
f 5879/5879 2476/2476 3806/3806
f 5983/5983 889/889 7124/7124
f 4920/4920 6518/6518 2625/2625
f 2625/2625 6518/6518 1036/1036
f 1036/1036 5714/5714 99/99
f 5714/5714 5147/5147 3397/3397
f 5028/5028 5147/5147 4523/4523
f 3038/3038 6406/6406 5354/5354
f 5354/5354 6406/6406 6819/6819
f 6819/6819 4728/4728 3223/3223
f 3223/3223 4728/4728 7021/7021
f 4728/4728 2405/2405 7021/7021
f 4821/4821 1732/1732 6642/6642
f 1983/1983 6642/6642 3546/3546
f 3546/3546 5632/5632 7096/7096
f 5632/5632 6858/6858 7096/7096
f 5632/5632 1677/1677 6858/6858
f 1677/1677 1308/1308 6858/6858
f 6858/6858 1308/1308 1366/1366
f 1684/1684 1308/1308 7540/7540
f 7540/7540 1308/1308 679/679
f 5030/5030 3801/3801 628/628
f 5309/5309 7525/7525 7653/7653
f 3723/3723 5068/5068 3151/3151
f 2028/2028 4587/4587 5084/5084
f 2877/2877 2782/2782 4969/4969
f 2744/2744 2782/2782 4307/4307
f 2520/2520 1322/1322 3593/3593
f 1816/1816 1322/1322 7265/7265
f 1201/1201 829/829 2585/2585
f 4783/4783 2776/2776 5268/5268
f 2776/2776 2708/2708 420/420
f 515/515 2776/2776 420/420
f 6349/6349 4902/4902 6914/6914
f 6914/6914 4902/4902 3010/3010
f 7028/7028 5186/5186 7418/7418
f 926/926 4906/4906 4230/4230
f 4906/4906 5459/5459 4230/4230
f 4230/4230 5459/5459 2894/2894
f 3910/3910 4902/4902 6349/6349
f 2547/2547 5996/5996 4597/4597
f 1308/1308 1677/1677 4068/4068
f 5445/5445 628/628 7525/7525
f 5084/5084 4587/4587 6389/6389
f 6595/6595 5757/5757 439/439
f 2982/2982 2011/2011 1099/1099
f 6241/6241 3292/3292 3244/3244
f 5077/5077 4529/4529 6601/6601
f 6601/6601 4529/4529 2764/2764
f 2520/2520 6439/6439 1322/1322
f 6127/6127 2476/2476 5879/5879
f 3010/3010 942/942 6914/6914
f 7418/7418 5186/5186 5517/5517
f 2894/2894 5459/5459 3910/3910
f 4597/4597 3552/3552 7409/7409
f 3552/3552 4387/4387 7409/7409
f 7409/7409 4387/4387 5442/5442
f 5714/5714 2712/2712 5147/5147
f 4523/4523 5147/5147 2264/2264
f 4523/4523 6547/6547 6406/6406
f 6547/6547 7071/7071 6406/6406
f 4728/4728 6819/6819 6497/6497
f 4728/4728 6497/6497 6966/6966
f 4728/4728 6966/6966 2405/2405
f 2405/2405 6966/6966 1732/1732
f 1732/1732 6966/6966 3402/3402
f 1732/1732 3402/3402 6642/6642
f 7525/7525 4669/4669 7653/7653
f 7653/7653 4669/4669 5068/5068
f 2859/2859 4595/4595 1026/1026
f 5167/5167 5757/5757 6595/6595
f 6472/6472 983/983 5428/5428
f 5428/5428 983/983 3287/3287
f 3244/3244 6569/6569 5077/5077
f 1322/1322 639/639 7265/7265
f 7265/7265 5790/5790 1201/1201
f 1201/1201 5790/5790 829/829
f 2349/2349 2586/2586 5697/5697
f 6849/6849 2476/2476 6127/6127
f 3010/3010 7327/7327 942/942
f 7327/7327 3050/3050 942/942
f 997/997 1713/1713 1952/1952
f 2476/2476 1051/1051 3806/3806
f 3806/3806 1051/1051 5266/5266
f 5442/5442 669/669 4920/4920
f 4920/4920 669/669 6518/6518
f 2712/2712 2264/2264 5147/5147
f 4523/4523 2264/2264 6547/6547
f 6406/6406 7071/7071 6819/6819
f 6819/6819 7071/7071 6497/6497
f 679/679 2668/2668 3801/3801
f 5413/5413 1929/1929 5167/5167
f 439/439 5757/5757 2307/2307
f 4307/4307 3727/3727 6241/6241
f 6439/6439 5627/5627 1322/1322
f 5627/5627 639/639 1322/1322
f 829/829 6758/6758 4783/4783
f 3629/3629 980/980 7533/7533
f 5697/5697 1848/1848 6849/6849
f 6849/6849 1848/1848 2476/2476
f 3910/3910 3812/3812 4902/4902
f 4902/4902 3812/3812 3010/3010
f 1293/1293 3458/3458 5186/5186
f 5186/5186 3458/3458 5517/5517
f 4270/4270 3127/3127 997/997
f 1713/1713 1647/1647 1952/1952
f 5459/5459 4906/4906 4440/4440
f 2986/2986 1951/1951 5996/5996
f 4387/4387 3288/3288 5442/5442
f 5442/5442 3288/3288 669/669
f 1036/1036 4873/4873 5714/5714
f 7071/7071 3022/3022 5535/5535
f 7071/7071 5535/5535 6497/6497
f 6642/6642 3099/3099 3546/3546
f 3546/3546 3099/3099 5632/5632
f 5632/5632 4466/4466 1677/1677
f 4068/4068 3419/3419 1308/1308
f 3419/3419 5345/5345 1308/1308
f 1308/1308 5345/5345 679/679
f 3801/3801 2668/2668 628/628
f 1026/1026 4595/4595 5413/5413
f 439/439 2011/2011 2982/2982
f 3287/3287 3306/3306 746/746
f 3727/3727 3292/3292 6241/6241
f 3244/3244 3292/3292 4214/4214
f 3244/3244 4214/4214 6569/6569
f 4529/4529 2454/2454 2764/2764
f 2520/2520 4127/4127 6439/6439
f 7265/7265 639/639 5790/5790
f 5790/5790 6758/6758 829/829
f 6758/6758 7038/7038 4783/4783
f 4783/4783 7038/7038 2776/2776
f 1848/1848 1476/1476 2476/2476
f 2476/2476 1476/1476 1051/1051
f 5459/5459 483/483 3910/3910
f 3910/3910 483/483 3812/3812
f 3812/3812 6281/6281 3010/3010
f 3010/3010 6281/6281 7327/7327
f 942/942 3050/3050 1923/1923
f 942/942 1923/1923 7028/7028
f 3458/3458 5875/5875 4270/4270
f 5517/5517 3458/3458 4270/4270
f 4270/4270 5875/5875 3127/3127
f 997/997 3127/3127 1713/1713
f 1051/1051 985/985 5266/5266
f 5266/5266 985/985 926/926
f 926/926 6662/6662 4906/4906
f 4906/4906 6662/6662 4440/4440
f 5996/5996 1951/1951 7619/7619
f 5996/5996 7619/7619 4597/4597
f 4597/4597 7619/7619 3552/3552
f 2712/2712 194/194 2264/2264
f 5535/5535 2129/2129 6497/6497
f 6497/6497 2129/2129 6966/6966
f 6966/6966 1767/1767 3402/3402
f 3402/3402 93/93 6642/6642
f 6642/6642 93/93 3099/3099
f 1677/1677 4466/4466 4068/4068
f 2668/2668 2107/2107 628/628
f 628/628 2107/2107 7525/7525
f 7525/7525 2107/2107 4669/4669
f 4669/4669 6106/6106 1813/1813
f 4669/4669 1813/1813 5068/5068
f 3151/3151 7351/7351 2028/2028
f 2028/2028 7351/7351 7309/7309
f 4587/4587 3271/3271 6389/6389
f 6389/6389 3271/3271 1580/1580
f 1580/1580 3271/3271 2859/2859
f 4595/4595 1929/1929 5413/5413
f 1929/1929 5757/5757 5167/5167
f 439/439 2307/2307 2011/2011
f 1099/1099 4880/4880 7121/7121
f 983/983 3306/3306 3287/3287
f 6979/6979 2877/2877 4969/4969
f 5077/5077 6569/6569 4529/4529
f 2764/2764 2454/2454 4127/4127
f 2764/2764 4127/4127 2520/2520
f 1763/1763 5697/5697 2586/2586
f 1763/1763 1335/1335 5697/5697
f 5697/5697 1335/1335 1848/1848
f 4440/4440 559/559 5459/5459
f 5459/5459 559/559 483/483
f 985/985 688/688 926/926
f 926/926 688/688 6662/6662
f 2986/2986 2455/2455 1951/1951
f 6518/6518 4383/4383 1036/1036
f 5714/5714 4873/4873 2284/2284
f 5714/5714 2284/2284 2712/2712
f 2264/2264 836/836 6547/6547
f 6547/6547 3022/3022 7071/7071
f 6966/6966 2129/2129 1767/1767
f 3402/3402 1767/1767 93/93
f 3099/3099 4466/4466 5632/5632
f 4466/4466 783/783 4068/4068
f 783/783 4266/4266 4068/4068
f 4266/4266 3419/3419 4068/4068
f 5345/5345 2668/2668 679/679
f 2107/2107 6106/6106 4669/4669
f 2028/2028 7309/7309 4587/4587
f 7309/7309 1628/1628 4587/4587
f 7121/7121 6695/6695 6472/6472
f 6472/6472 6695/6695 983/983
f 3306/3306 5525/5525 746/746
f 5525/5525 2594/2594 746/746
f 746/746 2594/2594 6979/6979
f 4127/4127 5627/5627 6439/6439
f 1469/1469 1825/1825 3474/3474
f 3972/3972 1763/1763 2586/2586
f 1476/1476 766/766 1051/1051
f 1051/1051 766/766 985/985
f 7327/7327 5023/5023 3050/3050
f 4387/4387 4186/4186 3288/3288
f 3288/3288 4186/4186 3463/3463
f 3288/3288 3463/3463 669/669
f 669/669 3463/3463 6518/6518
f 1036/1036 4383/4383 4873/4873
f 2712/2712 2284/2284 194/194
f 194/194 836/836 2264/2264
f 6547/6547 836/836 3022/3022
f 4796/4796 5535/5535 3022/3022
f 2129/2129 5535/5535 4116/4116
f 1767/1767 2377/2377 93/93
f 93/93 2377/2377 6088/6088
f 93/93 6088/6088 3099/3099
f 5345/5345 3419/3419 629/629
f 5345/5345 629/629 149/149
f 5345/5345 149/149 2668/2668
f 2668/2668 149/149 4539/4539
f 2668/2668 4539/4539 2107/2107
f 2107/2107 5539/5539 6106/6106
f 1813/1813 4888/4888 5068/5068
f 4888/4888 7351/7351 3151/3151
f 5068/5068 4888/4888 3151/3151
f 4587/4587 1628/1628 3271/3271
f 1099/1099 2011/2011 4880/4880
f 2594/2594 2877/2877 6979/6979
f 2782/2782 2947/2947 4307/4307
f 2947/2947 3097/3097 4307/4307
f 6569/6569 81/81 4529/4529
f 639/639 6532/6532 5790/5790
f 5790/5790 1780/1780 6758/6758
f 3660/3660 6948/6948 5072/5072
f 1335/1335 854/854 1848/1848
f 1848/1848 854/854 1476/1476
f 1923/1923 3214/3214 1293/1293
f 3214/3214 3506/3506 1293/1293
f 1293/1293 3506/3506 3458/3458
f 4440/4440 5760/5760 559/559
f 559/559 5136/5136 483/483
f 483/483 5136/5136 3812/3812
f 3812/3812 2368/2368 6281/6281
f 7619/7619 1484/1484 3552/3552
f 3552/3552 1484/1484 524/524
f 3552/3552 524/524 4387/4387
f 5858/5858 4186/4186 4387/4387
f 4387/4387 524/524 5858/5858
f 6518/6518 3463/3463 4383/4383
f 3022/3022 836/836 1386/1386
f 3022/3022 1386/1386 4796/4796
f 2129/2129 4116/4116 5393/5393
f 2129/2129 5393/5393 1767/1767
f 1767/1767 5393/5393 2377/2377
f 3099/3099 3404/3404 4466/4466
f 4466/4466 2236/2236 783/783
f 3271/3271 2148/2148 2859/2859
f 2859/2859 2148/2148 4595/4595
f 7121/7121 4880/4880 6695/6695
f 5525/5525 196/196 2594/2594
f 3097/3097 3727/3727 4307/4307
f 4529/4529 81/81 2454/2454
f 2454/2454 81/81 4127/4127
f 5627/5627 5566/5566 639/639
f 639/639 5566/5566 6532/6532
f 5790/5790 6532/6532 1780/1780
f 1780/1780 2750/2750 6758/6758
f 3972/3972 211/211 1763/1763
f 1763/1763 5453/5453 1335/1335
f 3050/3050 5023/5023 3403/3403
f 3050/3050 3403/3403 1923/1923
f 1923/1923 3403/3403 3214/3214
f 3458/3458 3506/3506 5875/5875
f 3506/3506 879/879 3127/3127
f 5875/5875 3506/3506 3127/3127
f 3127/3127 4613/4613 1713/1713
f 4613/4613 815/815 1713/1713
f 815/815 197/197 1713/1713
f 766/766 6947/6947 985/985
f 985/985 6947/6947 688/688
f 1574/1574 5760/5760 4440/4440
f 6662/6662 1574/1574 4440/4440
f 559/559 5760/5760 5136/5136
f 5136/5136 2368/2368 3812/3812
f 1951/1951 3279/3279 7619/7619
f 4186/4186 5682/5682 3463/3463
f 4873/4873 4383/4383 3729/3729
f 4873/4873 3729/3729 2284/2284
f 4796/4796 4116/4116 5535/5535
f 6088/6088 412/412 3099/3099
f 3099/3099 412/412 3404/3404
f 4466/4466 3404/3404 2236/2236
f 4539/4539 5539/5539 2107/2107
f 4888/4888 4903/4903 7351/7351
f 4903/4903 4435/4435 7309/7309
f 7351/7351 4903/4903 7309/7309
f 7309/7309 4435/4435 1628/1628
f 4595/4595 2148/2148 1929/1929
f 6695/6695 7385/7385 983/983
f 3306/3306 196/196 5525/5525
f 6569/6569 4214/4214 81/81
f 4127/4127 5566/5566 5627/5627
f 211/211 5453/5453 1763/1763
f 5453/5453 5346/5346 1335/1335
f 1335/1335 5346/5346 854/854
f 3403/3403 1113/1113 3214/3214
f 854/854 5254/5254 1476/1476
f 1476/1476 5254/5254 766/766
f 6281/6281 2368/2368 7004/7004
f 6281/6281 7004/7004 5023/5023
f 3127/3127 879/879 4613/4613
f 688/688 1574/1574 6662/6662
f 7619/7619 3279/3279 1484/1484
f 2877/2877 2947/2947 2782/2782
f 4970/4970 2964/2964 81/81
f 4214/4214 4970/4970 81/81
f 81/81 3057/3057 4127/4127
f 6532/6532 3611/3611 1780/1780
f 211/211 5563/5563 3116/3116
f 3116/3116 5563/5563 3316/3316
f 3214/3214 2418/2418 3506/3506
f 5254/5254 1272/1272 766/766
f 2368/2368 6825/6825 7004/7004
f 766/766 1272/1272 6947/6947
f 6947/6947 1317/1317 688/688
f 5760/5760 1124/1124 5136/5136
f 3279/3279 6182/6182 1484/1484
f 1484/1484 6182/6182 524/524
f 5858/5858 3614/3614 4186/4186
f 4186/4186 3614/3614 5682/5682
f 3729/3729 5678/5678 2284/2284
f 194/194 6539/6539 836/836
f 836/836 6539/6539 1386/1386
f 1386/1386 6539/6539 4796/4796
f 2524/2524 6088/6088 2377/2377
f 3404/3404 4282/4282 1453/1453
f 3404/3404 1453/1453 2236/2236
f 2236/2236 4585/4585 783/783
f 783/783 5000/5000 4266/4266
f 4266/4266 6783/6783 3419/3419
f 3419/3419 6783/6783 629/629
f 629/629 6783/6783 149/149
f 149/149 4703/4703 2772/2772
f 149/149 2772/2772 4539/4539
f 4539/4539 2772/2772 6370/6370
f 4539/4539 6370/6370 5539/5539
f 5539/5539 295/295 6106/6106
f 6106/6106 1640/1640 1813/1813
f 1813/1813 1640/1640 4888/4888
f 4903/4903 6817/6817 4435/4435
f 4435/4435 6817/6817 1628/1628
f 1628/1628 6817/6817 3023/3023
f 2594/2594 6740/6740 6986/6986
f 2594/2594 6986/6986 2877/2877
f 6986/6986 2947/2947 2877/2877
f 5566/5566 7675/7675 6532/6532
f 5670/5670 738/738 5075/5075
f 954/954 3993/3993 3308/3308
f 211/211 5638/5638 5453/5453
f 5346/5346 5254/5254 854/854
f 5023/5023 7596/7596 3403/3403
f 3214/3214 1113/1113 2418/2418
f 1272/1272 1317/1317 6947/6947
f 1124/1124 1397/1397 5136/5136
f 5136/5136 1397/1397 6825/6825
f 5136/5136 6825/6825 2368/2368
f 1317/1317 4513/4513 688/688
f 688/688 4513/4513 1002/1002
f 688/688 1002/1002 1574/1574
f 5760/5760 1574/1574 4425/4425
f 5760/5760 4425/4425 1124/1124
f 524/524 5690/5690 5858/5858
f 5858/5858 5690/5690 3614/3614
f 3614/3614 5103/5103 5682/5682
f 5682/5682 5103/5103 3463/3463
f 5103/5103 4879/4879 4383/4383
f 3463/3463 5103/5103 4383/4383
f 4383/4383 2174/2174 3729/3729
f 3729/3729 2174/2174 5678/5678
f 2284/2284 5678/5678 7020/7020
f 7020/7020 3874/3874 2284/2284
f 2284/2284 3874/3874 194/194
f 194/194 3874/3874 6539/6539
f 6539/6539 5726/5726 4796/4796
f 4796/4796 5726/5726 4116/4116
f 4116/4116 3670/3670 5393/5393
f 2377/2377 1576/1576 2524/2524
f 4266/4266 5000/5000 6783/6783
f 6783/6783 4703/4703 149/149
f 5539/5539 6370/6370 295/295
f 6106/6106 295/295 1640/1640
f 1640/1640 671/671 4888/4888
f 671/671 844/844 4888/4888
f 4888/4888 844/844 4903/4903
f 844/844 6817/6817 4903/4903
f 1628/1628 3023/3023 3271/3271
f 3271/3271 3023/3023 1832/1832
f 3271/3271 1832/1832 4329/4329
f 3271/3271 4329/4329 2148/2148
f 2148/2148 6193/6193 1929/1929
f 1929/1929 6193/6193 5757/5757
f 5757/5757 5458/5458 2307/2307
f 2307/2307 1800/1800 2011/2011
f 4880/4880 3672/3672 6695/6695
f 983/983 7385/7385 3306/3306
f 3727/3727 6291/6291 3292/3292
f 3292/3292 6291/6291 4214/4214
f 3057/3057 3947/3947 4127/4127
f 4127/4127 3947/3947 5566/5566
f 6532/6532 7675/7675 3611/3611
f 1780/1780 6404/6404 2750/2750
f 2750/2750 6404/6404 5598/5598
f 7060/7060 5670/5670 5075/5075
f 5638/5638 6234/6234 5453/5453
f 6234/6234 4524/4524 5453/5453
f 5453/5453 4524/4524 5346/5346
f 5023/5023 6344/6344 7596/7596
f 879/879 4490/4490 4613/4613
f 4613/4613 4490/4490 815/815
f 1124/1124 4425/4425 4094/4094
f 1124/1124 4094/4094 1397/1397
f 1574/1574 1002/1002 4425/4425
f 5690/5690 329/329 3614/3614
f 3614/3614 329/329 6376/6376
f 3614/3614 6376/6376 5103/5103
f 4879/4879 2174/2174 4383/4383
f 6539/6539 3874/3874 9/9
f 5726/5726 3119/3119 4116/4116
f 4116/4116 3119/3119 3670/3670
f 5393/5393 3670/3670 1576/1576
f 5393/5393 1576/1576 2377/2377
f 6088/6088 1058/1058 412/412
f 412/412 1058/1058 3404/3404
f 1058/1058 4282/4282 3404/3404
f 2236/2236 1453/1453 4585/4585
f 2148/2148 4329/4329 6193/6193
f 6193/6193 5458/5458 5757/5757
f 1800/1800 583/583 4880/4880
f 2011/2011 1800/1800 4880/4880
f 4880/4880 583/583 3522/3522
f 4880/4880 3522/3522 3672/3672
f 6695/6695 4734/4734 7385/7385
f 3306/3306 7385/7385 196/196
f 6291/6291 4970/4970 4214/4214
f 2964/2964 5281/5281 81/81
f 81/81 5281/5281 3057/3057
f 5566/5566 3947/3947 7675/7675
f 3611/3611 2232/2232 1780/1780
f 1780/1780 2232/2232 6404/6404
f 4524/4524 1753/1753 5346/5346
f 5346/5346 1753/1753 5254/5254
f 880/880 6344/6344 7004/7004
f 3403/3403 7596/7596 1113/1113
f 2418/2418 3429/3429 3506/3506
f 3506/3506 3429/3429 879/879
f 815/815 4490/4490 4560/4560
f 5254/5254 3982/3982 1272/1272
f 3279/3279 1761/1761 6182/6182
f 6182/6182 1295/1295 524/524
f 524/524 1295/1295 5690/5690
f 6539/6539 9/9 2111/2111
f 6539/6539 2111/2111 5726/5726
f 4197/4197 2524/2524 1576/1576
f 2524/2524 4197/4197 1058/1058
f 2524/2524 1058/1058 6088/6088
f 4585/4585 6898/6898 783/783
f 783/783 6898/6898 5000/5000
f 6783/6783 4642/4642 4703/4703
f 2307/2307 5458/5458 1800/1800
f 196/196 5693/5693 2594/2594
f 5693/5693 6740/6740 2594/2594
f 3727/3727 3097/3097 6291/6291
f 4970/4970 1618/1618 2964/2964
f 3057/3057 5281/5281 3947/3947
f 6282/6282 2865/2865 5598/5598
f 6282/6282 5598/5598 6404/6404
f 1139/1139 954/954 7069/7069
f 5638/5638 527/527 6234/6234
f 1753/1753 3982/3982 5254/5254
f 3429/3429 1083/1083 879/879
f 3982/3982 5711/5711 1272/1272
f 1272/1272 5711/5711 1317/1317
f 1317/1317 5711/5711 4513/4513
f 1761/1761 5454/5454 6182/6182
f 6182/6182 5454/5454 1295/1295
f 6376/6376 164/164 5103/5103
f 1058/1058 3447/3447 4282/4282
f 4282/4282 3447/3447 1453/1453
f 1453/1453 4136/4136 4585/4585
f 5000/5000 4642/4642 6783/6783
f 4642/4642 1748/1748 4703/4703
f 4703/4703 1748/1748 1185/1185
f 4703/4703 1185/1185 2772/2772
f 2772/2772 4720/4720 6370/6370
f 6370/6370 4720/4720 295/295
f 1640/1640 4289/4289 671/671
f 3023/3023 4364/4364 1832/1832
f 6193/6193 204/204 5458/5458
f 196/196 2018/2018 5693/5693
f 6986/6986 7031/7031 2947/2947
f 2947/2947 3544/3544 3097/3097
f 6291/6291 5022/5022 4970/4970
f 4970/4970 5022/5022 1618/1618
f 3611/3611 7219/7219 2232/2232
f 2232/2232 2626/2626 6404/6404
f 2865/2865 5684/5684 5923/5923
f 6955/6955 5739/5739 7258/7258
f 6234/6234 7266/7266 4524/4524
f 1113/1113 708/708 2418/2418
f 2598/2598 2176/2176 4094/4094
f 2176/2176 1397/1397 4094/4094
f 1397/1397 6233/6233 6825/6825
f 6825/6825 6233/6233 880/880
f 5711/5711 4481/4481 4513/4513
f 1002/1002 990/990 2598/2598
f 1002/1002 2598/2598 4425/4425
f 1295/1295 2525/2525 5690/5690
f 5690/5690 2525/2525 329/329
f 329/329 4290/4290 6376/6376
f 6376/6376 4290/4290 164/164
f 5103/5103 164/164 4879/4879
f 2174/2174 6460/6460 5678/5678
f 7020/7020 3623/3623 3874/3874
f 3874/3874 7162/7162 9/9
f 3119/3119 5726/5726 6868/6868
f 3670/3670 3119/3119 1576/1576
f 4197/4197 3447/3447 1058/1058
f 3447/3447 4136/4136 1453/1453
f 2772/2772 1185/1185 3515/3515
f 6817/6817 3285/3285 3023/3023
f 3285/3285 4364/4364 3023/3023
f 4329/4329 6718/6718 6193/6193
f 6193/6193 6718/6718 204/204
f 5458/5458 497/497 1800/1800
f 6740/6740 1154/1154 6986/6986
f 3097/3097 4321/4321 6291/6291
f 7219/7219 3771/3771 2232/2232
f 892/892 3562/3562 7460/7460
f 4150/4150 1928/1928 7460/7460
f 162/162 4312/4312 2717/2717
f 527/527 7266/7266 6234/6234
f 7266/7266 6943/6943 4524/4524
f 4524/4524 6943/6943 1753/1753
f 880/880 876/876 4415/4415
f 880/880 4415/4415 6344/6344
f 4415/4415 2202/2202 6344/6344
f 6344/6344 2202/2202 7596/7596
f 7596/7596 2202/2202 1113/1113
f 1113/1113 2202/2202 708/708
f 708/708 7364/7364 2418/2418
f 3429/3429 2378/2378 1083/1083
f 6594/6594 4732/4732 4490/4490
f 4732/4732 4560/4560 4490/4490
f 3982/3982 4251/4251 7454/7454
f 3982/3982 7454/7454 5711/5711
f 4513/4513 4481/4481 1002/1002
f 4879/4879 3838/3838 2174/2174
f 2174/2174 3838/3838 826/826
f 826/826 6460/6460 2174/2174
f 6460/6460 3623/3623 5678/5678
f 5678/5678 3623/3623 7020/7020
f 3623/3623 7162/7162 3874/3874
f 5726/5726 2199/2199 6868/6868
f 3119/3119 6868/6868 1576/1576
f 1576/1576 6868/6868 742/742
f 1576/1576 742/742 4197/4197
f 4585/4585 4136/4136 6898/6898
f 5000/5000 6898/6898 4642/4642
f 2772/2772 3515/3515 4720/4720
f 295/295 4720/4720 4289/4289
f 295/295 4289/4289 1640/1640
f 4289/4289 5591/5591 671/671
f 671/671 5591/5591 844/844
f 844/844 3285/3285 6817/6817
f 3672/3672 4734/4734 6695/6695
f 7385/7385 2018/2018 196/196
f 1618/1618 5022/5022 3007/3007
f 1618/1618 3007/3007 2964/2964
f 2232/2232 3771/3771 2626/2626
f 1753/1753 4251/4251 3982/3982
f 2176/2176 4032/4032 1397/1397
f 1397/1397 4032/4032 6233/6233
f 6233/6233 4032/4032 876/876
f 7364/7364 1310/1310 3429/3429
f 5711/5711 7454/7454 4481/4481
f 6753/6753 912/912 1295/1295
f 5454/5454 6753/6753 1295/1295
f 1295/1295 912/912 5833/5833
f 1295/1295 5833/5833 2525/2525
f 164/164 4025/4025 3838/3838
f 164/164 3838/3838 4879/4879
f 9/9 881/881 2111/2111
f 881/881 2199/2199 2111/2111
f 2111/2111 2199/2199 5726/5726
f 4197/4197 1413/1413 3447/3447
f 3447/3447 1413/1413 3453/3453
f 4136/4136 5829/5829 6898/6898
f 6898/6898 7065/7065 4642/4642
f 4642/4642 7065/7065 1748/1748
f 1185/1185 4913/4913 3515/3515
f 4289/4289 5429/5429 5591/5591
f 844/844 5591/5591 1819/1819
f 844/844 1819/1819 3285/3285
f 3285/3285 6103/6103 4364/4364
f 6103/6103 7583/7583 4364/4364
f 4364/4364 7583/7583 1832/1832
f 5458/5458 3422/3422 497/497
f 1800/1800 6171/6171 583/583
f 1154/1154 7031/7031 6986/6986
f 7031/7031 3544/3544 2947/2947
f 3544/3544 4454/4454 3097/3097
f 3097/3097 4454/4454 4321/4321
f 2964/2964 5762/5762 5281/5281
f 5281/5281 4949/4949 3947/3947
f 3947/3947 1394/1394 7675/7675
f 3620/3620 2926/2926 1139/1139
f 7585/7585 7013/7013 7266/7266
f 7585/7585 7266/7266 527/527
f 658/658 4251/4251 1753/1753
f 6943/6943 658/658 1753/1753
f 4032/4032 2176/2176 5272/5272
f 4032/4032 1010/1010 876/876
f 1083/1083 2378/2378 6594/6594
f 4481/4481 990/990 1002/1002
f 2525/2525 6535/6535 329/329
f 329/329 6535/6535 4290/4290
f 4290/4290 4025/4025 164/164
f 9/9 7162/7162 881/881
f 4197/4197 742/742 4774/4774
f 4197/4197 4774/4774 1413/1413
f 4136/4136 3167/3167 5829/5829
f 7065/7065 6707/6707 1748/1748
f 6130/6130 4289/4289 4720/4720
f 4289/4289 6130/6130 5429/5429
f 1819/1819 6630/6630 3285/3285
f 3285/3285 6630/6630 6103/6103
f 5693/5693 1154/1154 6740/6740
f 3007/3007 5762/5762 2964/2964
f 7675/7675 1394/1394 7311/7311
f 7675/7675 7311/7311 7219/7219
f 3771/3771 6453/6453 2626/2626
f 2626/2626 5530/5530 6282/6282
f 5684/5684 522/522 5923/5923
f 7266/7266 2065/2065 6943/6943
f 6943/6943 2065/2065 658/658
f 1010/1010 6318/6318 4415/4415
f 4415/4415 6318/6318 2202/2202
f 6318/6318 5768/5768 2202/2202
f 2202/2202 5768/5768 708/708
f 708/708 5768/5768 3245/3245
f 4251/4251 7555/7555 7454/7454
f 7555/7555 7606/7606 7454/7454
f 7454/7454 7606/7606 4481/4481
f 990/990 6075/6075 2598/2598
f 2598/2598 6075/6075 232/232
f 2525/2525 5833/5833 6535/6535
f 6535/6535 6054/6054 4290/4290
f 4290/4290 6054/6054 4382/4382
f 4290/4290 4382/4382 4025/4025
f 2199/2199 5493/5493 6868/6868
f 6868/6868 3673/3673 742/742
f 742/742 2384/2384 4774/4774
f 3447/3447 3453/3453 5938/5938
f 3447/3447 5938/5938 4136/4136
f 4136/4136 5938/5938 3167/3167
f 5829/5829 7065/7065 6898/6898
f 1748/1748 4913/4913 1185/1185
f 4913/4913 5570/5570 3515/3515
f 3515/3515 5570/5570 4720/4720
f 4720/4720 5570/5570 6130/6130
f 6718/6718 5171/5171 204/204
f 204/204 5171/5171 5458/5458
f 4734/4734 6008/6008 7385/7385
f 7385/7385 6008/6008 2018/2018
f 7031/7031 4454/4454 3544/3544
f 6291/6291 6070/6070 5022/5022
f 5762/5762 4949/4949 5281/5281
f 7219/7219 932/932 3771/3771
f 3771/3771 932/932 6453/6453
f 2626/2626 6453/6453 5530/5530
f 6282/6282 5530/5530 5185/5185
f 5684/5684 5185/5185 522/522
f 2488/2488 7460/7460 3562/3562
f 5206/5206 5111/5111 7247/7247
f 2176/2176 7412/7412 5272/5272
f 4032/4032 5272/5272 1010/1010
f 6594/6594 2378/2378 4942/4942
f 6594/6594 4942/4942 4732/4732
f 2598/2598 232/232 2176/2176
f 2176/2176 232/232 7412/7412
f 4382/4382 812/812 4025/4025
f 3838/3838 331/331 826/826
f 826/826 331/331 6460/6460
f 6460/6460 331/331 4945/4945
f 3623/3623 6460/6460 5861/5861
f 6460/6460 4945/4945 5861/5861
f 5861/5861 7162/7162 3623/3623
f 5861/5861 3526/3526 7162/7162
f 7162/7162 3526/3526 6169/6169
f 7162/7162 6169/6169 881/881
f 881/881 6169/6169 2199/2199
f 6169/6169 5493/5493 2199/2199
f 5493/5493 3673/3673 6868/6868
f 3673/3673 2384/2384 742/742
f 1748/1748 6707/6707 4913/4913
f 5570/5570 4913/4913 1321/1321
f 5570/5570 1321/1321 6130/6130
f 6130/6130 5788/5788 5429/5429
f 5429/5429 5788/5788 5591/5591
f 5788/5788 6307/6307 5591/5591
f 6307/6307 1819/1819 5591/5591
f 6307/6307 6630/6630 1819/1819
f 7583/7583 2893/2893 1832/1832
f 1832/1832 2893/2893 4329/4329
f 4329/4329 2893/2893 6718/6718
f 5171/5171 7274/7274 5458/5458
f 5458/5458 7274/7274 3422/3422
f 6171/6171 3522/3522 583/583
f 3672/3672 5300/5300 4734/4734
f 5300/5300 6008/6008 4734/4734
f 7031/7031 6395/6395 4454/4454
f 4321/4321 6070/6070 6291/6291
f 6070/6070 3007/3007 5022/5022
f 5762/5762 7452/7452 4949/4949
f 3947/3947 4949/4949 1394/1394
f 7311/7311 932/932 7219/7219
f 7013/7013 4138/4138 652/652
f 2065/2065 1885/1885 658/658
f 658/658 1885/1885 4251/4251
f 5272/5272 4836/4836 1010/1010
f 4639/4639 1310/1310 3245/3245
f 1310/1310 4228/4228 2378/2378
f 2378/2378 4228/4228 4942/4942
f 7606/7606 7442/7442 4481/4481
f 4481/4481 7442/7442 990/990
f 912/912 3785/3785 5833/5833
f 5833/5833 3785/3785 6535/6535
f 4025/4025 812/812 3838/3838
f 3138/3138 5493/5493 6169/6169
f 6630/6630 6422/6422 6103/6103
f 6103/6103 5852/5852 7583/7583
f 2018/2018 6800/6800 5693/5693
f 5693/5693 4654/4654 1154/1154
f 1154/1154 6395/6395 7031/7031
f 4454/4454 3423/3423 4321/4321
f 3007/3007 552/552 5762/5762
f 6453/6453 6354/6354 5530/5530
f 5153/5153 213/213 4376/4376
f 652/652 7330/7330 2065/2065
f 7266/7266 652/652 2065/2065
f 2065/2065 7330/7330 1885/1885
f 1885/1885 4495/4495 4251/4251
f 6318/6318 5363/5363 5768/5768
f 4251/4251 4495/4495 7555/7555
f 232/232 6170/6170 7412/7412
f 5272/5272 7412/7412 4836/4836
f 4942/4942 1047/1047 4732/4732
f 1047/1047 4869/4869 4732/4732
f 912/912 1096/1096 3785/3785
f 3785/3785 6336/6336 6535/6535
f 6535/6535 6336/6336 5392/5392
f 6535/6535 5392/5392 6054/6054
f 6054/6054 6027/6027 4382/4382
f 4382/4382 6027/6027 812/812
f 3838/3838 6358/6358 331/331
f 331/331 6358/6358 7081/7081
f 331/331 7081/7081 4945/4945
f 5861/5861 5807/5807 3526/3526
f 3526/3526 5807/5807 2539/2539
f 3526/3526 2539/2539 6169/6169
f 5493/5493 6011/6011 3673/3673
f 3673/3673 6831/6831 2384/2384
f 2384/2384 7433/7433 4774/4774
f 7433/7433 7353/7353 4774/4774
f 5938/5938 6655/6655 3167/3167
f 5829/5829 1389/1389 7065/7065
f 7065/7065 1389/1389 6707/6707
f 6707/6707 3107/3107 4913/4913
f 6103/6103 6422/6422 5852/5852
f 497/497 5909/5909 1800/1800
f 1800/1800 5909/5909 6171/6171
f 3522/3522 3074/3074 3672/3672
f 1154/1154 4654/4654 6395/6395
f 6395/6395 1518/1518 4454/4454
f 4454/4454 1518/1518 4166/4166
f 4166/4166 3423/3423 4454/4454
f 474/474 3007/3007 6070/6070
f 4138/4138 3815/3815 652/652
f 652/652 3512/3512 7330/7330
f 6170/6170 1717/1717 7412/7412
f 7412/7412 1717/1717 2757/2757
f 4836/4836 2757/2757 1010/1010
f 6318/6318 7611/7611 5363/5363
f 5768/5768 5363/5363 4153/4153
f 5768/5768 4153/4153 3245/3245
f 3245/3245 4153/4153 4639/4639
f 4495/4495 743/743 7555/7555
f 7555/7555 743/743 7606/7606
f 990/990 6916/6916 6075/6075
f 6075/6075 4765/4765 232/232
f 6027/6027 4035/4035 812/812
f 812/812 4632/4632 3838/3838
f 3838/3838 4632/4632 6358/6358
f 4945/4945 7081/7081 5861/5861
f 5861/5861 7081/7081 5807/5807
f 6169/6169 2539/2539 3138/3138
f 3138/3138 2810/2810 5493/5493
f 5493/5493 2810/2810 6011/6011
f 3673/3673 6011/6011 6831/6831
f 6831/6831 1148/1148 2384/2384
f 4774/4774 2829/2829 1413/1413
f 4774/4774 7353/7353 2829/2829
f 1413/1413 2829/2829 3453/3453
f 3453/3453 853/853 5938/5938
f 6655/6655 977/977 3167/3167
f 3167/3167 977/977 5829/5829
f 5829/5829 977/977 1389/1389
f 6707/6707 1389/1389 3107/3107
f 4913/4913 3276/3276 1321/1321
f 4913/4913 3107/3107 3276/3276
f 1321/1321 3276/3276 6130/6130
f 5788/5788 3392/3392 6307/6307
f 6307/6307 3335/3335 6630/6630
f 6630/6630 1707/1707 6422/6422
f 7583/7583 3049/3049 2893/2893
f 6171/6171 3074/3074 3522/3522
f 3672/3672 3074/3074 5300/5300
f 5300/5300 739/739 6008/6008
f 6008/6008 6800/6800 2018/2018
f 4321/4321 3423/3423 474/474
f 4321/4321 474/474 6070/6070
f 6453/6453 932/932 6354/6354
f 5185/5185 4453/4453 4476/4476
f 213/213 6838/6838 4147/4147
f 3815/3815 6415/6415 652/652
f 3512/3512 7133/7133 7330/7330
f 7133/7133 4495/4495 1885/1885
f 7330/7330 7133/7133 1885/1885
f 2757/2757 7159/7159 1010/1010
f 1010/1010 7159/7159 6318/6318
f 6318/6318 7159/7159 7611/7611
f 743/743 6916/6916 7442/7442
f 7606/7606 743/743 7442/7442
f 7442/7442 6916/6916 990/990
f 6075/6075 6916/6916 6814/6814
f 6075/6075 6814/6814 4765/4765
f 6054/6054 5036/5036 6027/6027
f 6054/6054 5392/5392 5036/5036
f 5036/5036 2573/2573 6027/6027
f 6027/6027 2573/2573 4035/4035
f 2539/2539 2810/2810 3138/3138
f 2384/2384 1148/1148 7433/7433
f 2829/2829 853/853 3453/3453
f 853/853 6655/6655 5938/5938
f 6130/6130 2436/2436 5788/5788
f 6630/6630 3335/3335 1707/1707
f 5852/5852 3049/3049 7583/7583
f 6718/6718 3354/3354 5171/5171
f 5171/5171 806/806 7274/7274
f 7274/7274 806/806 3422/3422
f 3422/3422 806/806 497/497
f 739/739 6800/6800 6008/6008
f 474/474 552/552 3007/3007
f 552/552 7452/7452 5762/5762
f 3058/3058 522/522 1000/1000
f 3853/3853 4147/4147 2389/2389
f 493/493 7398/7398 2394/2394
f 3512/3512 5055/5055 7133/7133
f 2048/2048 7159/7159 2757/2757
f 4153/4153 4830/4830 4639/4639
f 4228/4228 6062/6062 4942/4942
f 4942/4942 6062/6062 1047/1047
f 4495/4495 3700/3700 743/743
f 3785/3785 1096/1096 6336/6336
f 6336/6336 3564/3564 5392/5392
f 7353/7353 721/721 2829/2829
f 977/977 5666/5666 3693/3693
f 977/977 3693/3693 1389/1389
f 1389/1389 3693/3693 1061/1061
f 1389/1389 1061/1061 3107/3107
f 3107/3107 1061/1061 6430/6430
f 3107/3107 6430/6430 7487/7487
f 5788/5788 2436/2436 3392/3392
f 6307/6307 3392/3392 3335/3335
f 3049/3049 5293/5293 2893/2893
f 2893/2893 3354/3354 6718/6718
f 5171/5171 3354/3354 806/806
f 6800/6800 5248/5248 5693/5693
f 5693/5693 5248/5248 4654/4654
f 4654/4654 1518/1518 6395/6395
f 474/474 3423/3423 3560/3560
f 552/552 5353/5353 7452/7452
f 7452/7452 5284/5284 4949/4949
f 4949/4949 5284/5284 287/287
f 4949/4949 287/287 1394/1394
f 7311/7311 6142/6142 932/932
f 522/522 4476/4476 1000/1000
f 3815/3815 7318/7318 6415/6415
f 6415/6415 5055/5055 3512/3512
f 4765/4765 5835/5835 6170/6170
f 5363/5363 1843/1843 4153/4153
f 1843/1843 4830/4830 4153/4153
f 6062/6062 4869/4869 1047/1047
f 4495/4495 4267/4267 3700/3700
f 743/743 3700/3700 6916/6916
f 5392/5392 3564/3564 5036/5036
f 5036/5036 5808/5808 2573/2573
f 2573/2573 6531/6531 4035/4035
f 4035/4035 6531/6531 812/812
f 812/812 6531/6531 4632/4632
f 4632/4632 6531/6531 6358/6358
f 2810/2810 5269/5269 6011/6011
f 7433/7433 6155/6155 7353/7353
f 721/721 3621/3621 2829/2829
f 2829/2829 3621/3621 853/853
f 853/853 4473/4473 6655/6655
f 6655/6655 4473/4473 827/827
f 6655/6655 827/827 977/977
f 3107/3107 6288/6288 3276/3276
f 3276/3276 2436/2436 6130/6130
f 2893/2893 3080/3080 3354/3354
f 3074/3074 897/897 5300/5300
f 739/739 127/127 6800/6800
f 6800/6800 3709/3709 452/452
f 6800/6800 452/452 5248/5248
f 1518/1518 1830/1830 4166/4166
f 474/474 3560/3560 552/552
f 1394/1394 287/287 7311/7311
f 7607/7607 2394/2394 7398/7398
f 548/548 391/391 7133/7133
f 5055/5055 548/548 7133/7133
f 7611/7611 1843/1843 5363/5363
f 7133/7133 391/391 4495/4495
f 1717/1717 6061/6061 2757/2757
f 6916/6916 2971/2971 6356/6356
f 6916/6916 6356/6356 6814/6814
f 1096/1096 3250/3250 6336/6336
f 6336/6336 3250/3250 6176/6176
f 6336/6336 6176/6176 3564/3564
f 3564/3564 568/568 5036/5036
f 5036/5036 568/568 5808/5808
f 5808/5808 5795/5795 2573/2573
f 2573/2573 5795/5795 6531/6531
f 6531/6531 2324/2324 6358/6358
f 6358/6358 2324/2324 7081/7081
f 5807/5807 7081/7081 6733/6733
f 5807/5807 6733/6733 2421/2421
f 5807/5807 2421/2421 2539/2539
f 2539/2539 2421/2421 5269/5269
f 2539/2539 5269/5269 2810/2810
f 6011/6011 3130/3130 6831/6831
f 6831/6831 1437/1437 1148/1148
f 1148/1148 1437/1437 7433/7433
f 7433/7433 1437/1437 6155/6155
f 7353/7353 6155/6155 721/721
f 3107/3107 7487/7487 6288/6288
f 6288/6288 2436/2436 3276/3276
f 3392/3392 2436/2436 3368/3368
f 3392/3392 6101/6101 3335/3335
f 6422/6422 5408/5408 5852/5852
f 5408/5408 5293/5293 3049/3049
f 5852/5852 5408/5408 3049/3049
f 5293/5293 3080/3080 2893/2893
f 3445/3445 2819/2819 3354/3354
f 3354/3354 2819/2819 806/806
f 806/806 1187/1187 497/497
f 5909/5909 1187/1187 6171/6171
f 897/897 2281/2281 5300/5300
f 2281/2281 739/739 5300/5300
f 127/127 3709/3709 6800/6800
f 4654/4654 6413/6413 1518/1518
f 6413/6413 315/315 1518/1518
f 315/315 1830/1830 1518/1518
f 3560/3560 5353/5353 552/552
f 287/287 2490/2490 7311/7311
f 2490/2490 6142/6142 7311/7311
f 6142/6142 2131/2131 932/932
f 932/932 2131/2131 6354/6354
f 3731/3731 7103/7103 2389/2389
f 2683/2683 1519/1519 6797/6797
f 7318/7318 2553/2553 6415/6415
f 6/6 548/548 5055/5055
f 6415/6415 6/6 5055/5055
f 5835/5835 2639/2639 7186/7186
f 1717/1717 5835/5835 7186/7186
f 1717/1717 7186/7186 6061/6061
f 2757/2757 6061/6061 2048/2048
f 2048/2048 768/768 7159/7159
f 7159/7159 768/768 7611/7611
f 7611/7611 768/768 1843/1843
f 6568/6568 6388/6388 4830/4830
f 4830/4830 6388/6388 4228/4228
f 4228/4228 6388/6388 6062/6062
f 4267/4267 3960/3960 3700/3700
f 3700/3700 3960/3960 2971/2971
f 3700/3700 2971/2971 6916/6916
f 6814/6814 6356/6356 4765/4765
f 4765/4765 6356/6356 3197/3197
f 4765/4765 3197/3197 5835/5835
f 6176/6176 5343/5343 3564/3564
f 3564/3564 5343/5343 568/568
f 6531/6531 6267/6267 2324/2324
f 2324/2324 6733/6733 7081/7081
f 5269/5269 3130/3130 6011/6011
f 3130/3130 1437/1437 6831/6831
f 977/977 827/827 5666/5666
f 3368/3368 6101/6101 3392/3392
f 6101/6101 2700/2700 3335/3335
f 3335/3335 2700/2700 1707/1707
f 6422/6422 1707/1707 5408/5408
f 3080/3080 3445/3445 3354/3354
f 497/497 1187/1187 5909/5909
f 6171/6171 1187/1187 3074/3074
f 5248/5248 3381/3381 4654/4654
f 4654/4654 3381/3381 6413/6413
f 3423/3423 4784/4784 3560/3560
f 5353/5353 5284/5284 7452/7452
f 5530/5530 2571/2571 4453/4453
f 3787/3787 6415/6415 2553/2553
f 3787/3787 6/6 6415/6415
f 3020/3020 6568/6568 4830/4830
f 4267/4267 391/391 3960/3960
f 5343/5343 5558/5558 568/568
f 5795/5795 6267/6267 6531/6531
f 6733/6733 5589/5589 2421/2421
f 2421/2421 5589/5589 5269/5269
f 5269/5269 5589/5589 5648/5648
f 5269/5269 5648/5648 3130/3130
f 806/806 2142/2142 1187/1187
f 1187/1187 897/897 3074/3074
f 452/452 3381/3381 5248/5248
f 1830/1830 1220/1220 4166/4166
f 1220/1220 4784/4784 3423/3423
f 4166/4166 1220/1220 3423/3423
f 3560/3560 4784/4784 5353/5353
f 2490/2490 3105/3105 6142/6142
f 3731/3731 1341/1341 2501/2501
f 2553/2553 5106/5106 3787/3787
f 4433/4433 4511/4511 548/548
f 6/6 4433/4433 548/548
f 548/548 4511/4511 391/391
f 4511/4511 5340/5340 391/391
f 768/768 5239/5239 7715/7715
f 768/768 7715/7715 809/809
f 768/768 809/809 1843/1843
f 809/809 5008/5008 1843/1843
f 5008/5008 3020/3020 4830/4830
f 6568/6568 2392/2392 6388/6388
f 6388/6388 2392/2392 6062/6062
f 6062/6062 1381/1381 6623/6623
f 391/391 5340/5340 3960/3960
f 3960/3960 5340/5340 3818/3818
f 3960/3960 3818/3818 2971/2971
f 6356/6356 6250/6250 3197/3197
f 3197/3197 6250/6250 4561/4561
f 3197/3197 4561/4561 2639/2639
f 6176/6176 3250/3250 5343/5343
f 568/568 5558/5558 5808/5808
f 5795/5795 6549/6549 6267/6267
f 6267/6267 6549/6549 6112/6112
f 6267/6267 6112/6112 2243/2243
f 6267/6267 2243/2243 2324/2324
f 6733/6733 5540/5540 5589/5589
f 5648/5648 1356/1356 3130/3130
f 3130/3130 1356/1356 3408/3408
f 3130/3130 3408/3408 1437/1437
f 721/721 6155/6155 717/717
f 721/721 2276/2276 3621/3621
f 3621/3621 2276/2276 853/853
f 853/853 7251/7251 4473/4473
f 5666/5666 7701/7701 3693/3693
f 7487/7487 4037/4037 6288/6288
f 6288/6288 498/498 2436/2436
f 3464/3464 3368/3368 2436/2436
f 3368/3368 7343/7343 6101/6101
f 1707/1707 6458/6458 5408/5408
f 5293/5293 3350/3350 3080/3080
f 5699/5699 2142/2142 806/806
f 2281/2281 2735/2735 739/739
f 2735/2735 1824/1824 127/127
f 739/739 2735/2735 127/127
f 127/127 1824/1824 3709/3709
f 3709/3709 5013/5013 452/452
f 315/315 4223/4223 1830/1830
f 4784/4784 6317/6317 5353/5353
f 5353/5353 6317/6317 953/953
f 5353/5353 953/953 5284/5284
f 5284/5284 6055/6055 287/287
f 287/287 6055/6055 6736/6736
f 287/287 6736/6736 2490/2490
f 6142/6142 3105/3105 302/302
f 6142/6142 302/302 2131/2131
f 3414/3414 533/533 2131/2131
f 2131/2131 533/533 3438/3438
f 3787/3787 4433/4433 6/6
f 4433/4433 1496/1496 4511/4511
f 2639/2639 4561/4561 7186/7186
f 2392/2392 1381/1381 6062/6062
f 6623/6623 1598/1598 2963/2963
f 2971/2971 3818/3818 6356/6356
f 3818/3818 6250/6250 6356/6356
f 3250/3250 7108/7108 5343/5343
f 5558/5558 377/377 5808/5808
f 377/377 1169/1169 5808/5808
f 5808/5808 1169/1169 3430/3430
f 5808/5808 3430/3430 5795/5795
f 5795/5795 3430/3430 6549/6549
f 2324/2324 5540/5540 6733/6733
f 2324/2324 2243/2243 5540/5540
f 5540/5540 5002/5002 5589/5589
f 5589/5589 5002/5002 1356/1356
f 5589/5589 1356/1356 5648/5648
f 3408/3408 3757/3757 1437/1437
f 1437/1437 4823/4823 6155/6155
f 4823/4823 717/717 6155/6155
f 2276/2276 1060/1060 853/853
f 1060/1060 7251/7251 853/853
f 3693/3693 7701/7701 6559/6559
f 3693/3693 6559/6559 1061/1061
f 1061/1061 6559/6559 6430/6430
f 4037/4037 498/498 6288/6288
f 6101/6101 7343/7343 2700/2700
f 2700/2700 261/261 1707/1707
f 1707/1707 261/261 6458/6458
f 5408/5408 6458/6458 1642/1642
f 1642/1642 7471/7471 5408/5408
f 5408/5408 7471/7471 5293/5293
f 7471/7471 3350/3350 5293/5293
f 3350/3350 1057/1057 3080/3080
f 3080/3080 1057/1057 3445/3445
f 2819/2819 5699/5699 806/806
f 1824/1824 5013/5013 3709/3709
f 452/452 1594/1594 3381/3381
f 3381/3381 4264/4264 6413/6413
f 4223/4223 1220/1220 1830/1830
f 1220/1220 5877/5877 4784/4784
f 5284/5284 953/953 6055/6055
f 6736/6736 3105/3105 2490/2490
f 337/337 696/696 1023/1023
f 2822/2822 6686/6686 1341/1341
f 6686/6686 6735/6735 2501/2501
f 6124/6124 2948/2948 6132/6132
f 5106/5106 5686/5686 3787/3787
f 6397/6397 3701/3701 4433/4433
f 3787/3787 6397/6397 4433/4433
f 4433/4433 3701/3701 1496/1496
f 7715/7715 700/700 809/809
f 3020/3020 5708/5708 6568/6568
f 4511/4511 4429/4429 5340/5340
f 5340/5340 4429/4429 3818/3818
f 7186/7186 4211/4211 2834/2834
f 7186/7186 2834/2834 6061/6061
f 3250/3250 6464/6464 7108/7108
f 5343/5343 858/858 5558/5558
f 5558/5558 858/858 377/377
f 2243/2243 565/565 5540/5540
f 5540/5540 565/565 5002/5002
f 5002/5002 6235/6235 1356/1356
f 3408/3408 7057/7057 3757/3757
f 3757/3757 4823/4823 1437/1437
f 721/721 717/717 2276/2276
f 4473/4473 7251/7251 2451/2451
f 4473/4473 2451/2451 827/827
f 6430/6430 6559/6559 4037/4037
f 6430/6430 4037/4037 7487/7487
f 498/498 3464/3464 2436/2436
f 3368/3368 3464/3464 7343/7343
f 7343/7343 261/261 2700/2700
f 3445/3445 7289/7289 2819/2819
f 1187/1187 3336/3336 897/897
f 5013/5013 4178/4178 452/452
f 452/452 4178/4178 1594/1594
f 3381/3381 1594/1594 4264/4264
f 4264/4264 3043/3043 6413/6413
f 6413/6413 3043/3043 4223/4223
f 6413/6413 4223/4223 315/315
f 4784/4784 5877/5877 6317/6317
f 3105/3105 4808/4808 302/302
f 3414/3414 3950/3950 533/533
f 2071/2071 5088/5088 2781/2781
f 1883/1883 5088/5088 2071/2071
f 1206/1206 3787/3787 5686/5686
f 1206/1206 6397/6397 3787/3787
f 6397/6397 7003/7003 3701/3701
f 3701/3701 4643/4643 1496/1496
f 700/700 1734/1734 5008/5008
f 809/809 700/700 5008/5008
f 1496/1496 4643/4643 4511/4511
f 4511/4511 4643/4643 4429/4429
f 2834/2834 6807/6807 5239/5239
f 5239/5239 6807/6807 7715/7715
f 2392/2392 505/505 1381/1381
f 3818/3818 2054/2054 6250/6250
f 5343/5343 7108/7108 858/858
f 6112/6112 1887/1887 2243/2243
f 5002/5002 565/565 6235/6235
f 1356/1356 2846/2846 7057/7057
f 1356/1356 7057/7057 3408/3408
f 7057/7057 567/567 3757/3757
f 3757/3757 567/567 4823/4823
f 4823/4823 547/547 717/717
f 827/827 2451/2451 5666/5666
f 2451/2451 2867/2867 5666/5666
f 5666/5666 2867/2867 7701/7701
f 3464/3464 3260/3260 7343/7343
f 7343/7343 5365/5365 261/261
f 261/261 5720/5720 6458/6458
f 6458/6458 5720/5720 574/574
f 6458/6458 574/574 1642/1642
f 1057/1057 3919/3919 3445/3445
f 2819/2819 7289/7289 5699/5699
f 5503/5503 2735/2735 2281/2281
f 1824/1824 7451/7451 5013/5013
f 1594/1594 2614/2614 4264/4264
f 4223/4223 5877/5877 1220/1220
f 4808/4808 3950/3950 302/302
f 3472/3472 3438/3438 533/533
f 3472/3472 1336/1336 3438/3438
f 337/337 5501/5501 3511/3511
f 2781/2781 1072/1072 62/62
f 4722/4722 1883/1883 2071/2071
f 5686/5686 3448/3448 1206/1206
f 5008/5008 1734/1734 3020/3020
f 6568/6568 5708/5708 2392/2392
f 4643/4643 3359/3359 4429/4429
f 4429/4429 3359/3359 3818/3818
f 2054/2054 3254/3254 6250/6250
f 6250/6250 3254/3254 4561/4561
f 4561/4561 3254/3254 4211/4211
f 4561/4561 4211/4211 7186/7186
f 6464/6464 7718/7718 7108/7108
f 7108/7108 1691/1691 858/858
f 1691/1691 5082/5082 377/377
f 858/858 1691/1691 377/377
f 3430/3430 1887/1887 6549/6549
f 6549/6549 1887/1887 6112/6112
f 2243/2243 2210/2210 565/565
f 6235/6235 2846/2846 1356/1356
f 717/717 2132/2132 2276/2276
f 2276/2276 2132/2132 1060/1060
f 6559/6559 5448/5448 4037/4037
f 4037/4037 5448/5448 498/498
f 498/498 3260/3260 3464/3464
f 6668/6668 5365/5365 7343/7343
f 7471/7471 1642/1642 4102/4102
f 7471/7471 4102/4102 3350/3350
f 3445/3445 3919/3919 7289/7289
f 1187/1187 2142/2142 3336/3336
f 3336/3336 5503/5503 897/897
f 897/897 5503/5503 2281/2281
f 2735/2735 3978/3978 1824/1824
f 5877/5877 4223/4223 2494/2494
f 6317/6317 6068/6068 953/953
f 953/953 6068/6068 6055/6055
f 6055/6055 2798/2798 6736/6736
f 6736/6736 5707/5707 3105/3105
f 3105/3105 5707/5707 4808/4808
f 3950/3950 5310/5310 533/533
f 2135/2135 62/62 5229/5229
f 2083/2083 7436/7436 3298/3298
f 3298/3298 7436/7436 6390/6390
f 3298/3298 6390/6390 2271/2271
f 2271/2271 6124/6124 5652/5652
f 2995/2995 7003/7003 6397/6397
f 1206/1206 2995/2995 6397/6397
f 3701/3701 4770/4770 4643/4643
f 4643/4643 3152/3152 3359/3359
f 2392/2392 5708/5708 505/505
f 505/505 5618/5618 1381/1381
f 5618/5618 2976/2976 1381/1381
f 3359/3359 4432/4432 3818/3818
f 4432/4432 2054/2054 3818/3818
f 2054/2054 1222/1222 3254/3254
f 7108/7108 7718/7718 1691/1691
f 377/377 5082/5082 7716/7716
f 377/377 7716/7716 1169/1169
f 7716/7716 2369/2369 1169/1169
f 1169/1169 2369/2369 3430/3430
f 2243/2243 7281/7281 2210/2210
f 2846/2846 6235/6235 27/27
f 2846/2846 3505/3505 7057/7057
f 7057/7057 3505/3505 4204/4204
f 7057/7057 4204/4204 567/567
f 4823/4823 567/567 4817/4817
f 4823/4823 4817/4817 547/547
f 547/547 4817/4817 5058/5058
f 547/547 5058/5058 717/717
f 717/717 5058/5058 2132/2132
f 2132/2132 7251/7251 1060/1060
f 7701/7701 2550/2550 6559/6559
f 6559/6559 1324/1324 5448/5448
f 5448/5448 4582/4582 498/498
f 498/498 4582/4582 3260/3260
f 3260/3260 6668/6668 7343/7343
f 3260/3260 2733/2733 6668/6668
f 5365/5365 5720/5720 261/261
f 574/574 2718/2718 1642/1642
f 1057/1057 3350/3350 3919/3919
f 5699/5699 3840/3840 2142/2142
f 5503/5503 3978/3978 2735/2735
f 3978/3978 7451/7451 1824/1824
f 7451/7451 7595/7595 5013/5013
f 7595/7595 4178/4178 5013/5013
f 1594/1594 6466/6466 2614/2614
f 4264/4264 2987/2987 3043/3043
f 5877/5877 1370/1370 6317/6317
f 2798/2798 5707/5707 6736/6736
f 533/533 3932/3932 3472/3472
f 3448/3448 4697/4697 1206/1206
f 2995/2995 3468/3468 7003/7003
f 3468/3468 4770/4770 3701/3701
f 7003/7003 3468/3468 3701/3701
f 2834/2834 2089/2089 6807/6807
f 6807/6807 1251/1251 700/700
f 3152/3152 5668/5668 3359/3359
f 3359/3359 5668/5668 4432/4432
f 3254/3254 1222/1222 1860/1860
f 3254/3254 1860/1860 4211/4211
f 3430/3430 2369/2369 2274/2274
f 3430/3430 2274/2274 1887/1887
f 1887/1887 2274/2274 2243/2243
f 2274/2274 7281/7281 2243/2243
f 2210/2210 6652/6652 565/565
f 565/565 6652/6652 6235/6235
f 6235/6235 968/968 27/27
f 2846/2846 27/27 3505/3505
f 7251/7251 5944/5944 2451/2451
f 2451/2451 5015/5015 2867/2867
f 2867/2867 5015/5015 2550/2550
f 2867/2867 2550/2550 7701/7701
f 2550/2550 1324/1324 6559/6559
f 6668/6668 4360/4360 5365/5365
f 5365/5365 4360/4360 5720/5720
f 5720/5720 2718/2718 574/574
f 1642/1642 2718/2718 4102/4102
f 2142/2142 441/441 3336/3336
f 3997/3997 3831/3831 7451/7451
f 7451/7451 3831/3831 7595/7595
f 4178/4178 5097/5097 1594/1594
f 1594/1594 5097/5097 6466/6466
f 2614/2614 6950/6950 4264/4264
f 4264/4264 6950/6950 2987/2987
f 3043/3043 2987/2987 4223/4223
f 4223/4223 2987/2987 2072/2072
f 4223/4223 2072/2072 2494/2494
f 1370/1370 6068/6068 6317/6317
f 6761/6761 6055/6055 6068/6068
f 6761/6761 2798/2798 6055/6055
f 5037/5037 4146/4146 102/102
f 6624/6624 1206/1206 4697/4697
f 6624/6624 2995/2995 1206/1206
f 3468/3468 2021/2021 4770/4770
f 700/700 1251/1251 1703/1703
f 4770/4770 5668/5668 3152/3152
f 4211/4211 1860/1860 89/89
f 4211/4211 89/89 2205/2205
f 5708/5708 698/698 505/505
f 4432/4432 1292/1292 2054/2054
f 2054/2054 1292/1292 1222/1222
f 7718/7718 5295/5295 1691/1691
f 1691/1691 810/810 5082/5082
f 27/27 4204/4204 3505/3505
f 567/567 4204/4204 4817/4817
f 5058/5058 301/301 2132/2132
f 2132/2132 301/301 7251/7251
f 7251/7251 301/301 4623/4623
f 7251/7251 4623/4623 5944/5944
f 2451/2451 5944/5944 5015/5015
f 1324/1324 7642/7642 5448/5448
f 4582/4582 5478/5478 3260/3260
f 5478/5478 2733/2733 3260/3260
f 5720/5720 5134/5134 2718/2718
f 4102/4102 2706/2706 3350/3350
f 3350/3350 2706/2706 3919/3919
f 3919/3919 5547/5547 7289/7289
f 5547/5547 5699/5699 7289/7289
f 2142/2142 3840/3840 441/441
f 3336/3336 5208/5208 5503/5503
f 3978/3978 3997/3997 7451/7451
f 6466/6466 6025/6025 2614/2614
f 2494/2494 1630/1630 5877/5877
f 3950/3950 2654/2654 5310/5310
f 3932/3932 5037/5037 3472/3472
f 3608/3608 2781/2781 6023/6023
f 3298/3298 2271/2271 7511/7511
f 7511/7511 2271/2271 6743/6743
f 2756/2756 6743/6743 4987/4987
f 625/625 4697/4697 798/798
f 625/625 6624/6624 4697/4697
f 3035/3035 4273/4273 3908/3908
f 6624/6624 694/694 2995/2995
f 2021/2021 6448/6448 4770/4770
f 6448/6448 5668/5668 4770/4770
f 1703/1703 1504/1504 1734/1734
f 1504/1504 7073/7073 1734/1734
f 5668/5668 5787/5787 6483/6483
f 5668/5668 6483/6483 4432/4432
f 1222/1222 1399/1399 1860/1860
f 1691/1691 5295/5295 810/810
f 5082/5082 810/810 1015/1015
f 5082/5082 1015/1015 7716/7716
f 2369/2369 7716/7716 1752/1752
f 2369/2369 1752/1752 2274/2274
f 2274/2274 2824/2824 7281/7281
f 6235/6235 6652/6652 968/968
f 4204/4204 1209/1209 4817/4817
f 4623/4623 597/597 5944/5944
f 5448/5448 2845/2845 4582/4582
f 4582/4582 2845/2845 5478/5478
f 5478/5478 7404/7404 2733/2733
f 7404/7404 4360/4360 6668/6668
f 2733/2733 7404/7404 6668/6668
f 4360/4360 2059/2059 5720/5720
f 2059/2059 5134/5134 5720/5720
f 3919/3919 2706/2706 5547/5547
f 5699/5699 769/769 3840/3840
f 441/441 3840/3840 5208/5208
f 441/441 5208/5208 3336/3336
f 5208/5208 4744/4744 5503/5503
f 5503/5503 4744/4744 3978/3978
f 7595/7595 1534/1534 4178/4178
f 4178/4178 1534/1534 5097/5097
f 5097/5097 7187/7187 6466/6466
f 6466/6466 7187/7187 6025/6025
f 2614/2614 6025/6025 6950/6950
f 1630/1630 1370/1370 5877/5877
f 1370/1370 6761/6761 6068/6068
f 6761/6761 1016/1016 2798/2798
f 2798/2798 264/264 7532/7532
f 4808/4808 5707/5707 3950/3950
f 5516/5516 3932/3932 5310/5310
f 3932/3932 4950/4950 5037/5037
f 3608/3608 6023/6023 1984/1984
f 6624/6624 332/332 694/694
f 694/694 6923/6923 2995/2995
f 2995/2995 6923/6923 2021/2021
f 2995/2995 2021/2021 3468/3468
f 4876/4876 6045/6045 4953/4953
f 1860/1860 1399/1399 89/89
f 7073/7073 698/698 5708/5708
f 5295/5295 6685/6685 810/810
f 7716/7716 1015/1015 1752/1752
f 1752/1752 4101/4101 2274/2274
f 4101/4101 3487/3487 2274/2274
f 2274/2274 3487/3487 2824/2824
f 2824/2824 542/542 7281/7281
f 7281/7281 542/542 2210/2210
f 2210/2210 542/542 2317/2317
f 2210/2210 2317/2317 2030/2030
f 2210/2210 2030/2030 6652/6652
f 6652/6652 2904/2904 968/968
f 968/968 2904/2904 4330/4330
f 968/968 4330/4330 1186/1186
f 968/968 1186/1186 27/27
f 27/27 1186/1186 5126/5126
f 27/27 5126/5126 4204/4204
f 1209/1209 5159/5159 4817/4817
f 4817/4817 5159/5159 910/910
f 4817/4817 910/910 5058/5058
f 5058/5058 910/910 301/301
f 597/597 1829/1829 5944/5944
f 5944/5944 4040/4040 5015/5015
f 5015/5015 4040/4040 5765/5765
f 2550/2550 2460/2460 1324/1324
f 1324/1324 589/589 7642/7642
f 7642/7642 2845/2845 5448/5448
f 7642/7642 2643/2643 2845/2845
f 7404/7404 6626/6626 4360/4360
f 5134/5134 1643/1643 2718/2718
f 2718/2718 1643/1643 4102/4102
f 4102/4102 3363/3363 2706/2706
f 5547/5547 769/769 5699/5699
f 3840/3840 32/32 5208/5208
f 3978/3978 4744/4744 3997/3997
f 2987/2987 6950/6950 2072/2072
f 2072/2072 1787/1787 2494/2494
f 2494/2494 1787/1787 1630/1630
f 1016/1016 264/264 2798/2798
f 7532/7532 5325/5325 5707/5707
f 5516/5516 4950/4950 3932/3932
f 694/694 3957/3957 6923/6923
f 2089/2089 921/921 1251/1251
f 698/698 4876/4876 5618/5618
f 6448/6448 5787/5787 5668/5668
f 6483/6483 2046/2046 4432/4432
f 4432/4432 2046/2046 1292/1292
f 2046/2046 5141/5141 1292/1292
f 1015/1015 6438/6438 1752/1752
f 6438/6438 1226/1226 1752/1752
f 1752/1752 1226/1226 4101/4101
f 2030/2030 2904/2904 6652/6652
f 4204/4204 5126/5126 1209/1209
f 4623/4623 301/301 597/597
f 5944/5944 1829/1829 4040/4040
f 5015/5015 5765/5765 2460/2460
f 5015/5015 2460/2460 2550/2550
f 2460/2460 589/589 1324/1324
f 589/589 2643/2643 7642/7642
f 2845/2845 6134/6134 5478/5478
f 6134/6134 7404/7404 5478/5478
f 4360/4360 6626/6626 2059/2059
f 2059/2059 4199/4199 5134/5134
f 4102/4102 1643/1643 3363/3363
f 3840/3840 769/769 32/32
f 3997/3997 4911/4911 3831/3831
f 3831/3831 4911/4911 1534/1534
f 3831/3831 1534/1534 7595/7595
f 6025/6025 1093/1093 6950/6950
f 1093/1093 3892/3892 6950/6950
f 6950/6950 3892/3892 1787/1787
f 6950/6950 1787/1787 2072/2072
f 264/264 5325/5325 7532/7532
f 2654/2654 5516/5516 5310/5310
f 4950/4950 1287/1287 5037/5037
f 2993/2993 5886/5886 2608/2608
f 5806/5806 3608/3608 5481/5481
f 2756/2756 4987/4987 6437/6437
f 6437/6437 4987/4987 5806/5806
f 1338/1338 332/332 2780/2780
f 4706/4706 3957/3957 694/694
f 332/332 4706/4706 694/694
f 3957/3957 7287/7287 6923/6923
f 6923/6923 7287/7287 6448/6448
f 6923/6923 6448/6448 2021/2021
f 1399/1399 4316/4316 89/89
f 89/89 4316/4316 7461/7461
f 1703/1703 2838/2838 1504/1504
f 2838/2838 1237/1237 1504/1504
f 1237/1237 7073/7073 1504/1504
f 698/698 5025/5025 4876/4876
f 6448/6448 4565/4565 5787/5787
f 5787/5787 4565/4565 2046/2046
f 5787/5787 2046/2046 6483/6483
f 810/810 6685/6685 3989/3989
f 810/810 3989/3989 555/555
f 810/810 555/555 1015/1015
f 1015/1015 555/555 6438/6438
f 1226/1226 3487/3487 4101/4101
f 1186/1186 3456/3456 5126/5126
f 5126/5126 6113/6113 1209/1209
f 910/910 722/722 301/301
f 2845/2845 2301/2301 6134/6134
f 6134/6134 729/729 7404/7404
f 3363/3363 5086/5086 2706/2706
f 2706/2706 3000/3000 5547/5547
f 3000/3000 4198/4198 5547/5547
f 5547/5547 4198/4198 769/769
f 5208/5208 2253/2253 4744/4744
f 4744/4744 3326/3326 3997/3997
f 1534/1534 3067/3067 5097/5097
f 5097/5097 3067/3067 7187/7187
f 7187/7187 6830/6830 6025/6025
f 6830/6830 1093/1093 6025/6025
f 3892/3892 5930/5930 1787/1787
f 1787/1787 150/150 1630/1630
f 1630/1630 150/150 1283/1283
f 1370/1370 1016/1016 6761/6761
f 1016/1016 712/712 264/264
f 5325/5325 3420/3420 2654/2654
f 4712/4712 3685/3685 1287/1287
f 4653/4653 3035/3035 674/674
f 860/860 332/332 1338/1338
f 860/860 4706/4706 332/332
f 7073/7073 3219/3219 698/698
f 698/698 3219/3219 5025/5025
f 4876/4876 5025/5025 7086/7086
f 7287/7287 4557/4557 6448/6448
f 6448/6448 4557/4557 4565/4565
f 1399/1399 1873/1873 4316/4316
f 1292/1292 5141/5141 5953/5953
f 6685/6685 1208/1208 3989/3989
f 1226/1226 3282/3282 3487/3487
f 3487/3487 7357/7357 2824/2824
f 2824/2824 3357/3357 542/542
f 2317/2317 1808/1808 2030/2030
f 2030/2030 7531/7531 2904/2904
f 2904/2904 7449/7449 4330/4330
f 4330/4330 7449/7449 1186/1186
f 3456/3456 6113/6113 5126/5126
f 6113/6113 5159/5159 1209/1209
f 6113/6113 7661/7661 5159/5159
f 5159/5159 7661/7661 910/910
f 910/910 7661/7661 2412/2412
f 910/910 2412/2412 722/722
f 301/301 722/722 597/597
f 7630/7630 1829/1829 597/597
f 1829/1829 6696/6696 7334/7334
f 1829/1829 7334/7334 4040/4040
f 4040/4040 7334/7334 5765/5765
f 2643/2643 2301/2301 2845/2845
f 2301/2301 7678/7678 6134/6134
f 6134/6134 7678/7678 729/729
f 7404/7404 729/729 6626/6626
f 6626/6626 248/248 2059/2059
f 2059/2059 248/248 4199/4199
f 5134/5134 4199/4199 5674/5674
f 5134/5134 5674/5674 1643/1643
f 1643/1643 3734/3734 3363/3363
f 3363/3363 3734/3734 5086/5086
f 2706/2706 5086/5086 3000/3000
f 4198/4198 276/276 769/769
f 276/276 1337/1337 769/769
f 769/769 1337/1337 32/32
f 3997/3997 3326/3326 4911/4911
f 1630/1630 1283/1283 2508/2508
f 1630/1630 2508/2508 1370/1370
f 1370/1370 2508/2508 1016/1016
f 1016/1016 2508/2508 712/712
f 264/264 2514/2514 5325/5325
f 4950/4950 4712/4712 1287/1287
f 2608/2608 5886/5886 3684/3684
f 3956/3956 2993/2993 2608/2608
f 3270/3270 4004/4004 7233/7233
f 5815/5815 3837/3837 6437/6437
f 1297/1297 6437/6437 5806/5806
f 4706/4706 2734/2734 3957/3957
f 3957/3957 2734/2734 7287/7287
f 7287/7287 2734/2734 4557/4557
f 2838/2838 6206/6206 1237/1237
f 1237/1237 436/436 7073/7073
f 4557/4557 6232/6232 4565/4565
f 4565/4565 6232/6232 4825/4825
f 4565/4565 4825/4825 2046/2046
f 2046/2046 4825/4825 5141/5141
f 5141/5141 4825/4825 5953/5953
f 555/555 4099/4099 6438/6438
f 6438/6438 4099/4099 1226/1226
f 1226/1226 4099/4099 3282/3282
f 3282/3282 7621/7621 3487/3487
f 3487/3487 7621/7621 7357/7357
f 542/542 3357/3357 2317/2317
f 2030/2030 1808/1808 7531/7531
f 2904/2904 7531/7531 7449/7449
f 1186/1186 7449/7449 3456/3456
f 6113/6113 1268/1268 7661/7661
f 722/722 7630/7630 597/597
f 7630/7630 6696/6696 1829/1829
f 6696/6696 4240/4240 7334/7334
f 5765/5765 7334/7334 1996/1996
f 5765/5765 1996/1996 2460/2460
f 2460/2460 1996/1996 589/589
f 589/589 1996/1996 2660/2660
f 2660/2660 2643/2643 589/589
f 2643/2643 2660/2660 2301/2301
f 729/729 3225/3225 6626/6626
f 3000/3000 4063/4063 4198/4198
f 4198/4198 4063/4063 276/276
f 5080/5080 5208/5208 32/32
f 32/32 1337/1337 5080/5080
f 5080/5080 2253/2253 5208/5208
f 2253/2253 3816/3816 4744/4744
f 4744/4744 3816/3816 3326/3326
f 1534/1534 5969/5969 3067/3067
f 6830/6830 3286/3286 1093/1093
f 1093/1093 3286/3286 3892/3892
f 3892/3892 1300/1300 5930/5930
f 5930/5930 1300/1300 1787/1787
f 1787/1787 1300/1300 150/150
f 2514/2514 6230/6230 5325/5325
f 6230/6230 3420/3420 5325/5325
f 4388/4388 5516/5516 1170/1170
f 4950/4950 2827/2827 4712/4712
f 1184/1184 2704/2704 1994/1994
f 1184/1184 4337/4337 2704/2704
f 4337/4337 1712/1712 860/860
f 1712/1712 573/573 4706/4706
f 860/860 1712/1712 4706/4706
f 573/573 7001/7001 4706/4706
f 4706/4706 7001/7001 2734/2734
f 921/921 6206/6206 2838/2838
f 436/436 4396/4396 7073/7073
f 7073/7073 4396/4396 3219/3219
f 2734/2734 5979/5979 4557/4557
f 4557/4557 5979/5979 6232/6232
f 3989/3989 1208/1208 3091/3091
f 3989/3989 3091/3091 555/555
f 3282/3282 4099/4099 6653/6653
f 7357/7357 3357/3357 2824/2824
f 3357/3357 1808/1808 2317/2317
f 7531/7531 226/226 7449/7449
f 7449/7449 4407/4407 7196/7196
f 3456/3456 7449/7449 7196/7196
f 7196/7196 3320/3320 6113/6113
f 3456/3456 7196/7196 6113/6113
f 6113/6113 3320/3320 1268/1268
f 1268/1268 1314/1314 7661/7661
f 1314/1314 2412/2412 7661/7661
f 2412/2412 1314/1314 722/722
f 722/722 7235/7235 7630/7630
f 6696/6696 7630/7630 4240/4240
f 4240/4240 5855/5855 7334/7334
f 2301/2301 834/834 7678/7678
f 1643/1643 5674/5674 3734/3734
f 5086/5086 3742/3742 3000/3000
f 3000/3000 3742/3742 4063/4063
f 1337/1337 276/276 5080/5080
f 5080/5080 1444/1444 2253/2253
f 3816/3816 4678/4678 3326/3326
f 3326/3326 4678/4678 4911/4911
f 4911/4911 5969/5969 1534/1534
f 3286/3286 1300/1300 3892/3892
f 150/150 7340/7340 1283/1283
f 1283/1283 5771/5771 2508/2508
f 2508/2508 5771/5771 712/712
f 2514/2514 264/264 712/712
f 4892/4892 2481/2481 1297/1297
f 1309/1309 5815/5815 4203/4203
f 3219/3219 3839/3839 5025/5025
f 5953/5953 6284/6284 1873/1873
f 1873/1873 6284/6284 4316/4316
f 4316/4316 6284/6284 7708/7708
f 4316/4316 7708/7708 7461/7461
f 7461/7461 7708/7708 159/159
f 159/159 7708/7708 1088/1088
f 159/159 1088/1088 921/921
f 921/921 1088/1088 6206/6206
f 1208/1208 7239/7239 3091/3091
f 555/555 3091/3091 7476/7476
f 555/555 7476/7476 4099/4099
f 4099/4099 790/790 6653/6653
f 6653/6653 705/705 3282/3282
f 3282/3282 705/705 7621/7621
f 1808/1808 3357/3357 3532/3532
f 1808/1808 3532/3532 7531/7531
f 7531/7531 3532/3532 226/226
f 226/226 4407/4407 7449/7449
f 1314/1314 7235/7235 722/722
f 7630/7630 1177/1177 4240/4240
f 7334/7334 5855/5855 1996/1996
f 2660/2660 834/834 2301/2301
f 7678/7678 3225/3225 729/729
f 3225/3225 248/248 6626/6626
f 248/248 3536/3536 4199/4199
f 4199/4199 6325/6325 5674/5674
f 5674/5674 786/786 3734/3734
f 5086/5086 3734/3734 3742/3742
f 3742/3742 6670/6670 4063/4063
f 4063/4063 4990/4990 276/276
f 276/276 4990/4990 5080/5080
f 1444/1444 3816/3816 2253/2253
f 5969/5969 42/42 3067/3067
f 3067/3067 42/42 5633/5633
f 3067/3067 5633/5633 6830/6830
f 6830/6830 5633/5633 3286/3286
f 5633/5633 572/572 3286/3286
f 3286/3286 572/572 1300/1300
f 1300/1300 572/572 788/788
f 1300/1300 788/788 150/150
f 7340/7340 1415/1415 1283/1283
f 712/712 5599/5599 2514/2514
f 6699/6699 4388/4388 1170/1170
f 1261/1261 4004/4004 3270/3270
f 1994/1994 6611/6611 1369/1369
f 731/731 6437/6437 2481/2481
f 7197/7197 1712/1712 1184/1184
f 1712/1712 424/424 573/573
f 4400/4400 3773/3773 2734/2734
f 7001/7001 4400/4400 2734/2734
f 3479/3479 3044/3044 6255/6255
f 2734/2734 3773/3773 5979/5979
f 5979/5979 6003/6003 6232/6232
f 6206/6206 1088/1088 563/563
f 6066/6066 436/436 1237/1237
f 6232/6232 3935/3935 4825/4825
f 4825/4825 3935/3935 792/792
f 5953/5953 792/792 6284/6284
f 7239/7239 2332/2332 3091/3091
f 3091/3091 6888/6888 7476/7476
f 4099/4099 7476/7476 790/790
f 7621/7621 7181/7181 7357/7357
f 7357/7357 7181/7181 3357/3357
f 4407/4407 5915/5915 7196/7196
f 7196/7196 5915/5915 4532/4532
f 3320/3320 7196/7196 4532/4532
f 3320/3320 4532/4532 6187/6187
f 3320/3320 6187/6187 1268/1268
f 1268/1268 2246/2246 1314/1314
f 1314/1314 6300/6300 7235/7235
f 1177/1177 7630/7630 7235/7235
f 4240/4240 1177/1177 5855/5855
f 7678/7678 4547/4547 3225/3225
f 4965/4965 248/248 3225/3225
f 3536/3536 6325/6325 4199/4199
f 6325/6325 786/786 5674/5674
f 3734/3734 786/786 2458/2458
f 3734/3734 2458/2458 3742/3742
f 5080/5080 4990/4990 1444/1444
f 4678/4678 4148/4148 4911/4911
f 4911/4911 4148/4148 5969/5969
f 42/42 3216/3216 5633/5633
f 5633/5633 6189/6189 572/572
f 788/788 7340/7340 150/150
f 1415/1415 4141/4141 1283/1283
f 1283/1283 4141/4141 5771/5771
f 5599/5599 6230/6230 2514/2514
f 6230/6230 6236/6236 3420/3420
f 1970/1970 4712/4712 2827/2827
f 6414/6414 1267/1267 1174/1174
f 424/424 1571/1571 573/573
f 1571/1571 4400/4400 7001/7001
f 573/573 1571/1571 7001/7001
f 3044/3044 668/668 5059/5059
f 7708/7708 4865/4865 1088/1088
f 1088/1088 4865/4865 563/563
f 3857/3857 6066/6066 6206/6206
f 3839/3839 668/668 3479/3479
f 3479/3479 668/668 3044/3044
f 6232/6232 6627/6627 3935/3935
f 3935/3935 6627/6627 6564/6564
f 3935/3935 6564/6564 792/792
f 7208/7208 6284/6284 792/792
f 7708/7708 6284/6284 1487/1487
f 790/790 6585/6585 6653/6653
f 6653/6653 6585/6585 705/705
f 705/705 6776/6776 7621/7621
f 7621/7621 6776/6776 7181/7181
f 3357/3357 2611/2611 3122/3122
f 3357/3357 3122/3122 3532/3532
f 3532/3532 3122/3122 226/226
f 226/226 4073/4073 4407/4407
f 4073/4073 5915/5915 4407/4407
f 1268/1268 6187/6187 6940/6940
f 1268/1268 6940/6940 2246/2246
f 1314/1314 2246/2246 6300/6300
f 6300/6300 1468/1468 1177/1177
f 6300/6300 1177/1177 7235/7235
f 1177/1177 3858/3858 5855/5855
f 5855/5855 1755/1755 1996/1996
f 1996/1996 1755/1755 2660/2660
f 1755/1755 834/834 2660/2660
f 834/834 169/169 7678/7678
f 3225/3225 4555/4555 4965/4965
f 4965/4965 3536/3536 248/248
f 6325/6325 1230/1230 786/786
f 1230/1230 2685/2685 786/786
f 3742/3742 7706/7706 6670/6670
f 6670/6670 6658/6658 4063/4063
f 4063/4063 6658/6658 4990/4990
f 4990/4990 3205/3205 1444/1444
f 1444/1444 3205/3205 5587/5587
f 1444/1444 5587/5587 3816/3816
f 3816/3816 5587/5587 4148/4148
f 3816/3816 4148/4148 4678/4678
f 4148/4148 5561/5561 5969/5969
f 5561/5561 7579/7579 42/42
f 5969/5969 5561/5561 42/42
f 42/42 7579/7579 3216/3216
f 5633/5633 3216/3216 6189/6189
f 6189/6189 5848/5848 572/572
f 572/572 5848/5848 788/788
f 788/788 5848/5848 7340/7340
f 4141/4141 4244/4244 5771/5771
f 5599/5599 712/712 5771/5771
f 7288/7288 6236/6236 6230/6230
f 6699/6699 3420/3420 6236/6236
f 7612/7612 4388/4388 6699/6699
f 1970/1970 4351/4351 3016/3016
f 6414/6414 165/165 2606/2606
f 6978/6978 3270/3270 166/166
f 6705/6705 4809/4809 5052/5052
f 3762/3762 5052/5052 1309/1309
f 3762/3762 1309/1309 4203/4203
f 3762/3762 4203/4203 731/731
f 569/569 7197/7197 1895/1895
f 569/569 1712/1712 7197/7197
f 569/569 424/424 1712/1712
f 424/424 5994/5994 1571/1571
f 4400/4400 2308/2308 3773/3773
f 4865/4865 754/754 563/563
f 6066/6066 4627/4627 436/436
f 436/436 4627/4627 4396/4396
f 6284/6284 7208/7208 2831/2831
f 6284/6284 2831/2831 1487/1487
f 7708/7708 1487/1487 4865/4865
f 6585/6585 6776/6776 705/705
f 7181/7181 2611/2611 3357/3357
f 3122/3122 4073/4073 226/226
f 4532/4532 1502/1502 6187/6187
f 2246/2246 2528/2528 6300/6300
f 6300/6300 2528/2528 1468/1468
f 1468/1468 7563/7563 1177/1177
f 1177/1177 4775/4775 3858/3858
f 5855/5855 5172/5172 1755/1755
f 1755/1755 169/169 834/834
f 7678/7678 169/169 4547/4547
f 4547/4547 4555/4555 3225/3225
f 4965/4965 4555/4555 3536/3536
f 3536/3536 1230/1230 6325/6325
f 2685/2685 2458/2458 786/786
f 3742/3742 2458/2458 7706/7706
f 4990/4990 6658/6658 3205/3205
f 5587/5587 4175/4175 4148/4148
f 4175/4175 5561/5561 4148/4148
f 7579/7579 4365/4365 3216/3216
f 3216/3216 4365/4365 6189/6189
f 6189/6189 4365/4365 5848/5848
f 5848/5848 1561/1561 7340/7340
f 7340/7340 1561/1561 1415/1415
f 6820/6820 4388/4388 7612/7612
f 407/407 6414/6414 2606/2606
f 6725/6725 2472/2472 6946/6946
f 2862/2862 569/569 1895/1895
f 830/830 1369/1369 3523/3523
f 451/451 5994/5994 424/424
f 569/569 451/451 424/424
f 5994/5994 4400/4400 1571/1571
f 2831/2831 4989/4989 1487/1487
f 563/563 754/754 3857/3857
f 2332/2332 5252/5252 3123/3123
f 2332/2332 3123/3123 3091/3091
f 3091/3091 3123/3123 6888/6888
f 790/790 7476/7476 2134/2134
f 790/790 2134/2134 6585/6585
f 6585/6585 3291/3291 6776/6776
f 6776/6776 6089/6089 7181/7181
f 6089/6089 2611/2611 7181/7181
f 3122/3122 1817/1817 4073/4073
f 4073/4073 7603/7603 5915/5915
f 5915/5915 7603/7603 4532/4532
f 4532/4532 1856/1856 6145/6145
f 4532/4532 6145/6145 1502/1502
f 1502/1502 3384/3384 6187/6187
f 6187/6187 3384/3384 6940/6940
f 2246/2246 6940/6940 2528/2528
f 3858/3858 5172/5172 5855/5855
f 169/169 5676/5676 4547/4547
f 3536/3536 887/887 1230/1230
f 2685/2685 5662/5662 2458/2458
f 1971/1971 7706/7706 2458/2458
f 6670/6670 7706/7706 3062/3062
f 6670/6670 3062/3062 6658/6658
f 3062/3062 1881/1881 6658/6658
f 2346/2346 5587/5587 3205/3205
f 4365/4365 2032/2032 5848/5848
f 5848/5848 2032/2032 1561/1561
f 1561/1561 6656/6656 1415/1415
f 1415/1415 6656/6656 4141/4141
f 4141/4141 90/90 4244/4244
f 4244/4244 2710/2710 5599/5599
f 5599/5599 7288/7288 6230/6230
f 6791/6791 6699/6699 6236/6236
f 355/355 6820/6820 7612/7612
f 5509/5509 1970/1970 6820/6820
f 3565/3565 2606/2606 4351/4351
f 3565/3565 4351/4351 7271/7271
f 6445/6445 3762/3762 731/731
f 3878/3878 2472/2472 6725/6725
f 2862/2862 5247/5247 4834/4834
f 4834/4834 569/569 2862/2862
f 4834/4834 451/451 569/569
f 1217/1217 5749/5749 4400/4400
f 5994/5994 1217/1217 4400/4400
f 4400/4400 5749/5749 2308/2308
f 668/668 1670/1670 5059/5059
f 6627/6627 1644/1644 6564/6564
f 4989/4989 3783/3783 4865/4865
f 4865/4865 3783/3783 754/754
f 6066/6066 3857/3857 4627/4627
f 3219/3219 4396/4396 7000/7000
f 7208/7208 6702/6702 2831/2831
f 6888/6888 3317/3317 7476/7476
f 3291/3291 6089/6089 6776/6776
f 6089/6089 2568/2568 2611/2611
f 2611/2611 2568/2568 3122/3122
f 3122/3122 6259/6259 1817/1817
f 4073/4073 1817/1817 7603/7603
f 7603/7603 1856/1856 4532/4532
f 1856/1856 3083/3083 6145/6145
f 6145/6145 6135/6135 1502/1502
f 3384/3384 6418/6418 6940/6940
f 7563/7563 4775/4775 1177/1177
f 7563/7563 2985/2985 4775/4775
f 1755/1755 3810/3810 169/169
f 3810/3810 5676/5676 169/169
f 4547/4547 6050/6050 4555/4555
f 4555/4555 632/632 3536/3536
f 1230/1230 3574/3574 2685/2685
f 2458/2458 5662/5662 1971/1971
f 3062/3062 5743/5743 1881/1881
f 1881/1881 2346/2346 3205/3205
f 6658/6658 1881/1881 3205/3205
f 5587/5587 2346/2346 449/449
f 449/449 4175/4175 5587/5587
f 4175/4175 7359/7359 5561/5561
f 5561/5561 7359/7359 7579/7579
f 7579/7579 7359/7359 489/489
f 7579/7579 489/489 4365/4365
f 4365/4365 489/489 7499/7499
f 6656/6656 90/90 4141/4141
f 2710/2710 7288/7288 5599/5599
f 2710/2710 3761/3761 7288/7288
f 2928/2928 7612/7612 6699/6699
f 5509/5509 6820/6820 355/355
f 5509/5509 2595/2595 1970/1970
f 3565/3565 2318/2318 2606/2606
f 2318/2318 407/407 2606/2606
f 2694/2694 328/328 4975/4975
f 5247/5247 2862/2862 1313/1313
f 1313/1313 2862/2862 7482/7482
f 7482/7482 830/830 4098/4098
f 4098/4098 3523/3523 3101/3101
f 4834/4834 2184/2184 451/451
f 5216/5216 1217/1217 5994/5994
f 451/451 5216/5216 5994/5994
f 5749/5749 2950/2950 2308/2308
f 2308/2308 2950/2950 4318/4318
f 4989/4989 6730/6730 3783/3783
f 754/754 3783/3783 2316/2316
f 3219/3219 7000/7000 3839/3839
f 3839/3839 7000/7000 1791/1791
f 668/668 1791/1791 1670/1670
f 1644/1644 7341/7341 6564/6564
f 7208/7208 7341/7341 6702/6702
f 5252/5252 1199/1199 3123/3123
f 6585/6585 869/869 3291/3291
f 6585/6585 2134/2134 869/869
f 3291/3291 3389/3389 6089/6089
f 6089/6089 6172/6172 2568/2568
f 2568/2568 3056/3056 3122/3122
f 3056/3056 6259/6259 3122/3122
f 6145/6145 3083/3083 6135/6135
f 1468/1468 2985/2985 7563/7563
f 2985/2985 188/188 3858/3858
f 4775/4775 2985/2985 3858/3858
f 3858/3858 188/188 5172/5172
f 5172/5172 3810/3810 1755/1755
f 5676/5676 3647/3647 4547/4547
f 3647/3647 6050/6050 4547/4547
f 3647/3647 614/614 6050/6050
f 6050/6050 632/632 4555/4555
f 632/632 887/887 3536/3536
f 887/887 3574/3574 1230/1230
f 2685/2685 3574/3574 5662/5662
f 7706/7706 1971/1971 3062/3062
f 1881/1881 5743/5743 2346/2346
f 449/449 7359/7359 4175/4175
f 7499/7499 2032/2032 4365/4365
f 3228/3228 1561/1561 2032/2032
f 2595/2595 3565/3565 7271/7271
f 6952/6952 407/407 2318/2318
f 684/684 166/166 6952/6952
f 684/684 378/378 166/166
f 7584/7584 2694/2694 4975/4975
f 3101/3101 901/901 6777/6777
f 7146/7146 6946/6946 2694/2694
f 7146/7146 2694/2694 7584/7584
f 2184/2184 5216/5216 451/451
f 1217/1217 6973/6973 5749/5749
f 2831/2831 5669/5669 4989/4989
f 4989/4989 5669/5669 6730/6730
f 1318/1318 7205/7205 3857/3857
f 3291/3291 869/869 3389/3389
f 3389/3389 6172/6172 6089/6089
f 6172/6172 3056/3056 2568/2568
f 6259/6259 5904/5904 1817/1817
f 1817/1817 5904/5904 1137/1137
f 1817/1817 1137/1137 7603/7603
f 7603/7603 1137/1137 1856/1856
f 3384/3384 1502/1502 2034/2034
f 2034/2034 2187/2187 3384/3384
f 3384/3384 2187/2187 6418/6418
f 6940/6940 6418/6418 2528/2528
f 1468/1468 3922/3922 2985/2985
f 2985/2985 5056/5056 188/188
f 188/188 4366/4366 5172/5172
f 5172/5172 4366/4366 3810/3810
f 3810/3810 3647/3647 5676/5676
f 6050/6050 7087/7087 632/632
f 5590/5590 887/887 632/632
f 3574/3574 6714/6714 5662/5662
f 5662/5662 3882/3882 1971/1971
f 1240/1240 3062/3062 1971/1971
f 3062/3062 1240/1240 5743/5743
f 5743/5743 449/449 2346/2346
f 3228/3228 7411/7411 6656/6656
f 1695/1695 2710/2710 90/90
f 286/286 2928/2928 6791/6791
f 2928/2928 3825/3825 7612/7612
f 2318/2318 6266/6266 6952/6952
f 5069/5069 684/684 6952/6952
f 5069/5069 6952/6952 6266/6266
f 3199/3199 3878/3878 6725/6725
f 3199/3199 6725/6725 7146/7146
f 2816/2816 1313/1313 7482/7482
f 4834/4834 5247/5247 2816/2816
f 4834/4834 369/369 2184/2184
f 5216/5216 6973/6973 1217/1217
f 6153/6153 4140/4140 7000/7000
f 1791/1791 4140/4140 6190/6190
f 6190/6190 7674/7674 1670/1670
f 7341/7341 1871/1871 6702/6702
f 1871/1871 6239/6239 6702/6702
f 6702/6702 6239/6239 5538/5538
f 2831/2831 5538/5538 5669/5669
f 3123/3123 1199/1199 7248/7248
f 3123/3123 7248/7248 6888/6888
f 7476/7476 3317/3317 1178/1178
f 7476/7476 1178/1178 2134/2134
f 2134/2134 1178/1178 2272/2272
f 2134/2134 2272/2272 869/869
f 2272/2272 4664/4664 869/869
f 6259/6259 2937/2937 2504/2504
f 6259/6259 2504/2504 5904/5904
f 6135/6135 2034/2034 1502/1502
f 2528/2528 6418/6418 2979/2979
f 2979/2979 3922/3922 2528/2528
f 2528/2528 3922/3922 1468/1468
f 3922/3922 5056/5056 2985/2985
f 632/632 7087/7087 5590/5590
f 5590/5590 3574/3574 887/887
f 3574/3574 6058/6058 6714/6714
f 5662/5662 6714/6714 3882/3882
f 1971/1971 3882/3882 1240/1240
f 1240/1240 4084/4084 5743/5743
f 489/489 5479/5479 7499/7499
f 7499/7499 5479/5479 1367/1367
f 7499/7499 1367/1367 2032/2032
f 2032/2032 1367/1367 3228/3228
f 7411/7411 465/465 6656/6656
f 465/465 90/90 6656/6656
f 465/465 1695/1695 90/90
f 1695/1695 1655/1655 2710/2710
f 2710/2710 1655/1655 3761/3761
f 3761/3761 1380/1380 6791/6791
f 6671/6671 3825/3825 2928/2928
f 5509/5509 3825/3825 6671/6671
f 2991/2991 2595/2595 5509/5509
f 2991/2991 7453/7453 3565/3565
f 2991/2991 3565/3565 2595/2595
f 7564/7564 2927/2927 378/378
f 7564/7564 378/378 684/684
f 7564/7564 684/684 5069/5069
f 813/813 3101/3101 111/111
f 111/111 3101/3101 6777/6777
f 6995/6995 3878/3878 3199/3199
f 6852/6852 2816/2816 7482/7482
f 369/369 934/934 2184/2184
f 934/934 5216/5216 2184/2184
f 5216/5216 4778/4778 6973/6973
f 7105/7105 3171/3171 1644/1644
f 6888/6888 7248/7248 3317/3317
f 3056/3056 2937/2937 6259/6259
f 1137/1137 3083/3083 1856/1856
f 6135/6135 6297/6297 2034/2034
f 2034/2034 6297/6297 6801/6801
f 6418/6418 6728/6728 2979/2979
f 2979/2979 310/310 3922/3922
f 2979/2979 6728/6728 310/310
f 3922/3922 310/310 6834/6834
f 3922/3922 6834/6834 5056/5056
f 5056/5056 6834/6834 7209/7209
f 5056/5056 7209/7209 965/965
f 965/965 188/188 5056/5056
f 965/965 7179/7179 188/188
f 188/188 7179/7179 4366/4366
f 3810/3810 6227/6227 3647/3647
f 3647/3647 3237/3237 614/614
f 614/614 3237/3237 6050/6050
f 3237/3237 7087/7087 6050/6050
f 7087/7087 7349/7349 5590/5590
f 392/392 3574/3574 5590/5590
f 3574/3574 392/392 6058/6058
f 4958/4958 1240/1240 3882/3882
f 4084/4084 4137/4137 449/449
f 5743/5743 4084/4084 449/449
f 4137/4137 4416/4416 449/449
f 449/449 4416/4416 7359/7359
f 7359/7359 5451/5451 489/489
f 1367/1367 7411/7411 3228/3228
f 1695/1695 3899/3899 1655/1655
f 6872/6872 1380/1380 3761/3761
f 751/751 2991/2991 5509/5509
f 1619/1619 2927/2927 7564/7564
f 5536/5536 4087/4087 2927/2927
f 5536/5536 2927/2927 1619/1619
f 5195/5195 6995/6995 3199/3199
f 7146/7146 4087/4087 5536/5536
f 6852/6852 7482/7482 1346/1346
f 1346/1346 7482/7482 813/813
f 813/813 7482/7482 4098/4098
f 2197/2197 369/369 2816/2816
f 2197/2197 2816/2816 6852/6852
f 2197/2197 934/934 369/369
f 5216/5216 7479/7479 4778/4778
f 4778/4778 5492/5492 7105/7105
f 2950/2950 4778/4778 7105/7105
f 7105/7105 5492/5492 3171/3171
f 5669/5669 5382/5382 6730/6730
f 7205/7205 5415/5415 3776/3776
f 3776/3776 5415/5415 6153/6153
f 1199/1199 675/675 7248/7248
f 6172/6172 5148/5148 3056/3056
f 3056/3056 5148/5148 2937/2937
f 1137/1137 5904/5904 3367/3367
f 1137/1137 3367/3367 3083/3083
f 3367/3367 6297/6297 3083/3083
f 3083/3083 6297/6297 6135/6135
f 2034/2034 6801/6801 2187/2187
f 6801/6801 6197/6197 2187/2187
f 2187/2187 6197/6197 6418/6418
f 6197/6197 6728/6728 6418/6418
f 6834/6834 3327/3327 7209/7209
f 7179/7179 1724/1724 4366/4366
f 4366/4366 1724/1724 3810/3810
f 1724/1724 6227/6227 3810/3810
f 3647/3647 6227/6227 3237/3237
f 2578/2578 7087/7087 3237/3237
f 2578/2578 7349/7349 7087/7087
f 7349/7349 392/392 5590/5590
f 6058/6058 3882/3882 6714/6714
f 4958/4958 7365/7365 1240/1240
f 4416/4416 5451/5451 7359/7359
f 489/489 5451/5451 5479/5479
f 3268/3268 465/465 7411/7411
f 3268/3268 1400/1400 465/465
f 1400/1400 3899/3899 1695/1695
f 286/286 6791/6791 1380/1380
f 5745/5745 286/286 6462/6462
f 751/751 6671/6671 5745/5745
f 3915/3915 2991/2991 751/751
f 2991/2991 2374/2374 3068/3068
f 6266/6266 7453/7453 3068/3068
f 3643/3643 5069/5069 5695/5695
f 1619/1619 7564/7564 3643/3643
f 3643/3643 7564/7564 5069/5069
f 5195/5195 3199/3199 176/176
f 5122/5122 813/813 111/111
f 6777/6777 2883/2883 3741/3741
f 3741/3741 2883/2883 1188/1188
f 1188/1188 2883/2883 2416/2416
f 2883/2883 6995/6995 2416/2416
f 2416/2416 6995/6995 5195/5195
f 3199/3199 7146/7146 176/176
f 3011/3011 6852/6852 1346/1346
f 66/66 7479/7479 5216/5216
f 934/934 66/66 5216/5216
f 7479/7479 2942/2942 4778/4778
f 6239/6239 6039/6039 5382/5382
f 6239/6239 5382/5382 5538/5538
f 7248/7248 675/675 4767/4767
f 3317/3317 7248/7248 1178/1178
f 4664/4664 963/963 869/869
f 869/869 963/963 3389/3389
f 3389/3389 5148/5148 6172/6172
f 2937/2937 5148/5148 3190/3190
f 3190/3190 5372/5372 2937/2937
f 2937/2937 5372/5372 2504/2504
f 2504/2504 5372/5372 1776/1776
f 2504/2504 1776/1776 5904/5904
f 5904/5904 1776/1776 3367/3367
f 1776/1776 4855/4855 1775/1775
f 1776/1776 1775/1775 3367/3367
f 6801/6801 4404/4404 6197/6197
f 6197/6197 774/774 6728/6728
f 774/774 1969/1969 310/310
f 6728/6728 774/774 310/310
f 1969/1969 3327/3327 6834/6834
f 310/310 1969/1969 6834/6834
f 5462/5462 5305/5305 7209/7209
f 7209/7209 5305/5305 965/965
f 7179/7179 2251/2251 1724/1724
f 520/520 6058/6058 392/392
f 2354/2354 3882/3882 6058/6058
f 2354/2354 4958/4958 3882/3882
f 2354/2354 5040/5040 4958/4958
f 752/752 4084/4084 1240/1240
f 7365/7365 752/752 1240/1240
f 4084/4084 752/752 4137/4137
f 3268/3268 380/380 1400/1400
f 3899/3899 6872/6872 1655/1655
f 1380/1380 6462/6462 286/286
f 2374/2374 2991/2991 3915/3915
f 5695/5695 6266/6266 3068/3068
f 2860/2860 1619/1619 3643/3643
f 2416/2416 5195/5195 7204/7204
f 1542/1542 5195/5195 176/176
f 5335/5335 5536/5536 6878/6878
f 6878/6878 5536/5536 6490/6490
f 2916/2916 111/111 3741/3741
f 2517/2517 66/66 934/934
f 66/66 2942/2942 7479/7479
f 5382/5382 5338/5338 6730/6730
f 6730/6730 69/69 1320/1320
f 5415/5415 1831/1831 4140/4140
f 4140/4140 6779/6779 6190/6190
f 6779/6779 83/83 7674/7674
f 7674/7674 83/83 6808/6808
f 5492/5492 4342/4342 3171/3171
f 3171/3171 4342/4342 1871/1871
f 4342/4342 3436/3436 1871/1871
f 2272/2272 963/963 4664/4664
f 963/963 5148/5148 3389/3389
f 5372/5372 5224/5224 1776/1776
f 1775/1775 3872/3872 3367/3367
f 3367/3367 3872/3872 6297/6297
f 3872/3872 2192/2192 6297/6297
f 6297/6297 2192/2192 6801/6801
f 2192/2192 5237/5237 6801/6801
f 6801/6801 5237/5237 4404/4404
f 3327/3327 5462/5462 7209/7209
f 5305/5305 2251/2251 7179/7179
f 965/965 5305/5305 7179/7179
f 1724/1724 427/427 6227/6227
f 1724/1724 7313/7313 427/427
f 6227/6227 427/427 3237/3237
f 3237/3237 427/427 2578/2578
f 520/520 4907/4907 1235/1235
f 520/520 1235/1235 6058/6058
f 1235/1235 2354/2354 6058/6058
f 5040/5040 7365/7365 4958/4958
f 242/242 4137/4137 752/752
f 242/242 6355/6355 4416/4416
f 4137/4137 242/242 4416/4416
f 4416/4416 6546/6546 5451/5451
f 5451/5451 1840/1840 5479/5479
f 1367/1367 6913/6913 7411/7411
f 6913/6913 3268/3268 7411/7411
f 6913/6913 380/380 3268/3268
f 503/503 6872/6872 3899/3899
f 5339/5339 6462/6462 1380/1380
f 5745/5745 1373/1373 751/751
f 1373/1373 3915/3915 751/751
f 1674/1674 3068/3068 2374/2374
f 695/695 5695/5695 3068/3068
f 1101/1101 3643/3643 5695/5695
f 4589/4589 5335/5335 6878/6878
f 1882/1882 1346/1346 5122/5122
f 3321/3321 2724/2724 1188/1188
f 1188/1188 2416/2416 3321/3321
f 3321/3321 2416/2416 7204/7204
f 7373/7373 3011/3011 375/375
f 375/375 3011/3011 1882/1882
f 2197/2197 5718/5718 2517/2517
f 2197/2197 2517/2517 934/934
f 66/66 7137/7137 2942/2942
f 675/675 6198/6198 4767/4767
f 963/963 3983/3983 5148/5148
f 3983/3983 5460/5460 5148/5148
f 5148/5148 5460/5460 3190/3190
f 5460/5460 5224/5224 5372/5372
f 3190/3190 5460/5460 5372/5372
f 1776/1776 5224/5224 4855/4855
f 5641/5641 3872/3872 1775/1775
f 5237/5237 1376/1376 4404/4404
f 1376/1376 6197/6197 4404/4404
f 6197/6197 1376/1376 3599/3599
f 6197/6197 3599/3599 7374/7374
f 6197/6197 7374/7374 774/774
f 7374/7374 2510/2510 774/774
f 774/774 2510/2510 1969/1969
f 2510/2510 6450/6450 1969/1969
f 1969/1969 6450/6450 3327/3327
f 3327/3327 6450/6450 5462/5462
f 5462/5462 7303/7303 5305/5305
f 2251/2251 3047/3047 7313/7313
f 2251/2251 7313/7313 1724/1724
f 7313/7313 3964/3964 427/427
f 3964/3964 3496/3496 427/427
f 427/427 3496/3496 2578/2578
f 3496/3496 7349/7349 2578/2578
f 5651/5651 392/392 7349/7349
f 5651/5651 520/520 392/392
f 1235/1235 2655/2655 2354/2354
f 2655/2655 5040/5040 2354/2354
f 5040/5040 6322/6322 7365/7365
f 6322/6322 752/752 7365/7365
f 6322/6322 242/242 752/752
f 6355/6355 6546/6546 4416/4416
f 6546/6546 1840/1840 5451/5451
f 5479/5479 6913/6913 1367/1367
f 5479/5479 1840/1840 6913/6913
f 6913/6913 1344/1344 380/380
f 380/380 3293/3293 1400/1400
f 3293/3293 503/503 3899/3899
f 7615/7615 5339/5339 1380/1380
f 7615/7615 1380/1380 6872/6872
f 5876/5876 6462/6462 5339/5339
f 5876/5876 5745/5745 6462/6462
f 2374/2374 3915/3915 1373/1373
f 5715/5715 695/695 3068/3068
f 5715/5715 3068/3068 1674/1674
f 1802/1802 2860/2860 1101/1101
f 828/828 4589/4589 6878/6878
f 828/828 6878/6878 6490/6490
f 6490/6490 2860/2860 1802/1802
f 1101/1101 2860/2860 3643/3643
f 3604/3604 2916/2916 973/973
f 973/973 2916/2916 3046/3046
f 3046/3046 3321/3321 4924/4924
f 2164/2164 1542/1542 5335/5335
f 3931/3931 375/375 1882/1882
f 3931/3931 6480/6480 375/375
f 3604/3604 1882/1882 5122/5122
f 3604/3604 5122/5122 2916/2916
f 2916/2916 2724/2724 3046/3046
f 3046/3046 2724/2724 3321/3321
f 6480/6480 5718/5718 375/375
f 6480/6480 5307/5307 5718/5718
f 5798/5798 7137/7137 66/66
f 1831/1831 4497/4497 6779/6779
f 2272/2272 1178/1178 1213/1213
f 2272/2272 1213/1213 963/963
f 1213/1213 557/557 963/963
f 963/963 557/557 2689/2689
f 963/963 2689/2689 3983/3983
f 5460/5460 3703/3703 5224/5224
f 3703/3703 3945/3945 5224/5224
f 5224/5224 3945/3945 4855/4855
f 3945/3945 7156/7156 4855/4855
f 4855/4855 7156/7156 1775/1775
f 7156/7156 5641/5641 1775/1775
f 5641/5641 3075/3075 3872/3872
f 3872/3872 7406/7406 1866/1866
f 3872/3872 1866/1866 2192/2192
f 2192/2192 1680/1680 5237/5237
f 5237/5237 1680/1680 1376/1376
f 6450/6450 7303/7303 5462/5462
f 7303/7303 3047/3047 5305/5305
f 5305/5305 3047/3047 2251/2251
f 3496/3496 5651/5651 7349/7349
f 5651/5651 4907/4907 520/520
f 4907/4907 2655/2655 1235/1235
f 4907/4907 7702/7702 2655/2655
f 2655/2655 4144/4144 5040/5040
f 4144/4144 6322/6322 5040/5040
f 2126/2126 242/242 6322/6322
f 242/242 5531/5531 6355/6355
f 6355/6355 5531/5531 6546/6546
f 6546/6546 2527/2527 1840/1840
f 1840/1840 2188/2188 6913/6913
f 2188/2188 1344/1344 6913/6913
f 4373/4373 3293/3293 380/380
f 5411/5411 503/503 3293/3293
f 503/503 2060/2060 6872/6872
f 2060/2060 7615/7615 6872/6872
f 4189/4189 5745/5745 5876/5876
f 4189/4189 1373/1373 5745/5745
f 2113/2113 1373/1373 4189/4189
f 2113/2113 2374/2374 1373/1373
f 2113/2113 1674/1674 2374/2374
f 622/622 5715/5715 1674/1674
f 1101/1101 2227/2227 1802/1802
f 495/495 695/695 5715/5715
f 1802/1802 828/828 6490/6490
f 4924/4924 7204/7204 3807/3807
f 7204/7204 1542/1542 3807/3807
f 2164/2164 5335/5335 4108/4108
f 1218/1218 4589/4589 828/828
f 7429/7429 1882/1882 3604/3604
f 3931/3931 1882/1882 7429/7429
f 5307/5307 2517/2517 5718/5718
f 2517/2517 6842/6842 5798/5798
f 2517/2517 5798/5798 66/66
f 4536/4536 7639/7639 4342/4342
f 69/69 6140/6140 6237/6237
f 1320/1320 4154/4154 3798/3798
f 4154/4154 319/319 3798/3798
f 2393/2393 319/319 4120/4120
f 6779/6779 4497/4497 1354/1354
f 6779/6779 1354/1354 83/83
f 4767/4767 6198/6198 3926/3926
f 4767/4767 3926/3926 7248/7248
f 7248/7248 3926/3926 1178/1178
f 1178/1178 3926/3926 5851/5851
f 557/557 1706/1706 2689/2689
f 1706/1706 389/389 3983/3983
f 2689/2689 1706/1706 3983/3983
f 3983/3983 389/389 5460/5460
f 389/389 3949/3949 5460/5460
f 5460/5460 3949/3949 3703/3703
f 7156/7156 3075/3075 5641/5641
f 3075/3075 7406/7406 3872/3872
f 1866/1866 6200/6200 2192/2192
f 2192/2192 6200/6200 1680/1680
f 2510/2510 447/447 6450/6450
f 6450/6450 447/447 7303/7303
f 4486/4486 2783/2783 7303/7303
f 7303/7303 2783/2783 3047/3047
f 3047/3047 1532/1532 7313/7313
f 1532/1532 3964/3964 7313/7313
f 3964/3964 5552/5552 3496/3496
f 5552/5552 5651/5651 3496/3496
f 4144/4144 2126/2126 6322/6322
f 2126/2126 5531/5531 242/242
f 6546/6546 5531/5531 2527/2527
f 1840/1840 2527/2527 2188/2188
f 1344/1344 4373/4373 380/380
f 7615/7615 5876/5876 5339/5339
f 622/622 1674/1674 2113/2113
f 495/495 5715/5715 622/622
f 2227/2227 1101/1101 495/495
f 1218/1218 828/828 6265/6265
f 6265/6265 828/828 1802/1802
f 6174/6174 1802/1802 2227/2227
f 7586/7586 3604/3604 973/973
f 7444/7444 973/973 3495/3495
f 6502/6502 4924/4924 3807/3807
f 927/927 3807/3807 2164/2164
f 3433/3433 7429/7429 4762/4762
f 7429/7429 3604/3604 7586/7586
f 973/973 3046/3046 3495/3495
f 3823/3823 4924/4924 6502/6502
f 4115/4115 3931/3931 3433/3433
f 3433/3433 3931/3931 7429/7429
f 5307/5307 2498/2498 2517/2517
f 5798/5798 4109/4109 7137/7137
f 7137/7137 4109/4109 878/878
f 83/83 153/153 6612/6612
f 3436/3436 1358/1358 5144/5144
f 1320/1320 6237/6237 4154/4154
f 319/319 3774/3774 4120/4120
f 6198/6198 5899/5899 3926/3926
f 1178/1178 5851/5851 1213/1213
f 1213/1213 5851/5851 3103/3103
f 1213/1213 1751/1751 557/557
f 557/557 1751/1751 1706/1706
f 1351/1351 70/70 3949/3949
f 389/389 1351/1351 3949/3949
f 3949/3949 3650/3650 3703/3703
f 3703/3703 3650/3650 3945/3945
f 3650/3650 330/330 3945/3945
f 3945/3945 330/330 7156/7156
f 330/330 3075/3075 7156/7156
f 3599/3599 1376/1376 5199/5199
f 6200/6200 5880/5880 1680/1680
f 1680/1680 5880/5880 1112/1112
f 1680/1680 1112/1112 1376/1376
f 1376/1376 1112/1112 5199/5199
f 5199/5199 466/466 7374/7374
f 3599/3599 5199/5199 7374/7374
f 7374/7374 466/466 2510/2510
f 2510/2510 4538/4538 447/447
f 447/447 5405/5405 7303/7303
f 447/447 4538/4538 5405/5405
f 5405/5405 4486/4486 7303/7303
f 2783/2783 1532/1532 3047/3047
f 3964/3964 5158/5158 6252/6252
f 6252/6252 5552/5552 3964/3964
f 2241/2241 4907/4907 5651/5651
f 5552/5552 2241/2241 5651/5651
f 2241/2241 7702/7702 4907/4907
f 5209/5209 2126/2126 4144/4144
f 5209/5209 5609/5609 2126/2126
f 5609/5609 5531/5531 2126/2126
f 5531/5531 1556/1556 2527/2527
f 1556/1556 2003/2003 2527/2527
f 2527/2527 2003/2003 2188/2188
f 2003/2003 1196/1196 2188/2188
f 1196/1196 2523/2523 1344/1344
f 1196/1196 1344/1344 2188/2188
f 2523/2523 4373/4373 1344/1344
f 4373/4373 6180/6180 3293/3293
f 4373/4373 2523/2523 6180/6180
f 6180/6180 5411/5411 3293/3293
f 5411/5411 6180/6180 503/503
f 2060/2060 503/503 6180/6180
f 7056/7056 7615/7615 2060/2060
f 7056/7056 5876/5876 7615/7615
f 4189/4189 5876/5876 7056/7056
f 4908/4908 2227/2227 495/495
f 4908/4908 495/495 1271/1271
f 6502/6502 3807/3807 6752/6752
f 6752/6752 3807/3807 927/927
f 6752/6752 927/927 1211/1211
f 1211/1211 4108/4108 4658/4658
f 4658/4658 4108/4108 7237/7237
f 7237/7237 4108/4108 1218/1218
f 7237/7237 1218/1218 6265/6265
f 6174/6174 6265/6265 1802/1802
f 1211/1211 927/927 4108/4108
f 4762/4762 7429/7429 7586/7586
f 2498/2498 4115/4115 3433/3433
f 2498/2498 5307/5307 4115/4115
f 1128/1128 6842/6842 2517/2517
f 2498/2498 1128/1128 2517/2517
f 257/257 4109/4109 5798/5798
f 6842/6842 257/257 5798/5798
f 3600/3600 776/776 1354/1354
f 1213/1213 3103/3103 1751/1751
f 1751/1751 1164/1164 1706/1706
f 1164/1164 1351/1351 389/389
f 1706/1706 1164/1164 389/389
f 3650/3650 3155/3155 1837/1837
f 3650/3650 1837/1837 330/330
f 330/330 1837/1837 2434/2434
f 2434/2434 2570/2570 330/330
f 330/330 2570/2570 3075/3075
f 2570/2570 7386/7386 3075/3075
f 3075/3075 7386/7386 7406/7406
f 7406/7406 7386/7386 1866/1866
f 7386/7386 1150/1150 1866/1866
f 1866/1866 1150/1150 6200/6200
f 1150/1150 397/397 6200/6200
f 6200/6200 397/397 5880/5880
f 5924/5924 6161/6161 5199/5199
f 1112/1112 5924/5924 5199/5199
f 5199/5199 6161/6161 466/466
f 5880/5880 397/397 1112/1112
f 1112/1112 397/397 5924/5924
f 6161/6161 2664/2664 466/466
f 2664/2664 5776/5776 466/466
f 466/466 5776/5776 2510/2510
f 2510/2510 5776/5776 4538/4538
f 4486/4486 6634/6634 2783/2783
f 2783/2783 6634/6634 1532/1532
f 1532/1532 5158/5158 3964/3964
f 5552/5552 3300/3300 2241/2241
f 3319/3319 2655/2655 7702/7702
f 3319/3319 4144/4144 2655/2655
f 5609/5609 1556/1556 5531/5531
f 1242/1242 2060/2060 6180/6180
f 1242/1242 3391/3391 7056/7056
f 1242/1242 7056/7056 2060/2060
f 4845/4845 7056/7056 3391/3391
f 4845/4845 4189/4189 7056/7056
f 1243/1243 2113/2113 4189/4189
f 1243/1243 4189/4189 4845/4845
f 6618/6618 622/622 1243/1243
f 1243/1243 622/622 2113/2113
f 1271/1271 495/495 3094/3094
f 3094/3094 495/495 622/622
f 3580/3580 4908/4908 6099/6099
f 6099/6099 4908/4908 1271/1271
f 3375/3375 4658/4658 3799/3799
f 3772/3772 6174/6174 3580/3580
f 4658/4658 7237/7237 3799/3799
f 3799/3799 7237/7237 6265/6265
f 3799/3799 6265/6265 3772/3772
f 3772/3772 6265/6265 6174/6174
f 5378/5378 7586/7586 7632/7632
f 7632/7632 7444/7444 1464/1464
f 646/646 4762/4762 2397/2397
f 2397/2397 4762/4762 5378/5378
f 7444/7444 3495/3495 1464/1464
f 1464/1464 3495/3495 3823/3823
f 1464/1464 3823/3823 1652/1652
f 1652/1652 3823/3823 6502/6502
f 1652/1652 6502/6502 6752/6752
f 2498/2498 3433/3433 646/646
f 646/646 3433/3433 4762/4762
f 2498/2498 6179/6179 1128/1128
f 5369/5369 257/257 6842/6842
f 1128/1128 5369/5369 6842/6842
f 4154/4154 4399/4399 4607/4607
f 5144/5144 7400/7400 2398/2398
f 63/63 7083/7083 6140/6140
f 6237/6237 4399/4399 4154/4154
f 1354/1354 776/776 153/153
f 5144/5144 1358/1358 7400/7400
f 5899/5899 2055/2055 3926/3926
f 3926/3926 2055/2055 5400/5400
f 3926/3926 5400/5400 5851/5851
f 1751/1751 3103/3103 5418/5418
f 1751/1751 5496/5496 1164/1164
f 1751/1751 5418/5418 5496/5496
f 5496/5496 5600/5600 1351/1351
f 1164/1164 5496/5496 1351/1351
f 5600/5600 5799/5799 1351/1351
f 1351/1351 5799/5799 70/70
f 5799/5799 4695/4695 70/70
f 4695/4695 3407/3407 3949/3949
f 70/70 4695/4695 3949/3949
f 3949/3949 3407/3407 3155/3155
f 3949/3949 3155/3155 3650/3650
f 6108/6108 1150/1150 7386/7386
f 397/397 5900/5900 5924/5924
f 5924/5924 388/388 6161/6161
f 5776/5776 321/321 4538/4538
f 321/321 6283/6283 4538/4538
f 4538/4538 6283/6283 5405/5405
f 5405/5405 6283/6283 4486/4486
f 560/560 5158/5158 1532/1532
f 5158/5158 2855/2855 6252/6252
f 2855/2855 5552/5552 6252/6252
f 2855/2855 3300/3300 5552/5552
f 3300/3300 1245/1245 2241/2241
f 2241/2241 1245/1245 7702/7702
f 1245/1245 3319/3319 7702/7702
f 5702/5702 4144/4144 3319/3319
f 5702/5702 7650/7650 4144/4144
f 7650/7650 5209/5209 4144/4144
f 5502/5502 1556/1556 5609/5609
f 1196/1196 5489/5489 2523/2523
f 4845/4845 3391/3391 1436/1436
f 3094/3094 622/622 6618/6618
f 1129/1129 1271/1271 3094/3094
f 7632/7632 1464/1464 2538/2538
f 229/229 6752/6752 1657/1657
f 2538/2538 1464/1464 1652/1652
f 1652/1652 6752/6752 229/229
f 5813/5813 6179/6179 646/646
f 5813/5813 646/646 2397/2397
f 6179/6179 5576/5576 4974/4974
f 4974/4974 911/911 1128/1128
f 6179/6179 4974/4974 1128/1128
f 911/911 5369/5369 1128/1128
f 5369/5369 959/959 257/257
f 257/257 959/959 4109/4109
f 4109/4109 959/959 2014/2014
f 4399/4399 2722/2722 4607/4607
f 4607/4607 2722/2722 404/404
f 1358/1358 4871/4871 7400/7400
f 63/63 2398/2398 7083/7083
f 5496/5496 6697/6697 5600/5600
f 6697/6697 5799/5799 5600/5600
f 6108/6108 5900/5900 1150/1150
f 1150/1150 5900/5900 397/397
f 5900/5900 388/388 5924/5924
f 2570/2570 4885/4885 6108/6108
f 7386/7386 2570/2570 6108/6108
f 5900/5900 584/584 388/388
f 388/388 7420/7420 6161/6161
f 6161/6161 7420/7420 2664/2664
f 2664/2664 6332/6332 5776/5776
f 6283/6283 1391/1391 4486/4486
f 4486/4486 1391/1391 6634/6634
f 1391/1391 2732/2732 6634/6634
f 6634/6634 2732/2732 1532/1532
f 2732/2732 560/560 1532/1532
f 2855/2855 4764/4764 3300/3300
f 3300/3300 4764/4764 1245/1245
f 4764/4764 457/457 1245/1245
f 457/457 3319/3319 1245/1245
f 457/457 3758/3758 3319/3319
f 3319/3319 3758/3758 5702/5702
f 5502/5502 5609/5609 5209/5209
f 1270/1270 2003/2003 1556/1556
f 1270/1270 2201/2201 2003/2003
f 2201/2201 1196/1196 2003/2003
f 2201/2201 5489/5489 1196/1196
f 5489/5489 782/782 2523/2523
f 782/782 6180/6180 2523/2523
f 782/782 5770/5770 6180/6180
f 5770/5770 1242/1242 6180/6180
f 5770/5770 3391/3391 1242/1242
f 1436/1436 3391/3391 5770/5770
f 2260/2260 1243/1243 4845/4845
f 6618/6618 1243/1243 2260/2260
f 1129/1129 3094/3094 6618/6618
f 1847/1847 6099/6099 3202/3202
f 3202/3202 6099/6099 1271/1271
f 3202/3202 1271/1271 1129/1129
f 918/918 3580/3580 1847/1847
f 1847/1847 3580/3580 6099/6099
f 918/918 1158/1158 3799/3799
f 918/918 3799/3799 3772/3772
f 918/918 3772/3772 3580/3580
f 7593/7593 7632/7632 4702/4702
f 4702/4702 7632/7632 2538/2538
f 2538/2538 1652/1652 1704/1704
f 1704/1704 229/229 1700/1700
f 1700/1700 229/229 1657/1657
f 1657/1657 3375/3375 7299/7299
f 7299/7299 3375/3375 1158/1158
f 463/463 2397/2397 5378/5378
f 5378/5378 7632/7632 7593/7593
f 1704/1704 1652/1652 229/229
f 6527/6527 5813/5813 224/224
f 224/224 5813/5813 2397/2397
f 224/224 2397/2397 463/463
f 6527/6527 5576/5576 5813/5813
f 5576/5576 6179/6179 5813/5813
f 3158/3158 4510/4510 5369/5369
f 911/911 3158/3158 5369/5369
f 5369/5369 4510/4510 959/959
f 6237/6237 7083/7083 7513/7513
f 2848/2848 3005/3005 3774/3774
f 3774/3774 3005/3005 3600/3600
f 3600/3600 3005/3005 6553/6553
f 153/153 4641/4641 3362/3362
f 5851/5851 5400/5400 252/252
f 5851/5851 252/252 3103/3103
f 3103/3103 252/252 3194/3194
f 3103/3103 3194/3194 5418/5418
f 5418/5418 3194/3194 6521/6521
f 5418/5418 6521/6521 5496/5496
f 5496/5496 448/448 6697/6697
f 5496/5496 6521/6521 448/448
f 448/448 689/689 6697/6697
f 6697/6697 689/689 5799/5799
f 689/689 6443/6443 5799/5799
f 6443/6443 7375/7375 5799/5799
f 5799/5799 7375/7375 4695/4695
f 4695/4695 2605/2605 3407/3407
f 3407/3407 2605/2605 3155/3155
f 2605/2605 4545/4545 3155/3155
f 3155/3155 4545/4545 1837/1837
f 4545/4545 6784/6784 1837/1837
f 1837/1837 6784/6784 2434/2434
f 2434/2434 4885/4885 2570/2570
f 6784/6784 4885/4885 2434/2434
f 6108/6108 4885/4885 3712/3712
f 6108/6108 3712/3712 5900/5900
f 3712/3712 584/584 5900/5900
f 388/388 584/584 5132/5132
f 5132/5132 7420/7420 388/388
f 7420/7420 6332/6332 2664/2664
f 5776/5776 2627/2627 321/321
f 321/321 2957/2957 6283/6283
f 6283/6283 2957/2957 1391/1391
f 2732/2732 1942/1942 560/560
f 560/560 1942/1942 5158/5158
f 1942/1942 2855/2855 5158/5158
f 1863/1863 457/457 4764/4764
f 3758/3758 7650/7650 5702/5702
f 5502/5502 5209/5209 7650/7650
f 5502/5502 1270/1270 1556/1556
f 2201/2201 3379/3379 5489/5489
f 3379/3379 5770/5770 782/782
f 3379/3379 782/782 5489/5489
f 4377/4377 1436/1436 5770/5770
f 371/371 6217/6217 6618/6618
f 371/371 6618/6618 2260/2260
f 7299/7299 1158/1158 681/681
f 681/681 1158/1158 918/918
f 681/681 918/918 913/913
f 913/913 918/918 1847/1847
f 4702/4702 2538/2538 528/528
f 528/528 2538/2538 1704/1704
f 1700/1700 1657/1657 2299/2299
f 2299/2299 1657/1657 7299/7299
f 4445/4445 224/224 463/463
f 4445/4445 463/463 3802/3802
f 3802/3802 463/463 7593/7593
f 4445/4445 6527/6527 224/224
f 4445/4445 3863/3863 6527/6527
f 5576/5576 3863/3863 5533/5533
f 5533/5533 911/911 4974/4974
f 5576/5576 5533/5533 4974/4974
f 7513/7513 5959/5959 4399/4399
f 4399/4399 5959/5959 2722/2722
f 2398/2398 6505/6505 5736/5736
f 3600/3600 6553/6553 406/406
f 153/153 406/406 4641/4641
f 3986/3986 3480/3480 7400/7400
f 448/448 6521/6521 4980/4980
f 4695/4695 7375/7375 2605/2605
f 7375/7375 435/435 2605/2605
f 4545/4545 2605/2605 5328/5328
f 4545/4545 5328/5328 6784/6784
f 6784/6784 2748/2748 4885/4885
f 4885/4885 2748/2748 6100/6100
f 4885/4885 6100/6100 3712/3712
f 3712/3712 4928/4928 7654/7654
f 3712/3712 7654/7654 584/584
f 7654/7654 2962/2962 584/584
f 584/584 2962/2962 5132/5132
f 7420/7420 365/365 2356/2356
f 7420/7420 2356/2356 6332/6332
f 5132/5132 365/365 7420/7420
f 2356/2356 2627/2627 6332/6332
f 6332/6332 2627/2627 5776/5776
f 2627/2627 7267/7267 321/321
f 321/321 7267/7267 2957/2957
f 7267/7267 1328/1328 2957/2957
f 2957/2957 579/579 1391/1391
f 579/579 231/231 1391/1391
f 1391/1391 231/231 2732/2732
f 231/231 1942/1942 2732/2732
f 1942/1942 7664/7664 2855/2855
f 7664/7664 4764/4764 2855/2855
f 1863/1863 3758/3758 457/457
f 1663/1663 7650/7650 3758/3758
f 5009/5009 5502/5502 7650/7650
f 1663/1663 5009/5009 7650/7650
f 5009/5009 1270/1270 5502/5502
f 5009/5009 7130/7130 1270/1270
f 7130/7130 1771/1771 1270/1270
f 1771/1771 2201/2201 1270/1270
f 1771/1771 6185/6185 2201/2201
f 6185/6185 6335/6335 3379/3379
f 6185/6185 3379/3379 2201/2201
f 6335/6335 5770/5770 3379/3379
f 4723/4723 5770/5770 6335/6335
f 4723/4723 4377/4377 5770/5770
f 3400/3400 1436/1436 4377/4377
f 432/432 2260/2260 3400/3400
f 3400/3400 2260/2260 1436/1436
f 432/432 6713/6713 2260/2260
f 6713/6713 371/371 2260/2260
f 6713/6713 6217/6217 371/371
f 6217/6217 1129/1129 6618/6618
f 3912/3912 913/913 6128/6128
f 6128/6128 1847/1847 3503/3503
f 3503/3503 1847/1847 3202/3202
f 3503/3503 3202/3202 1129/1129
f 6128/6128 913/913 1847/1847
f 1434/1434 4460/4460 681/681
f 1434/1434 681/681 3912/3912
f 681/681 913/913 3912/3912
f 428/428 7593/7593 5767/5767
f 5767/5767 4702/4702 3704/3704
f 4702/4702 528/528 3704/3704
f 3704/3704 528/528 2786/2786
f 1704/1704 3347/3347 2786/2786
f 3347/3347 1704/1704 1982/1982
f 1704/1704 1700/1700 1982/1982
f 1982/1982 1700/1700 4460/4460
f 4460/4460 1700/1700 2299/2299
f 4460/4460 2299/2299 681/681
f 5767/5767 7593/7593 4702/4702
f 2786/2786 528/528 1704/1704
f 6645/6645 4445/4445 2670/2670
f 2670/2670 4445/4445 3802/3802
f 2607/2607 3802/3802 428/428
f 428/428 3802/3802 7593/7593
f 6645/6645 3863/3863 4445/4445
f 5484/5484 5533/5533 3863/3863
f 5694/5694 3158/3158 911/911
f 5533/5533 5694/5694 911/911
f 3158/3158 6863/6863 4510/4510
f 5400/5400 4941/4941 252/252
f 3194/3194 252/252 6971/6971
f 448/448 4716/4716 689/689
f 448/448 4980/4980 4716/4716
f 4716/4716 6315/6315 689/689
f 689/689 6315/6315 6443/6443
f 6315/6315 3862/3862 6443/6443
f 6443/6443 3862/3862 7375/7375
f 3862/3862 435/435 7375/7375
f 2605/2605 435/435 5328/5328
f 5328/5328 2748/2748 6784/6784
f 2748/2748 3689/3689 6100/6100
f 3712/3712 6100/6100 4928/4928
f 2962/2962 365/365 5132/5132
f 2962/2962 875/875 1142/1142
f 2962/2962 1142/1142 365/365
f 2356/2356 365/365 5150/5150
f 2356/2356 5150/5150 2627/2627
f 365/365 1142/1142 1944/1944
f 365/365 1944/1944 5150/5150
f 2627/2627 6403/6403 7267/7267
f 5150/5150 6403/6403 2627/2627
f 6403/6403 1328/1328 7267/7267
f 1328/1328 7040/7040 2957/2957
f 2957/2957 7040/7040 579/579
f 579/579 6582/6582 231/231
f 231/231 6582/6582 1942/1942
f 579/579 4588/4588 6582/6582
f 6582/6582 7664/7664 1942/1942
f 6582/6582 2714/2714 7664/7664
f 7664/7664 2714/2714 4764/4764
f 2714/2714 1863/1863 4764/4764
f 2714/2714 2492/2492 1863/1863
f 3553/3553 3758/3758 1863/1863
f 2492/2492 3553/3553 1863/1863
f 3553/3553 1663/1663 3758/3758
f 3553/3553 908/908 1663/1663
f 908/908 5009/5009 1663/1663
f 908/908 7130/7130 5009/5009
f 7130/7130 4492/4492 1771/1771
f 4492/4492 6185/6185 1771/1771
f 4492/4492 6578/6578 6185/6185
f 6578/6578 5149/5149 6335/6335
f 6578/6578 6335/6335 6185/6185
f 3730/3730 4723/4723 5149/5149
f 5149/5149 4723/4723 6335/6335
f 3730/3730 3400/3400 4377/4377
f 3730/3730 4377/4377 4723/4723
f 2440/2440 432/432 3400/3400
f 5279/5279 432/432 2440/2440
f 5279/5279 6289/6289 432/432
f 6289/6289 6713/6713 432/432
f 6209/6209 6713/6713 6289/6289
f 6209/6209 6217/6217 6713/6713
f 3503/3503 6217/6217 6209/6209
f 4409/4409 2786/2786 4016/4016
f 4016/4016 3347/3347 7415/7415
f 3916/3916 1982/1982 3064/3064
f 3064/3064 4460/4460 2669/2669
f 2669/2669 4460/4460 1434/1434
f 1434/1434 3912/3912 4421/4421
f 5767/5767 3704/3704 4409/4409
f 4409/4409 3704/3704 2786/2786
f 4016/4016 2786/2786 3347/3347
f 7415/7415 1982/1982 3916/3916
f 1982/1982 4460/4460 3064/3064
f 5866/5866 2670/2670 4367/4367
f 4367/4367 2670/2670 3802/3802
f 4367/4367 3802/3802 2607/2607
f 5866/5866 6645/6645 2670/2670
f 5866/5866 7648/7648 6645/6645
f 7648/7648 3863/3863 6645/6645
f 7648/7648 5484/5484 3863/3863
f 5204/5204 5694/5694 5533/5533
f 5484/5484 5204/5204 5533/5533
f 5694/5694 5672/5672 3158/3158
f 3158/3158 5672/5672 6863/6863
f 7513/7513 5736/5736 5182/5182
f 2609/2609 920/920 2722/2722
f 4470/4470 3344/3344 3005/3005
f 3005/3005 3344/3344 6553/6553
f 6553/6553 3344/3344 6273/6273
f 1286/1286 6737/6737 6505/6505
f 252/252 4941/4941 6971/6971
f 3194/3194 6971/6971 2130/2130
f 3194/3194 2130/2130 6521/6521
f 6521/6521 2130/2130 4980/4980
f 4980/4980 2130/2130 4696/4696
f 4980/4980 4696/4696 4716/4716
f 4716/4716 423/423 6315/6315
f 4696/4696 3469/3469 4716/4716
f 4716/4716 3469/3469 423/423
f 6315/6315 423/423 3862/3862
f 423/423 4577/4577 3862/3862
f 3862/3862 4577/4577 435/435
f 5328/5328 3556/3556 2748/2748
f 888/888 1572/1572 435/435
f 435/435 1572/1572 5328/5328
f 2748/2748 3556/3556 3689/3689
f 3689/3689 3556/3556 6723/6723
f 3689/3689 6723/6723 7339/7339
f 3689/3689 7339/7339 6100/6100
f 7339/7339 4928/4928 6100/6100
f 7654/7654 875/875 2962/2962
f 5328/5328 1572/1572 3556/3556
f 7339/7339 4714/4714 4928/4928
f 4928/4928 4714/4714 2198/2198
f 4928/4928 2198/2198 7654/7654
f 7654/7654 2198/2198 875/875
f 2198/2198 2289/2289 875/875
f 2289/2289 1500/1500 1142/1142
f 875/875 2289/2289 1142/1142
f 1500/1500 1944/1944 1142/1142
f 1944/1944 5772/5772 5150/5150
f 5150/5150 5772/5772 6403/6403
f 1328/1328 2667/2667 7040/7040
f 6403/6403 4852/4852 1328/1328
f 1328/1328 4852/4852 2667/2667
f 2667/2667 4588/4588 7040/7040
f 7040/7040 4588/4588 579/579
f 4588/4588 5774/5774 6582/6582
f 4588/4588 368/368 5774/5774
f 6582/6582 5774/5774 2714/2714
f 5774/5774 5551/5551 2714/2714
f 5551/5551 2492/2492 2714/2714
f 2492/2492 521/521 3553/3553
f 3553/3553 521/521 908/908
f 908/908 521/521 7130/7130
f 4594/4594 7130/7130 521/521
f 4594/4594 7259/7259 4492/4492
f 4594/4594 4492/4492 7130/7130
f 7259/7259 6578/6578 4492/4492
f 7259/7259 4718/4718 5149/5149
f 7259/7259 5149/5149 6578/6578
f 4718/4718 92/92 3730/3730
f 4718/4718 3730/3730 5149/5149
f 92/92 2440/2440 3400/3400
f 92/92 3400/3400 3730/3730
f 5279/5279 1990/1990 6289/6289
f 1990/1990 6209/6209 6289/6289
f 4471/4471 3503/3503 6209/6209
f 4471/4471 6209/6209 1990/1990
f 4471/4471 4403/4403 3503/3503
f 3688/3688 3912/3912 4403/4403
f 4403/4403 3912/3912 6128/6128
f 4403/4403 6128/6128 3503/3503
f 6586/6586 4421/4421 3688/3688
f 3688/3688 4421/4421 3912/3912
f 3064/3064 2669/2669 1332/1332
f 1332/1332 2669/2669 6586/6586
f 6586/6586 2669/2669 1434/1434
f 6586/6586 1434/1434 4421/4421
f 5767/5767 4409/4409 6141/6141
f 2170/2170 4367/4367 2607/2607
f 2170/2170 2607/2607 390/390
f 390/390 2607/2607 428/428
f 390/390 428/428 7395/7395
f 7395/7395 428/428 6141/6141
f 2170/2170 5866/5866 4367/4367
f 2170/2170 2445/2445 5866/5866
f 7648/7648 2445/2445 4875/4875
f 7648/7648 4875/4875 5484/5484
f 4875/4875 5204/5204 5484/5484
f 5204/5204 5672/5672 5694/5694
f 6505/6505 6737/6737 796/796
f 6505/6505 796/796 5736/5736
f 920/920 4470/4470 2848/2848
f 3344/3344 6751/6751 6273/6273
f 6273/6273 6751/6751 2773/2773
f 415/415 3582/3582 1286/1286
f 4941/4941 39/39 6971/6971
f 6971/6971 39/39 1431/1431
f 6971/6971 1431/1431 2130/2130
f 4696/4696 2130/2130 4036/4036
f 3469/3469 3705/3705 423/423
f 423/423 3705/3705 4577/4577
f 3705/3705 5010/5010 4577/4577
f 4577/4577 7626/7626 435/435
f 7626/7626 888/888 435/435
f 3556/3556 4573/4573 6723/6723
f 2222/2222 4714/4714 7339/7339
f 3556/3556 1572/1572 4573/4573
f 6723/6723 2222/2222 7339/7339
f 4714/4714 4925/4925 2198/2198
f 2198/2198 4925/4925 2289/2289
f 1500/1500 5301/5301 1944/1944
f 4573/4573 1118/1118 6723/6723
f 1118/1118 2222/2222 6723/6723
f 4925/4925 1229/1229 2289/2289
f 5301/5301 6649/6649 1944/1944
f 1944/1944 6649/6649 5772/5772
f 1229/1229 697/697 2289/2289
f 697/697 3120/3120 1500/1500
f 2289/2289 697/697 1500/1500
f 1500/1500 3120/3120 877/877
f 1500/1500 877/877 5301/5301
f 5772/5772 6649/6649 6403/6403
f 877/877 1924/1924 5301/5301
f 5301/5301 1924/1924 6649/6649
f 6649/6649 1539/1539 6403/6403
f 1539/1539 4852/4852 6403/6403
f 4852/4852 1063/1063 2667/2667
f 1539/1539 1063/1063 4852/4852
f 1063/1063 368/368 2667/2667
f 2667/2667 368/368 4588/4588
f 368/368 2051/2051 5774/5774
f 5774/5774 437/437 5551/5551
f 437/437 7417/7417 5551/5551
f 5551/5551 7417/7417 2492/2492
f 7417/7417 521/521 2492/2492
f 7417/7417 4668/4668 521/521
f 1511/1511 7259/7259 4594/4594
f 1511/1511 3659/3659 7259/7259
f 3659/3659 4718/4718 7259/7259
f 3659/3659 1740/1740 4718/4718
f 1740/1740 92/92 4718/4718
f 850/850 5279/5279 2440/2440
f 850/850 2440/2440 92/92
f 850/850 1990/1990 5279/5279
f 5928/5928 4403/4403 3070/3070
f 1116/1116 3688/3688 4403/4403
f 1116/1116 4403/4403 5928/5928
f 4403/4403 4471/4471 3070/3070
f 4518/4518 6586/6586 4802/4802
f 4802/4802 6586/6586 3688/3688
f 4518/4518 1332/1332 6586/6586
f 7497/7497 7395/7395 5290/5290
f 5290/5290 6141/6141 4409/4409
f 5290/5290 4409/4409 46/46
f 46/46 4409/4409 219/219
f 4409/4409 4016/4016 219/219
f 219/219 7415/7415 3724/3724
f 3724/3724 3916/3916 294/294
f 3064/3064 4916/4916 294/294
f 7395/7395 6141/6141 5290/5290
f 6727/6727 2170/2170 2493/2493
f 2493/2493 2170/2170 390/390
f 2493/2493 390/390 7395/7395
f 6727/6727 2445/2445 2170/2170
f 2445/2445 6379/6379 3217/3217
f 2445/2445 3217/3217 4875/4875
f 5204/5204 1679/1679 5672/5672
f 39/39 5577/5577 1431/1431
f 4696/4696 4036/4036 3395/3395
f 4696/4696 3395/3395 3469/3469
f 156/156 1501/1501 3705/3705
f 3469/3469 156/156 3705/3705
f 3469/3469 3395/3395 156/156
f 3705/3705 1501/1501 5010/5010
f 5010/5010 7626/7626 4577/4577
f 1501/1501 244/244 5010/5010
f 5010/5010 244/244 7626/7626
f 888/888 4573/4573 1572/1572
f 7626/7626 1527/1527 888/888
f 4573/4573 4571/4571 1118/1118
f 1118/1118 4571/4571 2222/2222
f 2222/2222 2818/2818 4714/4714
f 2818/2818 7007/7007 4714/4714
f 4714/4714 7007/7007 4925/4925
f 888/888 1527/1527 4573/4573
f 4573/4573 1527/1527 1126/1126
f 1126/1126 4571/4571 4573/4573
f 2222/2222 4571/4571 2818/2818
f 7007/7007 2516/2516 4925/4925
f 4925/4925 2516/2516 1229/1229
f 2516/2516 697/697 1229/1229
f 1126/1126 5398/5398 5412/5412
f 1126/1126 5412/5412 4571/4571
f 5412/5412 1918/1918 4571/4571
f 4571/4571 1918/1918 2818/2818
f 2818/2818 1918/1918 7007/7007
f 7007/7007 1926/1926 2516/2516
f 2516/2516 3911/3911 4134/4134
f 2516/2516 4134/4134 697/697
f 877/877 2624/2624 1812/1812
f 1812/1812 1924/1924 877/877
f 7007/7007 1918/1918 1926/1926
f 2516/2516 1926/1926 3911/3911
f 697/697 4134/4134 3120/3120
f 4134/4134 2624/2624 3120/3120
f 3120/3120 2624/2624 877/877
f 1924/1924 1812/1812 650/650
f 1924/1924 650/650 6649/6649
f 6649/6649 650/650 1539/1539
f 1063/1063 283/283 368/368
f 283/283 2051/2051 368/368
f 650/650 5201/5201 1539/1539
f 1539/1539 5201/5201 1063/1063
f 5201/5201 5213/5213 1063/1063
f 1063/1063 5213/5213 283/283
f 5774/5774 2051/2051 437/437
f 283/283 2025/2025 2051/2051
f 2051/2051 2025/2025 437/437
f 437/437 2025/2025 2363/2363
f 437/437 2363/2363 7417/7417
f 7417/7417 2363/2363 4668/4668
f 4668/4668 2399/2399 521/521
f 2399/2399 4594/4594 521/521
f 2399/2399 1511/1511 4594/4594
f 3622/3622 850/850 1511/1511
f 1511/1511 1740/1740 3659/3659
f 218/218 850/850 3622/3622
f 850/850 1740/1740 1511/1511
f 850/850 92/92 1740/1740
f 4874/4874 3070/3070 6992/6992
f 2847/2847 6960/6960 6037/6037
f 6037/6037 6960/6960 3070/3070
f 6037/6037 3070/3070 4874/4874
f 4874/4874 6992/6992 218/218
f 2847/2847 1116/1116 6960/6960
f 6992/6992 1990/1990 218/218
f 1591/1591 4802/4802 2847/2847
f 2847/2847 4802/4802 1116/1116
f 6960/6960 5928/5928 3070/3070
f 251/251 2665/2665 4853/4853
f 4853/4853 2665/2665 1591/1591
f 1591/1591 2665/2665 4518/4518
f 1591/1591 4518/4518 4802/4802
f 1116/1116 5928/5928 6960/6960
f 3070/3070 4471/4471 6992/6992
f 6992/6992 4471/4471 1990/1990
f 3455/3455 2974/2974 251/251
f 251/251 2974/2974 2665/2665
f 3455/3455 6386/6386 5349/5349
f 514/514 5290/5290 46/46
f 514/514 46/46 6386/6386
f 2974/2974 5349/5349 294/294
f 294/294 4916/4916 2974/2974
f 2974/2974 4916/4916 2665/2665
f 4916/4916 1332/1332 2665/2665
f 2665/2665 1332/1332 4518/4518
f 4802/4802 3688/3688 1116/1116
f 46/46 219/219 6386/6386
f 6386/6386 219/219 3724/3724
f 6386/6386 3724/3724 5349/5349
f 5246/5246 7395/7395 7497/7497
f 3385/3385 2493/2493 939/939
f 939/939 2493/2493 7395/7395
f 939/939 7395/7395 5246/5246
f 6379/6379 6727/6727 3385/3385
f 3385/3385 6727/6727 2493/2493
f 6379/6379 2445/2445 6727/6727
f 16/16 6086/6086 4875/4875
f 3217/3217 16/16 4875/4875
f 4875/4875 6086/6086 5204/5204
f 5204/5204 6086/6086 1679/1679
f 6014/6014 2050/2050 4470/4470
f 3140/3140 4591/4591 6737/6737
f 1431/1431 5577/5577 3263/3263
f 1431/1431 3263/3263 2130/2130
f 2130/2130 3263/3263 4036/4036
f 4036/4036 3263/3263 6463/6463
f 4036/4036 6463/6463 3395/3395
f 3395/3395 6463/6463 5091/5091
f 3395/3395 5091/5091 156/156
f 156/156 3970/3970 1501/1501
f 156/156 5091/5091 3970/3970
f 1501/1501 3970/3970 244/244
f 5091/5091 6756/6756 3970/3970
f 3102/3102 1527/1527 7626/7626
f 3970/3970 764/764 244/244
f 244/244 3346/3346 7626/7626
f 7626/7626 3346/3346 3102/3102
f 764/764 3346/3346 244/244
f 3102/3102 5612/5612 1527/1527
f 1527/1527 5398/5398 1126/1126
f 1527/1527 5612/5612 5398/5398
f 5412/5412 837/837 3747/3747
f 5412/5412 3747/3747 1918/1918
f 1918/1918 3747/3747 1926/1926
f 3732/3732 6724/6724 1926/1926
f 1926/1926 6724/6724 3911/3911
f 3911/3911 6724/6724 4134/4134
f 5398/5398 3483/3483 5412/5412
f 3747/3747 6151/6151 1926/1926
f 4134/4134 4580/4580 2624/2624
f 4580/4580 1812/1812 2624/2624
f 5412/5412 3483/3483 837/837
f 3747/3747 837/837 3483/3483
f 1926/1926 6151/6151 3732/3732
f 3483/3483 6151/6151 3747/3747
f 4134/4134 6724/6724 4580/4580
f 4580/4580 832/832 1812/1812
f 832/832 650/650 1812/1812
f 6151/6151 3077/3077 3732/3732
f 3732/3732 3077/3077 6724/6724
f 6724/6724 2631/2631 4580/4580
f 2045/2045 3077/3077 6151/6151
f 3077/3077 4303/4303 6724/6724
f 4303/4303 2631/2631 6724/6724
f 4580/4580 6215/6215 832/832
f 832/832 6215/6215 650/650
f 4580/4580 2631/2631 1623/1623
f 4580/4580 1623/1623 6215/6215
f 6215/6215 4314/4314 650/650
f 650/650 4314/4314 5201/5201
f 5201/5201 4314/4314 5487/5487
f 5201/5201 5487/5487 5213/5213
f 5213/5213 4584/4584 283/283
f 4584/4584 2025/2025 283/283
f 1623/1623 5336/5336 6215/6215
f 5336/5336 6501/6501 6215/6215
f 6215/6215 6501/6501 4314/4314
f 5487/5487 7080/7080 5213/5213
f 5213/5213 7080/7080 4584/4584
f 4314/4314 3175/3175 5487/5487
f 3175/3175 7080/7080 5487/5487
f 4584/4584 2363/2363 2025/2025
f 6501/6501 3175/3175 4314/4314
f 3175/3175 74/74 7080/7080
f 7080/7080 1488/1488 4584/4584
f 4584/4584 1488/1488 2363/2363
f 2363/2363 2399/2399 4668/4668
f 74/74 2457/2457 7080/7080
f 2457/2457 1488/1488 7080/7080
f 1488/1488 3178/3178 2363/2363
f 2363/2363 3178/3178 605/605
f 2363/2363 605/605 2399/2399
f 2457/2457 1968/1968 1488/1488
f 3852/3852 2220/2220 3178/3178
f 2457/2457 5822/5822 1968/1968
f 1488/1488 3852/3852 3178/3178
f 3178/3178 2220/2220 605/605
f 1968/1968 3852/3852 1488/1488
f 2220/2220 3622/3622 605/605
f 605/605 3622/3622 2399/2399
f 3622/3622 1511/1511 2399/2399
f 1654/1654 1234/1234 5822/5822
f 5822/5822 1234/1234 1968/1968
f 1968/1968 1234/1234 4874/4874
f 3852/3852 4874/4874 2220/2220
f 2220/2220 218/218 3622/3622
f 4182/4182 4997/4997 1654/1654
f 4997/4997 7234/7234 1654/1654
f 6037/6037 4874/4874 1234/1234
f 4874/4874 218/218 2220/2220
f 1654/1654 7234/7234 1234/1234
f 1234/1234 7234/7234 6037/6037
f 1968/1968 4874/4874 3852/3852
f 2555/2555 2441/2441 4182/4182
f 2441/2441 4997/4997 4182/4182
f 2555/2555 4067/4067 2441/2441
f 7234/7234 2847/2847 6037/6037
f 2555/2555 952/952 4067/4067
f 2441/2441 4853/4853 4997/4997
f 4997/4997 2847/2847 7234/7234
f 2067/2067 7711/7711 952/952
f 4853/4853 1591/1591 4997/4997
f 4997/4997 1591/1591 2847/2847
f 7472/7472 7054/7054 2067/2067
f 2067/2067 514/514 7711/7711
f 514/514 6386/6386 7711/7711
f 4067/4067 251/251 2441/2441
f 251/251 4853/4853 2441/2441
f 6386/6386 3455/3455 7711/7711
f 7711/7711 3455/3455 952/952
f 952/952 3455/3455 4067/4067
f 4067/4067 3455/3455 251/251
f 6764/6764 7054/7054 7472/7472
f 7054/7054 514/514 2067/2067
f 6639/6639 939/939 1438/1438
f 1438/1438 939/939 5246/5246
f 1438/1438 5246/5246 6764/6764
f 5290/5290 514/514 7054/7054
f 6639/6639 3930/3930 657/657
f 6764/6764 5246/5246 7497/7497
f 6764/6764 7497/7497 7054/7054
f 657/657 6379/6379 3385/3385
f 657/657 3385/3385 6639/6639
f 657/657 1224/1224 6379/6379
f 6639/6639 3385/3385 939/939
f 6379/6379 1224/1224 3217/3217
f 1224/1224 16/16 3217/3217
f 6086/6086 7610/7610 4001/4001
f 1967/1967 362/362 5675/5675
f 1967/1967 5675/5675 1625/1625
f 3755/3755 5800/5800 2050/2050
f 6751/6751 5800/5800 4452/4452
f 5577/5577 631/631 3263/3263
f 3263/3263 631/631 6463/6463
f 5091/5091 6463/6463 5637/5637
f 5091/5091 5637/5637 3557/3557
f 5091/5091 3557/3557 6756/6756
f 6756/6756 764/764 3970/3970
f 6756/6756 131/131 764/764
f 6756/6756 3557/3557 131/131
f 764/764 131/131 3346/3346
f 3557/3557 5914/5914 131/131
f 3346/3346 4663/4663 3102/3102
f 2195/2195 1021/1021 3346/3346
f 131/131 2195/2195 3346/3346
f 3346/3346 1021/1021 4663/4663
f 3102/3102 4663/4663 5612/5612
f 4663/4663 2090/2090 5612/5612
f 2090/2090 3160/3160 5612/5612
f 5612/5612 4933/4933 5398/5398
f 3160/3160 4933/4933 5612/5612
f 5398/5398 4933/4933 3483/3483
f 2062/2062 1035/1035 3483/3483
f 4933/4933 2062/2062 3483/3483
f 1035/1035 6151/6151 3483/3483
f 6151/6151 1035/1035 2045/2045
f 1035/1035 7366/7366 7097/7097
f 1035/1035 7097/7097 2045/2045
f 7097/7097 4656/4656 2045/2045
f 2045/2045 4656/4656 3077/3077
f 3077/3077 4656/4656 4303/4303
f 7097/7097 2263/2263 4656/4656
f 4303/4303 6929/6929 2631/2631
f 4656/4656 1531/1531 4303/4303
f 6929/6929 5336/5336 1623/1623
f 2631/2631 6929/6929 1623/1623
f 2263/2263 1531/1531 4656/4656
f 4303/4303 1531/1531 6929/6929
f 1531/1531 3256/3256 6929/6929
f 6501/6501 4151/4151 3175/3175
f 6929/6929 3256/3256 5336/5336
f 5336/5336 3256/3256 1629/1629
f 5336/5336 1629/1629 4151/4151
f 5336/5336 4151/4151 6501/6501
f 4151/4151 74/74 3175/3175
f 3256/3256 212/212 3227/3227
f 4151/4151 5170/5170 74/74
f 3256/3256 3227/3227 1629/1629
f 3227/3227 2225/2225 1629/1629
f 1629/1629 2225/2225 4151/4151
f 5170/5170 2457/2457 74/74
f 2225/2225 5972/5972 4151/4151
f 5822/5822 2457/2457 5170/5170
f 212/212 28/28 3227/3227
f 28/28 2225/2225 3227/3227
f 4151/4151 5972/5972 5170/5170
f 5170/5170 5972/5972 5822/5822
f 3309/3309 6508/6508 28/28
f 6280/6280 2552/2552 6508/6508
f 6508/6508 3740/3740 28/28
f 28/28 3740/3740 6494/6494
f 28/28 6494/6494 2225/2225
f 2225/2225 6494/6494 5972/5972
f 5972/5972 6494/6494 1654/1654
f 5972/5972 1654/1654 5822/5822
f 6508/6508 2555/2555 3740/3740
f 3740/3740 4182/4182 6494/6494
f 6494/6494 4182/4182 1654/1654
f 1306/1306 2803/2803 1265/1265
f 1265/1265 2803/2803 19/19
f 19/19 2803/2803 2453/2453
f 2453/2453 2803/2803 1103/1103
f 2453/2453 1103/1103 2552/2552
f 2552/2552 1103/1103 2555/2555
f 2552/2552 2555/2555 6508/6508
f 2555/2555 4182/4182 3740/3740
f 4794/4794 7472/7472 772/772
f 772/772 7472/7472 1306/1306
f 1306/1306 7472/7472 2067/2067
f 2803/2803 952/952 1103/1103
f 4794/4794 7605/7605 7472/7472
f 1306/1306 2067/2067 2803/2803
f 2803/2803 2067/2067 952/952
f 4525/4525 3930/3930 1438/1438
f 4525/4525 1438/1438 6507/6507
f 4525/4525 5545/5545 3930/3930
f 6507/6507 1438/1438 6764/6764
f 6507/6507 6764/6764 7605/7605
f 7605/7605 6764/6764 7472/7472
f 5545/5545 657/657 3930/3930
f 5545/5545 5280/5280 657/657
f 657/657 5280/5280 1224/1224
f 5280/5280 7049/7049 1224/1224
f 1224/1224 7049/7049 16/16
f 16/16 7049/7049 3975/3975
f 16/16 3975/3975 6086/6086
f 3975/3975 7610/7610 6086/6086
f 4981/4981 5180/5180 4452/4452
f 3093/3093 4439/4439 4917/4917
f 362/362 6371/6371 5675/5675
f 6463/6463 631/631 4402/4402
f 6463/6463 4402/4402 5637/5637
f 5637/5637 4402/4402 3557/3557
f 3557/3557 4402/4402 5644/5644
f 3557/3557 5644/5644 5914/5914
f 5914/5914 2195/2195 131/131
f 5914/5914 4306/4306 2195/2195
f 5644/5644 4991/4991 5914/5914
f 2195/2195 4306/4306 1021/1021
f 1021/1021 7180/7180 4663/4663
f 5914/5914 4991/4991 4306/4306
f 4663/4663 7180/7180 2090/2090
f 4306/4306 6498/6498 1021/1021
f 6498/6498 5425/5425 1021/1021
f 1021/1021 5425/5425 7180/7180
f 2090/2090 1365/1365 3160/3160
f 1365/1365 2062/2062 3160/3160
f 3160/3160 2062/2062 4933/4933
f 7180/7180 1365/1365 2090/2090
f 2062/2062 7366/7366 1035/1035
f 1365/1365 1636/1636 2062/2062
f 1636/1636 4474/4474 2062/2062
f 2062/2062 4474/4474 7366/7366
f 4474/4474 984/984 7366/7366
f 7366/7366 984/984 7097/7097
f 7097/7097 984/984 2439/2439
f 7097/7097 2439/2439 2263/2263
f 4474/4474 3061/3061 984/984
f 984/984 6048/6048 2439/2439
f 2263/2263 940/940 1531/1531
f 1636/1636 2341/2341 4474/4474
f 4474/4474 2341/2341 3061/3061
f 5456/5456 940/940 2263/2263
f 984/984 3061/3061 6048/6048
f 2439/2439 6048/6048 2263/2263
f 6048/6048 5456/5456 2263/2263
f 940/940 3256/3256 1531/1531
f 5456/5456 5628/5628 7467/7467
f 5456/5456 7467/7467 940/940
f 940/940 7467/7467 3256/3256
f 2341/2341 3388/3388 3061/3061
f 3388/3388 7172/7172 3061/3061
f 3061/3061 7172/7172 6048/6048
f 6048/6048 7172/7172 3066/3066
f 6048/6048 3066/3066 5456/5456
f 3066/3066 5628/5628 5456/5456
f 7467/7467 212/212 3256/3256
f 6280/6280 3309/3309 5628/5628
f 5628/5628 3309/3309 7467/7467
f 7467/7467 28/28 212/212
f 1758/1758 1265/1265 3388/3388
f 1265/1265 5834/5834 7172/7172
f 3388/3388 1265/1265 7172/7172
f 7172/7172 5834/5834 2453/2453
f 7172/7172 2453/2453 3066/3066
f 3066/3066 6280/6280 5628/5628
f 7467/7467 3309/3309 28/28
f 1758/1758 6530/6530 1265/1265
f 2453/2453 6280/6280 3066/3066
f 5729/5729 6530/6530 1758/1758
f 1265/1265 19/19 5834/5834
f 6280/6280 2453/2453 2552/2552
f 5834/5834 19/19 2453/2453
f 5729/5729 772/772 6530/6530
f 6530/6530 772/772 1265/1265
f 4794/4794 772/772 5729/5729
f 5753/5753 6507/6507 7202/7202
f 7202/7202 6507/6507 4794/4794
f 6507/6507 7605/7605 4794/4794
f 5753/5753 4525/4525 6507/6507
f 5753/5753 6485/6485 4525/4525
f 6485/6485 5545/5545 4525/4525
f 6485/6485 1086/1086 5545/5545
f 1086/1086 6669/6669 5280/5280
f 5545/5545 1086/1086 5280/5280
f 5280/5280 6669/6669 7049/7049
f 4917/4917 4938/4938 21/21
f 362/362 3849/3849 6371/6371
f 5042/5042 5680/5680 4402/4402
f 631/631 5042/5042 4402/4402
f 4402/4402 5680/5680 125/125
f 4402/4402 125/125 5644/5644
f 5644/5644 125/125 7152/7152
f 5644/5644 7152/7152 4991/4991
f 7152/7152 3686/3686 4991/4991
f 4991/4991 6498/6498 4306/4306
f 4991/4991 1401/1401 6498/6498
f 3686/3686 4485/4485 4991/4991
f 6498/6498 1401/1401 5425/5425
f 4991/4991 4485/4485 1401/1401
f 5425/5425 1120/1120 7180/7180
f 7180/7180 1120/1120 1365/1365
f 1120/1120 4448/4448 1365/1365
f 1365/1365 4448/4448 1636/1636
f 1401/1401 5716/5716 5425/5425
f 5425/5425 5716/5716 1120/1120
f 1401/1401 6350/6350 5716/5716
f 1120/1120 6123/6123 4448/4448
f 4448/4448 6123/6123 1636/1636
f 6123/6123 2341/2341 1636/1636
f 5716/5716 2081/2081 1120/1120
f 1120/1120 2081/2081 6123/6123
f 6350/6350 1407/1407 5716/5716
f 5716/5716 1407/1407 3082/3082
f 5716/5716 3082/3082 2081/2081
f 2081/2081 3082/3082 6123/6123
f 3513/3513 1758/1758 6123/6123
f 6123/6123 1758/1758 2341/2341
f 2341/2341 1758/1758 3388/3388
f 6350/6350 7538/7538 1407/1407
f 3082/3082 3513/3513 6123/6123
f 7538/7538 4508/4508 1407/1407
f 7538/7538 5751/5751 4508/4508
f 1407/1407 5775/5775 3082/3082
f 3082/3082 5775/5775 3513/3513
f 3513/3513 5729/5729 1758/1758
f 5775/5775 5729/5729 3513/3513
f 4508/4508 7202/7202 1407/1407
f 1407/1407 7202/7202 5775/5775
f 7202/7202 4794/4794 5775/5775
f 5775/5775 4794/4794 5729/5729
f 5751/5751 5753/5753 4508/4508
f 4508/4508 5753/5753 7202/7202
f 5751/5751 6485/6485 5753/5753
f 5751/5751 2446/2446 6485/6485
f 6485/6485 2446/2446 4389/4389
f 6485/6485 4389/4389 1086/1086
f 4389/4389 6186/6186 1086/1086
f 1086/1086 6186/6186 6669/6669
f 6186/6186 7084/7084 6669/6669
f 6669/6669 7084/7084 7049/7049
f 7049/7049 7084/7084 3975/3975
f 3975/3975 7084/7084 6958/6958
f 3849/3849 2258/2258 3692/3692
f 3692/3692 2167/2167 5277/5277
f 5277/5277 2167/2167 5187/5187
f 2345/2345 5187/5187 5634/5634
f 5680/5680 4988/4988 125/125
f 7152/7152 125/125 5016/5016
f 7152/7152 5016/5016 3686/3686
f 3686/3686 5016/5016 1044/1044
f 3686/3686 1044/1044 4485/4485
f 4485/4485 6350/6350 1401/1401
f 1044/1044 2437/2437 4485/4485
f 4401/4401 7538/7538 6350/6350
f 4485/4485 4401/4401 6350/6350
f 4485/4485 2437/2437 4401/4401
f 4401/4401 2437/2437 7500/7500
f 4401/4401 5751/5751 7538/7538
f 4401/4401 7500/7500 5751/5751
f 5751/5751 7500/7500 2446/2446
f 2446/2446 7500/7500 2117/2117
f 2446/2446 2117/2117 4389/4389
f 2117/2117 3088/3088 4389/4389
f 4389/4389 3088/3088 6186/6186
f 3088/3088 2297/2297 6186/6186
f 6186/6186 2297/2297 7084/7084
f 1898/1898 6405/6405 274/274
f 1872/1872 274/274 1239/1239
f 1792/1792 2896/2896 3887/3887
f 3887/3887 5623/5623 1864/1864
f 5623/5623 7270/7270 3528/3528
f 1864/1864 5623/5623 3528/3528
f 125/125 4988/4988 3587/3587
f 125/125 3587/3587 5016/5016
f 5016/5016 3587/3587 1044/1044
f 1044/1044 3587/3587 7643/7643
f 1044/1044 7643/7643 2437/2437
f 2437/2437 7643/7643 2914/2914
f 2437/2437 2914/2914 7500/7500
f 2914/2914 79/79 7500/7500
f 7500/7500 79/79 2117/2117
f 6677/6677 5473/5473 4919/4919
f 79/79 2297/2297 2117/2117
f 4919/4919 6013/6013 4347/4347
f 2117/2117 2297/2297 3088/3088
f 4347/4347 6013/6013 2727/2727
f 4347/4347 2727/2727 4574/4574
f 4574/4574 2727/2727 5572/5572
f 4574/4574 5572/5572 6870/6870
f 5572/5572 7308/7308 6420/6420
f 6870/6870 5572/5572 6420/6420
f 6420/6420 7308/7308 6772/6772
f 7308/7308 222/222 6772/6772
f 222/222 2953/2953 6772/6772
f 6772/6772 2953/2953 6473/6473
f 4295/4295 7680/7680 2721/2721
f 5087/5087 7543/7543 1239/1239
f 1239/1239 7543/7543 961/961
f 3775/3775 4503/4503 5187/5187
f 488/488 5165/5165 3938/3938
f 2896/2896 2450/2450 3887/3887
f 3887/3887 2450/2450 7509/7509
f 3887/3887 7509/7509 5623/5623
f 5623/5623 7509/7509 4310/4310
f 4310/4310 1144/1144 7270/7270
f 5623/5623 4310/4310 7270/7270
f 1959/1959 1880/1880 2603/2603
f 64/64 4887/4887 5785/5785
f 1893/1893 64/64 5785/5785
f 5785/5785 4887/4887 3442/3442
f 5785/5785 3442/3442 6789/6789
f 3587/3587 1566/1566 7643/7643
f 7643/7643 1566/1566 1037/1037
f 6789/6789 4596/4596 2102/2102
f 7643/7643 1037/1037 2914/2914
f 5050/5050 4340/4340 254/254
f 2144/2144 5050/5050 254/254
f 1037/1037 6882/6882 2914/2914
f 4340/4340 5921/5921 7423/7423
f 254/254 4340/4340 7423/7423
f 7423/7423 5921/5921 5402/5402
f 6882/6882 79/79 2914/2914
f 5402/5402 7111/7111 5473/5473
f 79/79 890/890 5974/5974
f 7111/7111 4689/4689 5473/5473
f 5473/5473 4689/4689 4919/4919
f 4689/4689 6013/6013 4919/4919
f 7308/7308 1610/1610 222/222
f 2953/2953 6954/6954 6473/6473
f 6473/6473 6954/6954 6901/6901
f 6893/6893 5370/5370 3847/3847
f 7509/7509 2450/2450 4828/4828
f 7509/7509 4828/4828 4310/4310
f 2833/2833 3769/3769 4358/4358
f 354/354 5532/5532 2618/2618
f 64/64 1773/1773 4887/4887
f 3442/3442 4887/4887 395/395
f 3442/3442 4596/4596 6789/6789
f 3442/3442 395/395 4596/4596
f 723/723 7114/7114 4592/4592
f 6382/6382 5486/5486 5050/5050
f 5050/5050 5486/5486 4340/4340
f 4592/4592 7114/7114 2884/2884
f 4592/4592 2884/2884 6882/6882
f 6882/6882 2884/2884 890/890
f 5921/5921 7111/7111 5402/5402
f 5921/5921 3979/3979 7111/7111
f 7565/7565 6968/6968 4157/4157
f 5916/5916 471/471 5321/5321
f 3979/3979 4689/4689 7111/7111
f 3979/3979 2496/2496 4689/4689
f 2496/2496 6013/6013 4689/4689
f 2778/2778 2727/2727 6013/6013
f 2496/2496 2778/2778 6013/6013
f 2778/2778 2875/2875 2727/2727
f 2875/2875 5572/5572 2727/2727
f 2875/2875 4017/4017 5572/5572
f 4017/4017 1610/1610 7308/7308
f 5572/5572 4017/4017 7308/7308
f 4017/4017 2116/2116 896/896
f 4017/4017 896/896 1610/1610
f 896/896 7200/7200 1610/1610
f 7200/7200 297/297 222/222
f 1610/1610 7200/7200 222/222
f 297/297 2582/2582 2953/2953
f 222/222 297/297 2953/2953
f 2953/2953 2582/2582 6954/6954
f 5958/5958 4015/4015 189/189
f 5318/5318 7280/7280 395/395
f 4596/4596 395/395 7381/7381
f 7381/7381 1746/1746 4596/4596
f 1746/1746 7381/7381 5486/5486
f 1746/1746 5486/5486 6382/6382
f 5486/5486 2406/2406 4340/4340
f 5486/5486 5840/5840 2406/2406
f 2406/2406 5921/5921 4340/4340
f 2406/2406 6879/6879 5921/5921
f 6879/6879 3979/3979 5921/5921
f 6879/6879 6941/6941 3979/3979
f 6941/6941 2496/2496 3979/3979
f 2408/2408 816/816 7217/7217
f 6941/6941 1597/1597 2496/2496
f 1597/1597 2778/2778 2496/2496
f 1597/1597 3295/3295 2778/2778
f 3295/3295 2875/2875 2778/2778
f 3295/3295 5176/5176 2875/2875
f 2875/2875 5176/5176 2116/2116
f 2875/2875 2116/2116 4017/4017
f 2634/2634 2502/2502 4015/4015
f 2634/2634 4015/4015 5958/5958
f 2502/2502 1773/1773 4015/4015
f 2502/2502 1547/1547 1773/1773
f 1547/1547 5318/5318 4887/4887
f 1547/1547 4887/4887 1773/1773
f 5318/5318 395/395 4887/4887
f 2415/2415 5818/5818 6272/6272
f 7280/7280 7381/7381 395/395
f 7280/7280 5840/5840 7381/7381
f 5840/5840 5486/5486 7381/7381
f 2406/2406 534/534 6879/6879
f 1541/1541 2365/2365 816/816
f 6879/6879 7294/7294 6941/6941
f 7294/7294 1597/1597 6941/6941
f 7294/7294 2682/2682 1597/1597
f 816/816 4522/4522 7217/7217
f 4304/4304 1905/1905 7099/7099
f 4202/4202 1905/1905 4304/4304
f 3834/3834 4202/4202 7200/7200
f 896/896 3834/3834 7200/7200
f 7200/7200 4202/4202 297/297
f 5176/5176 7131/7131 2116/2116
f 7131/7131 3834/3834 896/896
f 2116/2116 7131/7131 896/896
f 1191/1191 3090/3090 4324/4324
f 6802/6802 2502/2502 2634/2634
f 6894/6894 6721/6721 2200/2200
f 1547/1547 6802/6802 2247/2247
f 1547/1547 2247/2247 5318/5318
f 2599/2599 7280/7280 5318/5318
f 2599/2599 5840/5840 7280/7280
f 2406/2406 5840/5840 534/534
f 2365/2365 3311/3311 816/816
f 534/534 7294/7294 6879/6879
f 816/816 1785/1785 5329/5329
f 7294/7294 5515/5515 2682/2682
f 2682/2682 4353/4353 1597/1597
f 1597/1597 4353/4353 3295/3295
f 3834/3834 2118/2118 4202/4202
f 3295/3295 1248/1248 5176/5176
f 1248/1248 1641/1641 5176/5176
f 5176/5176 1641/1641 7131/7131
f 1191/1191 291/291 3090/3090
f 6802/6802 1870/1870 2247/2247
f 2247/2247 7435/7435 5318/5318
f 5318/5318 7435/7435 7635/7635
f 5818/5818 1635/1635 3387/3387
f 5318/5318 7635/7635 2599/2599
f 2599/2599 7635/7635 510/510
f 5161/5161 6680/6680 7026/7026
f 5840/5840 510/510 6709/6709
f 5840/5840 6709/6709 534/534
f 5161/5161 7026/7026 6722/6722
f 6722/6722 7026/7026 1404/1404
f 6722/6722 1404/1404 2365/2365
f 6709/6709 1590/1590 534/534
f 534/534 1590/1590 7294/7294
f 1590/1590 1111/1111 5515/5515
f 7294/7294 1590/1590 5515/5515
f 5329/5329 291/291 1191/1191
f 5515/5515 1329/1329 2682/2682
f 1329/1329 3518/3518 2682/2682
f 2682/2682 3518/3518 4353/4353
f 4353/4353 3550/3550 3295/3295
f 3834/3834 4967/4967 2118/2118
f 3295/3295 3550/3550 1248/1248
f 1641/1641 4967/4967 7131/7131
f 7131/7131 4967/4967 3834/3834
f 1870/1870 6441/6441 2247/2247
f 2247/2247 6441/6441 7458/7458
f 2247/2247 7458/7458 7435/7435
f 17/17 4014/4014 1635/1635
f 7673/7673 17/17 1635/1635
f 7435/7435 1159/1159 7635/7635
f 4014/4014 5911/5911 3387/3387
f 1635/1635 4014/4014 3387/3387
f 1159/1159 2638/2638 7635/7635
f 7635/7635 2638/2638 510/510
f 6628/6628 7015/7015 6680/6680
f 6680/6680 7015/7015 7212/7212
f 6680/6680 7212/7212 7026/7026
f 2638/2638 5782/5782 6709/6709
f 510/510 2638/2638 6709/6709
f 7026/7026 6158/6158 1404/1404
f 1404/1404 2321/2321 3311/3311
f 6709/6709 5782/5782 1590/1590
f 3311/3311 2321/2321 1785/1785
f 1111/1111 1329/1329 5515/5515
f 1785/1785 3706/3706 291/291
f 3550/3550 7062/7062 6175/6175
f 3550/3550 6175/6175 1248/1248
f 1248/1248 6175/6175 1641/1641
f 3738/3738 1870/1870 6802/6802
f 4806/4806 5911/5911 4014/4014
f 5911/5911 3264/3264 7015/7015
f 7015/7015 3264/3264 7212/7212
f 7212/7212 6158/6158 7026/7026
f 1404/1404 6158/6158 2321/2321
f 1785/1785 2321/2321 950/950
f 5782/5782 1111/1111 1590/1590
f 1785/1785 950/950 3706/3706
f 3518/3518 4133/4133 4353/4353
f 4353/4353 4133/4133 3550/3550
f 3550/3550 4133/4133 7062/7062
f 6175/6175 7169/7169 1641/1641
f 1641/1641 7169/7169 4967/4967
f 6441/6441 3880/3880 7458/7458
f 683/683 2288/2288 17/17
f 17/17 4806/4806 4014/4014
f 4806/4806 4996/4996 5911/5911
f 5911/5911 4996/4996 3264/3264
f 1159/1159 235/235 2638/2638
f 6158/6158 411/411 2321/2321
f 2321/2321 2240/2240 950/950
f 1364/1364 1997/1997 1049/1049
f 1111/1111 3551/3551 1329/1329
f 3518/3518 3842/3842 4133/4133
f 7062/7062 1904/1904 6175/6175
f 6175/6175 1904/1904 7169/7169
f 7458/7458 6867/6867 7435/7435
f 7435/7435 6867/6867 7620/7620
f 7620/7620 1159/1159 7435/7435
f 4806/4806 5083/5083 4996/4996
f 5083/5083 6162/6162 4996/4996
f 4996/4996 45/45 3264/3264
f 3264/3264 45/45 4647/4647
f 3264/3264 4647/4647 7212/7212
f 7212/7212 4647/4647 411/411
f 7212/7212 411/411 6158/6158
f 235/235 5862/5862 5782/5782
f 2638/2638 235/235 5782/5782
f 411/411 5189/5189 2321/2321
f 2321/2321 5189/5189 2240/2240
f 5862/5862 1284/1284 5782/5782
f 5782/5782 1284/1284 1111/1111
f 7254/7254 4288/4288 3616/3616
f 3551/3551 3518/3518 1329/1329
f 7254/7254 2079/2079 4288/4288
f 3518/3518 5093/5093 3842/3842
f 4133/4133 7063/7063 7062/7062
f 7062/7062 7063/7063 1904/1904
f 1904/1904 2079/2079 7169/7169
f 3880/3880 6867/6867 7458/7458
f 2288/2288 5083/5083 4806/4806
f 7620/7620 4803/4803 1159/1159
f 4996/4996 6162/6162 45/45
f 1159/1159 4803/4803 235/235
f 2240/2240 5189/5189 5355/5355
f 6741/6741 6643/6643 1997/1997
f 1284/1284 6803/6803 1111/1111
f 1111/1111 6803/6803 3551/3551
f 3551/3551 71/71 3518/3518
f 3842/3842 5093/5093 3824/3824
f 3842/3842 3824/3824 7063/7063
f 3842/3842 7063/7063 4133/4133
f 7063/7063 3340/3340 1904/1904
f 1904/1904 3340/3340 2079/2079
f 3880/3880 2411/2411 6867/6867
f 5083/5083 7016/7016 6162/6162
f 6162/6162 7153/7153 45/45
f 7153/7153 4647/4647 45/45
f 4647/4647 2489/2489 411/411
f 411/411 2489/2489 5189/5189
f 6803/6803 71/71 3551/3551
f 2079/2079 143/143 4288/4288
f 71/71 5093/5093 3518/3518
f 7063/7063 6563/6563 3340/3340
f 6162/6162 7016/7016 7153/7153
f 7016/7016 974/974 7153/7153
f 7153/7153 4646/4646 4647/4647
f 235/235 4075/4075 5862/5862
f 4647/4647 4646/4646 2489/2489
f 5189/5189 2489/2489 4355/4355
f 5189/5189 4355/4355 5355/5355
f 3824/3824 3164/3164 7063/7063
f 7063/7063 3164/3164 6563/6563
f 6563/6563 7660/7660 3340/3340
f 2411/2411 6459/6459 6867/6867
f 6867/6867 6459/6459 7620/7620
f 4005/4005 3541/3541 4803/4803
f 7620/7620 4005/4005 4803/4803
f 2632/2632 7155/7155 7016/7016
f 7155/7155 1838/1838 7016/7016
f 7016/7016 1838/1838 974/974
f 4803/4803 3541/3541 235/235
f 235/235 3541/3541 4075/4075
f 974/974 2814/2814 7153/7153
f 7153/7153 2814/2814 4646/4646
f 2489/2489 3594/3594 4355/4355
f 5862/5862 5287/5287 1284/1284
f 1284/1284 5287/5287 7142/7142
f 7142/7142 6093/6093 6803/6803
f 1284/1284 7142/7142 6803/6803
f 6803/6803 178/178 71/71
f 71/71 4840/4840 5093/5093
f 5093/5093 4840/4840 7053/7053
f 5093/5093 7053/7053 3824/3824
f 2814/2814 1857/1857 4646/4646
f 1857/1857 490/490 2489/2489
f 4646/4646 1857/1857 2489/2489
f 2489/2489 490/490 3594/3594
f 5862/5862 4075/4075 5287/5287
f 7660/7660 160/160 143/143
f 6803/6803 6093/6093 178/178
f 7053/7053 6203/6203 3824/3824
f 6203/6203 3198/3198 3164/3164
f 3824/3824 6203/6203 3164/3164
f 3164/3164 3198/3198 7236/7236
f 3164/3164 7236/7236 6563/6563
f 2411/2411 1347/1347 6459/6459
f 3541/3541 7183/7183 4075/4075
f 178/178 4840/4840 71/71
f 1838/1838 2691/2691 974/974
f 974/974 5981/5981 2814/2814
f 7183/7183 2899/2899 4075/4075
f 2899/2899 6417/6417 5287/5287
f 4075/4075 2899/2899 5287/5287
f 490/490 2684/2684 3594/3594
f 1347/1347 2719/2719 6459/6459
f 6459/6459 2719/2719 4998/4998
f 6459/6459 4998/4998 4005/4005
f 4998/4998 6052/6052 4005/4005
f 4005/4005 6052/6052 3541/3541
f 3541/3541 6052/6052 7183/7183
f 2691/2691 5981/5981 974/974
f 2814/2814 5981/5981 1857/1857
f 1857/1857 3431/3431 490/490
f 490/490 3431/3431 2684/2684
f 5287/5287 2886/2886 7142/7142
f 7142/7142 2886/2886 6093/6093
f 6093/6093 2080/2080 178/178
f 178/178 4354/4354 4840/4840
f 1347/1347 4159/4159 2719/2719
f 5981/5981 6904/6904 1857/1857
f 1857/1857 6904/6904 3431/3431
f 6417/6417 2886/2886 5287/5287
f 2886/2886 2080/2080 6093/6093
f 2080/2080 4354/4354 178/178
f 6203/6203 4624/4624 3198/3198
f 2802/2802 3934/3934 5981/5981
f 2691/2691 2802/2802 5981/5981
f 7183/7183 4006/4006 2899/2899
f 2467/2467 7356/7356 334/334
f 4354/4354 6491/6491 4840/4840
f 4840/4840 6491/6491 7053/7053
f 7053/7053 2367/2367 6203/6203
f 6203/6203 2367/2367 4624/4624
f 4159/4159 1915/1915 2719/2719
f 2719/2719 1915/1915 6533/6533
f 2719/2719 6533/6533 4998/4998
f 6052/6052 4006/4006 7183/7183
f 5981/5981 5391/5391 3584/3584
f 5981/5981 3584/3584 6904/6904
f 6904/6904 3584/3584 3431/3431
f 2899/2899 4550/4550 6417/6417
f 3431/3431 3584/3584 5971/5971
f 3431/3431 5971/5971 2684/2684
f 6417/6417 4550/4550 1477/1477
f 6417/6417 1477/1477 2886/2886
f 5971/5971 6369/6369 11/11
f 2684/2684 5971/5971 11/11
f 6491/6491 4045/4045 7053/7053
f 7053/7053 4045/4045 2367/2367
f 3934/3934 5391/5391 5981/5981
f 4006/4006 4550/4550 2899/2899
f 2886/2886 4793/4793 2080/2080
f 2080/2080 4793/4793 4354/4354
f 2367/2367 263/263 4624/4624
f 4998/4998 1701/1701 6052/6052
f 3584/3584 6828/6828 5971/5971
f 1477/1477 2919/2919 2886/2886
f 2189/2189 1299/1299 4608/4608
f 2367/2367 4023/4023 263/263
f 1915/1915 4516/4516 6533/6533
f 6533/6533 4516/4516 4998/4998
f 4998/4998 4516/4516 1701/1701
f 1701/1701 6225/6225 4006/4006
f 6052/6052 1701/1701 4006/4006
f 4006/4006 6225/6225 4550/4550
f 5391/5391 5304/5304 3584/3584
f 3584/3584 5304/5304 6828/6828
f 4550/4550 6225/6225 307/307
f 4550/4550 307/307 1477/1477
f 1477/1477 307/307 2919/2919
f 6828/6828 7252/7252 6369/6369
f 5971/5971 6828/6828 6369/6369
f 2189/2189 359/359 1299/1299
f 2886/2886 2919/2919 7515/7515
f 2886/2886 7515/7515 4793/4793
f 4793/4793 3759/3759 4354/4354
f 4354/4354 3759/3759 6491/6491
f 6491/6491 3759/3759 4045/4045
f 2909/2909 3411/3411 2802/2802
f 2802/2802 3411/3411 4038/4038
f 2802/2802 4038/4038 3934/3934
f 1701/1701 6999/6999 6225/6225
f 3934/3934 4038/4038 5391/5391
f 5391/5391 4038/4038 5304/5304
f 307/307 7515/7515 2919/2919
f 7515/7515 7697/7697 4793/4793
f 4793/4793 7697/7697 3759/3759
f 3759/3759 6428/6428 4045/4045
f 4045/4045 6428/6428 2367/2367
f 4516/4516 1799/1799 1701/1701
f 1701/1701 1799/1799 2161/2161
f 1701/1701 2161/2161 6999/6999
f 6225/6225 6517/6517 307/307
f 6486/6486 2248/2248 6828/6828
f 307/307 6517/6517 7515/7515
f 6828/6828 2248/2248 7252/7252
f 7515/7515 7521/7521 7697/7697
f 2180/2180 190/190 263/263
f 4023/4023 2180/2180 263/263
f 2909/2909 4629/4629 3411/3411
f 3411/3411 5294/5294 4038/4038
f 2161/2161 4100/4100 6999/6999
f 4038/4038 7098/7098 5304/5304
f 6225/6225 6999/6999 4196/4196
f 7098/7098 4291/4291 5304/5304
f 6225/6225 4196/4196 6517/6517
f 5304/5304 4291/4291 6828/6828
f 6828/6828 4291/4291 6486/6486
f 3780/3780 1316/1316 1723/1723
f 7252/7252 2248/2248 5732/5732
f 7515/7515 1073/1073 7521/7521
f 7697/7697 5932/5932 3759/3759
f 3759/3759 5932/5932 6428/6428
f 2367/2367 6428/6428 2180/2180
f 4516/4516 2688/2688 2540/2540
f 4516/4516 2540/2540 1799/1799
f 2540/2540 2161/2161 1799/1799
f 7574/7574 1371/1371 3161/3161
f 4038/4038 5294/5294 7098/7098
f 6999/6999 4100/4100 4196/4196
f 4291/4291 3449/3449 6486/6486
f 6486/6486 3449/3449 2248/2248
f 7697/7697 7521/7521 1396/1396
f 7697/7697 1396/1396 5932/5932
f 1396/1396 6063/6063 5932/5932
f 190/190 4957/4957 5571/5571
f 5932/5932 6063/6063 6428/6428
f 6428/6428 6063/6063 3341/3341
f 6428/6428 3341/3341 2180/2180
f 2540/2540 1884/1884 2161/2161
f 2161/2161 1884/1884 4100/4100
f 2120/2120 1723/1723 2739/2739
f 6063/6063 3060/3060 3341/3341
f 190/190 2180/2180 7321/7321
f 190/190 7321/7321 4957/4957
f 2180/2180 3341/3341 7321/7321
f 2688/2688 794/794 2540/2540
f 7218/7218 530/530 6293/6293
f 4629/4629 7682/7682 4309/4309
f 4629/4629 4309/4309 3411/3411
f 3411/3411 4309/4309 5294/5294
f 7520/7520 51/51 1650/1650
f 5294/5294 438/438 7098/7098
f 7098/7098 438/438 3383/3383
f 7098/7098 3383/3383 3449/3449
f 7098/7098 3449/3449 4291/4291
f 2739/2739 1723/1723 450/450
f 3449/3449 3720/3720 2248/2248
f 3720/3720 1471/1471 2248/2248
f 2248/2248 6433/6433 5732/5732
f 5422/5422 7695/7695 5520/5520
f 6063/6063 1396/1396 3060/3060
f 3341/3341 4434/4434 7321/7321
f 2540/2540 794/794 2235/2235
f 2540/2540 2235/2235 1884/1884
f 4309/4309 438/438 5294/5294
f 4100/4100 4205/4205 4196/4196
f 3449/3449 3383/3383 3720/3720
f 6517/6517 7050/7050 1073/1073
f 1471/1471 6433/6433 2248/2248
f 1073/1073 7050/7050 7521/7521
f 6433/6433 5933/5933 5732/5732
f 3060/3060 3380/3380 3341/3341
f 3341/3341 3380/3380 4434/4434
f 6512/6512 6293/6293 4598/4598
f 4309/4309 3133/3133 438/438
f 1884/1884 4839/4839 4205/4205
f 438/438 5755/5755 3383/3383
f 3383/3383 5755/5755 5763/5763
f 5763/5763 1693/1693 3720/3720
f 3383/3383 5763/5763 3720/3720
f 4205/4205 7050/7050 4196/4196
f 4196/4196 7050/7050 6517/6517
f 3720/3720 1693/1693 7286/7286
f 7286/7286 1471/1471 3720/3720
f 7050/7050 475/475 7521/7521
f 1471/1471 988/988 6433/6433
f 5933/5933 6433/6433 3024/3024
f 7521/7521 7352/7352 1396/1396
f 1396/1396 7352/7352 3060/3060
f 4434/4434 3380/3380 6617/6617
f 4434/4434 6617/6617 7321/7321
f 7321/7321 6617/6617 6982/6982
f 2047/2047 6028/6028 794/794
f 6293/6293 1737/1737 4598/4598
f 7682/7682 5452/5452 7622/7622
f 3133/3133 5755/5755 438/438
f 1884/1884 2235/2235 4839/4839
f 1650/1650 1439/1439 1601/1601
f 1439/1439 7405/7405 1601/1601
f 1439/1439 364/364 7405/7405
f 1439/1439 450/450 364/364
f 1471/1471 7286/7286 662/662
f 1471/1471 662/662 988/988
f 450/450 5649/5649 364/364
f 988/988 6545/6545 6433/6433
f 7521/7521 475/475 7352/7352
f 6433/6433 6545/6545 3024/3024
f 1447/1447 3128/3128 5649/5649
f 3024/3024 7279/7279 5933/5933
f 3060/3060 324/324 1889/1889
f 3060/3060 1889/1889 3380/3380
f 6982/6982 6617/6617 4013/4013
f 794/794 6028/6028 2235/2235
f 7622/7622 3914/3914 3133/3133
f 220/220 7293/7293 7194/7194
f 5755/5755 709/709 5763/5763
f 364/364 5867/5867 7405/7405
f 662/662 2031/2031 988/988
f 3128/3128 7379/7379 1054/1054
f 324/324 7352/7352 3835/3835
f 3024/3024 6545/6545 7279/7279
f 6617/6617 473/473 4013/4013
f 473/473 817/817 4013/4013
f 2596/2596 4008/4008 6028/6028
f 7622/7622 5452/5452 3914/3914
f 2235/2235 664/664 4839/4839
f 3133/3133 2255/2255 709/709
f 3133/3133 709/709 5755/5755
f 4839/4839 6859/6859 4205/4205
f 709/709 556/556 5763/5763
f 96/96 1601/1601 3444/3444
f 7405/7405 6098/6098 3444/3444
f 1601/1601 7405/7405 3444/3444
f 5763/5763 556/556 1693/1693
f 7405/7405 5867/5867 6098/6098
f 1693/1693 95/95 7286/7286
f 7286/7286 95/95 662/662
f 364/364 4181/4181 5867/5867
f 7379/7379 4181/4181 1054/1054
f 2031/2031 7557/7557 988/988
f 988/988 7557/7557 6545/6545
f 6545/6545 7557/7557 3677/3677
f 7352/7352 2280/2280 3835/3835
f 817/817 7379/7379 3128/3128
f 324/324 3835/3835 1889/1889
f 3380/3380 1889/1889 7539/7539
f 3380/3380 7539/7539 473/473
f 5064/5064 6771/6771 5452/5452
f 5452/5452 6771/6771 3914/3914
f 6028/6028 664/664 2235/2235
f 220/220 7194/7194 2978/2978
f 3914/3914 2255/2255 3133/3133
f 7194/7194 96/96 1176/1176
f 709/709 7623/7623 556/556
f 6859/6859 3893/3893 4205/4205
f 1693/1693 556/556 95/95
f 4205/4205 3893/3893 7050/7050
f 95/95 5121/5121 662/662
f 7050/7050 3893/3893 7637/7637
f 5121/5121 3850/3850 2031/2031
f 662/662 5121/5121 2031/2031
f 4181/4181 5275/5275 5867/5867
f 7637/7637 2280/2280 7352/7352
f 3835/3835 845/845 1889/1889
f 817/817 7128/7128 7379/7379
f 817/817 473/473 7128/7128
f 473/473 7539/7539 7128/7128
f 6545/6545 4081/4081 7279/7279
f 3209/3209 5064/5064 5642/5642
f 2596/2596 4851/4851 4008/4008
f 6028/6028 4008/4008 664/664
f 4008/4008 3242/3242 664/664
f 3914/3914 52/52 2255/2255
f 7623/7623 709/709 2255/2255
f 1176/1176 96/96 3444/3444
f 3444/3444 1491/1491 1079/1079
f 3444/3444 6098/6098 1491/1491
f 556/556 5261/5261 95/95
f 6098/6098 7213/7213 1491/1491
f 5867/5867 5275/5275 7213/7213
f 3850/3850 2330/2330 2031/2031
f 4181/4181 7193/7193 5275/5275
f 2031/2031 2330/2330 7557/7557
f 7637/7637 3955/3955 2280/2280
f 2280/2280 4960/4960 3835/3835
f 1323/1323 7193/7193 7379/7379
f 6924/6924 3677/3677 7557/7557
f 7379/7379 7128/7128 1323/1323
f 3677/3677 4081/4081 6545/6545
f 3677/3677 7055/7055 4081/4081
f 4081/4081 7055/7055 5579/5579
f 3209/3209 1345/1345 6771/6771
f 1555/1555 2978/2978 1861/1861
f 52/52 5839/5839 2255/2255
f 3242/3242 5001/5001 664/664
f 7623/7623 4883/4883 5094/5094
f 5094/5094 556/556 7623/7623
f 5094/5094 5261/5261 556/556
f 216/216 5121/5121 95/95
f 95/95 5261/5261 216/216
f 216/216 3675/3675 3850/3850
f 5121/5121 216/216 3850/3850
f 2280/2280 3955/3955 4960/4960
f 5275/5275 7193/7193 4677/4677
f 2330/2330 4578/4578 7557/7557
f 4578/4578 6924/6924 7557/7557
f 575/575 4450/4450 845/845
f 1889/1889 845/845 7539/7539
f 7128/7128 2975/2975 1323/1323
f 7128/7128 7539/7539 2975/2975
f 6924/6924 2282/2282 3677/3677
f 2282/2282 7055/7055 3677/3677
f 6771/6771 3708/3708 52/52
f 1861/1861 1330/1330 6152/6152
f 5839/5839 5966/5966 2255/2255
f 1176/1176 3444/3444 2296/2296
f 3444/3444 1079/1079 2296/2296
f 5001/5001 7506/7506 6859/6859
f 2296/2296 1079/1079 960/960
f 1079/1079 1491/1491 960/960
f 7506/7506 3893/3893 6859/6859
f 1491/1491 3988/3988 960/960
f 5094/5094 7361/7361 5261/5261
f 1491/1491 7213/7213 6373/6373
f 1491/1491 6373/6373 3988/3988
f 3893/3893 1091/1091 1565/1565
f 7213/7213 4305/4305 6373/6373
f 7213/7213 5275/5275 4305/4305
f 3675/3675 2330/2330 3850/3850
f 3675/3675 6765/6765 2330/2330
f 5275/5275 4677/4677 4305/4305
f 7193/7193 4962/4962 4677/4677
f 1323/1323 5687/5687 7193/7193
f 845/845 4450/4450 7539/7539
f 2975/2975 7539/7539 623/623
f 1323/1323 2975/2975 5687/5687
f 623/623 5687/5687 2975/2975
f 4578/4578 6701/6701 6924/6924
f 6701/6701 5949/5949 6924/6924
f 6924/6924 5949/5949 2282/2282
f 2282/2282 4395/4395 7055/7055
f 52/52 4616/4616 5839/5839
f 5839/5839 765/765 5966/5966
f 5966/5966 765/765 4883/4883
f 5966/5966 4883/4883 7623/7623
f 3242/3242 1910/1910 5001/5001
f 3988/3988 6373/6373 1017/1017
f 5244/5244 216/216 5261/5261
f 5244/5244 3675/3675 216/216
f 4305/4305 416/416 6373/6373
f 1565/1565 7570/7570 6126/6126
f 4305/4305 4677/4677 2881/2881
f 4305/4305 2881/2881 416/416
f 4677/4677 4962/4962 2881/2881
f 7193/7193 5687/5687 4962/4962
f 5687/5687 2945/2945 4962/4962
f 7539/7539 4450/4450 4155/4155
f 7539/7539 4155/4155 623/623
f 5949/5949 4395/4395 2282/2282
f 7055/7055 6967/6967 5579/5579
f 5579/5579 6967/6967 3241/3241
f 2033/2033 7440/7440 1168/1168
f 6152/6152 1879/1879 857/857
f 4616/4616 52/52 5636/5636
f 6152/6152 1330/1330 1879/1879
f 1879/1879 1330/1330 7477/7477
f 5839/5839 1238/1238 765/765
f 1330/1330 2296/2296 7477/7477
f 2296/2296 960/960 2019/2019
f 2019/2019 960/960 313/313
f 2933/2933 7361/7361 5094/5094
f 2933/2933 5094/5094 4883/4883
f 7361/7361 2933/2933 3252/3252
f 7506/7506 5735/5735 1091/1091
f 960/960 3988/3988 313/313
f 313/313 3988/3988 3657/3657
f 3988/3988 1017/1017 3657/3657
f 416/416 6961/6961 1017/1017
f 3675/3675 5794/5794 6765/6765
f 6126/6126 4028/4028 4862/4862
f 6765/6765 5330/5330 2330/2330
f 4962/4962 6716/6716 2881/2881
f 5330/5330 4578/4578 2330/2330
f 2945/2945 7465/7465 4962/4962
f 4962/4962 7465/7465 6716/6716
f 4450/4450 5424/5424 4155/4155
f 623/623 4155/4155 3305/3305
f 623/623 3305/3305 5687/5687
f 5687/5687 3305/3305 2945/2945
f 234/234 4395/4395 5949/5949
f 6701/6701 234/234 5949/5949
f 5270/5270 6254/6254 1765/1765
f 857/857 1879/1879 1426/1426
f 1879/1879 141/141 1426/1426
f 1879/1879 7477/7477 141/141
f 141/141 7477/7477 6936/6936
f 2296/2296 2019/2019 7477/7477
f 4299/4299 4883/4883 765/765
f 4299/4299 2933/2933 4883/4883
f 2019/2019 313/313 477/477
f 313/313 3657/3657 477/477
f 3252/3252 5261/5261 7361/7361
f 3252/3252 1634/1634 5261/5261
f 1634/1634 5244/5244 5261/5261
f 1634/1634 1495/1495 5244/5244
f 3657/3657 1017/1017 1214/1214
f 3339/3339 3675/3675 5244/5244
f 1495/1495 3339/3339 5244/5244
f 1017/1017 6961/6961 3465/3465
f 1017/1017 3465/3465 1214/1214
f 3339/3339 5794/5794 3675/3675
f 7570/7570 3542/3542 4028/4028
f 416/416 6095/6095 6961/6961
f 2881/2881 6095/6095 416/416
f 2881/2881 6716/6716 6095/6095
f 6765/6765 730/730 5330/5330
f 7465/7465 5211/5211 6716/6716
f 5424/5424 518/518 4155/4155
f 4155/4155 518/518 3305/3305
f 3305/3305 518/518 526/526
f 3305/3305 526/526 2945/2945
f 526/526 7465/7465 2945/2945
f 5330/5330 6416/6416 4578/4578
f 6416/6416 6701/6701 4578/4578
f 6701/6701 6416/6416 234/234
f 234/234 7055/7055 4395/4395
f 234/234 6967/6967 7055/7055
f 6967/6967 275/275 3241/3241
f 5636/5636 5871/5871 6500/6500
f 5636/5636 6500/6500 4616/4616
f 4881/4881 6299/6299 1168/1168
f 1238/1238 4299/4299 765/765
f 2019/2019 477/477 4556/4556
f 477/477 3370/3370 4556/4556
f 477/477 4805/4805 3370/3370
f 7527/7527 3252/3252 2933/2933
f 3657/3657 4710/4710 4805/4805
f 477/477 3657/3657 4805/4805
f 2395/2395 1634/1634 3252/3252
f 3657/3657 1214/1214 4710/4710
f 3465/3465 3351/3351 1214/1214
f 6961/6961 6095/6095 3465/3465
f 5794/5794 730/730 6765/6765
f 6716/6716 5211/5211 6095/6095
f 7465/7465 5607/5607 5211/5211
f 526/526 5658/5658 7465/7465
f 5330/5330 730/730 6416/6416
f 902/902 1765/1765 6254/6254
f 141/141 6936/6936 1503/1503
f 1503/1503 7477/7477 2577/2577
f 6383/6383 4616/4616 6500/6500
f 7477/7477 2019/2019 2577/2577
f 2577/2577 2019/2019 4556/4556
f 1238/1238 6383/6383 4299/4299
f 7302/7302 2933/2933 4299/4299
f 7527/7527 2395/2395 3252/3252
f 4710/4710 7389/7389 4805/4805
f 2395/2395 6711/6711 1634/1634
f 6711/6711 4661/4661 1634/1634
f 4710/4710 1214/1214 5882/5882
f 4710/4710 5882/5882 7389/7389
f 4661/4661 1495/1495 1634/1634
f 4661/4661 3339/3339 1495/1495
f 1214/1214 3351/3351 5882/5882
f 4661/4661 2903/2903 3339/3339
f 3542/3542 4868/4868 2526/2526
f 3465/3465 5003/5003 3351/3351
f 2903/2903 7424/7424 3339/3339
f 7424/7424 5794/5794 3339/3339
f 3465/3465 6095/6095 5003/5003
f 6095/6095 5211/5211 561/561
f 3572/3572 3032/3032 1303/1303
f 1303/1303 3032/3032 518/518
f 3032/3032 4315/4315 526/526
f 518/518 3032/3032 526/526
f 6416/6416 2709/2709 6557/6557
f 6557/6557 234/234 6416/6416
f 6557/6557 6967/6967 234/234
f 531/531 275/275 6967/6967
f 5888/5888 1765/1765 902/902
f 2577/2577 4556/4556 2326/2326
f 2326/2326 4556/4556 136/136
f 6383/6383 7302/7302 4299/4299
f 4556/4556 3370/3370 136/136
f 136/136 3370/3370 133/133
f 3370/3370 4805/4805 133/133
f 133/133 4805/4805 804/804
f 4659/4659 2395/2395 7527/7527
f 4805/4805 3691/3691 804/804
f 4659/4659 6711/6711 2395/2395
f 6711/6711 207/207 4736/4736
f 4725/4725 5021/5021 6121/6121
f 7389/7389 956/956 6942/6942
f 7389/7389 5882/5882 956/956
f 6711/6711 4736/4736 4661/4661
f 5882/5882 3351/3351 2880/2880
f 3351/3351 4265/4265 2880/2880
f 3351/3351 5003/5003 4265/4265
f 6095/6095 561/561 5003/5003
f 7424/7424 2863/2863 5794/5794
f 5794/5794 2863/2863 730/730
f 5211/5211 1697/1697 561/561
f 3032/3032 3548/3548 4315/4315
f 5607/5607 7457/7457 5211/5211
f 5211/5211 7457/7457 1697/1697
f 730/730 604/604 2709/2709
f 4315/4315 3548/3548 2752/2752
f 4315/4315 2752/2752 526/526
f 526/526 2752/2752 5658/5658
f 5658/5658 2752/2752 6984/6984
f 5658/5658 7457/7457 5607/5607
f 5658/5658 6984/6984 7457/7457
f 730/730 2709/2709 6416/6416
f 6557/6557 531/531 6967/6967
f 531/531 6401/6401 275/275
f 2577/2577 2326/2326 161/161
f 272/272 2577/2577 161/161
f 2326/2326 5821/5821 161/161
f 5665/5665 6500/6500 6351/6351
f 5665/5665 6383/6383 6500/6500
f 5821/5821 2326/2326 5333/5333
f 2326/2326 136/136 5333/5333
f 136/136 133/133 5333/5333
f 7024/7024 7302/7302 6383/6383
f 6299/6299 3679/3679 3952/3952
f 6451/6451 7527/7527 7302/7302
f 133/133 804/804 5430/5430
f 6451/6451 485/485 7527/7527
f 485/485 5220/5220 4659/4659
f 485/485 4659/4659 7527/7527
f 804/804 2115/2115 5430/5430
f 804/804 3691/3691 2115/2115
f 4659/4659 5220/5220 207/207
f 207/207 6015/6015 4736/4736
f 6942/6942 956/956 4217/4217
f 314/314 4661/4661 4736/4736
f 314/314 5146/5146 4661/4661
f 5882/5882 2880/2880 956/956
f 956/956 2880/2880 1363/1363
f 956/956 1363/1363 4217/4217
f 2880/2880 7363/7363 1363/1363
f 5146/5146 2903/2903 4661/4661
f 4265/4265 7363/7363 2880/2880
f 5003/5003 4618/4618 4265/4265
f 5003/5003 561/561 4618/4618
f 2863/2863 604/604 730/730
f 1697/1697 7457/7457 14/14
f 7457/7457 6984/6984 14/14
f 604/604 6560/6560 2709/2709
f 2709/2709 6560/6560 6557/6557
f 5846/5846 5110/5110 7666/7666
f 161/161 5821/5821 6319/6319
f 5821/5821 5333/5333 6319/6319
f 5665/5665 3577/3577 6383/6383
f 3577/3577 7024/7024 6383/6383
f 133/133 2911/2911 5333/5333
f 350/350 7302/7302 7024/7024
f 133/133 5430/5430 5519/5519
f 6451/6451 5220/5220 485/485
f 5519/5519 5430/5430 2069/2069
f 5220/5220 5737/5737 6015/6015
f 5430/5430 2115/2115 2069/2069
f 2069/2069 2115/2115 5184/5184
f 6015/6015 207/207 5220/5220
f 2115/2115 6942/6942 5184/5184
f 6942/6942 5053/5053 5184/5184
f 6474/6474 7136/7136 4736/4736
f 6474/6474 4736/4736 6015/6015
f 6942/6942 4217/4217 4801/4801
f 6942/6942 4801/4801 5053/5053
f 7713/7713 314/314 7136/7136
f 7136/7136 314/314 4736/4736
f 7713/7713 2448/2448 314/314
f 2448/2448 5146/5146 314/314
f 4217/4217 1363/1363 4801/4801
f 2448/2448 105/105 5146/5146
f 1363/1363 7363/7363 7067/7067
f 5146/5146 105/105 2903/2903
f 4265/4265 5712/5712 7363/7363
f 7363/7363 5712/5712 7067/7067
f 4265/4265 4618/4618 5712/5712
f 2903/2903 2261/2261 7424/7424
f 2261/2261 2863/2863 7424/7424
f 561/561 3996/3996 4618/4618
f 4271/4271 2172/2172 2752/2752
f 1697/1697 2259/2259 561/561
f 561/561 2259/2259 3996/3996
f 2752/2752 2172/2172 30/30
f 2752/2752 30/30 6984/6984
f 6984/6984 30/30 14/14
f 14/14 30/30 7243/7243
f 14/14 2259/2259 1697/1697
f 14/14 7243/7243 2259/2259
f 3220/3220 6560/6560 604/604
f 6560/6560 3220/3220 7143/7143
f 7143/7143 531/531 6557/6557
f 6560/6560 7143/7143 6557/6557
f 3577/3577 5665/5665 7023/7023
f 7023/7023 5665/5665 2146/2146
f 1352/1352 5333/5333 3221/3221
f 3221/3221 5333/5333 3343/3343
f 5869/5869 350/350 7024/7024
f 5869/5869 7024/7024 3577/3577
f 2911/2911 133/133 5519/5519
f 3307/3307 6451/6451 350/350
f 3307/3307 5220/5220 6451/6451
f 5519/5519 2069/2069 1891/1891
f 5220/5220 3307/3307 5737/5737
f 6587/6587 6015/6015 5737/5737
f 2069/2069 5184/5184 554/554
f 6587/6587 5706/5706 6474/6474
f 6587/6587 6474/6474 6015/6015
f 5706/5706 7136/7136 6474/6474
f 5053/5053 4801/4801 7285/7285
f 7285/7285 1798/1798 5053/5053
f 750/750 7713/7713 4057/4057
f 4057/4057 7713/7713 7136/7136
f 7093/7093 2448/2448 7713/7713
f 1363/1363 241/241 4801/4801
f 4801/4801 241/241 7285/7285
f 7093/7093 7394/7394 2448/2448
f 1363/1363 4393/4393 241/241
f 1363/1363 7067/7067 4393/4393
f 7394/7394 105/105 2448/2448
f 105/105 883/883 2903/2903
f 6983/6983 1110/1110 1869/1869
f 883/883 2261/2261 2903/2903
f 4618/4618 3996/3996 6499/6499
f 2261/2261 529/529 2863/2863
f 3996/3996 1897/1897 6499/6499
f 2172/2172 3940/3940 30/30
f 30/30 3940/3940 7243/7243
f 2259/2259 7243/7243 5437/5437
f 3996/3996 2259/2259 1897/1897
f 2259/2259 5437/5437 1897/1897
f 2863/2863 4694/4694 604/604
f 2863/2863 529/529 4694/4694
f 6864/6864 3220/3220 604/604
f 7143/7143 181/181 531/531
f 531/531 181/181 6401/6401
f 5110/5110 1241/1241 2795/2795
f 3221/3221 3343/3343 855/855
f 3343/3343 5333/5333 855/855
f 855/855 5333/5333 2542/2542
f 2911/2911 5519/5519 1891/1891
f 3307/3307 6016/6016 107/107
f 5737/5737 2098/2098 7541/7541
f 107/107 5737/5737 3307/3307
f 2069/2069 554/554 1891/1891
f 7541/7541 6587/6587 5737/5737
f 554/554 5184/5184 7498/7498
f 5706/5706 6587/6587 7541/7541
f 7498/7498 5184/5184 602/602
f 5184/5184 5053/5053 602/602
f 1722/1722 7136/7136 5706/5706
f 5053/5053 6939/6939 602/602
f 602/602 6939/6939 593/593
f 6939/6939 4994/4994 593/593
f 2123/2123 4057/4057 1722/1722
f 1722/1722 4057/4057 7136/7136
f 2429/2429 6496/6496 2794/2794
f 5613/5613 3443/3443 4994/4994
f 5053/5053 1798/1798 6939/6939
f 6939/6939 1798/1798 4994/4994
f 4994/4994 1798/1798 5613/5613
f 2123/2123 2470/2470 4057/4057
f 2470/2470 750/750 4057/4057
f 750/750 7093/7093 7713/7713
f 750/750 5096/5096 7093/7093
f 7285/7285 241/241 1798/1798
f 1798/1798 241/241 6029/6029
f 1798/1798 6029/6029 5613/5613
f 241/241 4393/4393 1975/1975
f 5096/5096 7394/7394 7093/7093
f 7394/7394 936/936 105/105
f 7067/7067 5575/5575 4393/4393
f 936/936 883/883 105/105
f 5712/5712 5575/5575 7067/7067
f 883/883 3296/3296 2261/2261
f 6499/6499 7508/7508 5712/5712
f 2261/2261 3296/3296 529/529
f 4618/4618 6499/6499 5712/5712
f 7243/7243 3940/3940 5437/5437
f 5437/5437 5397/5397 1897/1897
f 1897/1897 5625/5625 6499/6499
f 1897/1897 5397/5397 5625/5625
f 4694/4694 6864/6864 604/604
f 4694/4694 3836/3836 6864/6864
f 3836/3836 3220/3220 6864/6864
f 1424/1424 7143/7143 3220/3220
f 3836/3836 1424/1424 3220/3220
f 855/855 2542/2542 6964/6964
f 6964/6964 2542/2542 2920/2920
f 5124/5124 3577/3577 7198/7198
f 7198/7198 3577/3577 4861/4861
f 5124/5124 5869/5869 3577/3577
f 7672/7672 2795/2795 4104/4104
f 1966/1966 5869/5869 5124/5124
f 5869/5869 6016/6016 6279/6279
f 2911/2911 1891/1891 1762/1762
f 1891/1891 842/842 1762/1762
f 842/842 7498/7498 4219/4219
f 3369/3369 7164/7164 6818/6818
f 554/554 7498/7498 842/842
f 7498/7498 602/602 549/549
f 549/549 602/602 593/593
f 593/593 5809/5809 549/549
f 4268/4268 1722/1722 7541/7541
f 7541/7541 1722/1722 5706/5706
f 4268/4268 3530/3530 1722/1722
f 593/593 4994/4994 5809/5809
f 3530/3530 2123/2123 1722/1722
f 5809/5809 4994/4994 3112/3112
f 4994/4994 4947/4947 3112/3112
f 3112/3112 4947/4947 3450/3450
f 3450/3450 4947/4947 7634/7634
f 3450/3450 7634/7634 7337/7337
f 2844/2844 3959/3959 5120/5120
f 5120/5120 2311/2311 4776/4776
f 7634/7634 4059/4059 7337/7337
f 2844/2844 4059/4059 4062/4062
f 2844/2844 4062/4062 3959/3959
f 5120/5120 3959/3959 2311/2311
f 2311/2311 2123/2123 3530/3530
f 4776/4776 2311/2311 3530/3530
f 2413/2413 7634/7634 4947/4947
f 2413/2413 544/544 7634/7634
f 7634/7634 544/544 4059/4059
f 288/288 4062/4062 4059/4059
f 4062/4062 1727/1727 3959/3959
f 3959/3959 1727/1727 180/180
f 3959/3959 180/180 2311/2311
f 2311/2311 180/180 2470/2470
f 2311/2311 2470/2470 2123/2123
f 4994/4994 3443/3443 4947/4947
f 3443/3443 2413/2413 4947/4947
f 4059/4059 544/544 288/288
f 2794/2794 470/470 4050/4050
f 2413/2413 3443/3443 544/544
f 180/180 585/585 2470/2470
f 585/585 5096/5096 2470/2470
f 2470/2470 5096/5096 750/750
f 5613/5613 6029/6029 3443/3443
f 3443/3443 6029/6029 2579/2579
f 3443/3443 3543/3543 544/544
f 3443/3443 2579/2579 996/996
f 3443/3443 996/996 3543/3543
f 585/585 2350/2350 5096/5096
f 6029/6029 2843/2843 2579/2579
f 2350/2350 995/995 5096/5096
f 1975/1975 5319/5319 241/241
f 241/241 5319/5319 6029/6029
f 6029/6029 5319/5319 2843/2843
f 995/995 7394/7394 5096/5096
f 995/995 936/936 7394/7394
f 5575/5575 4357/4357 4393/4393
f 4393/4393 4357/4357 1975/1975
f 3756/3756 3296/3296 883/883
f 5575/5575 2320/2320 4357/4357
f 5712/5712 7508/7508 6889/6889
f 5712/5712 6889/6889 2320/2320
f 5712/5712 2320/2320 5575/5575
f 4095/4095 5179/5179 1671/1671
f 1671/1671 5179/5179 3940/3940
f 6499/6499 7462/7462 7508/7508
f 3296/3296 6977/6977 529/529
f 3940/3940 2058/2058 5437/5437
f 5437/5437 2058/2058 5397/5397
f 5397/5397 2058/2058 4227/4227
f 5397/5397 4227/4227 5625/5625
f 5625/5625 7462/7462 6499/6499
f 4227/4227 4747/4747 7462/7462
f 5625/5625 4227/4227 7462/7462
f 4747/4747 7508/7508 7462/7462
f 4170/4170 4694/4694 529/529
f 4170/4170 3836/3836 4694/4694
f 4170/4170 1424/1424 3836/3836
f 7143/7143 22/22 181/181
f 4688/4688 1966/1966 7198/7198
f 4688/4688 2657/2657 1966/1966
f 2920/2920 2542/2542 7544/7544
f 2542/2542 3602/3602 7544/7544
f 1966/1966 5124/5124 7198/7198
f 2542/2542 2911/2911 3602/3602
f 3602/3602 2911/2911 1762/1762
f 1966/1966 6016/6016 5869/5869
f 842/842 4219/4219 1762/1762
f 4284/4284 2098/2098 107/107
f 4284/4284 107/107 6016/6016
f 4219/4219 549/549 3726/3726
f 7498/7498 549/549 4219/4219
f 549/549 5679/5679 3726/3726
f 3726/3726 5679/5679 2874/2874
f 607/607 4268/4268 7541/7541
f 607/607 7541/7541 2098/2098
f 549/549 5809/5809 5679/5679
f 453/453 5120/5120 4776/4776
f 453/453 4776/4776 3365/3365
f 3365/3365 3530/3530 4268/4268
f 5809/5809 3112/3112 5679/5679
f 5679/5679 3112/3112 6726/6726
f 3112/3112 3450/3450 6726/6726
f 3450/3450 1578/1578 6726/6726
f 6726/6726 1578/1578 1233/1233
f 1233/1233 2844/2844 2110/2110
f 2110/2110 2844/2844 453/453
f 453/453 2844/2844 5120/5120
f 4776/4776 3530/3530 3365/3365
f 1233/1233 1578/1578 2844/2844
f 1578/1578 7337/7337 2844/2844
f 4062/4062 288/288 3372/3372
f 4062/4062 3372/3372 1727/1727
f 470/470 539/539 4050/4050
f 3543/3543 2479/2479 544/544
f 544/544 2479/2479 288/288
f 288/288 2479/2479 3372/3372
f 3372/3372 4163/4163 1727/1727
f 1727/1727 4163/4163 180/180
f 3372/3372 1841/1841 4163/4163
f 180/180 4163/4163 1639/1639
f 180/180 1639/1639 585/585
f 996/996 6482/6482 3543/3543
f 3543/3543 6482/6482 2915/2915
f 3543/3543 2915/2915 2479/2479
f 2479/2479 2915/2915 1841/1841
f 2479/2479 1841/1841 3372/3372
f 4163/4163 1841/1841 6821/6821
f 4163/4163 6821/6821 1639/1639
f 585/585 1639/1639 2350/2350
f 2843/2843 2888/2888 2579/2579
f 2579/2579 2888/2888 996/996
f 996/996 2888/2888 6482/6482
f 1639/1639 2900/2900 2350/2350
f 2900/2900 995/995 2350/2350
f 2843/2843 5319/5319 2888/2888
f 1975/1975 3377/3377 5319/5319
f 5319/5319 3377/3377 458/458
f 458/458 5014/5014 5319/5319
f 2888/2888 5319/5319 5014/5014
f 995/995 6342/6342 936/936
f 4357/4357 3377/3377 1975/1975
f 6342/6342 3756/3756 936/936
f 936/936 3756/3756 883/883
f 4357/4357 2320/2320 3377/3377
f 2320/2320 464/464 3377/3377
f 3756/3756 6977/6977 3296/3296
f 4095/4095 4610/4610 5179/5179
f 6889/6889 6109/6109 2320/2320
f 2058/2058 5312/5312 4227/4227
f 4227/4227 5312/5312 260/260
f 4227/4227 260/260 4747/4747
f 4747/4747 260/260 1754/1754
f 4747/4747 1754/1754 7508/7508
f 1754/1754 4030/4030 7508/7508
f 7508/7508 4030/4030 6889/6889
f 6977/6977 7546/7546 529/529
f 6977/6977 3304/3304 7546/7546
f 529/529 7546/7546 4170/4170
f 7546/7546 387/387 4170/4170
f 4170/4170 387/387 1424/1424
f 1424/1424 163/163 7143/7143
f 7143/7143 163/163 22/22
f 4459/4459 1778/1778 2657/2657
f 4459/4459 2657/2657 4688/4688
f 4742/4742 3602/3602 6534/6534
f 651/651 1966/1966 2657/2657
f 1778/1778 651/651 2657/2657
f 6534/6534 1762/1762 3452/3452
f 651/651 7174/7174 1160/1160
f 651/651 6016/6016 1966/1966
f 3452/3452 1762/1762 2304/2304
f 1160/1160 4284/4284 6016/6016
f 1160/1160 6016/6016 651/651
f 1762/1762 4219/4219 2304/2304
f 1160/1160 2098/2098 4284/4284
f 2304/2304 4219/4219 4103/4103
f 4219/4219 3726/3726 4103/4103
f 7456/7456 607/607 1160/1160
f 1160/1160 607/607 2098/2098
f 5131/5131 3365/3365 4268/4268
f 5131/5131 4268/4268 607/607
f 3369/3369 6069/6069 7164/7164
f 2874/2874 5679/5679 2969/2969
f 2969/2969 6726/6726 1782/1782
f 5131/5131 453/453 3365/3365
f 5679/5679 6726/6726 2969/2969
f 6726/6726 1233/1233 1782/1782
f 5622/5622 1233/1233 2110/2110
f 5622/5622 2110/2110 5245/5245
f 5245/5245 2110/2110 453/453
f 6069/6069 811/811 635/635
f 811/811 3236/3236 470/470
f 635/635 811/811 470/470
f 6482/6482 770/770 2915/2915
f 2915/2915 770/770 6434/6434
f 2915/2915 6434/6434 1841/1841
f 1841/1841 6434/6434 6821/6821
f 6821/6821 6327/6327 1639/1639
f 1639/1639 6327/6327 2900/2900
f 2207/2207 6798/6798 2888/2888
f 6482/6482 2888/2888 6798/6798
f 6482/6482 6798/6798 770/770
f 770/770 108/108 6434/6434
f 6327/6327 4066/4066 2900/2900
f 2888/2888 5014/5014 2207/2207
f 2900/2900 4066/4066 995/995
f 458/458 2543/2543 5014/5014
f 4066/4066 6342/6342 995/995
f 3377/3377 6922/6922 458/458
f 458/458 6922/6922 2543/2543
f 3377/3377 464/464 6922/6922
f 464/464 4339/4339 6922/6922
f 4804/4804 3235/3235 3756/3756
f 6342/6342 4804/4804 3756/3756
f 2058/2058 4610/4610 5312/5312
f 6109/6109 209/209 2320/2320
f 2320/2320 209/209 464/464
f 3235/3235 6977/6977 3756/3756
f 3235/3235 4192/4192 6977/6977
f 1754/1754 260/260 755/755
f 4030/4030 6908/6908 258/258
f 6889/6889 4030/4030 6109/6109
f 4030/4030 258/258 6109/6109
f 258/258 4119/4119 209/209
f 6109/6109 258/258 209/209
f 1754/1754 6908/6908 4030/4030
f 4192/4192 2249/2249 3304/3304
f 4192/4192 3304/3304 6977/6977
f 2249/2249 1834/1834 3304/3304
f 1834/1834 7546/7546 3304/3304
f 1834/1834 2935/2935 7546/7546
f 7546/7546 2935/2935 387/387
f 387/387 163/163 1424/1424
f 1285/1285 1778/1778 4459/4459
f 6534/6534 3452/3452 1575/1575
f 3452/3452 553/553 1575/1575
f 7174/7174 651/651 1778/1778
f 3452/3452 2304/2304 553/553
f 553/553 2304/2304 2650/2650
f 4110/4110 1160/1160 7174/7174
f 2650/2650 2304/2304 4103/4103
f 7456/7456 2736/2736 607/607
f 7456/7456 1160/1160 3851/3851
f 2736/2736 5131/5131 607/607
f 5245/5245 453/453 5131/5131
f 1782/1782 1233/1233 5622/5622
f 770/770 6798/6798 108/108
f 6798/6798 1179/1179 108/108
f 108/108 6821/6821 6434/6434
f 108/108 47/47 6821/6821
f 6327/6327 1362/1362 4066/4066
f 5014/5014 1725/1725 2207/2207
f 2207/2207 1725/1725 6798/6798
f 1725/1725 3624/3624 6798/6798
f 1362/1362 4804/4804 4066/4066
f 886/886 972/972 2543/2543
f 5014/5014 2543/2543 1725/1725
f 2543/2543 972/972 1725/1725
f 4066/4066 4804/4804 6342/6342
f 4339/4339 818/818 886/886
f 6922/6922 4339/4339 886/886
f 4610/4610 3333/3333 755/755
f 464/464 209/209 2521/2521
f 464/464 2521/2521 4339/4339
f 4804/4804 6853/6853 3235/3235
f 755/755 4972/4972 6908/6908
f 1754/1754 755/755 6908/6908
f 4119/4119 2636/2636 6969/6969
f 209/209 4119/4119 2521/2521
f 6969/6969 3434/3434 2521/2521
f 4119/4119 6969/6969 2521/2521
f 3235/3235 5534/5534 4192/4192
f 6908/6908 4972/4972 2636/2636
f 6908/6908 2636/2636 258/258
f 258/258 2636/2636 4119/4119
f 5534/5534 2270/2270 4192/4192
f 2270/2270 2249/2249 4192/4192
f 2270/2270 1834/1834 2249/2249
f 2270/2270 2935/2935 1834/1834
f 86/86 163/163 387/387
f 2935/2935 86/86 387/387
f 2444/2444 2042/2042 1285/1285
f 2444/2444 4258/4258 2042/2042
f 1575/1575 553/553 5326/5326
f 553/553 5190/5190 5326/5326
f 4110/4110 7174/7174 2042/2042
f 2042/2042 7174/7174 1285/1285
f 553/553 2650/2650 5190/5190
f 7456/7456 3851/3851 4110/4110
f 4110/4110 3851/3851 1160/1160
f 2874/2874 208/208 4103/4103
f 2874/2874 2969/2969 208/208
f 4563/4563 2736/2736 7456/7456
f 208/208 2969/2969 732/732
f 2190/2190 284/284 5245/5245
f 4398/4398 5245/5245 5131/5131
f 4398/4398 5131/5131 2736/2736
f 2449/2449 2361/2361 5463/5463
f 5463/5463 7216/7216 6069/6069
f 108/108 1179/1179 47/47
f 47/47 1172/1172 6821/6821
f 6821/6821 1172/1172 6327/6327
f 1172/1172 1362/1362 6327/6327
f 1725/1725 972/972 3624/3624
f 972/972 3866/3866 3624/3624
f 6798/6798 3624/3624 1179/1179
f 3624/3624 3866/3866 1179/1179
f 1172/1172 3767/3767 1362/1362
f 886/886 818/818 972/972
f 1362/1362 4121/4121 5513/5513
f 1362/1362 5513/5513 4804/4804
f 4339/4339 5175/5175 818/818
f 4804/4804 5513/5513 6853/6853
f 3333/3333 3200/3200 4972/4972
f 4972/4972 3200/3200 2636/2636
f 2521/2521 3434/3434 3230/3230
f 3434/3434 7019/7019 3230/3230
f 2521/2521 3230/3230 4339/4339
f 7019/7019 2767/2767 3230/3230
f 4339/4339 3230/3230 5175/5175
f 6853/6853 5513/5513 3817/3817
f 6853/6853 3817/3817 3235/3235
f 6969/6969 2636/2636 3434/3434
f 3817/3817 1851/1851 4533/4533
f 4533/4533 1851/1851 6775/6775
f 4533/4533 6775/6775 3235/3235
f 3817/3817 4533/4533 3235/3235
f 6775/6775 5534/5534 3235/3235
f 86/86 5999/5999 885/885
f 6775/6775 1045/1045 3338/3338
f 6775/6775 3338/3338 2616/2616
f 6775/6775 2616/2616 5534/5534
f 5534/5534 2616/2616 2270/2270
f 2616/2616 3338/3338 2270/2270
f 2270/2270 3338/3338 2935/2935
f 3338/3338 86/86 2935/2935
f 2035/2035 2042/2042 4258/4258
f 5190/5190 2650/2650 217/217
f 217/217 2650/2650 5389/5389
f 2035/2035 7390/7390 4110/4110
f 2035/2035 4110/4110 2042/2042
f 2650/2650 4103/4103 5389/5389
f 5389/5389 4103/4103 323/323
f 4563/4563 7456/7456 7390/7390
f 7390/7390 7456/7456 4110/4110
f 4103/4103 208/208 323/323
f 323/323 208/208 26/26
f 4398/4398 2736/2736 7175/7175
f 7175/7175 2736/2736 7306/7306
f 7306/7306 2736/2736 4563/4563
f 208/208 732/732 6997/6997
f 732/732 5602/5602 6997/6997
f 6997/6997 5602/5602 2190/2190
f 2190/2190 5602/5602 284/284
f 507/507 3861/3861 1454/1454
f 5135/5135 6026/6026 1179/1179
f 1179/1179 3714/3714 47/47
f 47/47 3767/3767 1172/1172
f 972/972 2934/2934 3866/3866
f 3866/3866 5135/5135 1179/1179
f 3767/3767 6104/6104 1362/1362
f 972/972 818/818 1459/1459
f 972/972 1459/1459 2934/2934
f 1362/1362 6104/6104 4121/4121
f 6104/6104 7091/7091 4121/4121
f 3200/3200 894/894 3434/3434
f 894/894 3413/3413 3434/3434
f 3434/3434 3413/3413 7019/7019
f 818/818 5175/5175 6606/6606
f 7659/7659 4602/4602 4121/4121
f 4121/4121 4602/4602 5513/5513
f 4602/4602 3817/3817 5513/5513
f 7019/7019 4856/4856 2767/2767
f 7019/7019 3413/3413 4856/4856
f 7659/7659 820/820 4602/4602
f 820/820 1045/1045 4602/4602
f 4602/4602 1851/1851 3817/3817
f 4602/4602 1045/1045 1851/1851
f 1851/1851 1045/1045 6775/6775
f 1045/1045 6226/6226 3338/3338
f 3338/3338 6226/6226 5999/5999
f 5565/5565 7390/7390 460/460
f 460/460 7390/7390 5302/5302
f 5302/5302 7390/7390 2035/2035
f 5389/5389 323/323 3410/3410
f 3410/3410 323/323 145/145
f 3376/3376 1686/1686 5565/5565
f 5565/5565 1686/1686 7175/7175
f 5565/5565 4563/4563 7390/7390
f 323/323 26/26 145/145
f 7175/7175 7306/7306 5565/5565
f 5565/5565 7306/7306 4563/4563
f 26/26 6997/6997 5919/5919
f 6997/6997 2190/2190 5919/5919
f 5919/5919 2190/2190 1686/1686
f 1686/1686 2190/2190 4398/4398
f 1686/1686 4398/4398 7175/7175
f 442/442 1446/1446 771/771
f 5135/5135 2203/2203 6026/6026
f 1179/1179 6026/6026 3714/3714
f 47/47 3714/3714 3767/3767
f 2934/2934 3111/3111 3866/3866
f 3866/3866 3111/3111 5282/5282
f 3866/3866 5282/5282 5135/5135
f 5135/5135 5282/5282 2203/2203
f 3767/3767 3714/3714 3547/3547
f 3547/3547 7091/7091 3767/3767
f 3767/3767 7091/7091 6104/6104
f 3413/3413 6326/6326 4856/4856
f 6326/6326 5230/5230 4856/4856
f 1459/1459 5804/5804 2934/2934
f 5804/5804 3111/3111 2934/2934
f 3547/3547 3714/3714 5740/5740
f 3547/3547 5740/5740 7091/7091
f 7091/7091 5740/5740 5331/5331
f 7091/7091 5331/5331 7659/7659
f 7091/7091 7659/7659 4121/4121
f 4856/4856 296/296 2767/2767
f 5175/5175 2767/2767 5219/5219
f 2767/2767 296/296 5219/5219
f 5175/5175 5219/5219 6606/6606
f 1459/1459 6606/6606 5804/5804
f 5219/5219 6192/6192 5804/5804
f 6606/6606 5219/5219 5804/5804
f 5740/5740 5738/5738 6120/6120
f 5740/5740 4864/4864 5331/5331
f 5740/5740 6120/6120 4864/4864
f 6120/6120 4798/4798 4864/4864
f 5331/5331 4864/4864 7659/7659
f 4864/4864 820/820 7659/7659
f 4864/4864 4798/4798 820/820
f 820/820 4798/4798 1045/1045
f 4798/4798 1031/1031 6226/6226
f 4798/4798 6226/6226 1045/1045
f 6481/6481 5945/5945 1279/1279
f 1279/1279 6877/6877 6481/6481
f 6481/6481 6877/6877 1223/1223
f 1223/1223 6877/6877 5044/5044
f 1223/1223 5044/5044 4558/4558
f 4558/4558 5044/5044 460/460
f 3829/3829 145/145 6875/6875
f 3829/3829 6875/6875 7421/7421
f 6875/6875 2641/2641 7421/7421
f 7421/7421 2641/2641 1279/1279
f 2641/2641 3477/3477 6877/6877
f 1279/1279 2641/2641 6877/6877
f 3477/3477 3376/3376 6877/6877
f 6877/6877 3376/3376 5044/5044
f 2641/2641 5919/5919 3477/3477
f 4419/4419 2878/2878 341/341
f 7552/7552 7347/7347 6551/6551
f 6026/6026 2828/2828 3714/3714
f 5282/5282 3111/3111 433/433
f 2203/2203 433/433 6368/6368
f 2203/2203 6368/6368 6026/6026
f 6026/6026 6368/6368 2828/2828
f 3714/3714 2828/2828 5740/5740
f 296/296 6484/6484 5219/5219
f 5219/5219 6484/6484 6192/6192
f 5804/5804 6192/6192 3753/3753
f 6192/6192 6484/6484 3753/3753
f 3753/3753 6484/6484 1461/1461
f 5804/5804 3753/3753 3111/3111
f 3753/3753 1461/1461 4570/4570
f 3111/3111 3753/3753 433/433
f 433/433 3753/3753 5984/5984
f 3753/3753 4570/4570 5984/5984
f 433/433 5984/5984 6368/6368
f 5984/5984 4570/4570 2303/2303
f 5984/5984 970/970 2828/2828
f 6368/6368 5984/5984 2828/2828
f 5984/5984 2303/2303 970/970
f 2828/2828 970/970 5738/5738
f 2828/2828 5738/5738 5740/5740
f 1031/1031 606/606 6226/6226
f 6226/6226 606/606 2806/2806
f 970/970 6120/6120 5738/5738
f 6120/6120 1031/1031 4798/4798
f 3890/3890 710/710 5945/5945
f 2355/2355 1481/1481 6421/6421
f 2630/2630 6033/6033 1927/1927
f 270/270 4514/4514 6484/6484
f 1461/1461 5377/5377 4570/4570
f 4570/4570 5377/5377 2503/2503
f 4570/4570 2503/2503 2298/2298
f 4570/4570 2298/2298 2303/2303
f 2298/2298 6731/6731 2303/2303
f 2303/2303 6731/6731 1256/1256
f 2303/2303 1256/1256 1031/1031
f 1031/1031 1256/1256 606/606
f 3944/3944 1092/1092 7192/7192
f 1092/1092 5183/5183 7594/7594
f 7192/7192 1092/1092 7594/7594
f 6575/6575 642/642 1899/1899
f 1899/1899 642/642 4968/4968
f 1899/1899 4968/4968 4520/4520
f 3482/3482 5596/5596 5133/5133
f 7246/7246 532/532 6275/6275
f 1804/1804 7246/7246 6275/6275
f 3454/3454 6850/6850 4233/4233
f 1507/1507 4986/4986 4978/4978
f 4424/4424 1849/1849 5529/5529
f 5529/5529 5975/5975 1505/1505
f 7090/7090 2716/2716 5976/5976
f 4586/4586 5629/5629 7075/7075
f 4449/4449 4424/4424 1505/1505
f 481/481 6567/6567 6976/6976
f 481/481 6976/6976 398/398
f 7554/7554 2112/2112 4785/4785
f 7230/7230 6274/6274 6970/6970
f 7699/7699 7230/7230 6970/6970
f 1582/1582 7699/7699 6970/6970
f 1582/1582 6970/6970 6513/6513
f 1916/1916 6935/6935 3507/3507
f 2112/2112 4449/4449 4785/4785
f 3021/3021 3804/3804 1901/1901
f 6274/6274 7447/7447 7061/7061
f 6274/6274 7061/7061 1472/1472
f 1472/1472 7061/7061 773/773
f 1472/1472 773/773 7250/7250
f 7250/7250 773/773 3104/3104
f 3104/3104 413/413 777/777
f 413/413 519/519 3143/3143
f 7250/7250 3104/3104 4359/4359
f 4359/4359 3104/3104 777/777
f 777/777 413/413 3143/3143
f 777/777 3143/3143 2302/2302
f 6513/6513 1472/1472 7250/7250
f 6513/6513 7250/7250 3073/3073
f 3073/3073 7250/7250 4359/4359
f 4359/4359 777/777 4302/4302
f 4302/4302 777/777 2302/2302
f 3073/3073 4359/4359 4443/4443
f 4443/4443 4359/4359 4302/4302
f 6513/6513 3073/3073 1041/1041
f 1041/1041 3073/3073 4443/4443
f 1582/1582 6513/6513 1606/1606
f 1606/1606 6513/6513 1041/1041
f 1606/1606 1041/1041 4686/4686
f 3736/3736 1582/1582 1606/1606
f 1938/1938 3736/3736 1606/1606
f 1938/1938 1606/1606 7165/7165
f 5549/5549 3165/3165 6577/6577
f 6577/6577 3165/3165 7245/7245
f 6577/6577 7245/7245 6810/6810
f 3104/3104 6810/6810 4826/4826
f 6577/6577 6810/6810 773/773
f 773/773 6810/6810 3104/3104
f 7061/7061 6577/6577 773/773
f 3104/3104 4826/4826 413/413
f 413/413 4826/4826 4684/4684
f 519/519 4684/4684 431/431
f 431/431 4218/4218 2168/2168
f 2168/2168 4218/4218 6739/6739
f 413/413 4684/4684 519/519
f 519/519 431/431 2168/2168
f 2168/2168 6739/6739 3971/3971
f 3971/3971 6739/6739 7206/7206
f 519/519 2168/2168 3971/3971
f 519/519 3971/3971 3143/3143
f 7206/7206 4044/4044 4431/4431
f 4431/4431 4044/4044 5231/5231
f 3168/3168 3971/3971 6620/6620
f 3971/3971 7206/7206 6620/6620
f 6620/6620 7206/7206 4431/4431
f 2302/2302 3143/3143 3971/3971
f 2302/2302 3971/3971 4609/4609
f 4609/4609 3971/3971 3168/3168
f 4431/4431 5231/5231 1410/1410
f 6620/6620 4431/4431 6049/6049
f 6049/6049 4431/4431 1410/1410
f 2302/2302 4609/4609 6759/6759
f 6759/6759 4609/4609 3168/3168
f 1941/1941 3168/3168 6620/6620
f 1941/1941 6620/6620 6049/6049
f 6759/6759 3168/3168 2338/2338
f 3168/3168 1941/1941 2338/2338
f 1941/1941 6049/6049 6874/6874
f 2692/2692 2302/2302 6759/6759
f 6693/6693 4302/4302 2692/2692
f 6693/6693 2692/2692 6759/6759
f 6693/6693 6759/6759 7296/7296
f 7296/7296 6759/6759 2338/2338
f 7005/7005 7296/7296 2338/2338
f 4443/4443 4302/4302 7426/7426
f 7426/7426 4302/4302 6693/6693
f 4686/4686 1041/1041 3748/3748
f 1041/1041 4443/4443 5108/5108
f 3748/3748 1041/1041 5108/5108
f 5108/5108 4443/4443 7426/7426
f 7165/7165 4686/4686 3748/3748
f 2463/2463 7165/7165 3748/3748
f 5292/5292 1938/1938 7694/7694
f 4822/4822 351/351 3071/3071
f 4822/4822 3071/3071 5681/5681
f 7112/7112 3777/3777 7138/7138
f 2063/2063 4505/4505 4838/4838
f 2063/2063 4838/4838 3165/3165
f 3165/3165 4838/4838 5217/5217
f 5217/5217 1874/1874 4826/4826
f 4826/4826 1874/1874 1018/1018
f 7245/7245 3165/3165 5217/5217
f 7245/7245 5217/5217 6810/6810
f 6810/6810 5217/5217 4826/4826
f 1018/1018 7502/7502 1903/1903
f 7502/7502 1862/1862 6891/6891
f 4826/4826 1018/1018 1903/1903
f 1903/1903 7502/7502 6891/6891
f 6891/6891 1862/1862 4754/4754
f 431/431 1903/1903 6891/6891
f 4218/4218 6891/6891 4754/4754
f 4684/4684 4826/4826 1903/1903
f 787/787 7010/7010 4754/4754
f 787/787 4754/4754 5419/5419
f 2891/2891 5419/5419 7427/7427
f 4684/4684 1903/1903 431/431
f 431/431 6891/6891 4218/4218
f 7010/7010 4218/4218 4754/4754
f 787/787 5419/5419 2891/2891
f 6739/6739 4218/4218 7010/7010
f 7010/7010 787/787 6739/6739
f 787/787 2891/2891 4044/4044
f 4044/4044 2891/2891 7427/7427
f 146/146 7427/7427 1530/1530
f 146/146 1530/1530 1549/1549
f 7206/7206 6739/6739 787/787
f 7206/7206 787/787 4044/4044
f 4044/4044 7427/7427 146/146
f 1549/1549 2012/2012 4559/4559
f 5797/5797 1549/1549 4559/4559
f 4044/4044 146/146 5231/5231
f 5231/5231 146/146 1549/1549
f 5231/5231 1549/1549 5797/5797
f 7191/7191 5797/5797 4559/4559
f 7191/7191 4559/4559 3428/3428
f 5231/5231 5797/5797 4463/4463
f 4463/4463 5797/5797 7191/7191
f 7191/7191 3428/3428 6076/6076
f 1410/1410 5231/5231 4463/4463
f 4463/4463 7191/7191 6076/6076
f 6076/6076 3428/3428 2628/2628
f 6353/6353 6076/6076 2628/2628
f 4463/4463 6076/6076 6353/6353
f 4255/4255 6049/6049 3013/3013
f 3013/3013 6049/6049 1410/1410
f 3013/3013 1410/1410 4463/4463
f 3013/3013 4463/4463 6353/6353
f 6874/6874 6049/6049 4255/4255
f 2371/2371 1941/1941 6874/6874
f 6874/6874 4255/4255 5759/5759
f 3013/3013 6353/6353 3779/3779
f 4255/4255 3013/3013 3779/3779
f 5759/5759 4255/4255 3779/3779
f 6693/6693 7296/7296 5868/5868
f 5868/5868 7296/7296 7005/7005
f 7005/7005 2338/2338 2371/2371
f 2371/2371 6874/6874 5759/5759
f 7426/7426 6693/6693 5868/5868
f 2371/2371 5759/5759 2456/2456
f 7005/7005 2371/2371 200/200
f 200/200 2371/2371 2456/2456
f 3748/3748 5108/5108 6542/6542
f 6542/6542 5108/5108 7426/7426
f 6542/6542 7426/7426 4053/4053
f 7426/7426 5868/5868 4631/4631
f 4053/4053 7426/7426 4631/4631
f 5868/5868 7005/7005 1823/1823
f 1823/1823 7005/7005 200/200
f 2463/2463 3748/3748 4777/4777
f 4777/4777 3748/3748 6542/6542
f 4631/4631 5868/5868 1823/1823
f 7694/7694 2463/2463 4777/4777
f 3877/3877 4631/4631 1823/1823
f 1823/1823 200/200 6147/6147
f 5292/5292 7694/7694 3977/3977
f 5234/5234 351/351 4822/4822
f 6720/6720 6080/6080 3841/3841
f 2119/2119 2939/2939 1633/1633
f 4505/4505 2119/2119 1633/1633
f 4505/4505 1633/1633 4372/4372
f 4505/4505 4372/4372 5217/5217
f 7502/7502 2998/2998 1862/1862
f 4372/4372 2960/2960 1874/1874
f 1874/1874 2960/2960 1747/1747
f 1874/1874 1747/1747 1018/1018
f 1018/1018 1747/1747 6704/6704
f 1018/1018 6704/6704 7502/7502
f 6558/6558 1862/1862 6005/6005
f 4838/4838 4505/4505 5217/5217
f 5217/5217 4372/4372 1874/1874
f 6558/6558 6005/6005 4766/4766
f 6558/6558 4766/4766 134/134
f 4754/4754 1862/1862 6558/6558
f 4754/4754 6558/6558 134/134
f 4754/4754 134/134 5419/5419
f 5419/5419 134/134 4173/4173
f 4191/4191 3233/3233 3871/3871
f 5419/5419 4173/4173 7372/7372
f 7372/7372 4173/4173 4191/4191
f 7372/7372 4191/4191 3871/3871
f 7427/7427 7372/7372 1530/1530
f 1530/1530 7372/7372 1563/1563
f 7372/7372 3871/3871 1563/1563
f 1563/1563 3871/3871 6770/6770
f 1563/1563 6770/6770 6264/6264
f 1530/1530 1563/1563 2012/2012
f 1563/1563 6264/6264 6337/6337
f 6337/6337 6264/6264 4361/4361
f 2012/2012 1563/1563 4559/4559
f 4559/4559 1563/1563 6337/6337
f 6337/6337 4361/4361 2999/2999
f 3428/3428 6337/6337 1786/1786
f 1786/1786 6337/6337 2999/2999
f 2999/2999 3946/3946 6583/6583
f 1786/1786 2999/2999 6583/6583
f 1786/1786 6583/6583 580/580
f 3876/3876 6583/6583 3946/3946
f 2628/2628 3428/3428 1786/1786
f 2628/2628 1786/1786 4462/4462
f 4462/4462 1786/1786 580/580
f 580/580 6583/6583 3394/3394
f 3394/3394 6583/6583 3876/3876
f 3795/3795 3394/3394 3876/3876
f 6353/6353 2628/2628 6556/6556
f 6556/6556 2628/2628 2801/2801
f 2628/2628 4462/4462 2801/2801
f 2801/2801 4462/4462 580/580
f 2801/2801 580/580 7346/7346
f 7346/7346 580/580 4810/4810
f 4810/4810 580/580 3394/3394
f 3779/3779 6353/6353 6556/6556
f 4973/4973 3779/3779 6556/6556
f 4973/4973 6556/6556 5407/5407
f 1263/1263 6556/6556 2801/2801
f 6556/6556 1263/1263 5407/5407
f 5759/5759 3779/3779 4973/4973
f 1736/1736 5759/5759 4973/4973
f 1736/1736 4973/4973 2587/2587
f 2587/2587 4973/4973 5407/5407
f 2456/2456 5759/5759 379/379
f 4126/4126 1736/1736 2587/2587
f 200/200 2456/2456 1387/1387
f 379/379 5759/5759 1736/1736
f 379/379 1736/1736 4126/4126
f 6147/6147 200/200 236/236
f 200/200 1387/1387 236/236
f 2456/2456 379/379 1387/1387
f 1387/1387 379/379 6991/6991
f 7694/7694 4777/4777 2027/2027
f 2027/2027 4777/4777 6542/6542
f 3459/3459 236/236 5163/5163
f 236/236 1387/1387 5163/5163
f 596/596 7694/7694 2027/2027
f 2027/2027 6542/6542 1689/1689
f 1689/1689 6542/6542 4053/4053
f 4053/4053 3877/3877 957/957
f 957/957 3877/3877 1823/1823
f 1823/1823 6147/6147 6364/6364
f 6147/6147 236/236 6364/6364
f 6364/6364 236/236 3459/3459
f 1689/1689 4053/4053 957/957
f 957/957 1823/1823 7014/7014
f 3977/3977 596/596 6221/6221
f 6221/6221 596/596 2027/2027
f 6221/6221 2027/2027 6996/6996
f 6996/6996 2027/2027 1689/1689
f 327/327 3977/3977 6221/6221
f 2223/2223 5544/5544 2825/2825
f 2939/2939 3289/3289 1523/1523
f 2939/2939 1523/1523 158/158
f 158/158 4956/4956 2960/2960
f 4372/4372 158/158 2960/2960
f 2960/2960 4956/4956 285/285
f 6704/6704 6378/6378 2998/2998
f 2998/2998 6378/6378 1273/1273
f 1633/1633 2939/2939 158/158
f 1633/1633 158/158 4372/4372
f 2960/2960 285/285 1747/1747
f 1747/1747 285/285 6704/6704
f 7502/7502 6704/6704 2998/2998
f 1862/1862 2998/2998 1273/1273
f 4766/4766 2990/2990 4850/4850
f 1862/1862 1273/1273 6005/6005
f 6005/6005 1273/1273 4766/4766
f 1273/1273 2990/2990 4766/4766
f 4724/4724 2257/2257 4850/4850
f 4173/4173 4850/4850 2257/2257
f 4191/4191 2257/2257 2858/2858
f 4173/4173 2257/2257 4191/4191
f 4191/4191 2858/2858 3233/3233
f 3871/3871 3233/3233 6770/6770
f 3233/3233 4341/4341 6770/6770
f 6770/6770 4341/4341 7569/7569
f 6770/6770 7569/7569 4361/4361
f 6264/6264 6770/6770 4361/4361
f 4361/4361 7569/7569 3628/3628
f 4361/4361 3628/3628 3917/3917
f 6805/6805 4361/4361 3917/3917
f 6805/6805 3917/3917 135/135
f 3917/3917 5727/5727 135/135
f 4361/4361 6805/6805 2999/2999
f 135/135 5727/5727 462/462
f 2999/2999 6805/6805 3946/3946
f 3946/3946 6805/6805 135/135
f 3946/3946 135/135 462/462
f 4446/4446 462/462 4212/4212
f 4446/4446 4212/4212 68/68
f 4446/4446 3946/3946 462/462
f 3946/3946 4446/4446 6659/6659
f 6659/6659 4446/4446 68/68
f 3876/3876 3946/3946 6659/6659
f 6659/6659 68/68 1291/1291
f 509/509 6659/6659 1291/1291
f 4810/4810 3394/3394 3795/3795
f 3876/3876 6659/6659 3795/3795
f 7561/7561 3795/3795 6659/6659
f 7561/7561 6659/6659 509/509
f 4810/4810 3795/3795 6018/6018
f 1263/1263 2801/2801 7346/7346
f 1263/1263 7346/7346 6636/6636
f 7346/7346 4810/4810 6636/6636
f 6636/6636 4810/4810 6018/6018
f 1263/1263 6636/6636 461/461
f 5407/5407 1263/1263 3486/3486
f 3486/3486 1263/1263 461/461
f 2462/2462 2587/2587 5407/5407
f 5407/5407 3486/3486 3195/3195
f 2462/2462 5407/5407 3195/3195
f 4126/4126 2587/2587 5455/5455
f 2587/2587 2462/2462 5455/5455
f 6991/6991 379/379 4878/4878
f 379/379 4126/4126 4878/4878
f 3954/3954 4878/4878 5993/5993
f 4878/4878 4126/4126 5455/5455
f 5993/5993 4878/4878 5455/5455
f 5421/5421 4878/4878 3954/3954
f 5163/5163 1387/1387 6991/6991
f 7014/7014 1823/1823 6364/6364
f 311/311 1689/1689 5488/5488
f 1689/1689 957/957 5488/5488
f 5488/5488 957/957 7014/7014
f 6996/6996 1689/1689 311/311
f 327/327 6221/6221 6706/6706
f 6706/6706 6221/6221 6996/6996
f 327/327 6706/6706 5403/5403
f 5316/5316 2758/2758 5234/5234
f 5234/5234 253/253 5191/5191
f 5191/5191 253/253 4171/4171
f 4171/4171 253/253 4831/4831
f 4171/4171 4831/4831 6561/6561
f 5583/5583 5920/5920 6930/6930
f 5920/5920 1557/1557 6930/6930
f 6930/6930 1557/1557 2256/2256
f 2223/2223 2825/2825 5967/5967
f 3289/3289 6118/6118 1523/1523
f 1523/1523 6118/6118 6860/6860
f 1523/1523 6860/6860 158/158
f 6860/6860 1698/1698 158/158
f 158/158 1698/1698 4956/4956
f 6704/6704 1577/1577 6378/6378
f 6378/6378 4753/4753 1273/1273
f 1273/1273 4753/4753 2990/2990
f 2257/2257 4724/4724 5482/5482
f 5482/5482 4763/4763 2858/2858
f 2257/2257 5482/5482 2858/2858
f 6589/6589 2858/2858 4763/4763
f 3233/3233 2858/2858 6589/6589
f 3233/3233 6589/6589 4341/4341
f 4341/4341 5730/5730 3603/3603
f 7569/7569 4341/4341 3603/3603
f 3628/3628 3603/3603 6304/6304
f 7569/7569 3603/3603 3628/3628
f 3618/3618 3628/3628 6304/6304
f 3917/3917 3628/3628 3618/3618
f 3618/3618 2965/2965 5727/5727
f 5727/5727 4789/4789 3084/3084
f 3917/3917 3618/3618 5727/5727
f 2965/2965 4789/4789 5727/5727
f 5727/5727 3084/3084 7224/7224
f 5727/5727 7224/7224 462/462
f 462/462 7224/7224 4212/4212
f 68/68 4212/4212 2629/2629
f 68/68 2629/2629 7035/7035
f 1291/1291 68/68 7035/7035
f 1291/1291 7035/7035 2049/2049
f 509/509 1291/1291 2049/2049
f 6207/6207 509/509 2049/2049
f 509/509 6207/6207 5490/5490
f 7561/7561 509/509 2491/2491
f 6018/6018 3795/3795 2212/2212
f 3795/3795 7561/7561 2212/2212
f 2212/2212 7561/7561 2491/2491
f 6636/6636 6018/6018 2212/2212
f 2212/2212 2491/2491 1828/1828
f 461/461 6636/6636 2212/2212
f 3486/3486 461/461 3195/3195
f 3195/3195 461/461 5274/5274
f 5455/5455 2462/2462 1886/1886
f 2462/2462 3195/3195 1886/1886
f 5455/5455 1886/1886 5993/5993
f 6991/6991 4878/4878 5421/5421
f 5344/5344 6991/6991 5421/5421
f 6364/6364 3459/3459 4132/4132
f 3459/3459 5163/5163 7707/7707
f 7707/7707 5163/5163 5344/5344
f 5163/5163 6991/6991 5344/5344
f 7006/7006 5488/5488 7014/7014
f 7006/7006 7014/7014 5912/5912
f 7014/7014 6364/6364 5912/5912
f 5912/5912 6364/6364 4132/4132
f 4132/4132 3459/3459 7707/7707
f 311/311 5488/5488 7006/7006
f 7006/7006 5912/5912 4024/4024
f 6706/6706 6996/6996 1478/1478
f 5403/5403 6706/6706 1478/1478
f 1478/1478 6996/6996 311/311
f 1478/1478 311/311 7006/7006
f 482/482 5403/5403 1478/1478
f 6118/6118 2648/2648 4105/4105
f 1577/1577 3601/3601 5741/5741
f 1577/1577 5741/5741 7326/7326
f 6118/6118 4105/4105 6860/6860
f 4956/4956 1698/1698 767/767
f 285/285 767/767 6704/6704
f 767/767 3601/3601 6704/6704
f 6704/6704 3601/3601 1577/1577
f 4956/4956 767/767 285/285
f 1577/1577 7326/7326 6378/6378
f 6378/6378 7326/7326 4753/4753
f 7326/7326 2024/2024 4753/4753
f 4753/4753 2024/2024 2990/2990
f 2990/2990 2024/2024 4724/4724
f 4724/4724 2024/2024 3634/3634
f 4724/4724 3634/3634 2379/2379
f 5482/5482 2379/2379 6631/6631
f 4724/4724 2379/2379 5482/5482
f 5482/5482 6631/6631 4763/4763
f 4763/4763 4800/4800 3559/3559
f 6589/6589 3559/3559 5730/5730
f 4341/4341 6589/6589 5730/5730
f 3603/3603 6647/6647 6304/6304
f 6304/6304 6647/6647 2690/2690
f 6304/6304 2690/2690 3618/3618
f 2690/2690 3475/3475 3618/3618
f 3618/3618 3475/3475 2965/2965
f 2965/2965 3475/3475 2804/2804
f 2965/2965 2804/2804 4789/4789
f 2804/2804 494/494 4789/4789
f 3084/3084 494/494 7079/7079
f 4789/4789 494/494 3084/3084
f 3084/3084 7079/7079 5109/5109
f 7224/7224 3084/3084 5109/5109
f 2432/2432 5109/5109 958/958
f 7224/7224 5109/5109 2432/2432
f 2432/2432 958/958 1151/1151
f 4212/4212 7224/7224 2432/2432
f 2629/2629 4212/4212 2432/2432
f 2432/2432 1151/1151 5401/5401
f 5401/5401 1151/1151 5857/5857
f 2629/2629 2432/2432 5401/5401
f 7035/7035 2629/2629 5401/5401
f 5401/5401 5857/5857 3184/3184
f 2049/2049 7035/7035 5401/5401
f 1121/1121 5401/5401 3184/3184
f 2049/2049 5401/5401 1121/1121
f 2049/2049 1121/1121 6207/6207
f 6207/6207 1121/1121 2464/2464
f 5490/5490 6207/6207 2143/2143
f 1508/1508 5490/5490 2143/2143
f 2491/2491 509/509 1508/1508
f 509/509 5490/5490 1508/1508
f 1828/1828 2491/2491 4379/4379
f 2491/2491 1508/1508 4379/4379
f 4379/4379 1508/1508 2695/2695
f 2212/2212 1828/1828 5653/5653
f 1980/1980 2212/2212 5653/5653
f 461/461 2212/2212 5274/5274
f 1828/1828 4379/4379 5653/5653
f 5274/5274 2212/2212 1980/1980
f 3195/3195 5274/5274 6581/6581
f 6581/6581 5274/5274 7380/7380
f 7380/7380 5274/5274 1980/1980
f 1886/1886 3195/3195 6581/6581
f 1886/1886 6581/6581 6465/6465
f 3954/3954 5993/5993 1709/1709
f 1709/1709 5993/5993 1886/1886
f 5421/5421 3954/3954 4759/4759
f 4759/4759 3954/3954 7077/7077
f 7077/7077 3954/3954 1709/1709
f 5912/5912 4132/4132 6902/6902
f 7707/7707 5344/5344 2136/2136
f 1478/1478 7006/7006 4936/4936
f 4936/4936 7006/7006 4024/4024
f 6902/6902 4024/4024 5912/5912
f 6902/6902 4132/4132 3578/3578
f 3578/3578 4132/4132 5297/5297
f 5297/5297 4132/4132 7707/7707
f 482/482 1478/1478 6218/6218
f 6218/6218 1478/1478 6374/6374
f 6374/6374 1478/1478 4936/4936
f 5403/5403 482/482 4995/4995
f 4995/4995 482/482 6218/6218
f 2402/2402 5403/5403 4995/4995
f 6243/6243 6377/6377 6467/6467
f 6467/6467 6377/6377 4428/4428
f 558/558 5316/5316 5191/5191
f 624/624 5191/5191 4171/4171
f 4319/4319 2179/2179 5583/5583
f 5583/5583 6930/6930 4319/4319
f 7628/7628 4319/4319 6930/6930
f 2648/2648 4934/4934 4105/4105
f 4105/4105 4934/4934 1082/1082
f 1082/1082 3632/3632 1698/1698
f 4105/4105 1082/1082 6860/6860
f 6860/6860 1082/1082 1698/1698
f 1698/1698 3632/3632 2912/2912
f 1698/1698 2912/2912 767/767
f 2912/2912 3601/3601 767/767
f 7326/7326 5741/5741 5177/5177
f 5177/5177 2383/2383 7326/7326
f 7326/7326 2383/2383 2024/2024
f 2383/2383 6919/6919 2024/2024
f 2024/2024 6919/6919 3634/3634
f 3634/3634 6919/6919 2645/2645
f 3634/3634 2645/2645 2379/2379
f 2379/2379 2645/2645 6631/6631
f 4763/4763 6631/6631 6010/6010
f 4800/4800 6010/6010 7676/7676
f 4800/4800 4763/4763 6010/6010
f 3559/3559 4800/4800 7676/7676
f 3559/3559 7676/7676 292/292
f 5730/5730 3559/3559 292/292
f 5730/5730 292/292 6647/6647
f 6647/6647 292/292 5359/5359
f 6647/6647 5359/5359 3885/3885
f 6647/6647 3885/3885 2690/2690
f 2690/2690 3885/3885 5783/5783
f 2690/2690 5783/5783 3475/3475
f 3475/3475 5783/5783 5910/5910
f 3475/3475 5910/5910 2804/2804
f 2804/2804 5910/5910 494/494
f 494/494 5207/5207 7079/7079
f 7079/7079 5207/5207 5982/5982
f 5109/5109 7079/7079 5982/5982
f 5982/5982 4117/4117 958/958
f 5109/5109 5982/5982 958/958
f 1151/1151 958/958 2882/2882
f 1151/1151 2882/2882 5556/5556
f 5857/5857 5556/5556 73/73
f 5857/5857 73/73 3184/3184
f 1121/1121 3184/3184 3424/3424
f 1121/1121 3424/3424 2464/2464
f 2464/2464 3424/3424 5506/5506
f 2464/2464 5506/5506 5256/5256
f 2464/2464 5256/5256 6207/6207
f 1543/1543 6207/6207 5256/5256
f 2143/2143 6207/6207 1543/1543
f 1508/1508 2143/2143 2695/2695
f 2695/2695 2143/2143 1543/1543
f 5653/5653 4379/4379 5989/5989
f 5989/5989 4379/4379 2242/2242
f 4379/4379 2695/2695 2242/2242
f 7380/7380 1980/1980 6229/6229
f 1980/1980 5653/5653 6229/6229
f 6581/6581 7380/7380 6465/6465
f 2737/2737 7380/7380 6229/6229
f 6465/6465 7380/7380 2737/2737
f 3697/3697 1886/1886 6465/6465
f 3697/3697 6465/6465 4000/4000
f 4000/4000 6465/6465 2737/2737
f 1709/1709 1886/1886 3697/3697
f 7077/7077 1709/1709 582/582
f 5297/5297 7707/7707 2136/2136
f 2136/2136 5344/5344 3531/3531
f 5344/5344 5421/5421 3531/3531
f 3531/3531 5421/5421 5061/5061
f 5061/5061 5421/5421 4759/4759
f 582/582 1709/1709 4683/4683
f 6374/6374 4936/4936 4024/4024
f 4024/4024 6902/6902 7562/7562
f 7562/7562 6902/6902 3578/3578
f 2402/2402 4995/4995 1589/1589
f 1589/1589 4995/4995 6218/6218
f 663/663 5191/5191 624/624
f 624/624 4171/4171 2679/2679
f 7628/7628 6930/6930 4926/4926
f 246/246 6060/6060 5005/5005
f 246/246 5005/5005 7391/7391
f 6927/6927 5005/5005 5967/5967
f 5721/5721 2179/2179 4319/4319
f 4018/4018 3281/3281 4934/4934
f 4934/4934 3281/3281 1082/1082
f 5719/5719 2370/2370 5741/5741
f 2912/2912 5719/5719 3601/3601
f 3601/3601 5719/5719 5741/5741
f 5741/5741 2370/2370 5177/5177
f 5177/5177 5035/5035 2383/2383
f 2383/2383 5035/5035 6919/6919
f 6919/6919 6340/6340 2645/2645
f 2645/2645 6340/6340 5962/5962
f 2645/2645 5962/5962 6631/6631
f 6631/6631 5962/5962 6010/6010
f 7676/7676 7478/7478 292/292
f 292/292 7478/7478 5271/5271
f 292/292 5271/5271 5359/5359
f 5359/5359 5271/5271 6202/6202
f 5359/5359 6202/6202 3885/3885
f 3885/3885 6202/6202 5783/5783
f 5783/5783 2864/2864 5910/5910
f 5910/5910 2864/2864 494/494
f 494/494 2864/2864 3484/3484
f 494/494 3484/3484 5207/5207
f 5207/5207 7627/7627 5982/5982
f 5982/5982 7627/7627 6921/6921
f 4117/4117 6921/6921 5789/5789
f 5982/5982 6921/6921 4117/4117
f 2882/2882 4117/4117 5789/5789
f 5556/5556 2882/2882 611/611
f 5556/5556 611/611 73/73
f 73/73 611/611 1888/1888
f 3184/3184 73/73 1888/1888
f 3184/3184 1888/1888 3193/3193
f 3424/3424 3184/3184 3193/3193
f 3424/3424 3193/3193 5474/5474
f 5506/5506 3424/3424 5474/5474
f 2695/2695 1543/1543 7691/7691
f 7691/7691 1543/1543 3418/3418
f 2242/2242 2695/2695 7691/7691
f 5989/5989 2242/2242 7095/7095
f 5653/5653 5989/5989 5374/5374
f 6229/6229 5653/5653 5374/5374
f 5374/5374 5989/5989 1801/1801
f 2737/2737 6229/6229 1956/1956
f 4000/4000 2737/2737 1956/1956
f 1956/1956 6229/6229 5337/5337
f 1709/1709 3697/3697 4683/4683
f 4683/4683 3697/3697 924/924
f 924/924 3697/3697 4000/4000
f 5169/5169 4759/4759 7077/7077
f 5169/5169 7077/7077 582/582
f 5169/5169 5061/5061 4759/4759
f 3578/3578 5297/5297 824/824
f 6426/6426 3578/3578 824/824
f 5297/5297 2136/2136 824/824
f 2136/2136 3531/3531 884/884
f 824/824 2136/2136 884/884
f 6374/6374 4024/4024 1675/1675
f 4024/4024 7562/7562 1675/1675
f 7562/7562 3578/3578 6426/6426
f 1589/1589 6218/6218 577/577
f 577/577 6218/6218 6374/6374
f 1675/1675 7562/7562 3467/3467
f 3467/3467 7562/7562 6426/6426
f 2402/2402 1589/1589 2613/2613
f 2153/2153 7232/7232 246/246
f 1082/1082 72/72 3632/3632
f 3281/3281 5420/5420 1082/1082
f 5719/5719 5417/5417 2370/2370
f 6340/6340 6919/6919 7282/7282
f 5962/5962 6340/6340 1988/1988
f 5962/5962 1988/1988 2601/2601
f 5962/5962 2601/2601 6010/6010
f 6010/6010 2601/2601 4487/4487
f 7676/7676 6010/6010 4487/4487
f 7478/7478 7676/7676 4487/4487
f 7478/7478 4487/4487 3249/3249
f 7478/7478 3249/3249 5271/5271
f 5271/5271 3249/3249 6202/6202
f 6202/6202 538/538 5783/5783
f 5783/5783 538/538 5717/5717
f 5783/5783 5717/5717 2864/2864
f 2864/2864 5717/5717 7571/7571
f 2864/2864 7571/7571 3484/3484
f 3484/3484 7571/7571 6366/6366
f 5207/5207 3484/3484 6366/6366
f 5207/5207 6366/6366 7627/7627
f 7627/7627 6366/6366 6009/6009
f 7627/7627 6009/6009 6921/6921
f 6921/6921 6009/6009 5789/5789
f 5789/5789 6133/6133 3879/3879
f 2882/2882 5789/5789 3879/3879
f 611/611 2882/2882 3879/3879
f 611/611 3879/3879 5123/5123
f 1888/1888 611/611 5123/5123
f 1888/1888 5123/5123 259/259
f 1888/1888 259/259 3193/3193
f 5506/5506 5474/5474 916/916
f 5256/5256 5506/5506 916/916
f 5256/5256 916/916 948/948
f 1543/1543 948/948 3418/3418
f 7691/7691 3418/3418 4423/4423
f 7095/7095 2242/2242 7691/7691
f 1801/1801 5989/5989 7095/7095
f 6229/6229 5374/5374 140/140
f 5337/5337 6229/6229 140/140
f 1956/1956 5337/5337 7264/7264
f 4000/4000 1956/1956 7264/7264
f 924/924 4000/4000 1264/1264
f 4000/4000 7264/7264 1264/1264
f 5169/5169 582/582 5327/5327
f 3531/3531 5061/5061 884/884
f 884/884 5061/5061 644/644
f 5061/5061 5169/5169 5327/5327
f 644/644 5061/5061 5327/5327
f 5327/5327 582/582 4052/4052
f 582/582 4683/4683 4052/4052
f 3467/3467 6426/6426 824/824
f 3467/3467 824/824 3671/3671
f 3671/3671 824/824 4249/4249
f 824/824 884/884 4249/4249
f 6374/6374 1675/1675 1807/1807
f 1074/1074 577/577 3150/3150
f 3150/3150 577/577 6374/6374
f 3150/3150 6374/6374 6907/6907
f 6907/6907 6374/6374 1807/1807
f 2613/2613 1074/1074 727/727
f 2679/2679 2153/2153 344/344
f 1797/1797 7628/7628 4926/4926
f 2924/2924 5721/5721 5227/5227
f 4018/4018 6763/6763 1421/1421
f 4018/4018 1421/1421 3281/3281
f 3281/3281 1421/1421 5420/5420
f 3632/3632 72/72 5225/5225
f 6345/6345 7325/7325 6242/6242
f 2912/2912 3632/3632 5225/5225
f 5225/5225 5417/5417 2912/2912
f 2912/2912 5417/5417 5719/5719
f 5417/5417 4128/4128 2370/2370
f 2370/2370 4128/4128 6345/6345
f 5035/5035 6242/6242 6919/6919
f 6919/6919 6242/6242 7282/7282
f 6340/6340 7282/7282 1988/1988
f 2601/2601 1988/1988 205/205
f 2601/2601 205/205 5606/5606
f 2601/2601 5606/5606 4487/4487
f 4487/4487 5606/5606 3249/3249
f 3249/3249 7109/7109 6202/6202
f 6202/6202 7109/7109 538/538
f 5717/5717 346/346 7571/7571
f 6366/6366 7571/7571 5588/5588
f 5588/5588 4666/4666 6366/6366
f 5789/5789 6009/6009 6133/6133
f 3879/3879 6133/6133 3973/3973
f 3879/3879 3973/3973 4139/4139
f 5123/5123 3879/3879 4139/4139
f 259/259 6887/6887 3193/3193
f 3418/3418 4082/4082 4423/4423
f 7691/7691 4423/4423 2181/2181
f 7095/7095 7691/7691 2181/2181
f 1801/1801 7095/7095 5948/5948
f 5948/5948 7095/7095 5113/5113
f 5374/5374 1801/1801 140/140
f 140/140 1801/1801 5948/5948
f 5337/5337 140/140 1696/1696
f 7264/7264 5337/5337 1696/1696
f 1696/1696 140/140 906/906
f 1264/1264 7264/7264 1696/1696
f 6917/6917 924/924 7188/7188
f 924/924 1264/1264 7188/7188
f 4683/4683 924/924 6917/6917
f 4052/4052 4683/4683 6917/6917
f 4249/4249 884/884 644/644
f 1807/1807 1675/1675 187/187
f 187/187 1675/1675 3467/3467
f 187/187 3467/3467 4071/4071
f 4071/4071 3467/3467 3671/3671
f 6907/6907 1807/1807 187/187
f 2574/2574 1074/1074 3150/3150
f 4042/4042 727/727 2574/2574
f 4042/4042 2574/2574 5874/5874
f 6957/6957 558/558 6625/6625
f 6625/6625 558/558 3870/3870
f 1999/1999 2941/2941 3055/3055
f 7602/7602 138/138 72/72
f 1421/1421 7602/7602 5420/5420
f 5420/5420 7602/7602 72/72
f 72/72 138/138 5225/5225
f 5417/5417 5225/5225 4729/4729
f 5417/5417 4729/4729 4128/4128
f 4128/4128 186/186 6345/6345
f 6345/6345 186/186 7325/7325
f 1988/1988 7282/7282 4168/4168
f 1988/1988 4168/4168 1025/1025
f 1988/1988 1025/1025 205/205
f 205/205 1025/1025 4901/4901
f 205/205 4901/4901 1987/1987
f 5606/5606 205/205 1987/1987
f 3249/3249 5606/5606 7109/7109
f 7109/7109 7512/7512 538/538
f 538/538 7512/7512 1247/1247
f 538/538 1247/1247 5717/5717
f 7571/7571 346/346 5588/5588
f 6366/6366 4666/4666 6009/6009
f 6009/6009 4666/4666 1957/1957
f 6009/6009 1957/1957 4298/4298
f 6133/6133 6009/6009 4298/4298
f 5123/5123 4139/4139 3784/3784
f 5123/5123 3784/3784 259/259
f 6887/6887 259/259 3784/3784
f 3193/3193 6887/6887 7573/7573
f 5474/5474 7573/7573 6078/6078
f 916/916 5474/5474 6078/6078
f 916/916 6078/6078 948/948
f 4423/4423 4082/4082 6602/6602
f 4423/4423 6602/6602 2181/2181
f 5113/5113 2181/2181 4952/4952
f 906/906 140/140 5948/5948
f 4527/4527 1264/1264 1696/1696
f 6131/6131 1696/1696 906/906
f 7188/7188 1264/1264 4527/4527
f 7686/7686 4527/4527 1696/1696
f 7686/7686 1696/1696 6131/6131
f 3793/3793 5327/5327 4052/4052
f 4249/4249 644/644 2286/2286
f 644/644 5327/5327 2286/2286
f 2286/2286 5327/5327 6998/6998
f 6998/6998 5327/5327 3793/3793
f 3793/3793 4052/4052 6381/6381
f 4052/4052 6917/6917 6381/6381
f 4071/4071 3671/3671 7549/7549
f 3671/3671 4249/4249 7549/7549
f 7549/7549 4249/4249 2286/2286
f 2574/2574 3150/3150 1568/1568
f 5874/5874 2574/2574 1568/1568
f 1568/1568 3150/3150 6907/6907
f 6907/6907 187/187 550/550
f 4071/4071 7549/7549 1384/1384
f 4277/4277 578/578 1797/1797
f 6816/6816 7391/7391 5152/5152
f 1065/1065 3920/3920 2924/2924
f 3210/3210 138/138 7602/7602
f 6763/6763 7256/7256 1421/1421
f 1421/1421 7256/7256 7602/7602
f 5225/5225 138/138 803/803
f 5225/5225 803/803 4729/4729
f 4729/4729 803/803 115/115
f 186/186 4729/4729 3668/3668
f 3668/3668 5801/5801 7325/7325
f 186/186 3668/3668 7325/7325
f 7325/7325 5801/5801 6242/6242
f 5801/5801 5752/5752 6242/6242
f 6242/6242 5752/5752 7282/7282
f 5606/5606 6091/6091 6745/6745
f 5717/5717 1247/1247 346/346
f 346/346 1247/1247 7319/7319
f 346/346 7319/7319 4308/4308
f 5588/5588 346/346 4308/4308
f 5588/5588 4308/4308 4666/4666
f 4308/4308 1912/1912 4666/4666
f 6133/6133 4298/4298 3017/3017
f 6133/6133 3017/3017 2358/2358
f 3973/3973 6492/6492 3069/3069
f 4139/4139 3973/3973 3069/3069
f 6078/6078 6057/6057 6503/6503
f 4082/4082 948/948 6503/6503
f 373/373 2181/2181 5385/5385
f 5113/5113 4952/4952 55/55
f 55/55 4952/4952 1953/1953
f 55/55 5948/5948 5113/5113
f 906/906 5948/5948 3183/3183
f 3183/3183 5948/5948 55/55
f 6131/6131 906/906 3183/3183
f 4527/4527 7686/7686 4500/4500
f 7686/7686 6131/6131 3493/3493
f 7188/7188 4527/4527 4500/4500
f 6917/6917 7188/7188 1216/1216
f 1216/1216 7188/7188 1122/1122
f 7188/7188 4500/4500 1122/1122
f 7388/7388 1122/1122 4500/4500
f 6381/6381 6917/6917 1216/1216
f 7549/7549 2286/2286 4603/4603
f 3822/3822 6998/6998 3793/3793
f 3793/3793 6381/6381 2252/2252
f 550/550 187/187 5954/5954
f 5954/5954 187/187 6167/6167
f 6167/6167 187/187 4071/4071
f 6167/6167 4071/4071 1384/1384
f 1384/1384 7549/7549 1087/1087
f 1087/1087 7549/7549 4603/4603
f 4603/4603 2286/2286 3822/3822
f 2286/2286 6998/6998 3822/3822
f 1568/1568 6907/6907 2376/2376
f 2376/2376 6907/6907 550/550
f 4042/4042 5874/5874 3215/3215
f 5567/5567 4042/4042 3215/3215
f 3215/3215 5874/5874 1568/1568
f 1749/1749 6816/6816 5152/5152
f 4277/4277 1797/1797 7450/7450
f 7256/7256 3210/3210 7602/7602
f 7282/7282 5752/5752 4009/4009
f 7282/7282 4009/4009 4168/4168
f 1025/1025 903/903 4901/4901
f 4901/4901 903/903 7135/7135
f 1987/1987 7135/7135 6091/6091
f 6745/6745 6091/6091 6077/6077
f 6745/6745 6077/6077 1836/1836
f 6745/6745 1836/1836 7109/7109
f 1836/1836 2396/2396 7512/7512
f 7109/7109 1836/1836 7512/7512
f 7512/7512 2396/2396 1247/1247
f 1247/1247 2396/2396 744/744
f 1247/1247 744/744 7319/7319
f 4666/4666 1912/1912 1957/1957
f 4298/4298 1957/1957 3017/3017
f 3017/3017 1814/1814 2358/2358
f 2358/2358 1814/1814 3973/3973
f 3973/3973 1814/1814 6492/6492
f 3784/3784 6461/6461 6887/6887
f 6887/6887 6461/6461 434/434
f 6887/6887 434/434 2410/2410
f 6078/6078 2410/2410 6057/6057
f 4082/4082 6503/6503 6602/6602
f 373/373 5385/5385 2480/2480
f 1953/1953 4952/4952 373/373
f 5285/5285 55/55 1953/1953
f 3183/3183 55/55 5285/5285
f 3493/3493 6131/6131 3183/3183
f 4500/4500 7686/7686 3476/3476
f 3476/3476 7686/7686 3493/3493
f 3476/3476 7388/7388 4500/4500
f 2252/2252 6381/6381 1216/1216
f 3822/3822 3793/3793 1490/1490
f 1490/1490 3793/3793 7042/7042
f 7042/7042 3793/3793 2252/2252
f 6167/6167 1384/1384 2593/2593
f 2593/2593 1384/1384 1087/1087
f 2593/2593 1087/1087 4603/4603
f 3215/3215 1568/1568 991/991
f 991/991 1568/1568 2376/2376
f 4633/4633 5567/5567 3215/3215
f 4633/4633 3215/3215 991/991
f 7510/7510 6625/6625 3870/3870
f 7510/7510 3870/3870 7317/7317
f 4749/4749 2287/2287 4135/4135
f 2287/2287 4411/4411 4135/4135
f 3045/3045 6816/6816 1749/1749
f 1749/1749 5152/5152 2382/2382
f 937/937 1304/1304 6105/6105
f 937/937 6105/6105 7256/7256
f 7256/7256 6105/6105 4248/4248
f 7256/7256 4248/4248 3210/3210
f 3210/3210 5221/5221 138/138
f 138/138 5221/5221 1342/1342
f 138/138 1342/1342 803/803
f 3668/3668 7705/7705 3751/3751
f 5801/5801 634/634 5752/5752
f 5752/5752 634/634 4009/4009
f 115/115 803/803 2209/2209
f 2209/2209 7705/7705 115/115
f 115/115 7705/7705 3668/3668
f 3751/3751 5801/5801 3668/3668
f 5801/5801 3751/3751 634/634
f 903/903 3412/3412 7135/7135
f 7135/7135 3412/3412 6644/6644
f 7135/7135 6644/6644 6091/6091
f 6091/6091 6644/6644 6077/6077
f 744/744 5955/5955 7319/7319
f 7319/7319 5955/5955 5849/5849
f 7319/7319 5849/5849 501/501
f 7319/7319 501/501 4308/4308
f 4308/4308 2278/2278 1912/1912
f 3017/3017 1957/1957 6047/6047
f 3017/3017 6047/6047 1814/1814
f 1814/1814 692/692 6492/6492
f 3069/3069 6492/6492 2182/2182
f 3784/3784 3069/3069 2182/2182
f 3784/3784 2182/2182 6461/6461
f 6602/6602 6503/6503 5406/5406
f 5385/5385 6602/6602 7638/7638
f 5385/5385 7638/7638 2480/2480
f 373/373 2480/2480 5661/5661
f 5661/5661 2480/2480 1573/1573
f 1953/1953 373/373 5661/5661
f 3476/3476 3493/3493 5155/5155
f 2252/2252 1216/1216 4791/4791
f 1216/1216 1122/1122 612/612
f 4791/4791 1216/1216 612/612
f 612/612 1122/1122 7388/7388
f 550/550 5954/5954 1757/1757
f 6167/6167 2593/2593 5461/5461
f 2103/2103 4603/4603 3822/3822
f 7383/7383 7042/7042 2252/2252
f 991/991 2376/2376 6773/6773
f 6773/6773 2376/2376 550/550
f 1757/1757 5954/5954 6167/6167
f 1757/1757 6167/6167 5461/5461
f 4300/4300 6625/6625 7510/7510
f 4285/4285 3870/3870 5574/5574
f 1749/1749 2382/2382 6550/6550
f 3210/3210 4248/4248 5221/5221
f 4009/4009 634/634 2826/2826
f 4009/4009 2826/2826 5039/5039
f 5039/5039 4963/4963 903/903
f 903/903 4963/4963 3278/3278
f 903/903 3278/3278 3412/3412
f 6077/6077 430/430 1836/1836
f 4308/4308 501/501 2278/2278
f 1912/1912 7367/7367 1957/1957
f 1957/1957 7367/7367 6610/6610
f 6047/6047 6610/6610 1814/1814
f 1814/1814 6610/6610 7104/7104
f 6492/6492 692/692 1790/1790
f 6461/6461 2182/2182 18/18
f 6461/6461 18/18 2104/2104
f 434/434 6461/6461 2104/2104
f 2410/2410 434/434 1463/1463
f 6057/6057 2410/2410 1463/1463
f 6503/6503 6057/6057 3132/3132
f 6602/6602 5406/5406 7638/7638
f 2480/2480 7638/7638 2191/2191
f 1573/1573 2480/2480 2191/2191
f 1953/1953 5661/5661 5747/5747
f 5285/5285 1953/1953 3207/3207
f 3207/3207 1953/1953 5747/5747
f 3183/3183 5285/5285 3494/3494
f 3493/3493 3183/3183 1050/1050
f 1050/1050 3183/3183 3494/3494
f 5155/5155 3493/3493 1050/1050
f 1319/1319 3476/3476 4512/4512
f 4512/4512 3476/3476 5155/5155
f 612/612 7388/7388 1319/1319
f 7388/7388 3476/3476 1319/1319
f 4791/4791 612/612 4414/4414
f 839/839 2593/2593 5526/5526
f 5526/5526 2593/2593 4603/4603
f 640/640 3822/3822 1490/1490
f 1490/1490 7042/7042 640/640
f 640/640 7042/7042 7383/7383
f 7383/7383 2252/2252 1558/1558
f 2252/2252 4791/4791 1558/1558
f 1554/1554 991/991 6773/6773
f 6773/6773 550/550 5528/5528
f 5528/5528 550/550 1757/1757
f 5461/5461 2593/2593 839/839
f 5526/5526 4603/4603 2103/2103
f 2103/2103 3822/3822 640/640
f 6981/6981 991/991 1554/1554
f 2422/2422 4633/4633 6981/6981
f 1947/1947 7510/7510 7317/7317
f 5449/5449 2940/2940 4277/4277
f 5617/5617 4277/4277 5865/5865
f 7450/7450 4135/4135 5865/5865
f 6105/6105 128/128 4248/4248
f 2209/2209 4292/4292 7705/7705
f 7705/7705 4292/4292 6925/6925
f 6925/6925 598/598 3751/3751
f 3751/3751 598/598 634/634
f 634/634 598/598 2826/2826
f 6644/6644 3509/3509 430/430
f 2396/2396 3520/3520 744/744
f 744/744 3520/3520 5955/5955
f 5849/5849 5955/5955 501/501
f 2278/2278 4751/4751 1912/1912
f 1912/1912 4751/4751 7367/7367
f 7367/7367 1140/1140 6610/6610
f 692/692 4866/4866 1790/1790
f 6492/6492 1790/1790 3521/3521
f 2182/2182 6492/6492 3521/3521
f 18/18 2182/2182 3521/3521
f 2104/2104 18/18 2193/2193
f 2016/2016 434/434 6457/6457
f 1463/1463 434/434 2016/2016
f 5406/5406 6503/6503 3132/3132
f 5406/5406 4651/4651 7638/7638
f 5661/5661 1573/1573 4939/4939
f 5661/5661 4939/4939 5747/5747
f 7335/7335 5285/5285 3207/3207
f 3494/3494 5285/5285 7335/7335
f 5155/5155 1050/1050 4512/4512
f 612/612 1319/1319 4414/4414
f 1558/1558 4791/4791 3585/3585
f 3585/3585 4791/4791 4414/4414
f 1757/1757 5461/5461 5528/5528
f 640/640 7383/7383 5505/5505
f 5505/5505 7383/7383 1558/1558
f 6981/6981 1554/1554 3658/3658
f 3658/3658 1554/1554 6773/6773
f 3658/3658 6773/6773 5985/5985
f 4504/4504 5528/5528 5461/5461
f 2422/2422 6981/6981 3658/3658
f 1947/1947 7317/7317 4285/4285
f 1949/1949 4285/4285 7333/7333
f 843/843 6550/6550 5090/5090
f 5090/5090 6550/6550 848/848
f 5449/5449 4277/4277 5617/5617
f 5865/5865 4135/4135 5043/5043
f 128/128 7/7 4248/4248
f 4272/4272 4292/4292 2209/2209
f 598/598 6925/6925 5112/5112
f 2826/2826 598/598 4768/4768
f 2209/2209 1342/1342 4272/4272
f 5039/5039 976/976 4963/4963
f 976/976 7410/7410 4963/4963
f 3278/3278 7410/7410 3509/3509
f 1084/1084 1939/1939 2396/2396
f 430/430 1084/1084 2396/2396
f 2396/2396 1939/1939 3520/3520
f 3520/3520 4548/4548 5955/5955
f 501/501 5955/5955 5105/5105
f 501/501 5105/5105 4241/4241
f 4241/4241 1385/1385 2278/2278
f 7367/7367 4751/4751 1842/1842
f 7367/7367 1842/1842 1140/1140
f 6610/6610 1140/1140 4208/4208
f 7104/7104 6610/6610 4208/4208
f 692/692 7104/7104 4866/4866
f 3521/3521 1790/1790 5115/5115
f 18/18 3521/3521 4799/4799
f 1463/1463 2016/2016 3941/3941
f 3132/3132 1463/1463 3941/3941
f 5406/5406 3132/3132 4651/4651
f 2815/2815 1573/1573 2191/2191
f 4939/4939 1573/1573 2815/2815
f 5747/5747 4939/4939 6129/6129
f 1506/1506 3207/3207 5747/5747
f 7335/7335 3207/3207 1506/1506
f 4512/4512 1050/1050 4535/4535
f 1319/1319 4512/4512 3417/3417
f 3678/3678 4414/4414 3417/3417
f 4414/4414 1319/1319 3417/3417
f 3585/3585 4414/4414 3678/3678
f 1558/1558 3585/3585 6391/6391
f 6688/6688 839/839 5526/5526
f 6688/6688 5526/5526 1741/1741
f 5526/5526 2103/2103 1741/1741
f 1741/1741 2103/2103 640/640
f 5985/5985 6773/6773 5528/5528
f 5065/5065 5528/5528 4504/4504
f 4504/4504 5461/5461 1955/1955
f 5461/5461 839/839 1955/1955
f 1955/1955 839/839 6688/6688
f 6609/6609 4300/4300 5553/5553
f 5553/5553 4300/4300 7510/7510
f 5553/5553 7510/7510 1947/1947
f 1125/1125 4581/4581 1053/1053
f 5090/5090 2940/2940 4369/4369
f 7/7 5366/5366 5221/5221
f 5221/5221 5366/5366 931/931
f 931/931 4272/4272 1342/1342
f 6925/6925 5677/5677 5112/5112
f 5112/5112 4768/4768 598/598
f 5039/5039 4768/4768 976/976
f 2826/2826 4768/4768 5039/5039
f 7410/7410 5205/5205 3509/3509
f 5205/5205 1084/1084 3509/3509
f 430/430 3509/3509 1084/1084
f 7104/7104 4208/4208 6313/6313
f 4866/4866 7104/7104 6313/6313
f 1790/1790 4866/4866 6313/6313
f 1790/1790 6313/6313 5115/5115
f 3521/3521 5115/5115 4799/4799
f 6457/6457 2193/2193 3315/3315
f 5747/5747 6129/6129 5645/5645
f 1506/1506 5747/5747 5645/5645
f 7335/7335 1506/1506 6732/6732
f 3494/3494 7335/7335 4535/4535
f 6391/6391 3585/3585 3678/3678
f 3678/3678 3417/3417 6359/6359
f 640/640 4385/4385 1741/1741
f 4385/4385 640/640 5505/5505
f 5505/5505 1558/1558 4496/4496
f 6928/6928 5505/5505 4496/4496
f 4496/4496 1558/1558 6391/6391
f 3596/3596 3658/3658 4737/4737
f 4737/4737 3658/3658 5985/5985
f 5065/5065 4504/4504 299/299
f 299/299 4504/4504 1955/1955
f 2385/2385 1955/1955 6688/6688
f 3819/3819 2422/2422 4859/4859
f 1947/1947 4285/4285 167/167
f 167/167 4285/4285 7614/7614
f 7614/7614 4285/4285 1949/1949
f 3272/3272 1949/1949 1125/1125
f 3598/3598 1470/1470 128/128
f 128/128 1470/1470 7/7
f 931/931 6030/6030 4272/4272
f 6030/6030 3743/3743 4292/4292
f 4292/4292 3743/3743 6925/6925
f 6925/6925 3743/3743 5677/5677
f 5677/5677 3905/3905 5112/5112
f 5112/5112 3905/3905 4768/4768
f 4768/4768 3905/3905 3886/3886
f 976/976 4768/4768 1516/1516
f 1516/1516 3913/3913 7410/7410
f 976/976 1516/1516 7410/7410
f 7410/7410 3913/3913 3860/3860
f 1084/1084 1066/1066 1950/1950
f 1084/1084 1950/1950 1939/1939
f 4241/4241 5105/5105 7017/7017
f 4241/4241 7017/7017 1385/1385
f 1385/1385 4183/4183 4751/4751
f 4751/4751 4183/4183 1842/1842
f 1842/1842 2759/2759 1140/1140
f 6313/6313 4208/4208 6065/6065
f 2193/2193 4799/4799 1656/1656
f 2016/2016 3315/3315 987/987
f 2016/2016 987/987 2785/2785
f 3941/3941 2016/2016 2785/2785
f 4651/4651 2785/2785 5118/5118
f 2191/2191 7638/7638 3063/3063
f 2815/2815 2191/2191 2475/2475
f 6732/6732 1506/1506 119/119
f 1506/1506 5645/5645 3187/3187
f 119/119 1506/1506 3187/3187
f 4535/4535 7335/7335 6732/6732
f 4512/4512 4535/4535 784/784
f 2970/2970 6391/6391 3678/3678
f 4385/4385 5505/5505 6928/6928
f 5065/5065 5985/5985 5528/5528
f 299/299 1955/1955 2583/2583
f 1955/1955 2385/2385 2583/2583
f 2385/2385 6688/6688 1989/1989
f 6688/6688 1741/1741 1989/1989
f 1989/1989 1741/1741 4385/4385
f 4859/4859 3596/3596 4737/4737
f 7614/7614 1949/1949 4243/4243
f 5090/5090 4369/4369 6260/6260
f 1470/1470 4408/4408 7/7
f 7/7 4408/4408 5366/5366
f 3860/3860 2023/2023 5205/5205
f 5205/5205 2023/2023 1066/1066
f 1066/1066 6042/6042 1950/1950
f 1939/1939 455/455 239/239
f 1939/1939 239/239 3520/3520
f 3520/3520 7253/7253 4548/4548
f 4548/4548 7253/7253 823/823
f 4548/4548 823/823 5306/5306
f 5306/5306 6012/6012 7017/7017
f 4208/4208 3549/3549 6065/6065
f 6313/6313 3172/3172 564/564
f 6313/6313 564/564 7468/7468
f 2138/2138 7468/7468 588/588
f 2193/2193 44/44 4961/4961
f 3315/3315 4961/4961 987/987
f 2191/2191 3063/3063 2475/2475
f 6129/6129 2815/2815 1055/1055
f 6129/6129 1055/1055 80/80
f 6129/6129 80/80 3763/3763
f 5645/5645 6129/6129 3763/3763
f 3417/3417 784/784 7257/7257
f 2970/2970 3678/3678 6359/6359
f 5065/5065 299/299 6920/6920
f 6920/6920 299/299 2583/2583
f 6920/6920 2583/2583 3439/3439
f 3439/3439 2583/2583 2385/2385
f 2385/2385 1989/1989 67/67
f 1989/1989 4385/4385 872/872
f 4859/4859 4737/4737 1564/1564
f 1646/1646 4859/4859 1564/1564
f 1564/1564 4737/4737 5985/5985
f 5985/5985 5065/5065 4564/4564
f 4243/4243 1949/1949 3272/3272
f 2777/2777 843/843 5090/5090
f 129/129 5043/5043 6195/6195
f 5263/5263 2791/2791 935/935
f 1470/1470 1569/1569 4408/4408
f 6030/6030 2769/2769 3743/3743
f 3743/3743 4011/4011 5677/5677
f 5677/5677 4011/4011 2322/2322
f 5677/5677 2322/2322 3905/3905
f 1516/1516 1489/1489 3913/3913
f 3913/3913 4022/4022 3860/3860
f 1066/1066 2023/2023 6042/6042
f 6042/6042 206/206 1950/1950
f 1950/1950 206/206 455/455
f 7017/7017 6012/6012 5908/5908
f 7017/7017 5908/5908 4183/4183
f 1842/1842 4183/4183 2759/2759
f 987/987 7633/7633 2785/2785
f 5079/5079 3763/3763 7210/7210
f 5645/5645 3763/3763 3187/3187
f 3187/3187 3763/3763 5079/5079
f 1548/1548 4535/4535 6732/6732
f 7257/7257 784/784 1548/1548
f 1485/1485 3417/3417 7257/7257
f 2970/2970 6359/6359 2407/2407
f 2407/2407 6359/6359 1485/1485
f 4496/4496 6391/6391 2970/2970
f 5065/5065 6920/6920 4829/4829
f 3439/3439 2385/2385 353/353
f 353/353 2385/2385 67/67
f 67/67 1989/1989 872/872
f 872/872 4385/4385 1441/1441
f 1441/1441 4385/4385 6928/6928
f 1441/1441 6928/6928 4496/4496
f 6519/6519 1646/1646 1564/1564
f 1564/1564 5985/5985 4564/4564
f 4564/4564 5065/5065 4829/4829
f 1210/1210 7609/7609 3819/3819
f 4220/4220 5553/5553 4699/4699
f 3008/3008 4220/4220 4699/4699
f 5553/5553 847/847 4699/4699
f 4410/4410 7614/7614 4243/4243
f 4294/4294 129/129 6195/6195
f 6195/6195 5043/5043 5263/5263
f 5366/5366 4985/4985 5823/5823
f 5366/5366 5823/5823 931/931
f 6021/6021 4011/4011 3743/3743
f 2322/2322 7072/7072 3905/3905
f 3905/3905 7072/7072 3886/3886
f 3860/3860 4022/4022 2023/2023
f 6042/6042 2023/2023 1909/1909
f 7253/7253 239/239 5614/5614
f 823/823 5673/5673 5306/5306
f 5306/5306 5673/5673 6012/6012
f 2759/2759 3695/3695 1603/1603
f 3172/3172 6065/6065 6268/6268
f 7468/7468 564/564 2424/2424
f 588/588 7468/7468 2424/2424
f 1090/1090 5118/5118 6006/6006
f 5608/5608 3063/3063 1090/1090
f 1055/1055 2475/2475 7036/7036
f 2475/2475 5608/5608 7036/7036
f 119/119 3187/3187 2666/2666
f 6732/6732 119/119 4391/4391
f 1548/1548 6732/6732 3713/3713
f 6732/6732 4391/4391 3713/3713
f 1485/1485 7257/7257 7617/7617
f 7617/7617 7257/7257 4278/4278
f 2407/2407 1485/1485 7617/7617
f 2970/2970 2407/2407 3275/3275
f 5887/5887 4496/4496 3246/3246
f 4496/4496 2970/2970 3246/3246
f 3246/3246 2970/2970 6251/6251
f 1441/1441 4496/4496 5887/5887
f 6519/6519 1564/1564 3313/3313
f 3313/3313 1564/1564 4564/4564
f 1867/1867 167/167 7614/7614
f 2851/2851 3272/3272 4076/4076
f 3129/3129 2777/2777 2980/2980
f 7516/7516 5263/5263 935/935
f 23/23 7645/7645 5611/5611
f 1569/1569 5611/5611 733/733
f 1569/1569 733/733 4408/4408
f 931/931 5823/5823 5555/5555
f 2769/2769 6021/6021 3743/3743
f 1489/1489 7072/7072 3764/3764
f 3764/3764 6285/6285 1489/1489
f 4022/4022 2109/2109 2023/2023
f 2023/2023 2109/2109 2938/2938
f 2023/2023 2938/2938 1909/1909
f 1246/1246 7589/7589 206/206
f 5614/5614 271/271 823/823
f 823/823 3240/3240 5673/5673
f 6012/6012 5673/5673 1420/1420
f 6012/6012 1420/1420 5908/5908
f 4183/4183 5908/5908 3664/3664
f 3664/3664 4921/4921 2759/2759
f 3172/3172 4772/4772 5842/5842
f 7036/7036 5608/5608 155/155
f 3826/3826 1055/1055 7036/7036
f 7210/7210 80/80 6845/6845
f 80/80 3826/3826 6845/6845
f 3187/3187 5079/5079 2312/2312
f 4391/4391 119/119 2666/2666
f 7257/7257 1548/1548 4278/4278
f 4278/4278 1548/1548 3078/3078
f 2407/2407 7617/7617 2004/2004
f 2004/2004 7617/7617 4370/4370
f 2970/2970 3275/3275 6251/6251
f 1012/1012 353/353 3145/3145
f 3145/3145 353/353 67/67
f 3145/3145 67/67 872/872
f 872/872 1441/1441 5929/5929
f 1441/1441 5887/5887 5929/5929
f 3313/3313 4564/4564 5803/5803
f 4564/4564 4829/4829 7496/7496
f 6920/6920 3439/3439 3642/3642
f 3439/3439 353/353 1012/1012
f 5258/5258 1210/1210 7524/7524
f 4699/4699 1867/1867 5465/5465
f 4410/4410 4243/4243 2851/2851
f 6956/6956 4076/4076 2777/2777
f 2777/2777 3129/3129 4891/4891
f 1156/1156 4294/4294 1161/1161
f 6285/6285 40/40 4022/4022
f 1909/1909 1246/1246 206/206
f 5673/5673 3240/3240 1420/1420
f 5908/5908 1420/1420 7568/7568
f 5908/5908 7568/7568 3664/3664
f 3664/3664 7568/7568 4921/4921
f 1603/1603 3695/3695 4498/4498
f 6065/6065 1603/1603 4498/4498
f 3172/3172 6268/6268 4772/4772
f 3826/3826 7036/7036 5057/5057
f 938/938 7210/7210 6845/6845
f 3638/3638 7210/7210 938/938
f 2666/2666 3187/3187 2312/2312
f 4904/4904 3713/3713 4391/4391
f 1548/1548 3713/3713 4904/4904
f 3078/3078 1548/1548 4904/4904
f 4937/4937 4278/4278 3078/3078
f 4370/4370 7617/7617 4278/4278
f 872/872 2852/2852 3145/3145
f 2852/2852 872/872 5929/5929
f 7524/7524 6519/6519 3313/3313
f 2431/2431 5803/5803 4564/4564
f 2431/2431 4564/4564 7496/7496
f 7496/7496 4829/4829 6920/6920
f 7496/7496 6920/6920 3642/3642
f 7496/7496 3642/3642 2604/2604
f 3642/3642 3439/3439 1012/1012
f 1867/1867 4410/4410 615/615
f 6256/6256 6260/6260 1156/1156
f 5611/5611 7645/7645 733/733
f 2769/2769 3212/3212 6021/6021
f 5140/5140 1215/1215 2322/2322
f 7072/7072 1215/1215 1467/1467
f 5614/5614 4846/4846 5/5
f 271/271 3018/3018 4898/4898
f 271/271 4898/4898 3240/3240
f 1420/1420 3240/3240 1359/1359
f 4498/4498 3695/3695 2562/2562
f 4498/4498 2921/2921 6065/6065
f 6268/6268 6065/6065 2921/2921
f 2424/2424 5842/5842 2327/2327
f 7036/7036 3342/3342 5057/5057
f 2312/2312 3638/3638 2868/2868
f 4391/4391 2666/2666 6876/6876
f 1562/1562 4391/4391 6876/6876
f 4904/4904 4391/4391 1562/1562
f 4370/4370 4278/4278 4937/4937
f 3275/3275 2407/2407 2004/2004
f 2004/2004 4370/4370 866/866
f 5887/5887 3246/3246 7148/7148
f 1012/1012 3145/3145 1708/1708
f 3145/3145 2852/2852 1040/1040
f 2477/2477 2852/2852 5929/5929
f 3301/3301 5929/5929 5887/5887
f 7524/7524 3313/3313 5803/5803
f 7517/7517 7524/7524 5803/5803
f 3642/3642 1012/1012 2604/2604
f 2325/2325 5258/5258 7524/7524
f 2325/2325 7524/7524 7517/7517
f 4685/4685 5258/5258 2325/2325
f 1100/1100 3008/3008 1022/1022
f 5465/5465 1867/1867 7161/7161
f 1257/1257 2851/2851 6956/6956
f 6956/6956 2777/2777 338/338
f 338/338 2777/2777 4891/4891
f 4891/4891 3129/3129 2980/2980
f 3750/3750 6256/6256 1156/1156
f 256/256 6195/6195 7516/7516
f 5145/5145 1081/1081 5823/5823
f 5555/5555 2442/2442 2769/2769
f 2769/2769 2956/2956 3212/3212
f 6285/6285 2348/2348 7207/7207
f 2938/2938 4046/4046 1909/1909
f 4898/4898 3707/3707 3240/3240
f 3240/3240 3707/3707 1359/1359
f 1420/1420 2895/2895 7568/7568
f 7568/7568 2895/2895 4921/4921
f 5045/5045 2347/2347 719/719
f 155/155 2347/2347 5045/5045
f 155/155 5045/5045 3342/3342
f 1906/1906 5057/5057 2765/2765
f 6845/6845 5057/5057 1906/1906
f 938/938 6845/6845 1906/1906
f 2666/2666 2312/2312 6110/6110
f 6876/6876 2666/2666 6110/6110
f 5593/5593 3078/3078 4904/4904
f 4937/4937 3078/3078 5593/5593
f 4370/4370 4937/4937 969/969
f 7597/7597 6251/6251 3275/3275
f 7597/7597 3275/3275 5995/5995
f 7148/7148 3246/3246 6251/6251
f 2604/2604 1012/1012 1708/1708
f 1708/1708 3145/3145 1452/1452
f 3145/3145 1040/1040 1452/1452
f 2852/2852 2477/2477 1040/1040
f 2477/2477 5929/5929 3301/3301
f 3301/3301 5887/5887 7148/7148
f 2431/2431 7496/7496 998/998
f 998/998 7496/7496 2604/2604
f 615/615 4410/4410 7358/7358
f 4410/4410 2851/2851 7358/7358
f 256/256 7516/7516 6258/6258
f 6258/6258 7516/7516 935/935
f 3750/3750 1156/1156 1161/1161
f 4294/4294 6195/6195 3635/3635
f 2442/2442 2956/2956 2769/2769
f 3212/3212 2124/2124 5140/5140
f 2348/2348 1467/1467 740/740
f 1056/1056 7572/7572 7589/7589
f 1909/1909 4046/4046 1246/1246
f 7589/7589 7572/7572 4846/4846
f 4846/4846 2343/2343 5/5
f 2921/2921 468/468 6268/6268
f 3342/3342 446/446 2765/2765
f 2868/2868 3638/3638 938/938
f 2312/2312 2868/2868 6110/6110
f 6876/6876 6110/6110 1667/1667
f 7434/7434 6876/6876 1667/1667
f 5593/5593 4904/4904 1562/1562
f 969/969 4937/4937 5593/5593
f 866/866 4370/4370 969/969
f 5995/5995 2004/2004 866/866
f 7148/7148 6251/6251 7597/7597
f 1452/1452 1040/1040 6154/6154
f 6154/6154 1040/1040 2477/2477
f 2981/2981 2325/2325 7517/7517
f 7517/7517 5803/5803 6593/6593
f 5803/5803 2431/2431 6593/6593
f 6593/6593 2431/2431 4257/4257
f 4257/4257 2431/2431 998/998
f 5704/5704 1100/1100 1022/1022
f 7358/7358 2851/2851 1257/1257
f 4327/4327 3037/3037 6956/6956
f 4327/4327 6956/6956 338/338
f 4891/4891 2980/2980 5320/5320
f 3635/3635 6195/6195 256/256
f 2956/2956 2124/2124 3212/3212
f 740/740 4247/4247 2348/2348
f 40/40 7207/7207 4046/4046
f 7572/7572 7613/7613 4846/4846
f 4772/4772 6268/6268 4863/4863
f 3342/3342 5045/5045 2294/2294
f 2765/2765 446/446 6615/6615
f 938/938 1906/1906 3180/3180
f 6110/6110 2868/2868 999/999
f 6110/6110 999/999 1667/1667
f 969/969 5593/5593 1312/1312
f 2943/2943 866/866 969/969
f 7148/7148 7597/7597 4890/4890
f 4890/4890 7597/7597 5995/5995
f 3301/3301 7148/7148 2703/2703
f 1708/1708 1452/1452 4444/4444
f 4444/4444 1452/1452 6154/6154
f 2981/2981 7517/7517 6593/6593
f 3041/3041 4685/4685 5450/5450
f 6746/6746 5465/5465 7161/7161
f 7161/7161 615/615 1311/1311
f 4327/4327 338/338 2096/2096
f 6004/6004 4891/4891 5320/5320
f 5289/5289 7324/7324 2637/2637
f 3555/3555 3805/3805 2442/2442
f 2442/2442 3805/3805 2956/2956
f 3204/3204 1133/1133 2124/2124
f 2124/2124 1133/1133 1467/1467
f 5896/5896 6862/6862 4046/4046
f 2562/2562 2841/2841 1521/1521
f 2562/2562 7545/7545 2921/2921
f 3180/3180 1906/1906 2765/2765
f 2077/2077 3180/3180 2765/2765
f 7434/7434 1667/1667 6544/6544
f 5593/5593 1562/1562 1660/1660
f 6712/6712 969/969 1312/1312
f 2943/2943 969/969 6712/6712
f 5995/5995 866/866 2943/2943
f 2703/2703 7148/7148 4890/4890
f 151/151 3301/3301 2703/2703
f 151/151 2703/2703 7244/7244
f 4257/4257 998/998 2889/2889
f 2889/2889 998/998 2604/2604
f 2604/2604 1708/1708 3737/3737
f 1743/1743 1708/1708 4444/4444
f 4444/4444 6154/6154 3768/3768
f 3768/3768 6154/6154 2477/2477
f 3768/3768 2477/2477 1579/1579
f 2477/2477 3301/3301 1579/1579
f 443/443 2981/2981 6593/6593
f 5704/5704 1022/1022 6746/6746
f 2159/2159 5704/5704 6746/6746
f 6746/6746 1022/1022 5465/5465
f 198/198 7161/7161 1311/1311
f 4113/4113 3009/3009 2305/2305
f 2305/2305 3009/3009 3635/3635
f 3635/3635 256/256 4130/4130
f 4130/4130 256/256 4161/4161
f 2637/2637 780/780 620/620
f 31/31 4465/4465 4898/4898
f 4898/4898 4465/4465 1417/1417
f 1359/1359 2064/2064 6159/6159
f 2895/2895 6159/6159 4343/4343
f 2921/2921 7545/7545 6608/6608
f 2765/2765 6615/6615 2077/2077
f 4488/4488 1667/1667 999/999
f 6544/6544 1667/1667 4488/4488
f 1660/1660 7434/7434 6544/6544
f 1312/1312 5593/5593 1660/1660
f 1312/1312 1660/1660 2821/2821
f 6338/6338 2703/2703 4890/4890
f 2889/2889 2604/2604 3737/3737
f 3737/3737 1708/1708 1743/1743
f 98/98 443/443 6593/6593
f 6746/6746 7161/7161 198/198
f 5313/5313 3037/3037 4327/4327
f 5313/5313 4327/4327 2096/2096
f 4161/4161 6258/6258 2992/2992
f 7613/7613 7572/7572 3382/3382
f 690/690 4343/4343 1521/1521
f 2562/2562 1521/1521 7545/7545
f 468/468 6608/6608 7168/7168
f 3718/3718 3180/3180 2077/2077
f 999/999 3180/3180 5236/5236
f 999/999 5236/5236 4488/4488
f 5472/5472 1660/1660 6544/6544
f 2821/2821 1660/1660 5472/5472
f 7068/7068 6712/6712 1312/1312
f 7068/7068 1312/1312 4335/4335
f 6341/6341 2943/2943 6712/6712
f 6338/6338 4890/4890 1583/1583
f 1583/1583 4890/4890 5995/5995
f 5995/5995 2943/2943 1583/1583
f 2703/2703 6338/6338 7244/7244
f 4444/4444 3768/3768 6314/6314
f 50/50 3768/3768 1579/1579
f 5811/5811 4257/4257 2889/2889
f 5811/5811 2889/2889 6692/6692
f 2889/2889 3737/3737 6692/6692
f 3737/3737 1743/1743 5597/5597
f 3636/3636 1743/1743 4444/4444
f 98/98 6593/6593 5811/5811
f 6593/6593 4257/4257 5811/5811
f 5450/5450 98/98 1616/1616
f 905/905 6746/6746 198/198
f 198/198 1311/1311 7719/7719
f 7719/7719 1311/1311 6787/6787
f 5313/5313 2096/2096 1935/1935
f 7324/7324 7094/7094 4179/4179
f 1651/1651 3555/3555 476/476
f 745/745 1972/1972 5896/5896
f 1056/1056 914/914 7572/7572
f 31/31 6122/6122 4465/4465
f 5034/5034 3735/3735 1462/1462
f 6341/6341 6712/6712 7068/7068
f 1583/1583 2943/2943 2269/2269
f 5884/5884 151/151 7244/7244
f 5597/5597 1743/1743 3636/3636
f 7522/7522 3636/3636 4444/4444
f 7522/7522 4444/4444 6314/6314
f 6314/6314 3768/3768 50/50
f 1457/1457 1579/1579 151/151
f 6692/6692 3737/3737 5597/5597
f 1616/1616 98/98 2715/2715
f 82/82 1616/1616 2715/2715
f 3095/3095 7719/7719 6787/6787
f 3095/3095 6787/6787 2602/2602
f 3906/3906 2602/2602 5313/5313
f 2876/2876 2096/2096 6004/6004
f 6004/6004 5320/5320 1585/1585
f 1585/1585 5320/5320 4526/4526
f 7710/7710 3750/3750 4113/4113
f 339/339 4113/4113 2305/2305
f 5896/5896 4437/4437 6862/6862
f 6862/6862 914/914 1056/1056
f 4465/4465 591/591 1417/1417
f 2064/2064 3149/3149 1852/1852
f 1852/1852 3310/3310 4343/4343
f 4343/4343 3059/3059 1521/1521
f 1521/1521 3059/3059 2101/2101
f 3312/3312 3427/3427 2360/2360
f 5499/5499 3312/3312 5560/5560
f 6918/6918 37/37 7671/7671
f 3491/3491 5236/5236 3718/3718
f 4488/4488 5236/5236 3491/3491
f 405/405 6544/6544 4488/4488
f 4335/4335 1312/1312 2821/2821
f 6341/6341 7068/7068 1097/1097
f 1457/1457 151/151 5884/5884
f 6692/6692 5597/5597 761/761
f 50/50 1579/1579 1457/1457
f 2715/2715 98/98 5811/5811
f 699/699 5811/5811 6692/6692
f 5129/5129 2159/2159 6746/6746
f 1935/1935 2096/2096 2876/2876
f 7710/7710 4113/4113 2572/2572
f 2572/2572 4113/4113 339/339
f 339/339 2305/2305 4482/4482
f 4161/4161 2992/2992 5471/5471
f 895/895 3473/3473 780/780
f 4465/4465 2122/2122 591/591
f 3718/3718 2077/2077 2988/2988
f 2821/2821 5472/5472 3907/3907
f 1097/1097 7068/7068 4335/4335
f 2269/2269 2943/2943 6341/6341
f 6314/6314 50/50 1457/1457
f 699/699 6692/6692 1894/1894
f 1894/1894 6692/6692 761/761
f 5597/5597 3636/3636 761/761
f 7582/7582 3636/3636 7522/7522
f 82/82 2715/2715 2740/2740
f 2740/2740 2715/2715 5811/5811
f 2740/2740 5811/5811 7283/7283
f 7283/7283 5811/5811 699/699
f 6794/6794 919/919 2740/2740
f 5129/5129 6746/6746 3800/3800
f 3800/3800 6746/6746 905/905
f 1822/1822 5313/5313 1935/1935
f 4482/4482 4130/4130 5471/5471
f 7397/7397 4700/4700 6506/6506
f 6506/6506 1528/1528 237/237
f 6122/6122 1826/1826 6757/6757
f 4343/4343 6302/6302 3059/3059
f 6261/6261 3491/3491 3718/3718
f 4738/4738 3491/3491 6261/6261
f 1408/1408 405/405 4488/4488
f 5472/5472 405/405 5973/5973
f 38/38 1097/1097 4335/4335
f 38/38 4335/4335 2821/2821
f 1493/1493 5884/5884 6338/6338
f 1493/1493 6338/6338 1583/1583
f 1493/1493 1583/1583 2433/2433
f 2433/2433 1583/1583 2269/2269
f 4750/4750 5884/5884 1493/1493
f 7582/7582 761/761 3636/3636
f 1457/1457 5884/5884 4750/4750
f 1894/1894 761/761 6632/6632
f 6632/6632 761/761 512/512
f 3800/3800 905/905 198/198
f 3800/3800 198/198 384/384
f 7719/7719 3095/3095 230/230
f 3033/3033 3095/3095 3906/3906
f 7008/7008 3906/3906 1822/1822
f 4482/4482 5471/5471 5390/5390
f 7397/7397 6330/6330 4700/4700
f 591/591 2686/2686 48/48
f 48/48 2686/2686 775/775
f 3149/3149 775/775 5358/5358
f 3149/3149 5358/5358 778/778
f 3310/3310 778/778 6302/6302
f 6608/6608 7439/7439 4322/4322
f 4158/4158 4701/4701 5557/5557
f 1408/1408 3491/3491 4738/4738
f 2351/2351 405/405 1408/1408
f 4456/4456 6341/6341 1097/1097
f 761/761 7582/7582 512/512
f 7582/7582 7522/7522 3169/3169
f 3169/3169 7522/7522 6314/6314
f 3169/3169 6314/6314 543/543
f 1774/1774 6314/6314 1457/1457
f 5238/5238 6794/6794 2740/2740
f 5238/5238 2740/2740 7283/7283
f 230/230 3095/3095 3033/3033
f 5471/5471 1593/1593 5390/5390
f 1935/1935 2876/2876 2566/2566
f 1585/1585 4526/4526 5351/5351
f 4526/4526 7710/7710 5825/5825
f 6757/6757 6993/6993 591/591
f 1408/1408 4738/4738 5620/5620
f 5973/5973 405/405 2351/2351
f 3907/3907 5472/5472 5973/5973
f 4438/4438 38/38 2821/2821
f 5388/5388 1097/1097 38/38
f 2269/2269 6341/6341 4456/4456
f 4242/4242 2433/2433 3440/3440
f 3440/3440 2433/2433 2269/2269
f 3985/3985 1493/1493 7300/7300
f 1774/1774 1457/1457 4750/4750
f 5238/5238 7283/7283 5364/5364
f 5364/5364 7283/7283 7125/7125
f 7125/7125 7283/7283 4731/4731
f 4731/4731 7283/7283 699/699
f 4731/4731 699/699 1894/1894
f 5897/5897 6794/6794 5238/5238
f 230/230 3033/3033 1/1
f 7008/7008 1822/1822 661/661
f 2876/2876 1585/1585 2566/2566
f 2566/2566 1585/1585 5351/5351
f 7710/7710 2572/2572 5825/5825
f 5825/5825 2572/2572 7189/7189
f 2572/2572 339/339 7189/7189
f 4482/4482 5390/5390 3607/3607
f 2482/2482 2486/2486 6107/6107
f 2686/2686 61/61 775/775
f 3059/3059 6302/6302 1383/1383
f 3059/3059 1383/1383 1711/1711
f 2787/2787 6261/6261 2988/2988
f 3809/3809 3907/3907 5973/5973
f 4438/4438 2821/2821 3907/3907
f 5388/5388 38/38 4438/4438
f 4456/4456 1097/1097 5388/5388
f 3440/3440 2269/2269 4456/4456
f 3440/3440 4456/4456 1908/1908
f 7300/7300 1493/1493 2430/2430
f 2430/2430 1493/1493 2433/2433
f 1493/1493 3985/3985 4750/4750
f 543/543 6314/6314 1774/1774
f 1894/1894 6632/6632 4731/4731
f 4731/4731 6632/6632 5564/5564
f 6632/6632 512/512 4870/4870
f 5859/5859 5238/5238 5364/5364
f 1622/1622 5129/5129 1269/1269
f 1269/1269 5129/5129 3800/3800
f 3607/3607 339/339 4482/4482
f 3607/3607 5390/5390 1277/1277
f 5351/5351 4526/4526 5825/5825
f 993/993 7018/7018 2108/2108
f 7439/7439 459/459 4322/4322
f 2699/2699 4158/4158 5557/5557
f 7551/7551 7089/7089 1517/1517
f 5820/5820 7089/7089 7551/7551
f 2351/2351 1408/1408 6509/6509
f 6509/6509 1408/1408 5620/5620
f 4438/4438 3907/3907 3809/3809
f 1779/1779 4750/4750 5830/5830
f 5830/5830 4750/4750 3985/3985
f 4870/4870 512/512 1533/1533
f 1533/1533 512/512 7582/7582
f 5564/5564 6632/6632 3502/3502
f 3502/3502 6632/6632 4870/4870
f 1269/1269 3800/3800 6495/6495
f 3800/3800 384/384 4380/4380
f 4380/4380 384/384 1411/1411
f 1411/1411 384/384 3401/3401
f 6249/6249 2566/2566 4946/4946
f 4946/4946 2566/2566 5351/5351
f 7189/7189 339/339 3607/3607
f 7018/7018 4572/4572 2108/2108
f 1711/1711 1383/1383 1102/1102
f 5142/5142 2699/2699 5723/5723
f 6509/6509 5620/5620 5031/5031
f 5973/5973 2351/2351 381/381
f 2430/2430 2433/2433 2932/2932
f 2932/2932 2433/2433 4242/4242
f 5830/5830 3985/3985 3796/3796
f 3796/3796 3985/3985 7300/7300
f 543/543 1774/1774 3881/3881
f 3881/3881 1774/1774 909/909
f 909/909 1774/1774 1779/1779
f 1533/1533 7582/7582 4690/4690
f 7582/7582 3169/3169 4690/4690
f 3169/3169 543/543 4690/4690
f 5859/5859 5364/5364 5434/5434
f 5434/5434 5364/5364 7125/7125
f 5897/5897 5859/5859 7190/7190
f 1290/1290 3401/3401 230/230
f 6495/6495 3800/3800 4380/4380
f 1/1 7008/7008 6622/6622
f 6622/6622 7008/7008 3814/3814
f 3814/3814 7008/7008 661/661
f 3814/3814 661/661 6249/6249
f 6249/6249 661/661 2566/2566
f 7332/7332 3607/3607 1277/1277
f 2217/2217 6261/6261 2787/2787
f 2351/2351 6509/6509 381/381
f 3702/3702 5973/5973 381/381
f 3809/3809 5973/5973 3702/3702
f 4438/4438 3809/3809 5728/5728
f 734/734 1908/1908 4456/4456
f 734/734 4456/4456 5388/5388
f 3125/3125 3440/3440 1908/1908
f 3796/3796 7300/7300 2430/2430
f 4870/4870 1533/1533 4111/4111
f 4111/4111 1533/1533 4690/4690
f 2968/2968 4690/4690 543/543
f 2968/2968 543/543 3881/3881
f 7125/7125 4731/4731 7656/7656
f 7656/7656 4731/4731 5564/5564
f 7190/7190 5859/5859 5434/5434
f 2892/2892 7190/7190 5434/5434
f 7332/7332 1277/1277 7171/7171
f 7189/7189 3607/3607 4614/4614
f 4614/4614 3607/3607 7332/7332
f 2787/2787 5820/5820 7631/7631
f 5031/5031 6261/6261 2217/2217
f 381/381 6509/6509 7556/7556
f 734/734 5388/5388 5102/5102
f 5102/5102 5388/5388 4438/4438
f 1764/1764 3125/3125 1908/1908
f 1764/1764 1908/1908 734/734
f 3125/3125 2932/2932 4242/4242
f 4242/4242 3440/3440 3125/3125
f 909/909 1779/1779 1326/1326
f 1326/1326 1779/1779 5830/5830
f 5564/5564 3502/3502 4338/4338
f 1766/1766 3502/3502 4870/4870
f 7158/7158 4111/4111 2968/2968
f 4111/4111 4690/4690 2968/2968
f 7158/7158 2968/2968 3900/3900
f 2221/2221 2968/2968 3881/3881
f 2892/2892 5434/5434 366/366
f 366/366 5434/5434 7125/7125
f 366/366 7125/7125 147/147
f 7125/7125 7656/7656 147/147
f 41/41 7190/7190 2892/2892
f 2512/2512 303/303 7222/7222
f 4380/4380 1411/1411 4262/4262
f 3401/3401 1290/1290 1411/1411
f 1290/1290 230/230 1/1
f 1810/1810 1/1 6622/6622
f 3814/3814 6249/6249 199/199
f 5162/5162 4841/4841 193/193
f 1155/1155 5162/5162 193/193
f 3610/3610 4730/4730 6210/6210
f 1102/1102 6440/6440 7113/7113
f 2856/2856 6205/6205 3540/3540
f 7556/7556 6509/6509 5031/5031
f 5728/5728 3809/3809 1433/1433
f 5102/5102 4438/4438 5728/5728
f 1048/1048 734/734 5102/5102
f 6522/6522 3796/3796 6742/6742
f 6742/6742 3796/3796 2430/2430
f 6742/6742 2430/2430 2932/2932
f 1326/1326 5830/5830 6522/6522
f 6522/6522 5830/5830 3796/3796
f 2968/2968 2221/2221 3900/3900
f 2221/2221 3881/3881 909/909
f 2221/2221 909/909 508/508
f 147/147 7656/7656 5107/5107
f 7656/7656 5564/5564 4338/4338
f 5107/5107 7656/7656 4338/4338
f 4338/4338 3502/3502 1766/1766
f 1766/1766 4870/4870 4111/4111
f 6495/6495 4380/4380 4262/4262
f 3114/3114 1269/1269 3186/3186
f 3186/3186 1269/1269 6495/6495
f 5351/5351 5825/5825 4554/4554
f 4554/4554 5825/5825 3355/3355
f 3355/3355 4614/4614 841/841
f 4614/4614 7332/7332 841/841
f 3967/3967 2206/2206 6885/6885
f 3967/3967 6885/6885 1815/1815
f 3648/3648 113/113 266/266
f 3334/3334 381/381 7556/7556
f 1433/1433 381/381 3334/3334
f 3702/3702 381/381 1433/1433
f 1048/1048 5102/5102 5728/5728
f 1764/1764 734/734 1048/1048
f 2932/2932 3125/3125 3314/3314
f 508/508 909/909 1326/1326
f 2930/2930 2892/2892 366/366
f 2930/2930 366/366 2813/2813
f 2813/2813 366/366 147/147
f 4397/4397 41/41 2930/2930
f 3186/3186 6495/6495 2044/2044
f 2044/2044 6495/6495 4262/4262
f 1520/1520 4262/4262 1411/1411
f 1520/1520 1411/1411 1290/1290
f 5446/5446 3814/3814 199/199
f 6836/6836 865/865 5351/5351
f 6836/6836 5351/5351 4554/4554
f 841/841 7332/7332 7171/7171
f 3051/3051 1048/1048 5728/5728
f 714/714 3125/3125 1764/1764
f 6742/6742 2932/2932 3314/3314
f 3900/3900 2221/2221 5893/5893
f 5893/5893 2221/2221 508/508
f 2813/2813 147/147 7322/7322
f 7322/7322 147/147 5107/5107
f 1766/1766 4111/4111 7158/7158
f 1333/1333 7171/7171 3371/3371
f 2044/2044 4262/4262 4091/4091
f 304/304 7304/7304 2066/2066
f 1815/1815 6885/6885 6436/6436
f 3051/3051 5728/5728 6310/6310
f 6310/6310 5728/5728 1433/1433
f 1048/1048 3051/3051 126/126
f 714/714 1764/1764 1613/1613
f 1613/1613 1764/1764 1048/1048
f 3314/3314 3125/3125 714/714
f 1326/1326 6522/6522 2390/2390
f 2390/2390 6522/6522 6742/6742
f 5151/5151 1766/1766 7158/7158
f 5151/5151 7158/7158 5381/5381
f 7158/7158 3900/3900 5381/5381
f 4489/4489 2930/2930 2813/2813
f 3232/3232 4397/4397 4489/4489
f 3466/3466 1520/1520 1290/1290
f 704/704 3114/3114 3186/3186
f 3144/3144 979/979 3626/3626
f 2217/2217 1986/1986 4931/4931
f 4711/4711 2217/2217 4931/4931
f 7556/7556 1475/1475 104/104
f 7486/7486 7556/7556 104/104
f 6310/6310 1433/1433 3334/3334
f 126/126 3051/3051 6310/6310
f 282/282 1048/1048 126/126
f 282/282 1613/1613 1048/1048
f 2390/2390 6742/6742 3314/3314
f 2390/2390 3314/3314 5902/5902
f 7717/7717 508/508 1326/1326
f 7717/7717 1326/1326 7145/7145
f 5381/5381 3900/3900 1482/1482
f 1482/1482 3900/3900 5893/5893
f 5107/5107 4338/4338 1673/1673
f 1673/1673 4338/4338 1766/1766
f 1766/1766 5151/5151 4740/4740
f 704/704 3186/3186 7273/7273
f 3186/3186 2044/2044 4091/4091
f 7273/7273 3186/3186 4091/4091
f 3261/3261 4091/4091 4262/4262
f 3261/3261 4262/4262 2705/2705
f 2705/2705 4262/4262 1520/1520
f 3466/3466 1290/1290 3181/3181
f 3466/3466 3181/3181 1810/1810
f 5446/5446 199/199 2362/2362
f 6795/6795 199/199 865/865
f 6795/6795 865/865 6836/6836
f 6836/6836 4554/4554 2918/2918
f 4554/4554 3355/3355 2918/2918
f 2918/2918 3355/3355 6528/6528
f 6528/6528 3355/3355 841/841
f 4935/4935 7171/7171 1333/1333
f 117/117 3366/3366 6885/6885
f 4704/4704 1136/1136 4977/4977
f 1276/1276 3869/3869 6143/6143
f 2426/2426 267/267 4730/4730
f 4756/4756 7631/7631 1973/1973
f 7486/7486 3334/3334 7556/7556
f 5902/5902 3314/3314 714/714
f 7145/7145 1326/1326 6387/6387
f 6387/6387 1326/1326 2390/2390
f 6219/6219 1482/1482 5893/5893
f 6219/6219 5893/5893 508/508
f 6219/6219 508/508 7717/7717
f 1673/1673 7322/7322 5107/5107
f 1673/1673 1766/1766 4740/4740
f 478/478 4740/4740 5151/5151
f 478/478 5151/5151 5381/5381
f 3489/3489 4489/4489 2813/2813
f 3489/3489 2813/2813 1052/1052
f 1052/1052 2813/2813 7322/7322
f 1052/1052 7322/7322 78/78
f 5689/5689 7171/7171 4935/4935
f 3466/3466 1810/1810 1425/1425
f 1810/1810 5446/5446 7547/7547
f 2362/2362 199/199 6795/6795
f 3334/3334 7486/7486 5841/5841
f 7047/7047 126/126 6310/6310
f 781/781 282/282 126/126
f 7115/7115 1613/1613 282/282
f 5902/5902 714/714 7550/7550
f 7550/7550 714/714 7127/7127
f 7127/7127 714/714 1613/1613
f 6387/6387 2390/2390 814/814
f 814/814 2390/2390 5902/5902
f 478/478 5381/5381 1482/1482
f 78/78 7322/7322 1673/1673
f 7273/7273 4091/4091 3261/3261
f 3261/3261 2705/2705 88/88
f 1810/1810 7547/7547 1425/1425
f 841/841 5689/5689 2907/2907
f 670/670 933/933 5441/5441
f 7601/7601 4931/4931 4756/4756
f 4982/4982 7486/7486 104/104
f 5841/5841 6310/6310 3334/3334
f 7047/7047 6310/6310 5841/5841
f 126/126 7047/7047 154/154
f 781/781 126/126 154/154
f 7127/7127 1613/1613 7115/7115
f 7115/7115 282/282 781/781
f 814/814 5902/5902 7550/7550
f 726/726 7145/7145 6387/6387
f 3654/3654 78/78 1673/1673
f 3654/3654 1673/1673 7431/7431
f 7431/7431 1673/1673 7045/7045
f 1673/1673 4740/4740 7045/7045
f 4740/4740 478/478 2792/2792
f 704/704 7273/7273 1180/1180
f 1180/1180 7273/7273 3261/3261
f 88/88 2705/2705 3466/3466
f 7547/7547 2362/2362 7178/7178
f 7178/7178 2362/2362 6795/6795
f 6795/6795 2918/2918 3965/3965
f 3965/3965 2918/2918 6173/6173
f 5841/5841 7486/7486 4982/4982
f 478/478 1482/1482 2747/2747
f 2747/2747 1482/1482 1106/1106
f 1106/1106 1482/1482 6219/6219
f 1106/1106 6219/6219 7717/7717
f 6638/6638 7717/7717 7145/7145
f 6638/6638 7145/7145 726/726
f 2792/2792 7045/7045 4740/4740
f 3396/3396 2792/2792 478/478
f 152/152 3489/3489 1052/1052
f 152/152 1052/1052 2871/2871
f 2871/2871 1052/1052 78/78
f 2871/2871 78/78 3654/3654
f 4568/4568 3466/3466 3981/3981
f 7178/7178 6795/6795 3965/3965
f 6173/6173 6528/6528 2907/2907
f 785/785 871/871 1136/1136
f 2391/2391 7047/7047 5841/5841
f 7127/7127 7115/7115 2989/2989
f 6387/6387 814/814 6994/6994
f 1106/1106 7717/7717 6638/6638
f 3396/3396 478/478 2747/2747
f 7431/7431 7045/7045 5824/5824
f 1180/1180 3261/3261 7704/7704
f 7704/7704 3261/3261 5202/5202
f 5202/5202 3261/3261 88/88
f 1425/1425 7547/7547 7178/7178
f 704/704 1180/1180 343/343
f 2391/2391 5841/5841 4982/4982
f 2989/2989 7115/7115 5062/5062
f 5062/5062 7115/7115 781/781
f 7376/7376 7127/7127 2989/2989
f 814/814 7550/7550 4142/4142
f 7376/7376 7550/7550 7127/7127
f 7045/7045 2792/2792 4225/4225
f 3875/3875 5689/5689 4935/4935
f 3875/3875 4935/4935 4818/4818
f 3698/3698 1180/1180 7704/7704
f 4568/4568 3981/3981 7241/7241
f 3981/3981 1425/1425 7241/7241
f 3894/3894 1425/1425 7490/7490
f 1425/1425 7178/7178 4259/4259
f 3965/3965 6173/6173 2619/2619
f 1664/1664 6173/6173 2907/2907
f 7116/7116 333/333 3106/3106
f 5891/5891 4711/4711 7601/7601
f 154/154 7047/7047 2391/2391
f 5062/5062 781/781 5816/5816
f 4142/4142 7550/7550 7376/7376
f 6032/6032 6638/6638 726/726
f 1925/1925 726/726 6994/6994
f 7663/7663 6994/6994 814/814
f 7663/7663 814/814 4142/4142
f 3694/3694 2747/2747 1106/1106
f 1106/1106 6638/6638 6032/6032
f 5824/5824 7045/7045 4225/4225
f 4225/4225 2792/2792 317/317
f 317/317 2792/2792 3396/3396
f 5890/5890 152/152 2871/2871
f 5890/5890 2871/2871 1552/1552
f 2871/2871 3654/3654 4672/4672
f 1552/1552 2871/2871 4672/4672
f 4672/4672 3654/3654 7431/7431
f 7490/7490 1425/1425 4259/4259
f 4259/4259 7178/7178 5371/5371
f 7178/7178 3965/3965 6375/6375
f 2619/2619 6173/6173 1664/1664
f 6409/6409 4567/4567 29/29
f 6409/6409 29/29 7542/7542
f 7403/7403 7601/7601 1721/1721
f 2391/2391 4982/4982 6385/6385
f 7657/7657 154/154 2391/2391
f 7657/7657 5816/5816 154/154
f 1925/1925 6994/6994 3147/3147
f 3147/3147 6994/6994 7663/7663
f 3694/3694 1106/1106 4648/4648
f 4648/4648 1106/1106 6032/6032
f 6032/6032 726/726 1925/1925
f 317/317 3396/3396 3694/3694
f 3694/3694 3396/3396 2747/2747
f 4672/4672 7431/7431 3627/3627
f 3627/3627 7431/7431 748/748
f 748/748 7431/7431 5824/5824
f 748/748 5824/5824 4225/4225
f 2958/2958 7241/7241 3894/3894
f 5371/5371 7178/7178 6375/6375
f 1664/1664 5689/5689 1260/1260
f 4935/4935 4530/4530 4818/4818
f 4727/4727 4681/4681 3962/3962
f 5891/5891 7601/7601 7403/7403
f 7657/7657 2391/2391 677/677
f 852/852 7376/7376 2989/2989
f 7663/7663 4142/4142 2898/2898
f 2898/2898 4142/4142 7376/7376
f 748/748 4225/4225 2885/2885
f 4225/4225 317/317 2885/2885
f 7704/7704 5202/5202 5468/5468
f 1252/1252 7704/7704 5468/5468
f 2094/2094 88/88 4568/4568
f 4568/4568 7241/7241 2094/2094
f 1260/1260 5689/5689 3875/3875
f 7616/7616 1398/1398 29/29
f 3527/3527 29/29 5130/5130
f 5485/5485 3667/3667 5380/5380
f 677/677 2391/2391 6385/6385
f 7578/7578 5062/5062 5816/5816
f 2005/2005 2989/2989 5062/5062
f 2898/2898 7376/7376 852/852
f 317/317 3694/3694 3719/3719
f 4648/4648 6032/6032 5713/5713
f 748/748 2885/2885 3124/3124
f 2885/2885 317/317 1688/1688
f 7362/7362 5890/5890 1552/1552
f 7362/7362 1552/1552 7176/7176
f 7176/7176 1552/1552 4672/4672
f 343/343 3698/3698 269/269
f 269/269 3698/3698 7704/7704
f 5468/5468 5202/5202 5992/5992
f 5992/5992 88/88 2094/2094
f 2094/2094 7241/7241 2958/2958
f 3329/3329 5371/5371 6375/6375
f 6201/6201 7657/7657 677/677
f 6201/6201 5816/5816 7657/7657
f 7414/7414 5816/5816 6201/6201
f 7578/7578 5816/5816 7414/7414
f 7157/7157 5062/5062 7578/7578
f 280/280 2898/2898 852/852
f 1653/1653 1925/1925 3147/3147
f 7663/7663 2898/2898 100/100
f 5713/5713 6032/6032 1925/1925
f 5713/5713 1925/1925 1653/1653
f 3124/3124 2885/2885 3921/3921
f 3921/3921 2885/2885 1688/1688
f 1688/1688 317/317 3719/3719
f 3719/3719 3694/3694 4648/4648
f 7176/7176 4672/4672 6965/6965
f 6965/6965 4672/4672 3627/3627
f 3627/3627 748/748 336/336
f 1232/1232 3627/3627 336/336
f 7514/7514 343/343 269/269
f 269/269 7704/7704 1252/1252
f 7369/7369 7490/7490 4259/4259
f 7369/7369 4259/4259 5371/5371
f 7369/7369 5371/5371 3329/3329
f 7669/7669 2556/2556 4216/4216
f 2701/2701 5891/5891 6456/6456
f 677/677 6385/6385 2701/2701
f 2005/2005 5062/5062 7157/7157
f 280/280 852/852 2989/2989
f 280/280 2989/2989 2005/2005
f 429/429 7663/7663 100/100
f 100/100 2898/2898 1730/1730
f 1730/1730 2898/2898 280/280
f 4648/4648 5713/5713 3166/3166
f 3166/3166 5713/5713 1653/1653
f 1653/1653 3147/3147 6116/6116
f 6116/6116 3147/3147 7663/7663
f 400/400 1688/1688 3719/3719
f 7046/7046 3719/3719 4648/4648
f 7046/7046 4648/4648 7315/7315
f 7315/7315 4648/4648 3166/3166
f 6965/6965 3627/3627 1232/1232
f 336/336 748/748 3124/3124
f 2958/2958 3894/3894 3790/3790
f 3894/3894 7490/7490 3790/3790
f 3790/3790 7490/7490 7369/7369
f 4156/4156 6375/6375 3844/3844
f 6375/6375 2619/2619 3844/3844
f 6083/6083 1664/1664 1260/1260
f 1260/1260 3875/3875 5796/5796
f 5796/5796 3875/3875 4818/4818
f 3329/3329 6375/6375 4156/4156
f 429/429 6116/6116 7663/7663
f 400/400 3719/3719 7310/7310
f 586/586 6965/6965 1232/1232
f 336/336 3124/3124 3921/3921
f 3921/3921 1688/1688 400/400
f 4818/4818 6607/6607 4003/4003
f 5992/5992 2094/2094 2693/2693
f 3844/3844 2619/2619 3811/3811
f 7310/7310 3719/3719 7046/7046
f 3921/3921 400/400 2357/2357
f 2357/2357 400/400 7310/7310
f 7662/7662 7362/7362 7176/7176
f 2275/2275 6965/6965 586/586
f 6231/6231 4384/4384 7518/7518
f 6231/6231 7518/7518 7662/7662
f 5796/5796 4818/4818 4003/4003
f 269/269 1252/1252 1515/1515
f 1515/1515 1252/1252 6184/6184
f 1252/1252 5468/5468 6184/6184
f 6184/6184 5468/5468 5992/5992
f 3790/3790 7369/7369 3406/3406
f 3406/3406 7369/7369 3329/3329
f 3811/3811 1664/1664 6083/6083
f 6083/6083 1260/1260 1038/1038
f 1398/1398 819/819 1157/1157
f 5537/5537 6456/6456 7403/7403
f 4065/4065 2701/2701 6456/6456
f 4065/4065 677/677 2701/2701
f 4537/4537 7414/7414 6201/6201
f 7157/7157 7578/7578 171/171
f 7578/7578 7414/7414 4074/4074
f 5264/5264 280/280 2005/2005
f 5264/5264 2005/2005 171/171
f 171/171 2005/2005 7157/7157
f 6116/6116 429/429 1992/1992
f 110/110 6116/6116 1992/1992
f 429/429 100/100 2534/2534
f 7046/7046 7315/7315 4781/4781
f 7315/7315 3166/3166 422/422
f 3166/3166 1653/1653 5011/5011
f 110/110 1653/1653 6116/6116
f 1435/1435 3921/3921 2357/2357
f 7662/7662 7176/7176 6965/6965
f 7662/7662 6965/6965 2275/2275
f 917/917 1038/1038 5796/5796
f 2693/2693 2094/2094 2958/2958
f 2693/2693 2958/2958 6320/6320
f 3406/3406 4156/4156 1227/1227
f 4156/4156 3844/3844 1227/1227
f 1189/1189 2996/2996 4112/4112
f 7123/7123 4546/4546 2800/2800
f 7123/7123 7403/7403 4546/4546
f 1854/1854 7403/7403 7123/7123
f 6835/6835 6201/6201 677/677
f 6835/6835 4537/4537 6201/6201
f 4074/4074 171/171 7578/7578
f 4074/4074 7414/7414 4537/4537
f 1730/1730 280/280 3833/3833
f 1992/1992 429/429 2534/2534
f 100/100 1730/1730 2534/2534
f 4781/4781 7315/7315 422/422
f 422/422 3166/3166 5011/5011
f 5011/5011 1653/1653 110/110
f 7494/7494 336/336 3921/3921
f 7494/7494 3921/3921 1435/1435
f 7310/7310 7046/7046 4781/4781
f 370/370 7662/7662 2275/2275
f 7709/7709 1232/1232 336/336
f 2097/2097 336/336 7494/7494
f 7514/7514 269/269 5060/5060
f 5060/5060 269/269 1515/1515
f 6184/6184 5992/5992 2693/2693
f 6320/6320 2958/2958 3790/3790
f 6320/6320 3790/3790 7480/7480
f 7480/7480 3790/3790 3406/3406
f 3329/3329 4156/4156 3406/3406
f 7297/7297 1845/1845 2796/2796
f 363/363 677/677 4065/4065
f 6835/6835 677/677 363/363
f 2534/2534 1730/1730 3833/3833
f 3153/3153 422/422 5011/5011
f 7494/7494 1435/1435 545/545
f 6516/6516 7310/7310 4781/4781
f 2275/2275 586/586 7709/7709
f 7709/7709 586/586 1232/1232
f 2097/2097 7709/7709 336/336
f 7464/7464 7662/7662 370/370
f 370/370 2275/2275 523/523
f 6212/6212 4384/4384 6231/6231
f 3218/3218 5796/5796 4003/4003
f 2141/2141 2693/2693 6320/6320
f 1553/1553 1227/1227 3844/3844
f 3811/3811 6083/6083 6454/6454
f 6454/6454 6083/6083 1038/1038
f 4065/4065 5537/5537 1078/1078
f 363/363 4065/4065 1078/1078
f 6846/6846 4537/4537 6835/6835
f 3833/3833 280/280 7588/7588
f 7588/7588 280/280 5264/5264
f 3148/3148 5011/5011 110/110
f 3148/3148 110/110 5710/5710
f 5710/5710 110/110 5399/5399
f 110/110 1992/1992 5399/5399
f 3137/3137 1992/1992 2534/2534
f 545/545 1435/1435 6333/6333
f 3153/3153 4781/4781 422/422
f 2946/2946 2097/2097 7494/7494
f 7464/7464 370/370 5784/5784
f 5784/5784 370/370 523/523
f 6212/6212 6231/6231 172/172
f 917/917 5796/5796 3218/3218
f 3218/3218 4003/4003 2723/2723
f 5060/5060 1515/1515 5143/5143
f 5143/5143 1515/1515 6184/6184
f 6184/6184 2693/2693 1258/1258
f 1258/1258 2693/2693 487/487
f 2141/2141 6320/6320 157/157
f 6900/6900 3406/3406 4002/4002
f 3406/3406 1227/1227 4002/4002
f 1553/1553 3844/3844 3811/3811
f 7514/7514 5060/5060 1418/1418
f 3687/3687 5160/5160 2774/2774
f 3687/3687 2774/2774 2250/2250
f 2996/2996 2774/2774 2228/2228
f 7588/7588 5264/5264 171/171
f 7588/7588 171/171 4235/4235
f 4769/4769 171/171 4074/4074
f 3148/3148 3153/3153 5011/5011
f 5399/5399 1992/1992 3137/3137
f 3137/3137 2534/2534 3833/3833
f 6333/6333 1435/1435 2357/2357
f 6333/6333 2357/2357 2836/2836
f 2836/2836 2357/2357 5907/5907
f 2357/2357 7310/7310 5907/5907
f 5907/5907 7310/7310 6516/6516
f 6516/6516 4781/4781 3153/3153
f 7494/7494 545/545 5222/5222
f 523/523 2275/2275 7709/7709
f 487/487 2693/2693 2141/2141
f 157/157 6320/6320 7480/7480
f 157/157 7480/7480 1960/1960
f 4235/4235 171/171 4769/4769
f 6333/6333 5222/5222 545/545
f 523/523 7709/7709 2097/2097
f 2946/2946 7494/7494 5222/5222
f 172/172 7464/7464 5784/5784
f 5143/5143 6184/6184 1258/1258
f 4537/4537 6846/6846 6824/6824
f 4769/4769 4074/4074 4537/4537
f 5168/5168 3153/3153 3148/3148
f 3218/3218 2723/2723 3990/3990
f 1960/1960 6900/6900 4002/4002
f 3156/3156 5537/5537 1854/1854
f 3156/3156 1854/1854 335/335
f 3156/3156 1078/1078 5537/5537
f 363/363 1078/1078 779/779
f 2114/2114 6835/6835 363/363
f 4769/4769 4537/4537 6824/6824
f 4940/4940 4235/4235 4769/4769
f 3833/3833 7588/7588 6633/6633
f 760/760 5399/5399 3137/3137
f 3137/3137 3833/3833 3405/3405
f 6516/6516 3153/3153 5168/5168
f 4619/4619 1227/1227 1553/1553
f 7419/7419 917/917 3218/3218
f 1418/1418 5060/5060 4501/4501
f 4501/4501 5060/5060 5143/5143
f 1960/1960 4002/4002 6938/6938
f 130/130 7263/7263 5067/5067
f 1728/1728 1078/1078 3156/3156
f 779/779 1078/1078 1728/1728
f 2114/2114 363/363 779/779
f 2114/2114 6846/6846 6835/6835
f 6824/6824 6846/6846 2114/2114
f 6633/6633 7588/7588 1068/1068
f 6516/6516 5168/5168 5701/5701
f 861/861 3148/3148 5710/5710
f 861/861 5710/5710 3004/3004
f 3004/3004 5710/5710 5399/5399
f 686/686 6333/6333 2836/2836
f 686/686 2836/2836 1327/1327
f 1327/1327 2836/2836 5907/5907
f 7139/7139 523/523 2097/2097
f 5631/5631 2097/2097 2946/2946
f 5980/5980 2946/2946 5222/5222
f 172/172 5784/5784 3027/3027
f 3027/3027 5784/5784 523/523
f 3027/3027 523/523 1770/1770
f 6760/6760 6212/6212 5853/5853
f 5657/5657 1258/1258 487/487
f 487/487 2141/2141 6796/6796
f 7278/7278 2141/2141 157/157
f 4002/4002 1227/1227 4619/4619
f 1553/1553 6454/6454 1361/1361
f 5987/5987 5073/5073 6987/6987
f 6224/6224 335/335 7123/7123
f 1068/1068 7588/7588 4048/4048
f 4048/4048 7588/7588 4235/4235
f 4048/4048 4235/4235 4940/4940
f 760/760 3137/3137 3405/3405
f 3405/3405 3833/3833 6633/6633
f 861/861 5168/5168 3148/3148
f 3004/3004 5399/5399 760/760
f 7139/7139 2097/2097 5631/5631
f 5631/5631 2946/2946 5980/5980
f 5980/5980 5222/5222 1853/1853
f 5222/5222 6333/6333 1853/1853
f 6333/6333 686/686 1853/1853
f 1770/1770 523/523 7139/7139
f 2231/2231 1258/1258 5657/5657
f 487/487 6796/6796 5657/5657
f 6796/6796 2141/2141 7278/7278
f 7278/7278 157/157 7485/7485
f 7485/7485 157/157 1960/1960
f 7485/7485 1960/1960 6938/6938
f 1361/1361 4619/4619 1553/1553
f 1361/1361 6454/6454 1934/1934
f 6454/6454 917/917 1934/1934
f 1934/1934 917/917 7419/7419
f 7419/7419 3218/3218 3990/3990
f 4177/4177 1418/1418 4501/4501
f 5143/5143 1258/1258 2231/2231
f 821/821 4469/4469 6525/6525
f 821/821 6525/6525 4923/4923
f 7242/7242 4769/4769 6824/6824
f 4940/4940 4769/4769 1733/1733
f 1348/1348 5701/5701 5168/5168
f 1348/1348 5168/5168 861/861
f 686/686 1327/1327 3179/3179
f 1327/1327 5907/5907 3179/3179
f 3179/3179 5907/5907 5701/5701
f 5701/5701 5907/5907 6516/6516
f 6938/6938 4002/4002 4619/4619
f 4501/4501 5143/5143 2231/2231
f 5980/5980 1853/1853 3969/3969
f 3969/3969 1853/1853 686/686
f 7275/7275 172/172 3027/3027
f 7485/7485 6938/6938 6604/6604
f 6604/6604 6938/6938 4374/4374
f 7360/7360 4619/4619 1361/1361
f 2114/2114 779/779 4055/4055
f 6824/6824 2114/2114 3830/3830
f 5814/5814 7242/7242 6824/6824
f 1733/1733 7242/7242 5814/5814
f 4048/4048 4940/4940 185/185
f 760/760 3405/3405 6715/6715
f 3715/3715 1348/1348 861/861
f 5466/5466 861/861 3004/3004
f 3004/3004 760/760 6020/6020
f 3566/3566 3179/3179 5701/5701
f 3566/3566 5701/5701 7290/7290
f 300/300 5701/5701 1348/1348
f 300/300 1348/1348 3715/3715
f 5631/5631 5980/5980 6160/6160
f 7275/7275 3027/3027 6754/6754
f 6754/6754 3027/3027 1770/1770
f 1770/1770 7139/7139 5837/5837
f 5837/5837 7139/7139 5836/5836
f 5836/5836 7139/7139 5631/5631
f 1669/1669 5341/5341 4832/4832
f 2854/2854 1934/1934 7419/7419
f 2854/2854 7419/7419 3990/3990
f 3782/3782 7278/7278 4326/4326
f 7278/7278 7485/7485 4326/4326
f 4326/4326 7485/7485 6604/6604
f 6938/6938 4619/4619 4374/4374
f 4374/4374 4619/4619 7360/7360
f 515/515 3156/3156 335/335
f 1728/1728 3156/3156 420/420
f 5603/5603 6824/6824 3830/3830
f 3269/3269 4048/4048 185/185
f 185/185 4940/4940 1733/1733
f 5734/5734 3405/3405 6633/6633
f 3715/3715 861/861 5466/5466
f 5466/5466 3004/3004 6020/6020
f 6020/6020 760/760 6715/6715
f 5701/5701 300/300 7290/7290
f 6160/6160 5980/5980 3969/3969
f 3969/3969 686/686 5265/5265
f 5265/5265 686/686 3179/3179
f 5265/5265 3179/3179 3566/3566
f 6754/6754 1770/1770 5837/5837
f 5836/5836 5631/5631 6160/6160
f 541/541 6796/6796 3134/3134
f 6796/6796 7278/7278 3134/3134
f 3134/3134 7278/7278 1059/1059
f 1059/1059 7278/7278 3782/3782
f 4177/4177 4501/4501 7126/7126
f 4501/4501 2231/2231 5983/5983
f 7126/7126 4501/4501 5983/5983
f 2585/2585 4676/4676 1201/1201
f 779/779 1728/1728 1443/1443
f 4055/4055 779/779 7199/7199
f 5814/5814 6824/6824 5603/5603
f 1430/1430 6633/6633 1068/1068
f 185/185 1733/1733 305/305
f 6715/6715 3405/3405 802/802
f 802/802 3405/3405 5734/5734
f 5734/5734 6633/6633 7149/7149
f 3715/3715 5466/5466 7566/7566
f 1423/1423 6160/6160 1080/1080
f 1080/1080 6160/6160 3969/3969
f 5836/5836 6160/6160 1423/1423
f 5983/5983 2231/2231 2559/2559
f 2231/2231 5657/5657 2559/2559
f 2559/2559 5657/5657 6796/6796
f 1919/1919 3593/3593 6211/6211
f 1443/1443 1728/1728 420/420
f 3830/3830 2114/2114 4055/4055
f 139/139 1068/1068 3269/3269
f 1430/1430 7149/7149 6633/6633
f 6912/6912 3269/3269 185/185
f 3848/3848 7290/7290 300/300
f 300/300 3715/3715 3865/3865
f 3865/3865 3715/3715 7566/7566
f 3725/3725 3969/3969 5265/5265
f 5265/5265 3566/3566 1225/1225
f 2349/2349 7275/7275 6754/6754
f 5837/5837 5836/5836 1649/1649
f 1649/1649 5836/5836 1423/1423
f 2559/2559 6796/6796 541/541
f 6604/6604 4374/4374 4451/4451
f 4451/4451 4374/4374 7360/7360
f 7199/7199 779/779 1443/1443
f 5603/5603 3830/3830 3897/3897
f 6554/6554 6715/6715 802/802
f 1162/1162 5466/5466 6020/6020
f 1729/1729 3566/3566 7290/7290
f 1729/1729 7290/7290 3848/3848
f 1080/1080 3969/3969 3725/3725
f 3725/3725 5265/5265 1225/1225
f 1225/1225 3566/3566 1729/1729
f 5837/5837 1649/1649 5444/5444
f 6849/6849 2620/2620 6760/6760
f 4992/4992 1934/1934 2854/2854
f 4992/4992 2854/2854 4281/4281
f 4281/4281 2854/2854 3990/3990
f 4281/4281 3990/3990 3224/3224
f 3224/3224 3990/3990 425/425
f 4180/4180 4326/4326 6604/6604
f 4180/4180 6604/6604 4451/4451
f 7360/7360 1361/1361 1032/1032
f 1032/1032 1361/1361 4992/4992
f 1361/1361 1934/1934 4992/4992
f 5996/5996 4177/4177 7126/7126
f 3897/3897 3830/3830 4055/4055
f 1392/1392 5814/5814 5603/5603
f 139/139 3269/3269 4779/4779
f 4779/4779 3269/3269 6912/6912
f 305/305 5814/5814 1392/1392
f 1430/1430 1068/1068 139/139
f 6912/6912 185/185 305/305
f 5432/5432 6912/6912 305/305
f 7566/7566 5466/5466 1162/1162
f 1162/1162 6020/6020 6554/6554
f 6554/6554 6020/6020 6715/6715
f 3848/3848 300/300 7092/7092
f 7092/7092 300/300 3865/3865
f 5436/5436 1423/1423 1080/1080
f 6754/6754 5837/5837 6809/6809
f 6809/6809 5837/5837 5444/5444
f 1649/1649 1423/1423 5436/5436
f 3721/3721 1080/1080 3725/3725
f 3721/3721 3725/3725 1225/1225
f 3721/3721 1225/1225 1729/1729
f 1649/1649 5436/5436 5444/5444
f 2584/2584 4281/4281 3224/3224
f 2559/2559 541/541 6822/6822
f 541/541 3134/3134 6822/6822
f 1059/1059 3782/3782 7629/7629
f 7629/7629 3782/3782 4326/4326
f 7629/7629 4326/4326 4180/4180
f 4451/4451 7360/7360 1019/1019
f 4783/4783 5268/5268 2585/2585
f 1588/1588 1392/1392 5603/5603
f 4779/4779 6912/6912 5432/5432
f 5432/5432 305/305 4895/4895
f 4895/4895 305/305 1588/1588
f 305/305 1392/1392 1588/1588
f 5076/5076 7092/7092 3865/3865
f 5436/5436 1080/1080 6263/6263
f 6263/6263 1080/1080 6427/6427
f 1080/1080 3721/3721 3645/3645
f 3721/3721 1729/1729 2775/2775
f 6754/6754 6809/6809 5049/5049
f 5049/5049 6809/6809 1683/1683
f 1683/1683 6809/6809 5444/5444
f 6849/6849 6760/6760 5697/5697
f 6914/6914 6537/6537 85/85
f 7126/7126 5983/5983 7124/7124
f 175/175 3897/3897 4055/4055
f 1588/1588 5603/5603 3897/3897
f 4944/4944 1430/1430 139/139
f 5734/5734 7149/7149 4944/4944
f 7566/7566 1162/1162 2959/2959
f 4246/4246 7566/7566 2959/2959
f 2959/2959 1162/1162 6554/6554
f 1729/1729 3848/3848 2775/2775
f 3865/3865 7566/7566 5076/5076
f 1683/1683 5436/5436 4386/4386
f 4386/4386 5436/5436 6263/6263
f 6427/6427 1080/1080 3645/3645
f 3645/3645 3721/3721 2775/2775
f 2349/2349 6754/6754 7223/7223
f 7223/7223 6754/6754 5049/5049
f 889/889 5983/5983 2559/2559
f 889/889 2559/2559 2515/2515
f 2515/2515 2559/2559 6822/6822
f 6822/6822 3134/3134 655/655
f 3134/3134 1059/1059 7629/7629
f 1070/1070 7629/7629 4180/4180
f 4180/4180 4451/4451 2731/2731
f 2731/2731 4451/4451 3525/3525
f 7360/7360 1032/1032 1019/1019
f 2237/2237 1032/1032 4992/4992
f 5996/5996 7126/7126 2986/2986
f 2986/2986 7126/7126 7124/7124
f 2776/2776 515/515 5268/5268
f 3629/3629 1443/1443 2708/2708
f 2708/2708 1443/1443 420/420
f 3629/3629 7199/7199 1443/1443
f 4576/4576 4055/4055 7199/7199
f 4576/4576 7199/7199 3629/3629
f 175/175 4055/4055 4576/4576
f 1588/1588 3897/3897 175/175
f 7149/7149 1430/1430 4944/4944
f 4944/4944 139/139 6857/6857
f 7576/7576 6554/6554 763/763
f 6554/6554 802/802 763/763
f 802/802 5734/5734 3514/3514
f 763/763 802/802 3514/3514
f 3514/3514 5734/5734 4944/4944
f 5076/5076 7566/7566 4246/4246
f 2959/2959 6554/6554 7576/7576
f 2775/2775 3848/3848 654/654
f 654/654 3848/3848 7092/7092
f 654/654 7092/7092 5076/5076
f 1683/1683 5444/5444 5436/5436
f 2584/2584 3224/3224 4741/4741
f 655/655 3134/3134 7629/7629
f 1070/1070 4180/4180 2731/2731
f 3525/3525 4451/4451 1019/1019
f 1019/1019 1032/1032 2237/2237
f 2901/2901 4992/4992 4281/4281
f 2901/2901 4281/4281 2584/2584
f 6857/6857 4779/4779 2478/2478
f 2478/2478 4779/4779 5432/5432
f 5432/5432 4895/4895 4027/4027
f 893/893 2775/2775 654/654
f 1865/1865 6427/6427 3645/3645
f 2237/2237 4992/4992 7463/7463
f 7463/7463 4992/4992 2901/2901
f 980/980 2708/2708 2776/2776
f 3514/3514 4944/4944 1469/1469
f 7576/7576 763/763 7535/7535
f 5076/5076 4246/4246 1833/1833
f 3868/3868 5076/5076 1833/1833
f 1833/1833 4246/4246 4833/4833
f 2959/2959 7576/7576 7535/7535
f 7413/7413 654/654 3868/3868
f 654/654 5076/5076 3868/3868
f 1865/1865 6263/6263 6427/6427
f 1865/1865 3645/3645 6323/6323
f 2586/2586 2349/2349 7223/7223
f 2901/2901 2584/2584 5347/5347
f 3629/3629 2708/2708 980/980
f 4895/4895 1588/1588 175/175
f 4027/4027 4895/4895 3660/3660
f 1469/1469 4944/4944 6857/6857
f 2478/2478 5432/5432 4027/4027
f 4833/4833 4246/4246 2959/2959
f 3645/3645 2775/2775 6323/6323
f 6323/6323 2775/2775 893/893
f 893/893 654/654 7413/7413
f 5049/5049 1683/1683 6214/6214
f 5542/5542 5049/5049 6214/6214
f 6214/6214 1683/1683 5925/5925
f 1683/1683 4386/4386 5925/5925
f 5925/5925 4386/4386 6263/6263
f 7223/7223 5049/5049 5542/5542
f 3525/3525 1019/1019 5964/5964
f 5347/5347 2584/2584 4741/4741
f 5347/5347 4741/4741 13/13
f 980/980 2776/2776 7038/7038
f 4576/4576 3629/3629 7533/7533
f 175/175 4576/4576 2622/2622
f 3660/3660 4895/4895 175/175
f 2959/2959 7535/7535 4833/4833
f 5925/5925 6263/6263 1865/1865
f 2586/2586 7223/7223 3972/3972
f 3972/3972 7223/7223 5542/5542
f 7463/7463 2901/2901 4093/4093
f 13/13 4741/4741 1428/1428
f 7124/7124 889/889 1388/1388
f 889/889 2515/2515 265/265
f 265/265 2515/2515 4814/4814
f 2515/2515 6822/6822 4814/4814
f 2419/2419 6822/6822 655/655
f 1483/1483 655/655 7629/7629
f 1483/1483 7629/7629 1070/1070
f 1483/1483 1070/1070 2147/2147
f 1070/1070 2731/2731 5964/5964
f 2731/2731 3525/3525 5964/5964
f 5198/5198 4576/4576 7533/7533
f 2622/2622 4576/4576 5198/5198
f 3660/3660 175/175 2622/2622
f 2478/2478 4027/4027 6650/6650
f 5072/5072 4027/4027 3660/3660
f 1825/1825 1469/1469 6857/6857
f 3514/3514 1469/1469 3474/3474
f 7129/7129 7413/7413 738/738
f 738/738 7413/7413 3868/3868
f 7173/7173 6323/6323 893/893
f 5542/5542 6214/6214 5925/5925
f 1923/1923 1293/1293 5186/5186
f 7028/7028 1923/1923 5186/5186
f 4645/4645 2237/2237 7463/7463
f 4645/4645 7463/7463 4093/4093
f 4093/4093 2901/2901 5347/5347
f 2455/2455 2986/2986 7124/7124
f 2455/2455 7124/7124 1388/1388
f 1388/1388 889/889 265/265
f 4814/4814 6822/6822 2419/2419
f 2419/2419 655/655 5656/5656
f 5656/5656 655/655 1483/1483
f 6059/6059 5964/5964 1019/1019
f 6059/6059 1019/1019 6953/6953
f 6953/6953 1019/1019 2237/2237
f 7533/7533 980/980 2530/2530
f 6729/6729 3514/3514 3474/3474
f 6729/6729 7535/7535 763/763
f 763/763 3514/3514 6729/6729
f 7129/7129 893/893 7413/7413
f 5663/5663 5925/5925 1865/1865
f 7173/7173 1865/1865 6323/6323
f 2147/2147 1070/1070 6223/6223
f 6953/6953 2237/2237 4645/4645
f 7038/7038 6758/6758 2750/2750
f 5598/5598 7038/7038 2750/2750
f 4092/4092 980/980 7038/7038
f 4412/4412 7533/7533 2530/2530
f 5198/5198 7533/7533 4412/4412
f 6948/6948 2622/2622 5198/5198
f 3660/3660 2622/2622 6948/6948
f 6857/6857 2478/2478 2949/2949
f 6650/6650 4027/4027 5072/5072
f 1825/1825 6857/6857 2949/2949
f 4833/4833 7535/7535 1795/1795
f 7173/7173 893/893 7129/7129
f 3868/3868 1833/1833 6869/6869
f 6869/6869 1833/1833 4833/4833
f 3308/3308 5542/5542 5925/5925
f 3308/3308 5925/5925 1498/1498
f 5663/5663 1865/1865 7173/7173
f 5563/5563 3972/3972 5542/5542
f 7327/7327 6281/6281 5023/5023
f 4093/4093 5347/5347 2680/2680
f 4626/4626 13/13 1428/1428
f 1951/1951 2455/2455 6334/6334
f 6334/6334 2455/2455 1388/1388
f 6334/6334 1388/1388 2328/2328
f 1070/1070 5964/5964 6059/6059
f 6223/6223 1070/1070 6059/6059
f 6223/6223 6059/6059 4368/4368
f 4092/4092 7038/7038 5598/5598
f 2530/2530 980/980 4092/4092
f 2949/2949 2478/2478 6650/6650
f 922/922 1795/1795 7535/7535
f 922/922 7535/7535 6729/6729
f 5663/5663 7173/7173 5670/5670
f 7173/7173 7129/7129 5670/5670
f 738/738 3868/3868 6869/6869
f 3316/3316 5542/5542 3308/3308
f 1498/1498 5925/5925 5663/5663
f 211/211 3972/3972 5563/5563
f 5563/5563 5542/5542 3316/3316
f 2680/2680 5347/5347 13/13
f 4645/4645 4093/4093 3821/3821
f 3821/3821 4093/4093 2680/2680
f 3279/3279 1951/1951 6334/6334
f 2420/2420 1388/1388 5257/5257
f 1388/1388 265/265 5257/5257
f 5257/5257 265/265 2808/2808
f 2808/2808 265/265 4814/4814
f 4368/4368 2147/2147 6223/6223
f 1795/1795 6869/6869 4833/4833
f 5670/5670 7129/7129 738/738
f 3993/3993 3316/3316 3308/3308
f 2680/2680 13/13 4626/4626
f 6953/6953 4645/4645 3516/3516
f 3516/3516 4645/4645 3821/3821
f 2328/2328 1388/1388 2420/2420
f 2808/2808 4814/4814 3792/3792
f 3792/3792 4814/4814 2419/2419
f 3792/3792 2419/2419 5656/5656
f 5656/5656 1483/1483 2147/2147
f 6059/6059 3651/3651 4368/4368
f 6059/6059 6953/6953 36/36
f 5198/5198 4412/4412 4455/4455
f 6948/6948 5198/5198 4455/4455
f 5072/5072 6948/6948 5379/5379
f 3116/3116 3316/3316 3993/3993
f 3651/3651 6059/6059 36/36
f 36/36 6953/6953 173/173
f 173/173 6953/6953 3516/3516
f 3615/3615 4412/4412 2530/2530
f 5379/5379 6948/6948 4455/4455
f 1825/1825 2949/2949 1570/1570
f 1570/1570 2949/2949 1412/1412
f 1412/1412 2949/2949 6650/6650
f 6729/6729 3474/3474 1928/1928
f 1928/1928 3474/3474 1825/1825
f 6163/6163 922/922 6729/6729
f 5075/5075 738/738 6216/6216
f 738/738 6869/6869 6216/6216
f 6869/6869 1795/1795 6216/6216
f 6216/6216 1795/1795 2717/2717
f 647/647 3993/3993 954/954
f 954/954 3308/3308 1498/1498
f 954/954 1498/1498 5663/5663
f 5663/5663 5670/5670 7060/7060
f 6407/6407 5663/5663 7060/7060
f 5638/5638 211/211 3116/3116
f 815/815 4560/4560 197/197
f 2680/2680 4626/4626 2656/2656
f 3792/3792 5656/5656 2339/2339
f 2339/2339 5656/5656 1932/1932
f 1932/1932 5656/5656 2147/2147
f 1932/1932 2147/2147 3092/3092
f 2147/2147 4368/4368 3092/3092
f 2865/2865 4092/4092 5598/5598
f 2530/2530 4092/4092 2865/2865
f 3615/3615 2530/2530 2865/2865
f 6955/6955 4412/4412 3615/3615
f 4455/4455 4412/4412 6955/6955
f 5379/5379 4455/4455 6955/6955
f 1412/1412 6650/6650 5895/5895
f 5895/5895 6650/6650 5379/5379
f 5379/5379 6650/6650 5072/5072
f 1928/1928 1825/1825 892/892
f 892/892 1825/1825 1570/1570
f 6163/6163 6729/6729 1928/1928
f 1795/1795 922/922 2649/2649
f 2649/2649 922/922 6163/6163
f 954/954 5663/5663 7069/7069
f 7069/7069 5663/5663 6407/6407
f 6825/6825 880/880 7004/7004
f 5023/5023 7004/7004 6344/6344
f 4031/4031 3821/3821 2680/2680
f 4031/4031 2680/2680 2656/2656
f 3651/3651 36/36 1253/1253
f 36/36 173/173 1253/1253
f 2730/2730 173/173 3516/3516
f 3279/3279 6334/6334 1761/1761
f 1761/1761 6334/6334 2328/2328
f 1761/1761 2328/2328 2420/2420
f 2649/2649 2717/2717 1795/1795
f 3792/3792 2339/2339 3352/3352
f 1253/1253 173/173 2730/2730
f 2730/2730 3516/3516 7646/7646
f 7646/7646 3516/3516 3821/3821
f 7646/7646 3821/3821 4031/4031
f 6955/6955 3615/3615 5739/5739
f 5379/5379 6955/6955 7258/7258
f 6269/6269 6407/6407 7060/7060
f 7060/7060 5075/5075 1742/1742
f 5075/5075 6216/6216 1147/1147
f 5638/5638 3116/3116 7585/7585
f 527/527 5638/5638 7585/7585
f 7585/7585 3116/3116 3993/3993
f 7585/7585 3993/3993 4746/4746
f 4746/4746 3993/3993 647/647
f 1761/1761 2420/2420 4521/4521
f 2808/2808 3792/3792 3352/3352
f 3352/3352 2339/2339 1932/1932
f 3092/3092 4368/4368 873/873
f 5498/5498 3651/3651 1253/1253
f 7219/7219 3611/3611 7675/7675
f 6282/6282 6404/6404 2626/2626
f 5684/5684 2865/2865 6282/6282
f 3615/3615 2865/2865 5923/5923
f 892/892 1570/1570 1412/1412
f 7460/7460 1928/1928 892/892
f 2649/2649 6163/6163 4150/4150
f 4150/4150 6163/6163 1928/1928
f 1742/1742 5075/5075 1147/1147
f 1147/1147 6216/6216 4312/4312
f 4312/4312 6216/6216 2717/2717
f 1139/1139 647/647 954/954
f 5206/5206 1139/1139 7069/7069
f 7069/7069 6407/6407 5206/5206
f 5206/5206 6407/6407 6269/6269
f 6269/6269 7060/7060 1742/1742
f 2418/2418 7364/7364 3429/3429
f 1083/1083 6594/6594 879/879
f 879/879 6594/6594 4490/4490
f 4425/4425 2598/2598 4094/4094
f 4521/4521 2420/2420 5257/5257
f 4521/4521 5257/5257 757/757
f 5257/5257 2808/2808 757/757
f 757/757 2808/2808 2017/2017
f 2017/2017 2808/2808 3352/3352
f 3352/3352 1932/1932 5918/5918
f 5918/5918 1932/1932 3092/3092
f 873/873 4368/4368 3651/3651
f 7328/7328 1253/1253 2730/2730
f 5283/5283 7646/7646 4031/4031
f 5739/5739 3615/3615 5923/5923
f 600/600 5379/5379 7258/7258
f 5934/5934 1412/1412 5895/5895
f 3562/3562 892/892 1412/1412
f 2717/2717 2649/2649 162/162
f 162/162 2649/2649 4150/4150
f 4746/4746 647/647 2589/2589
f 2589/2589 647/647 2926/2926
f 647/647 1139/1139 2926/2926
f 876/876 880/880 6233/6233
f 3794/3794 2730/2730 7646/7646
f 3794/3794 7646/7646 5283/5283
f 5153/5153 7258/7258 5739/5739
f 5895/5895 5379/5379 600/600
f 3620/3620 1139/1139 5206/5206
f 5111/5111 5206/5206 6269/6269
f 3089/3089 7585/7585 4746/4746
f 2017/2017 3352/3352 4860/4860
f 4860/4860 3352/3352 5918/5918
f 5918/5918 3092/3092 873/873
f 7328/7328 2730/2730 3794/3794
f 1039/1039 4031/4031 2656/2656
f 6753/6753 5454/5454 1761/1761
f 1761/1761 4521/4521 7110/7110
f 873/873 3651/3651 5498/5498
f 5498/5498 1253/1253 65/65
f 65/65 1253/1253 7328/7328
f 5739/5739 5923/5923 3058/3058
f 3562/3562 1412/1412 5934/5934
f 162/162 4150/4150 846/846
f 846/846 4150/4150 84/84
f 84/84 4150/4150 7460/7460
f 6115/6115 5111/5111 6269/6269
f 6269/6269 1742/1742 6115/6115
f 6115/6115 1742/1742 4413/4413
f 4413/4413 1742/1742 1147/1147
f 7013/7013 7585/7585 3089/3089
f 3089/3089 4746/4746 2589/2589
f 5283/5283 4031/4031 1039/1039
f 6753/6753 1761/1761 7110/7110
f 7110/7110 4521/4521 757/757
f 4860/4860 5918/5918 724/724
f 7167/7167 5918/5918 873/873
f 7167/7167 873/873 2226/2226
f 3987/3987 873/873 5498/5498
f 213/213 5739/5739 3058/3058
f 5153/5153 5739/5739 213/213
f 4376/4376 7258/7258 5153/5153
f 4376/4376 600/600 7258/7258
f 7103/7103 5934/5934 5895/5895
f 3853/3853 5895/5895 600/600
f 4312/4312 162/162 484/484
f 484/484 162/162 3895/3895
f 162/162 846/846 3895/3895
f 4413/4413 1147/1147 2500/2500
f 2500/2500 1147/1147 484/484
f 1147/1147 4312/4312 484/484
f 5111/5111 6115/6115 4436/4436
f 876/876 1010/1010 4415/4415
f 7364/7364 708/708 3245/3245
f 7364/7364 3245/3245 1310/1310
f 3429/3429 1310/1310 2378/2378
f 1681/1681 2017/2017 4860/4860
f 3174/3174 4860/4860 724/724
f 2226/2226 873/873 3987/3987
f 3987/3987 5498/5498 65/65
f 5684/5684 6282/6282 5185/5185
f 3058/3058 5923/5923 522/522
f 3853/3853 600/600 4376/4376
f 7103/7103 5895/5895 3853/3853
f 3562/3562 5934/5934 2488/2488
f 84/84 7460/7460 6738/6738
f 3620/3620 5206/5206 7247/7247
f 7247/7247 5111/5111 4436/4436
f 3089/3089 2589/2589 4788/4788
f 2589/2589 2926/2926 1974/1974
f 1974/1974 2926/2926 3620/3620
f 7266/7266 7013/7013 652/652
f 2353/2353 7110/7110 757/757
f 2353/2353 757/757 1681/1681
f 757/757 2017/2017 1681/1681
f 1681/1681 4860/4860 3174/3174
f 724/724 5918/5918 7167/7167
f 65/65 7328/7328 3794/3794
f 1005/1005 3794/3794 5283/5283
f 6678/6678 5283/5283 1039/1039
f 2488/2488 5934/5934 1946/1946
f 5934/5934 7103/7103 1946/1946
f 7460/7460 2488/2488 6738/6738
f 417/417 2500/2500 484/484
f 1166/1166 3620/3620 7247/7247
f 7013/7013 3089/3089 4138/4138
f 4138/4138 3089/3089 4788/4788
f 1005/1005 5283/5283 6678/6678
f 1096/1096 912/912 6753/6753
f 2226/2226 3987/3987 65/65
f 65/65 3794/3794 7393/7393
f 3895/3895 846/846 1694/1694
f 1694/1694 846/846 562/562
f 562/562 846/846 84/84
f 562/562 84/84 6738/6738
f 4413/4413 2500/2500 417/417
f 417/417 484/484 493/493
f 484/484 3895/3895 493/493
f 1974/1974 3620/3620 1166/1166
f 1310/1310 4639/4639 4228/4228
f 1096/1096 6753/6753 7240/7240
f 7240/7240 6753/6753 7110/7110
f 7167/7167 2226/2226 1526/1526
f 1526/1526 2226/2226 3788/3788
f 3788/3788 2226/2226 65/65
f 3788/3788 65/65 7393/7393
f 7393/7393 3794/3794 4543/4543
f 4543/4543 3794/3794 1005/1005
f 5781/5781 6678/6678 1039/1039
f 5185/5185 5530/5530 4453/4453
f 213/213 3058/3058 6838/6838
f 6738/6738 2488/2488 1301/1301
f 1301/1301 2488/2488 1946/1946
f 493/493 3895/3895 7398/7398
f 3895/3895 1694/1694 7398/7398
f 7247/7247 4436/4436 4371/4371
f 4371/4371 4436/4436 2009/2009
f 4436/4436 6115/6115 2009/2009
f 6115/6115 4413/4413 1621/1621
f 2009/2009 6115/6115 1621/1621
f 1621/1621 4413/4413 1130/1130
f 1130/1130 4413/4413 417/417
f 3815/3815 4138/4138 480/480
f 480/480 4138/4138 4788/4788
f 4788/4788 2589/2589 1974/1974
f 7412/7412 2757/2757 4836/4836
f 7240/7240 7110/7110 4296/4296
f 7110/7110 2353/2353 4296/4296
f 4296/4296 2353/2353 2006/2006
f 2353/2353 1681/1681 2006/2006
f 2006/2006 1681/1681 103/103
f 103/103 1681/1681 3174/3174
f 3174/3174 724/724 1645/1645
f 522/522 5185/5185 4476/4476
f 4376/4376 213/213 4147/4147
f 1694/1694 562/562 3832/3832
f 562/562 6738/6738 7066/7066
f 7066/7066 6738/6738 7591/7591
f 4788/4788 1974/1974 1480/1480
f 1480/1480 1974/1974 1166/1166
f 1480/1480 1166/1166 6797/6797
f 6797/6797 1166/1166 7247/7247
f 6797/6797 7247/7247 4371/4371
f 3512/3512 652/652 6415/6415
f 4765/4765 6170/6170 232/232
f 2162/2162 4296/4296 2006/2006
f 103/103 3174/3174 5580/5580
f 5580/5580 3174/3174 1645/1645
f 747/747 724/724 7167/7167
f 747/747 7167/7167 1526/1526
f 7393/7393 4543/4543 6343/6343
f 6838/6838 3058/3058 1000/1000
f 4147/4147 3853/3853 4376/4376
f 7103/7103 3853/3853 2389/2389
f 6738/6738 1301/1301 7591/7591
f 7398/7398 1694/1694 3832/3832
f 3832/3832 562/562 7066/7066
f 4371/4371 2009/2009 5226/5226
f 417/417 493/493 3797/3797
f 4788/4788 1480/1480 1479/1479
f 6170/6170 5835/5835 1717/1717
f 4639/4639 4830/4830 4228/4228
f 1096/1096 7240/7240 6253/6253
f 6253/6253 7240/7240 4296/4296
f 637/637 103/103 5580/5580
f 1645/1645 724/724 747/747
f 747/747 1526/1526 3432/3432
f 1526/1526 3788/3788 5095/5095
f 3788/3788 7393/7393 5095/5095
f 5095/5095 7393/7393 6343/6343
f 6343/6343 4543/4543 1005/1005
f 1005/1005 6678/6678 5781/5781
f 1301/1301 1946/1946 3731/3731
f 1946/1946 7103/7103 3731/3731
f 6735/6735 7591/7591 1301/1301
f 3797/3797 493/493 2394/2394
f 1479/1479 1480/1480 1519/1519
f 1519/1519 1480/1480 6797/6797
f 6797/6797 4371/4371 2549/2549
f 2549/2549 4371/4371 5226/5226
f 1621/1621 1130/1130 5223/5223
f 5223/5223 1130/1130 417/417
f 3815/3815 480/480 7318/7318
f 7318/7318 480/480 4788/4788
f 7318/7318 4788/4788 1479/1479
f 2162/2162 2006/2006 103/103
f 5781/5781 1039/1039 3028/3028
f 5793/5793 1000/1000 4476/4476
f 6838/6838 1000/1000 1023/1023
f 3399/3399 4147/4147 1023/1023
f 4147/4147 6838/6838 1023/1023
f 2501/2501 1301/1301 3731/3731
f 5223/5223 417/417 3797/3797
f 3797/3797 2394/2394 4899/4899
f 3492/3492 7318/7318 1479/1479
f 5226/5226 2009/2009 1390/1390
f 2009/2009 1621/1621 1390/1390
f 1621/1621 5223/5223 1390/1390
f 3250/3250 1096/1096 6253/6253
f 659/659 6253/6253 4296/4296
f 637/637 5580/5580 1608/1608
f 1608/1608 5580/5580 1645/1645
f 3432/3432 1526/1526 535/535
f 1526/1526 5095/5095 535/535
f 6343/6343 1005/1005 3331/3331
f 3331/3331 1005/1005 5781/5781
f 5530/5530 6354/6354 2131/2131
f 4476/4476 4453/4453 2571/2571
f 6735/6735 1301/1301 2501/2501
f 3832/3832 7066/7066 6735/6735
f 6735/6735 7066/7066 7591/7591
f 7607/7607 4899/4899 2394/2394
f 7398/7398 3832/3832 7607/7607
f 2683/2683 6797/6797 2549/2549
f 6689/6689 1390/1390 5223/5223
f 5223/5223 3797/3797 4899/4899
f 2553/2553 7318/7318 3492/3492
f 4495/4495 391/391 4267/4267
f 3250/3250 6253/6253 659/659
f 659/659 4296/4296 2673/2673
f 2673/2673 4296/4296 2162/2162
f 2673/2673 2162/2162 103/103
f 2673/2673 103/103 7526/7526
f 7526/7526 103/103 637/637
f 5639/5639 747/747 3432/3432
f 3331/3331 5781/5781 3028/3028
f 2571/2571 5530/5530 2131/2131
f 2389/2389 4147/4147 3399/3399
f 7607/7607 3832/3832 5229/5229
f 3832/3832 6735/6735 5229/5229
f 1479/1479 1519/1519 5101/5101
f 2683/2683 2549/2549 7560/7560
f 2549/2549 5226/5226 7560/7560
f 7560/7560 5226/5226 2948/2948
f 2948/2948 5226/5226 1390/1390
f 2948/2948 1390/1390 6689/6689
f 1843/1843 5008/5008 4830/4830
f 3197/3197 2639/2639 5835/5835
f 5793/5793 4476/4476 2040/2040
f 1023/1023 1000/1000 5793/5793
f 3399/3399 1023/1023 696/696
f 3731/3731 2389/2389 4332/4332
f 4332/4332 2389/2389 3399/3399
f 1072/1072 4899/4899 7607/7607
f 1072/1072 7607/7607 5229/5229
f 1519/1519 2683/2683 6866/6866
f 6866/6866 2683/2683 7560/7560
f 2948/2948 6689/6689 6132/6132
f 6132/6132 6689/6689 5223/5223
f 6132/6132 5223/5223 1883/1883
f 1883/1883 5223/5223 4899/4899
f 1883/1883 4899/4899 5088/5088
f 2553/2553 3492/3492 5106/5106
f 5106/5106 3492/3492 1479/1479
f 5106/5106 1479/1479 4757/4757
f 1479/1479 5101/5101 4757/4757
f 6061/6061 5239/5239 2048/2048
f 5239/5239 768/768 2048/2048
f 6062/6062 6623/6623 4869/4869
f 6623/6623 2963/2963 4869/4869
f 3250/3250 659/659 6464/6464
f 3330/3330 2673/2673 7526/7526
f 7526/7526 637/637 2872/2872
f 1608/1608 1645/1645 3154/3154
f 3154/3154 1645/1645 3131/3131
f 5639/5639 3432/3432 3273/3273
f 1931/1931 5095/5095 6343/6343
f 1182/1182 6343/6343 3331/3331
f 3414/3414 2131/2131 302/302
f 2571/2571 2131/2131 3438/3438
f 4476/4476 2571/2571 1336/1336
f 2040/2040 4476/4476 1336/1336
f 337/337 1023/1023 5793/5793
f 4332/4332 3399/3399 696/696
f 1341/1341 3731/3731 4332/4332
f 2501/2501 1341/1341 6686/6686
f 1072/1072 5229/5229 62/62
f 5088/5088 4899/4899 1072/1072
f 5443/5443 5106/5106 4757/4757
f 5101/5101 1519/1519 6866/6866
f 6464/6464 659/659 4206/4206
f 659/659 2673/2673 4206/4206
f 4206/4206 2673/2673 3330/3330
f 7448/7448 7526/7526 2872/2872
f 2872/2872 637/637 3154/3154
f 637/637 1608/1608 3154/3154
f 1645/1645 747/747 3131/3131
f 3131/3131 747/747 5639/5639
f 3432/3432 535/535 3273/3273
f 3273/3273 535/535 2936/2936
f 535/535 5095/5095 1931/1931
f 1931/1931 6343/6343 1182/1182
f 2529/2529 3028/3028 6657/6657
f 1336/1336 2571/2571 3438/3438
f 337/337 5793/5793 2040/2040
f 7032/7032 6735/6735 6686/6686
f 5088/5088 1072/1072 2781/2781
f 4757/4757 5101/5101 2083/2083
f 2083/2083 5101/5101 6866/6866
f 2083/2083 6866/6866 7436/7436
f 7436/7436 6866/6866 6390/6390
f 6866/6866 7560/7560 6390/6390
f 7560/7560 2948/2948 6390/6390
f 6390/6390 2948/2948 6124/6124
f 5686/5686 5106/5106 5443/5443
f 3330/3330 7526/7526 7448/7448
f 3883/3883 3131/3131 5639/5639
f 5639/5639 3273/3273 3883/3883
f 3883/3883 3273/3273 4693/4693
f 2936/2936 535/535 1931/1931
f 1182/1182 3331/3331 7301/7301
f 3331/3331 3028/3028 2529/2529
f 3414/3414 302/302 3950/3950
f 102/102 2040/2040 1336/1336
f 337/337 2040/2040 5501/5501
f 4332/4332 696/696 1850/1850
f 2822/2822 1341/1341 4332/4332
f 5229/5229 6735/6735 7032/7032
f 6124/6124 6132/6132 5652/5652
f 4722/4722 6132/6132 1883/1883
f 5686/5686 5443/5443 3448/3448
f 3448/3448 5443/5443 4757/4757
f 6061/6061 2834/2834 5239/5239
f 1381/1381 2976/2976 6623/6623
f 7301/7301 3331/3331 2529/2529
f 4693/4693 3273/3273 2936/2936
f 102/102 1336/1336 3472/3472
f 696/696 337/337 3511/3511
f 2781/2781 62/62 6023/6023
f 4757/4757 2083/2083 1212/1212
f 6390/6390 6124/6124 2271/2271
f 5652/5652 6132/6132 4722/4722
f 6807/6807 700/700 7715/7715
f 2976/2976 4953/4953 6623/6623
f 4953/4953 1598/1598 6623/6623
f 6464/6464 4206/4206 1620/1620
f 4726/4726 3330/3330 7448/7448
f 7665/7665 2872/2872 3154/3154
f 7665/7665 3154/3154 4506/4506
f 3154/3154 3131/3131 4506/4506
f 4506/4506 3131/3131 3646/3646
f 3131/3131 3883/3883 3646/3646
f 3883/3883 4693/4693 3426/3426
f 1931/1931 1182/1182 5779/5779
f 5779/5779 1182/1182 7316/7316
f 7316/7316 1182/1182 7301/7301
f 1266/1266 7301/7301 2529/2529
f 5501/5501 2040/2040 4146/4146
f 4146/4146 2040/2040 102/102
f 1850/1850 696/696 3511/3511
f 2822/2822 4332/4332 399/399
f 399/399 4332/4332 1850/1850
f 2135/2135 5229/5229 7032/7032
f 3448/3448 4757/4757 1587/1587
f 798/798 3448/3448 1587/1587
f 1587/1587 4757/4757 1212/1212
f 1734/1734 5708/5708 3020/3020
f 7718/7718 6464/6464 1620/1620
f 1620/1620 4206/4206 3330/3330
f 1620/1620 3330/3330 3087/3087
f 3087/3087 3330/3330 4726/4726
f 7448/7448 2872/2872 4726/4726
f 4726/4726 2872/2872 7665/7665
f 3646/3646 3883/3883 5986/5986
f 3883/3883 3426/3426 5986/5986
f 4693/4693 2936/2936 2238/2238
f 2936/2936 1931/1931 2238/2238
f 102/102 3472/3472 5037/5037
f 399/399 1850/1850 1378/1378
f 1850/1850 3511/3511 1378/1378
f 6478/6478 2822/2822 1599/1599
f 1599/1599 2822/2822 399/399
f 6686/6686 2822/2822 6478/6478
f 6023/6023 62/62 2135/2135
f 6743/6743 2271/2271 5652/5652
f 5652/5652 4722/4722 4987/4987
f 4722/4722 2071/2071 6538/6538
f 4273/4273 1212/1212 3908/3908
f 1212/1212 2083/2083 3908/3908
f 3908/3908 2083/2083 3298/3298
f 4697/4697 3448/3448 798/798
f 4643/4643 4770/4770 3152/3152
f 3426/3426 4693/4693 4979/4979
f 4979/4979 4693/4693 2238/2238
f 2238/2238 1931/1931 5779/5779
f 7316/7316 7301/7301 1266/1266
f 5707/5707 2798/2798 7532/7532
f 3932/3932 533/533 5310/5310
f 5501/5501 4146/4146 7022/7022
f 1378/1378 3511/3511 5501/5501
f 7032/7032 6686/6686 6478/6478
f 4107/4107 7032/7032 6478/6478
f 4837/4837 6023/6023 2135/2135
f 6538/6538 2071/2071 2781/2781
f 6743/6743 5652/5652 4987/4987
f 1587/1587 1212/1212 4273/4273
f 700/700 1703/1703 1734/1734
f 4211/4211 2205/2205 2834/2834
f 5295/5295 7718/7718 1620/1620
f 3685/3685 4146/4146 5037/5037
f 7022/7022 4146/4146 3685/3685
f 5886/5886 5501/5501 7022/7022
f 2135/2135 7032/7032 4107/4107
f 6538/6538 2781/2781 3608/3608
f 4987/4987 4722/4722 6538/6538
f 798/798 1587/1587 1522/1522
f 625/625 798/798 1522/1522
f 1522/1522 1587/1587 4273/4273
f 4273/4273 3035/3035 1522/1522
f 2205/2205 2089/2089 2834/2834
f 2089/2089 1251/1251 6807/6807
f 1734/1734 7073/7073 5708/5708
f 5618/5618 4876/4876 2976/2976
f 2976/2976 4876/4876 4953/4953
f 2238/2238 5779/5779 2366/2366
f 7316/7316 1266/1266 2640/2640
f 2640/2640 1266/1266 3909/3909
f 3685/3685 5037/5037 1287/1287
f 1378/1378 5501/5501 5886/5886
f 399/399 1378/1378 5886/5886
f 2993/2993 399/399 5886/5886
f 2993/2993 1599/1599 399/399
f 3956/3956 6478/6478 1599/1599
f 7233/7233 4107/4107 6478/6478
f 6023/6023 4837/4837 1984/1984
f 5806/5806 4987/4987 6538/6538
f 3035/3035 3908/3908 3298/3298
f 3035/3035 3298/3298 7511/7511
f 332/332 6624/6624 625/625
f 505/505 698/698 5618/5618
f 1292/1292 1399/1399 1222/1222
f 992/992 1620/1620 3087/3087
f 4858/4858 3087/3087 2546/2546
f 3087/3087 4726/4726 2546/2546
f 2931/2931 3646/3646 5986/5986
f 5986/5986 3426/3426 7649/7649
f 7649/7649 3426/3426 4979/4979
f 7649/7649 4979/4979 2267/2267
f 2267/2267 4979/4979 2238/2238
f 2267/2267 2238/2238 3545/3545
f 2366/2366 3545/3545 2238/2238
f 2366/2366 5779/5779 5733/5733
f 5733/5733 5779/5779 7316/7316
f 3950/3950 5707/5707 5325/5325
f 2654/2654 3950/3950 5325/5325
f 3684/3684 5886/5886 7022/7022
f 3956/3956 1599/1599 2993/2993
f 7233/7233 6478/6478 3956/3956
f 626/626 1984/1984 4837/4837
f 626/626 4837/4837 3085/3085
f 3085/3085 4837/4837 2135/2135
f 3085/3085 2135/2135 4107/4107
f 6538/6538 3608/3608 5806/5806
f 3035/3035 7511/7511 7504/7504
f 7511/7511 6743/6743 7504/7504
f 7504/7504 6743/6743 3837/3837
f 3837/3837 6743/6743 2756/2756
f 332/332 625/625 2780/2780
f 2780/2780 625/625 1522/1522
f 1873/1873 1399/1399 1292/1292
f 5295/5295 1620/1620 992/992
f 992/992 3087/3087 4858/4858
f 3909/3909 1266/1266 7677/7677
f 2546/2546 4726/4726 1034/1034
f 4726/4726 7665/7665 1034/1034
f 7665/7665 4506/4506 1034/1034
f 1034/1034 4506/4506 3646/3646
f 1034/1034 3646/3646 2931/2931
f 2931/2931 5986/5986 5278/5278
f 5986/5986 7649/7649 5278/5278
f 5733/5733 7316/7316 2640/2640
f 7233/7233 3956/3956 2522/2522
f 3085/3085 4107/4107 7233/7233
f 5481/5481 3608/3608 1984/1984
f 3837/3837 2756/2756 6437/6437
f 4653/4653 1522/1522 3035/3035
f 89/89 7461/7461 2205/2205
f 7461/7461 159/159 2205/2205
f 2205/2205 159/159 2089/2089
f 2089/2089 159/159 921/921
f 6685/6685 5295/5295 992/992
f 1208/1208 6685/6685 992/992
f 2640/2640 3909/3909 7677/7677
f 6830/6830 7187/7187 3067/3067
f 1170/1170 5516/5516 2654/2654
f 3016/3016 3685/3685 4712/4712
f 3016/3016 7022/7022 3685/3685
f 3684/3684 7022/7022 3016/3016
f 3085/3085 7233/7233 4004/4004
f 5481/5481 1984/1984 7102/7102
f 1984/1984 626/626 7102/7102
f 1297/1297 5806/5806 4892/4892
f 1338/1338 2780/2780 2704/2704
f 2780/2780 1522/1522 1994/1994
f 2704/2704 2780/2780 1994/1994
f 1994/1994 1522/1522 4653/4653
f 674/674 3035/3035 7504/7504
f 1251/1251 921/921 2838/2838
f 1251/1251 2838/2838 1703/1703
f 4876/4876 7086/7086 6045/6045
f 5953/5953 1873/1873 1292/1292
f 4858/4858 2546/2546 54/54
f 5731/5731 2546/2546 1034/1034
f 2873/2873 7649/7649 2267/2267
f 2443/2443 3545/3545 2366/2366
f 2879/2879 5733/5733 2640/2640
f 1170/1170 2654/2654 3420/3420
f 4950/4950 5516/5516 4388/4388
f 165/165 2608/2608 3684/3684
f 1174/1174 3956/3956 2608/2608
f 3270/3270 7233/7233 2522/2522
f 7102/7102 626/626 636/636
f 636/636 626/626 1261/1261
f 4892/4892 5806/5806 5481/5481
f 1994/1994 4653/4653 6611/6611
f 6611/6611 4653/4653 674/674
f 7504/7504 3837/3837 5815/5815
f 860/860 1338/1338 4337/4337
f 4337/4337 1338/1338 2704/2704
f 6045/6045 7086/7086 6255/6255
f 992/992 4858/4858 3571/3571
f 7239/7239 992/992 3571/3571
f 3571/3571 4858/4858 54/54
f 54/54 2546/2546 5731/5731
f 2931/2931 5278/5278 1067/1067
f 2088/2088 2267/2267 2443/2443
f 2267/2267 3545/3545 2443/2443
f 2522/2522 3956/3956 1174/1174
f 1261/1261 626/626 4004/4004
f 626/626 3085/3085 4004/4004
f 4892/4892 5481/5481 7272/7272
f 7272/7272 5481/5481 7102/7102
f 6611/6611 674/674 4809/4809
f 4809/4809 674/674 7580/7580
f 7580/7580 674/674 7504/7504
f 7580/7580 7504/7504 5815/5815
f 5025/5025 3479/3479 7086/7086
f 7239/7239 1208/1208 992/992
f 2443/2443 2366/2366 5733/5733
f 1970/1970 3016/3016 4712/4712
f 4351/4351 3684/3684 3016/3016
f 2606/2606 165/165 3684/3684
f 1174/1174 2608/2608 165/165
f 2481/2481 4892/4892 7272/7272
f 7272/7272 7102/7102 636/636
f 7580/7580 5815/5815 1309/1309
f 4203/4203 5815/5815 6437/6437
f 4203/4203 6437/6437 731/731
f 6437/6437 1297/1297 2481/2481
f 1712/1712 4337/4337 1184/1184
f 3479/3479 6255/6255 7086/7086
f 5731/5731 1034/1034 2483/2483
f 2483/2483 1034/1034 6580/6580
f 1034/1034 2931/2931 1067/1067
f 1067/1067 5278/5278 3579/3579
f 5278/5278 7649/7649 3579/3579
f 3579/3579 7649/7649 2873/2873
f 2443/2443 5733/5733 4705/4705
f 4705/4705 5733/5733 3867/3867
f 5733/5733 2879/2879 6700/6700
f 3867/3867 5733/5733 6700/6700
f 2879/2879 2640/2640 6700/6700
f 6700/6700 2640/2640 5074/5074
f 5074/5074 2640/2640 7677/7677
f 6699/6699 1170/1170 3420/3420
f 2827/2827 4950/4950 4388/4388
f 2606/2606 3684/3684 4351/4351
f 1174/1174 165/165 6414/6414
f 166/166 2522/2522 1174/1174
f 7272/7272 636/636 891/891
f 6611/6611 4809/4809 1369/1369
f 4809/4809 7580/7580 5052/5052
f 5052/5052 7580/7580 1309/1309
f 6206/6206 6066/6066 1237/1237
f 4825/4825 792/792 5953/5953
f 5074/5074 7677/7677 6228/6228
f 6580/6580 1034/1034 1067/1067
f 2873/2873 2267/2267 2088/2088
f 2088/2088 2443/2443 4705/4705
f 6820/6820 2827/2827 4388/4388
f 166/166 1174/1174 1267/1267
f 3270/3270 2522/2522 166/166
f 6946/6946 7272/7272 891/891
f 891/891 636/636 328/328
f 328/328 636/636 1261/1261
f 1369/1369 4809/4809 6705/6705
f 731/731 2481/2481 2472/2472
f 2481/2481 7272/7272 2472/2472
f 7197/7197 1184/1184 1895/1895
f 1895/1895 1184/1184 1994/1994
f 1895/1895 1994/1994 830/830
f 830/830 1994/1994 1369/1369
f 5979/5979 3773/3773 6003/6003
f 563/563 3857/3857 6206/6206
f 5025/5025 3839/3839 3479/3479
f 7239/7239 3571/3571 5889/5889
f 3571/3571 54/54 3854/3854
f 54/54 5731/5731 3854/3854
f 3854/3854 5731/5731 2483/2483
f 5599/5599 5771/5771 4244/4244
f 1970/1970 2827/2827 6820/6820
f 6073/6073 3270/3270 6978/6978
f 891/891 328/328 2694/2694
f 328/328 1261/1261 6073/6073
f 6073/6073 1261/1261 3270/3270
f 2472/2472 7272/7272 6946/6946
f 6003/6003 4318/4318 6232/6232
f 6232/6232 4318/4318 6627/6627
f 792/792 6564/6564 7208/7208
f 5252/5252 2332/2332 7239/7239
f 5252/5252 7239/7239 5889/5889
f 5889/5889 3571/3571 3854/3854
f 2483/2483 6580/6580 6780/6780
f 6780/6780 6580/6580 1067/1067
f 7271/7271 4351/4351 1970/1970
f 3101/3101 6705/6705 5052/5052
f 5052/5052 3762/3762 2002/2002
f 731/731 2472/2472 3878/3878
f 6445/6445 731/731 3878/3878
f 6946/6946 891/891 2694/2694
f 2862/2862 1895/1895 830/830
f 1369/1369 6705/6705 3523/3523
f 6003/6003 3773/3773 4318/4318
f 5018/5018 3854/3854 2483/2483
f 5018/5018 2483/2483 3322/3322
f 3322/3322 2483/2483 6780/6780
f 6780/6780 1067/1067 3322/3322
f 3322/3322 1067/1067 3177/3177
f 3579/3579 2873/2873 7107/7107
f 7107/7107 2873/2873 1835/1835
f 2873/2873 2088/2088 1835/1835
f 393/393 2088/2088 4705/4705
f 3265/3265 4705/4705 3867/3867
f 3265/3265 3867/3867 6700/6700
f 6700/6700 5074/5074 2742/2742
f 5074/5074 6228/6228 2742/2742
f 6791/6791 6236/6236 7288/7288
f 3825/3825 355/355 7612/7612
f 166/166 1267/1267 6952/6952
f 1267/1267 6414/6414 407/407
f 6952/6952 1267/1267 407/407
f 6073/6073 6978/6978 378/378
f 378/378 6978/6978 166/166
f 3101/3101 5052/5052 901/901
f 901/901 5052/5052 2002/2002
f 2002/2002 3762/3762 6445/6445
f 2862/2862 830/830 7482/7482
f 830/830 3523/3523 4098/4098
f 3523/3523 6705/6705 3101/3101
f 3839/3839 1791/1791 668/668
f 3773/3773 2308/2308 4318/4318
f 4318/4318 1644/1644 6627/6627
f 1487/1487 4989/4989 4865/4865
f 5889/5889 3854/3854 2966/2966
f 2966/2966 3854/3854 5018/5018
f 3177/3177 1067/1067 7107/7107
f 1067/1067 3579/3579 7107/7107
f 1835/1835 2088/2088 393/393
f 393/393 4705/4705 3265/3265
f 5194/5194 3265/3265 6700/6700
f 5194/5194 6700/6700 2742/2742
f 2928/2928 6699/6699 6791/6791
f 7271/7271 1970/1970 2595/2595
f 328/328 6073/6073 4975/4975
f 4975/4975 6073/6073 2927/2927
f 2927/2927 6073/6073 378/378
f 6995/6995 6445/6445 3878/3878
f 6725/6725 6946/6946 7146/7146
f 3857/3857 7205/7205 4627/4627
f 6564/6564 7341/7341 7208/7208
f 1998/1998 5889/5889 2966/2966
f 2742/2742 6228/6228 4893/4893
f 4893/4893 6228/6228 1995/1995
f 3177/3177 7107/7107 2076/2076
f 2830/2830 1835/1835 393/393
f 7151/7151 393/393 4392/4392
f 3265/3265 5194/5194 4392/4392
f 6656/6656 1561/1561 3228/3228
f 2710/2710 4244/4244 90/90
f 7584/7584 4975/4975 4087/4087
f 4087/4087 4975/4975 2927/2927
f 6777/6777 901/901 2002/2002
f 2002/2002 6445/6445 2883/2883
f 2883/2883 6445/6445 6995/6995
f 2816/2816 5247/5247 1313/1313
f 754/754 2316/2316 1318/1318
f 754/754 1318/1318 3857/3857
f 7205/7205 3776/3776 4627/4627
f 4627/4627 3776/3776 7000/7000
f 4627/4627 7000/7000 4396/4396
f 1199/1199 5252/5252 5507/5507
f 5507/5507 5252/5252 1979/1979
f 5252/5252 5889/5889 1979/1979
f 1979/1979 5889/5889 1998/1998
f 2076/2076 7107/7107 2830/2830
f 7107/7107 1835/1835 2830/2830
f 2830/2830 393/393 7151/7151
f 393/393 3265/3265 4392/4392
f 6791/6791 7288/7288 3761/3761
f 5509/5509 355/355 3825/3825
f 7453/7453 2318/2318 3565/3565
f 4098/4098 3101/3101 813/813
f 6777/6777 2002/2002 2883/2883
f 4834/4834 2816/2816 369/369
f 5749/5749 6973/6973 2950/2950
f 2950/2950 7105/7105 4318/4318
f 4318/4318 7105/7105 1644/1644
f 6730/6730 1666/1666 3783/3783
f 3783/3783 1666/1666 2316/2316
f 7000/7000 4140/4140 1791/1791
f 1791/1791 6190/6190 1670/1670
f 1644/1644 1871/1871 7341/7341
f 6702/6702 5538/5538 2831/2831
f 1998/1998 2966/2966 7577/7577
f 7577/7577 2966/2966 5018/5018
f 7577/7577 5018/5018 749/749
f 5018/5018 3322/3322 749/749
f 749/749 3322/3322 1115/1115
f 1115/1115 3322/3322 3177/3177
f 3177/3177 2076/2076 1115/1115
f 4893/4893 1995/1995 7229/7229
f 6872/6872 3761/3761 1655/1655
f 6671/6671 2928/2928 286/286
f 751/751 5509/5509 6671/6671
f 6266/6266 2318/2318 7453/7453
f 4087/4087 7146/7146 7584/7584
f 3776/3776 6153/6153 7000/7000
f 5507/5507 1979/1979 2013/2013
f 1979/1979 1998/1998 2013/2013
f 7577/7577 749/749 1432/1432
f 1432/1432 749/749 6785/6785
f 6785/6785 749/749 1115/1115
f 4222/4222 1115/1115 4293/4293
f 1115/1115 2076/2076 4293/4293
f 4293/4293 2076/2076 3113/3113
f 3113/3113 2076/2076 2830/2830
f 3113/3113 2830/2830 7151/7151
f 3113/3113 7151/7151 1132/1132
f 718/718 4392/4392 5194/5194
f 718/718 5194/5194 2742/2742
f 1400/1400 1695/1695 465/465
f 5745/5745 6671/6671 286/286
f 3068/3068 7453/7453 2991/2991
f 5695/5695 5069/5069 6266/6266
f 176/176 7146/7146 5536/5536
f 6973/6973 4778/4778 2950/2950
f 1644/1644 3171/3171 1871/1871
f 675/675 1199/1199 5507/5507
f 2013/2013 1998/1998 6599/6599
f 4637/4637 7577/7577 1432/1432
f 6785/6785 1115/1115 2621/2621
f 2621/2621 1115/1115 4222/4222
f 1132/1132 7151/7151 4392/4392
f 1132/1132 4392/4392 718/718
f 718/718 2742/2742 2306/2306
f 2306/2306 2742/2742 4893/4893
f 2306/2306 4893/4893 7229/7229
f 2306/2306 7229/7229 112/112
f 5335/5335 176/176 5536/5536
f 5536/5536 1619/1619 2860/2860
f 6490/6490 5536/5536 2860/2860
f 1346/1346 813/813 5122/5122
f 3741/3741 111/111 6777/6777
f 7373/7373 6852/6852 3011/3011
f 2197/2197 6852/6852 7373/7373
f 5538/5538 5382/5382 5669/5669
f 6730/6730 1320/1320 1666/1666
f 1666/1666 1320/1320 2316/2316
f 2316/2316 1320/1320 3798/3798
f 2316/2316 3798/3798 1318/1318
f 1318/1318 2393/2393 7205/7205
f 7205/7205 4120/4120 5415/5415
f 1871/1871 6039/6039 6239/6239
f 6599/6599 1998/1998 4637/4637
f 4637/4637 1998/1998 7577/7577
f 3293/3293 3899/3899 1400/1400
f 1542/1542 7204/7204 5195/5195
f 1542/1542 176/176 5335/5335
f 5122/5122 111/111 2916/2916
f 2916/2916 3741/3741 2724/2724
f 2724/2724 3741/3741 1188/1188
f 3011/3011 1346/1346 1882/1882
f 6153/6153 5415/5415 4140/4140
f 6190/6190 6779/6779 7674/7674
f 1871/1871 3436/3436 6039/6039
f 675/675 5507/5507 2013/2013
f 1349/1349 4637/4637 1432/1432
f 7150/7150 6785/6785 4056/4056
f 4056/4056 6785/6785 2621/2621
f 3113/3113 1132/1132 5864/5864
f 5864/5864 1132/1132 6837/6837
f 6837/6837 1132/1132 4583/4583
f 1132/1132 718/718 4583/4583
f 718/718 2306/2306 3630/3630
f 3630/3630 2306/2306 5640/5640
f 2306/2306 112/112 5640/5640
f 5640/5640 112/112 5029/5029
f 1101/1101 5695/5695 695/695
f 5718/5718 7373/7373 375/375
f 2197/2197 7373/7373 5718/5718
f 2942/2942 753/753 4778/4778
f 4778/4778 753/753 5492/5492
f 5338/5338 69/69 6730/6730
f 1318/1318 3798/3798 2393/2393
f 7205/7205 2393/2393 4120/4120
f 5415/5415 4120/4120 1831/1831
f 4140/4140 1831/1831 6779/6779
f 6198/6198 675/675 2013/2013
f 7070/7070 6599/6599 4637/4637
f 7070/7070 4637/4637 1349/1349
f 2105/2105 1349/1349 1432/1432
f 2105/2105 1432/1432 6785/6785
f 2105/2105 6785/6785 7150/7150
f 4056/4056 2621/2621 4222/4222
f 4056/4056 4222/4222 3963/3963
f 3963/3963 4222/4222 3508/3508
f 3508/3508 4222/4222 4293/4293
f 4293/4293 3113/3113 7488/7488
f 3508/3508 4293/4293 7488/7488
f 3113/3113 5864/5864 7488/7488
f 4583/4583 718/718 3630/3630
f 5335/5335 4589/4589 4108/4108
f 3321/3321 7204/7204 4924/4924
f 2942/2942 7137/7137 753/753
f 5492/5492 4536/4536 4342/4342
f 83/83 6612/6612 6808/6808
f 6039/6039 5338/5338 5382/5382
f 6257/6257 7150/7150 6679/6679
f 6679/6679 7150/7150 4056/4056
f 3963/3963 3508/3508 6046/6046
f 3508/3508 7488/7488 6046/6046
f 7488/7488 5864/5864 7320/7320
f 5864/5864 6837/6837 7320/7320
f 6837/6837 4583/4583 7320/7320
f 1777/1777 4583/4583 3630/3630
f 1777/1777 3630/3630 2293/2293
f 2293/2293 3630/3630 1152/1152
f 1152/1152 3630/3630 5640/5640
f 1101/1101 695/695 495/495
f 3807/3807 1542/1542 2164/2164
f 4108/4108 4589/4589 1218/1218
f 3046/3046 4924/4924 3823/3823
f 3495/3495 3046/3046 3823/3823
f 4115/4115 6480/6480 3931/3931
f 5307/5307 6480/6480 4115/4115
f 753/753 3332/3332 5492/5492
f 5492/5492 3332/3332 4536/4536
f 6039/6039 5144/5144 5338/5338
f 5338/5338 6140/6140 69/69
f 69/69 6237/6237 1320/1320
f 319/319 2393/2393 3798/3798
f 3774/3774 7690/7690 4120/4120
f 4120/4120 7690/7690 1831/1831
f 1831/1831 7690/7690 4497/4497
f 1349/1349 2105/2105 6989/6989
f 6989/6989 2105/2105 7150/7150
f 6989/6989 7150/7150 6257/6257
f 4056/4056 3963/3963 6679/6679
f 6046/6046 7488/7488 3393/3393
f 7488/7488 7320/7320 3393/3393
f 7320/7320 4583/4583 5951/5951
f 5951/5951 4583/4583 1777/1777
f 1152/1152 5640/5640 5029/5029
f 7586/7586 973/973 7444/7444
f 927/927 2164/2164 4108/4108
f 1354/1354 153/153 83/83
f 7137/7137 878/878 753/753
f 753/753 878/878 3332/3332
f 4342/4342 7639/7639 3436/3436
f 3436/3436 7639/7639 1358/1358
f 3436/3436 5144/5144 6039/6039
f 5144/5144 63/63 5338/5338
f 5338/5338 63/63 6140/6140
f 5899/5899 6198/6198 2013/2013
f 5899/5899 2013/2013 6599/6599
f 5899/5899 6599/6599 613/613
f 6599/6599 7070/7070 613/613
f 7070/7070 1349/1349 613/613
f 613/613 1349/1349 6989/6989
f 3393/3393 7320/7320 6087/6087
f 6087/6087 7320/7320 5951/5951
f 5029/5029 3079/3079 1152/1152
f 6174/6174 2227/2227 3580/3580
f 3580/3580 2227/2227 4908/4908
f 7586/7586 7444/7444 7632/7632
f 4762/4762 7586/7586 5378/5378
f 4154/4154 4607/4607 319/319
f 4607/4607 404/404 319/319
f 7690/7690 3774/3774 3600/3600
f 7690/7690 3600/3600 4497/4497
f 3600/3600 1354/1354 4497/4497
f 3332/3332 7639/7639 4536/4536
f 319/319 404/404 3774/3774
f 6989/6989 6257/6257 5581/5581
f 6664/6664 6679/6679 3963/3963
f 6664/6664 3963/3963 6046/6046
f 6664/6664 6046/6046 6910/6910
f 6910/6910 6046/6046 3393/3393
f 6910/6910 3393/3393 6087/6087
f 1777/1777 2293/2293 3435/3435
f 3435/3435 2293/2293 1152/1152
f 6752/6752 1211/1211 1657/1657
f 1211/1211 4658/4658 1657/1657
f 1657/1657 4658/4658 3375/3375
f 6179/6179 2498/2498 646/646
f 4109/4109 2014/2014 878/878
f 878/878 2014/2014 3332/3332
f 5144/5144 2398/2398 63/63
f 7083/7083 6237/6237 6140/6140
f 153/153 3362/3362 6612/6612
f 3332/3332 3986/3986 7639/7639
f 2055/2055 5899/5899 1958/1958
f 1958/1958 5899/5899 613/613
f 613/613 6989/6989 4479/4479
f 6989/6989 5581/5581 4479/4479
f 5581/5581 6257/6257 6679/6679
f 5581/5581 6679/6679 6664/6664
f 6910/6910 6087/6087 492/492
f 1777/1777 3435/3435 5951/5951
f 3435/3435 1152/1152 97/97
f 3375/3375 3799/3799 1158/1158
f 7639/7639 3986/3986 4871/4871
f 2848/2848 3774/3774 404/404
f 7639/7639 4871/4871 1358/1358
f 613/613 3995/3995 1958/1958
f 3995/3995 613/613 4479/4479
f 4479/4479 5581/5581 4541/4541
f 4541/4541 5581/5581 5323/5323
f 5323/5323 5581/5581 6664/6664
f 492/492 6087/6087 5951/5951
f 492/492 5951/5951 5367/5367
f 5367/5367 5951/5951 3435/3435
f 97/97 1152/1152 3079/3079
f 5323/5323 6664/6664 5092/5092
f 6664/6664 6910/6910 6041/6041
f 5092/5092 6664/6664 6041/6041
f 6793/6793 6910/6910 492/492
f 6793/6793 492/492 1374/1374
f 1374/1374 492/492 1350/1350
f 7681/7681 97/97 3079/3079
f 2260/2260 4845/4845 1436/1436
f 463/463 5378/5378 7593/7593
f 959/959 2485/2485 2014/2014
f 2014/2014 2485/2485 445/445
f 404/404 2722/2722 2848/2848
f 776/776 406/406 153/153
f 2014/2014 445/445 3332/3332
f 3332/3332 445/445 3986/3986
f 3600/3600 406/406 776/776
f 6041/6041 6910/6910 6793/6793
f 1350/1350 492/492 5367/5367
f 5367/5367 3435/3435 6903/6903
f 6903/6903 3435/3435 3348/3348
f 3348/3348 3435/3435 97/97
f 97/97 7681/7681 3348/3348
f 75/75 5367/5367 6903/6903
f 2299/2299 7299/7299 681/681
f 5576/5576 6527/6527 3863/3863
f 959/959 4510/4510 2485/2485
f 7400/7400 3480/3480 2398/2398
f 2398/2398 3480/3480 6505/6505
f 2398/2398 5736/5736 7083/7083
f 7083/7083 5736/5736 7513/7513
f 6237/6237 7513/7513 4399/4399
f 3986/3986 7400/7400 4871/4871
f 5400/5400 2055/2055 667/667
f 667/667 2055/2055 1958/1958
f 1958/1958 3995/3995 2561/2561
f 2561/2561 3995/3995 4479/4479
f 4479/4479 4541/4541 7641/7641
f 5308/5308 6903/6903 3348/3348
f 7641/7641 4541/4541 5323/5323
f 7641/7641 5323/5323 1440/1440
f 1440/1440 5323/5323 5092/5092
f 1440/1440 5092/5092 1627/1627
f 6041/6041 6793/6793 4185/4185
f 5367/5367 75/75 1350/1350
f 75/75 6903/6903 5308/5308
f 5308/5308 3348/3348 7681/7681
f 3503/3503 1129/1129 6217/6217
f 3347/3347 1982/1982 7415/7415
f 4510/4510 6863/6863 2485/2485
f 2485/2485 6863/6863 445/445
f 445/445 415/415 3986/3986
f 406/406 6273/6273 2773/2773
f 6553/6553 6273/6273 406/406
f 406/406 2773/2773 4641/4641
f 415/415 3480/3480 3986/3986
f 2561/2561 4479/4479 6883/6883
f 6883/6883 4479/4479 7641/7641
f 4941/4941 5400/5400 667/667
f 667/667 1958/1958 2561/2561
f 4185/4185 6793/6793 5476/5476
f 4064/4064 75/75 5308/5308
f 5308/5308 7681/7681 3485/3485
f 1627/1627 5092/5092 6194/6194
f 6194/6194 5092/5092 6041/6041
f 5476/5476 6793/6793 1374/1374
f 5476/5476 1374/1374 7536/7536
f 7536/7536 1374/1374 1350/1350
f 4064/4064 5308/5308 5926/5926
f 5926/5926 5308/5308 3485/3485
f 6141/6141 428/428 5767/5767
f 2609/2609 2722/2722 5959/5959
f 2722/2722 920/920 2848/2848
f 6863/6863 3582/3582 445/445
f 445/445 3582/3582 415/415
f 2773/2773 6245/6245 4641/4641
f 415/415 1286/1286 3480/3480
f 3480/3480 1286/1286 6505/6505
f 5562/5562 7641/7641 1440/1440
f 5562/5562 1440/1440 3031/3031
f 3031/3031 1440/1440 1627/1627
f 3031/3031 1627/1627 6194/6194
f 6194/6194 6041/6041 4185/4185
f 7536/7536 1350/1350 4502/4502
f 1350/1350 75/75 4502/4502
f 4502/4502 75/75 4064/4064
f 4064/4064 5926/5926 822/822
f 219/219 4016/4016 7415/7415
f 7415/7415 3916/3916 3724/3724
f 3916/3916 3064/3064 294/294
f 3064/3064 1332/1332 4916/4916
f 7648/7648 5866/5866 2445/2445
f 6863/6863 5672/5672 4323/4323
f 6863/6863 4323/4323 3582/3582
f 796/796 5182/5182 5736/5736
f 5182/5182 2036/2036 7513/7513
f 7513/7513 2036/2036 5959/5959
f 2848/2848 4470/4470 3005/3005
f 4941/4941 667/667 39/39
f 39/39 667/667 2039/2039
f 2039/2039 667/667 3534/3534
f 3534/3534 667/667 2561/2561
f 2561/2561 6883/6883 3534/3534
f 6883/6883 7641/7641 3266/3266
f 3534/3534 6883/6883 3266/3266
f 3266/3266 7641/7641 5562/5562
f 3266/3266 5562/5562 4169/4169
f 4169/4169 5562/5562 3031/3031
f 4169/4169 3031/3031 3606/3606
f 3031/3031 6194/6194 3606/3606
f 3606/3606 6194/6194 6043/6043
f 6043/6043 6194/6194 4185/4185
f 3953/3953 7536/7536 4502/4502
f 7484/7484 4502/4502 4064/4064
f 822/822 5926/5926 3485/3485
f 822/822 3485/3485 4534/4534
f 6043/6043 4185/4185 5903/5903
f 4185/4185 5476/5476 5903/5903
f 5903/5903 5476/5476 6596/6596
f 6596/6596 5476/5476 7536/7536
f 6596/6596 7536/7536 3953/3953
f 3953/3953 4502/4502 7484/7484
f 3953/3953 7484/7484 5635/5635
f 7484/7484 4064/4064 822/822
f 1990/1990 850/850 218/218
f 3724/3724 294/294 5349/5349
f 5672/5672 2160/2160 4323/4323
f 2036/2036 920/920 2609/2609
f 4470/4470 2050/2050 3344/3344
f 3344/3344 2050/2050 6751/6751
f 2773/2773 2499/2499 6245/6245
f 3582/3582 4323/4323 4812/4812
f 3582/3582 4812/4812 1759/1759
f 3582/3582 1759/1759 1286/1286
f 1759/1759 6737/6737 1286/1286
f 5959/5959 2036/2036 2609/2609
f 6751/6751 2499/2499 2773/2773
f 2087/2087 4169/4169 3606/3606
f 7484/7484 822/822 5635/5635
f 5635/5635 822/822 1965/1965
f 1965/1965 822/822 4417/4417
f 4417/4417 822/822 4534/4534
f 3455/3455 5349/5349 2974/2974
f 7054/7054 7497/7497 5290/5290
f 5672/5672 1679/1679 2160/2160
f 2160/2160 1458/1458 4323/4323
f 1458/1458 7684/7684 4812/4812
f 4323/4323 1458/1458 4812/4812
f 4591/4591 7396/7396 6737/6737
f 6737/6737 7396/7396 796/796
f 7396/7396 1967/1967 796/796
f 1625/1625 3014/3014 2036/2036
f 920/920 6014/6014 4470/4470
f 6751/6751 4452/4452 2499/2499
f 2499/2499 4452/4452 2234/2234
f 4812/4812 7684/7684 1759/1759
f 1759/1759 7684/7684 3140/3140
f 1759/1759 3140/3140 6737/6737
f 796/796 1967/1967 5182/5182
f 920/920 2036/2036 3014/3014
f 2039/2039 3534/3534 7011/7011
f 39/39 2039/2039 7011/7011
f 4480/4480 39/39 7011/7011
f 1890/1890 7011/7011 3534/3534
f 1890/1890 3534/3534 4601/4601
f 4601/4601 3534/3534 3266/3266
f 4601/4601 3266/3266 4169/4169
f 4601/4601 4169/4169 3711/3711
f 1062/1062 4169/4169 2087/2087
f 5577/5577 39/39 4480/4480
f 3711/3711 4169/4169 1062/1062
f 2087/2087 3606/3606 3896/3896
f 3896/3896 3606/3606 6043/6043
f 3896/3896 6043/6043 5903/5903
f 5903/5903 6596/6596 2335/2335
f 2335/2335 6596/6596 3953/3953
f 2335/2335 3953/3953 870/870
f 870/870 3953/3953 5635/5635
f 5635/5635 1965/1965 3597/3597
f 1965/1965 4417/4417 3597/3597
f 1103/1103 952/952 2555/2555
f 3930/3930 6639/6639 1438/1438
f 1679/1679 6086/6086 4001/4001
f 1679/1679 4001/4001 2160/2160
f 2160/2160 4001/4001 1458/1458
f 7396/7396 362/362 1967/1967
f 6014/6014 7144/7144 3755/3755
f 6014/6014 3755/3755 2050/2050
f 5182/5182 1967/1967 1625/1625
f 5182/5182 1625/1625 2036/2036
f 3014/3014 7144/7144 920/920
f 920/920 7144/7144 6014/6014
f 2050/2050 5800/5800 6751/6751
f 7011/7011 1890/1890 4976/4976
f 4976/4976 1890/1890 7345/7345
f 1890/1890 4601/4601 7345/7345
f 7345/7345 4601/4601 6144/6144
f 6144/6144 4601/4601 3711/3711
f 1062/1062 2087/2087 6094/6094
f 6094/6094 2087/2087 3896/3896
f 3896/3896 5903/5903 5913/5913
f 5913/5913 5903/5903 2335/2335
f 3597/3597 870/870 5635/5635
f 7078/7078 3597/3597 4417/4417
f 6280/6280 6508/6508 3309/3309
f 772/772 1306/1306 1265/1265
f 4917/4917 21/21 362/362
f 7144/7144 2588/2588 3755/3755
f 5800/5800 3755/3755 4981/4981
f 5800/5800 4981/4981 4452/4452
f 4452/4452 7422/7422 2234/2234
f 4001/4001 3470/3470 1458/1458
f 3470/3470 2057/2057 7684/7684
f 1458/1458 3470/3470 7684/7684
f 7684/7684 2057/2057 587/587
f 4591/4591 587/587 3093/3093
f 4591/4591 3093/3093 7396/7396
f 7396/7396 3093/3093 4917/4917
f 4917/4917 362/362 7396/7396
f 1625/1625 5675/5675 3014/3014
f 7684/7684 587/587 3140/3140
f 3140/3140 587/587 4591/4591
f 4480/4480 7011/7011 1254/1254
f 1254/1254 7011/7011 4976/4976
f 5577/5577 4480/4480 1789/1789
f 631/631 5577/5577 1789/1789
f 1789/1789 4480/4480 1254/1254
f 7078/7078 4417/4417 5139/5139
f 6144/6144 3711/3711 6183/6183
f 3711/3711 1062/1062 5615/5615
f 4745/4745 1062/1062 6094/6094
f 5433/5433 3896/3896 5913/5913
f 5913/5913 2335/2335 2171/2171
f 870/870 3597/3597 7041/7041
f 2171/2171 2335/2335 870/870
f 3597/3597 7078/7078 7041/7041
f 7610/7610 3975/3975 5475/5475
f 2345/2345 603/603 2588/2588
f 5180/5180 7422/7422 4452/4452
f 7610/7610 5475/5475 4001/4001
f 4001/4001 5475/5475 3470/3470
f 3470/3470 594/594 2057/2057
f 2057/2057 594/594 587/587
f 587/587 4439/4439 3093/3093
f 4439/4439 4938/4938 4917/4917
f 603/603 5180/5180 4981/4981
f 6371/6371 3284/3284 5675/5675
f 5675/5675 3284/3284 3014/3014
f 3014/3014 3284/3284 5277/5277
f 3014/3014 5277/5277 7144/7144
f 5277/5277 2345/2345 7144/7144
f 7144/7144 2345/2345 2588/2588
f 2588/2588 603/603 3755/3755
f 3755/3755 603/603 4981/4981
f 631/631 1789/1789 5042/5042
f 1789/1789 1254/1254 414/414
f 5042/5042 1789/1789 414/414
f 414/414 1254/1254 1513/1513
f 1513/1513 1254/1254 4976/4976
f 1513/1513 4976/4976 7345/7345
f 4954/4954 7345/7345 7688/7688
f 7688/7688 7345/7345 6144/6144
f 6183/6183 3711/3711 5615/5615
f 5615/5615 1062/1062 4745/4745
f 1513/1513 7345/7345 4954/4954
f 7688/7688 6144/6144 6183/6183
f 4745/4745 6094/6094 856/856
f 6094/6094 3896/3896 394/394
f 3896/3896 5433/5433 394/394
f 5433/5433 5913/5913 4721/4721
f 856/856 6094/6094 394/394
f 3081/3081 7078/7078 6540/6540
f 6540/6540 7078/7078 5139/5139
f 394/394 5433/5433 7438/7438
f 4721/4721 5913/5913 2171/2171
f 2171/2171 870/870 4418/4418
f 4418/4418 870/870 7041/7041
f 680/680 1864/1864 5742/5742
f 5742/5742 1864/1864 3528/3528
f 3975/3975 6958/6958 5475/5475
f 5475/5475 6958/6958 4311/4311
f 6371/6371 3692/3692 3284/3284
f 3284/3284 3692/3692 5277/5277
f 5277/5277 5187/5187 2345/2345
f 5634/5634 4739/4739 5180/5180
f 4739/4739 5477/5477 5180/5180
f 5180/5180 5477/5477 7422/7422
f 7422/7422 5477/5477 680/680
f 1872/1872 3849/3849 362/362
f 6371/6371 3849/3849 3692/3692
f 603/603 2345/2345 5634/5634
f 7422/7422 680/680 5742/5742
f 5475/5475 4311/4311 3470/3470
f 3470/3470 4311/4311 594/594
f 1914/1914 4333/4333 4439/4439
f 4439/4439 4333/4333 4938/4938
f 4938/4938 1872/1872 21/21
f 21/21 1872/1872 362/362
f 5634/5634 5180/5180 603/603
f 594/594 4311/4311 1914/1914
f 594/594 1914/1914 587/587
f 1914/1914 4439/4439 587/587
f 5680/5680 5042/5042 5939/5939
f 5939/5939 5042/5042 414/414
f 414/414 1513/1513 1945/1945
f 1198/1198 1513/1513 4954/4954
f 1198/1198 4954/4954 7688/7688
f 1278/1278 7688/7688 6183/6183
f 590/590 6183/6183 5615/5615
f 590/590 5615/5615 4745/4745
f 7438/7438 5433/5433 4721/4721
f 4721/4721 2171/2171 805/805
f 4418/4418 7041/7041 4149/4149
f 4149/4149 7041/7041 7078/7078
f 4149/4149 7078/7078 3081/3081
f 5939/5939 414/414 3717/3717
f 3717/3717 414/414 1945/1945
f 1945/1945 1513/1513 1198/1198
f 1198/1198 7688/7688 7445/7445
f 7445/7445 7688/7688 1278/1278
f 805/805 2171/2171 4418/4418
f 6183/6183 590/590 1278/1278
f 1278/1278 590/590 3356/3356
f 590/590 4745/4745 2789/2789
f 2789/2789 4745/4745 856/856
f 2789/2789 856/856 2544/2544
f 2544/2544 856/856 4234/4234
f 856/856 394/394 4234/4234
f 394/394 7438/7438 4234/4234
f 656/656 7445/7445 1278/1278
f 4234/4234 7438/7438 4721/4721
f 805/805 4418/4418 3034/3034
f 3034/3034 4418/4418 6035/6035
f 4418/4418 4149/4149 6035/6035
f 2762/2762 3528/3528 7270/7270
f 5477/5477 3938/3938 680/680
f 680/680 3938/3938 2697/2697
f 680/680 2697/2697 1792/1792
f 1792/1792 3887/3887 1864/1864
f 7037/7037 6036/6036 4311/4311
f 4311/4311 6036/6036 4295/4295
f 4938/4938 1898/1898 274/274
f 1872/1872 1239/1239 3849/3849
f 1239/1239 2258/2258 3849/3849
f 5187/5187 4363/4363 5634/5634
f 4363/4363 1043/1043 5634/5634
f 1043/1043 4739/4739 5634/5634
f 680/680 1792/1792 1864/1864
f 6958/6958 7037/7037 4311/4311
f 4311/4311 4295/4295 1914/1914
f 4295/4295 2721/2721 1914/1914
f 1914/1914 2721/2721 4333/4333
f 2721/2721 419/419 4333/4333
f 419/419 6598/6598 4333/4333
f 4333/4333 6598/6598 4938/4938
f 6598/6598 1898/1898 4938/4938
f 4938/4938 274/274 1872/1872
f 5680/5680 5939/5939 4988/4988
f 4988/4988 5939/5939 3717/3717
f 4406/4406 590/590 2789/2789
f 4234/4234 4721/4721 962/962
f 962/962 4721/4721 805/805
f 962/962 805/805 7600/7600
f 7600/7600 805/805 3034/3034
f 6035/6035 4149/4149 3081/3081
f 610/610 3081/3081 6540/6540
f 610/610 6540/6540 4378/4378
f 4378/4378 6540/6540 472/472
f 3717/3717 1945/1945 5601/5601
f 3356/3356 590/590 4406/4406
f 5791/5791 2789/2789 2544/2544
f 2544/2544 4234/4234 5791/5791
f 5791/5791 4234/4234 7687/7687
f 7687/7687 4234/4234 962/962
f 7600/7600 3034/3034 6035/6035
f 6035/6035 3081/3081 610/610
f 4636/4636 610/610 4378/4378
f 4636/4636 4378/4378 4549/4549
f 1945/1945 1198/1198 4932/4932
f 6348/6348 7445/7445 656/656
f 656/656 1278/1278 2229/2229
f 2229/2229 1278/1278 3918/3918
f 3918/3918 1278/1278 3356/3356
f 4406/4406 2789/2789 1194/1194
f 1194/1194 2789/2789 4735/4735
f 4735/4735 2789/2789 5791/5791
f 7687/7687 962/962 3118/3118
f 6035/6035 610/610 2151/2151
f 4549/4549 4378/4378 5777/5777
f 5777/5777 4378/4378 472/472
f 5777/5777 472/472 1602/1602
f 1602/1602 472/472 5523/5523
f 5523/5523 472/472 2554/2554
f 4932/4932 1198/1198 6719/6719
f 6719/6719 1198/1198 7445/7445
f 7445/7445 6348/6348 6719/6719
f 6348/6348 656/656 6937/6937
f 6937/6937 656/656 2229/2229
f 6677/6677 4919/4919 4347/4347
f 981/981 6677/6677 3590/3590
f 3590/3590 6677/6677 4347/4347
f 3590/3590 4347/4347 4574/4574
f 3590/3590 4574/4574 6870/6870
f 7680/7680 981/981 862/862
f 981/981 3590/3590 3086/3086
f 862/862 981/981 3086/3086
f 3086/3086 3590/3590 6870/6870
f 3086/3086 6870/6870 6420/6420
f 6420/6420 6772/6772 6405/6405
f 6405/6405 6772/6772 6473/6473
f 6405/6405 6473/6473 5750/5750
f 6420/6420 6405/6405 3086/3086
f 7084/7084 2297/2297 4889/4889
f 7680/7680 862/862 419/419
f 419/419 862/862 6598/6598
f 1898/1898 3086/3086 6405/6405
f 5750/5750 5087/5087 1239/1239
f 961/961 3699/3699 2258/2258
f 3699/3699 3775/3775 2258/2258
f 2167/2167 3775/3775 5187/5187
f 4363/4363 5414/5414 1043/1043
f 1875/1875 971/971 4739/4739
f 971/971 488/488 5477/5477
f 5477/5477 488/488 3938/3938
f 3938/3938 5165/5165 2697/2697
f 7084/7084 4889/4889 6958/6958
f 6958/6958 4889/4889 7037/7037
f 2721/2721 7680/7680 419/419
f 862/862 3086/3086 1898/1898
f 6598/6598 862/862 1898/1898
f 6405/6405 5750/5750 274/274
f 274/274 5750/5750 1239/1239
f 2258/2258 1239/1239 961/961
f 2258/2258 3775/3775 2167/2167
f 4739/4739 971/971 5477/5477
f 3692/3692 2258/2258 2167/2167
f 2697/2697 3847/3847 2896/2896
f 2697/2697 2896/2896 1792/1792
f 4988/4988 3717/3717 6363/6363
f 3717/3717 5601/5601 6363/6363
f 5601/5601 1945/1945 4932/4932
f 4735/4735 5791/5791 6748/6748
f 5791/5791 7687/7687 6748/6748
f 6748/6748 7687/7687 3118/3118
f 962/962 7600/7600 3118/3118
f 3118/3118 7600/7600 6380/6380
f 7600/7600 6035/6035 6380/6380
f 6380/6380 6035/6035 2151/2151
f 2151/2151 610/610 5089/5089
f 5089/5089 610/610 4636/4636
f 5089/5089 4636/4636 1153/1153
f 1153/1153 4636/4636 4549/4549
f 1153/1153 4549/4549 2230/2230
f 2230/2230 4549/4549 5777/5777
f 2230/2230 5777/5777 4824/4824
f 4824/4824 5777/5777 1602/1602
f 1197/1197 1602/1602 5523/5523
f 1197/1197 5523/5523 4232/4232
f 1959/1959 3918/3918 3356/3356
f 1959/1959 3356/3356 4406/4406
f 4406/4406 1194/1194 7640/7640
f 7640/7640 1194/1194 4090/4090
f 4090/4090 1194/1194 1429/1429
f 4090/4090 1429/1429 1525/1525
f 1194/1194 4735/4735 1429/1429
f 1429/1429 4735/4735 4691/4691
f 4691/4691 4735/4735 4984/4984
f 4735/4735 6748/6748 4984/4984
f 4984/4984 6748/6748 7495/7495
f 7495/7495 6748/6748 2567/2567
f 2567/2567 6748/6748 3118/3118
f 1153/1153 2230/2230 360/360
f 4232/4232 5523/5523 2554/2554
f 4232/4232 2554/2554 2833/2833
f 3587/3587 4988/4988 469/469
f 4988/4988 6363/6363 7269/7269
f 469/469 4988/4988 7269/7269
f 2229/2229 3918/3918 410/410
f 410/410 3918/3918 1959/1959
f 1880/1880 1959/1959 2020/2020
f 1959/1959 4406/4406 7640/7640
f 2020/2020 1959/1959 7640/7640
f 7640/7640 4090/4090 728/728
f 2151/2151 5089/5089 1145/1145
f 5089/5089 1153/1153 1600/1600
f 3115/3115 1153/1153 360/360
f 2833/2833 2554/2554 3769/3769
f 6937/6937 2229/2229 951/951
f 2229/2229 410/410 951/951
f 410/410 1959/1959 2603/2603
f 410/410 2603/2603 1880/1880
f 1592/1592 410/410 1880/1880
f 7120/7120 2567/2567 3118/3118
f 7120/7120 3118/3118 6380/6380
f 928/928 6380/6380 2151/2151
f 928/928 2151/2151 1145/1145
f 1145/1145 5089/5089 1600/1600
f 1600/1600 1153/1153 3115/3115
f 1893/1893 951/951 410/410
f 1893/1893 410/410 1592/1592
f 64/64 1893/1893 1592/1592
f 3587/3587 469/469 1566/1566
f 298/298 4932/4932 6719/6719
f 298/298 6719/6719 4692/4692
f 6719/6719 6348/6348 3754/3754
f 3754/3754 6348/6348 6937/6937
f 3754/3754 6937/6937 951/951
f 4692/4692 6719/6719 3754/3754
f 5785/5785 3754/3754 951/951
f 951/951 1893/1893 5785/5785
f 7203/7203 3754/3754 5785/5785
f 6789/6789 7203/7203 5785/5785
f 7203/7203 6789/6789 2102/2102
f 3136/3136 3846/3846 2/2
f 3846/3846 3517/3517 4174/4174
f 2/2 3846/3846 4174/4174
f 3517/3517 2144/2144 6762/6762
f 4174/4174 3517/3517 6762/6762
f 6762/6762 2144/2144 638/638
f 638/638 2144/2144 254/254
f 1494/1494 3136/3136 2/2
f 3136/3136 1494/1494 7432/7432
f 2/2 4174/4174 5510/5510
f 5510/5510 4174/4174 6762/6762
f 5510/5510 6762/6762 6851/6851
f 6851/6851 6762/6762 638/638
f 1494/1494 2/2 2698/2698
f 2698/2698 2/2 5510/5510
f 2698/2698 5510/5510 735/735
f 735/735 5510/5510 6851/6851
f 638/638 254/254 7423/7423
f 7432/7432 1494/1494 1069/1069
f 1069/1069 1494/1494 2698/2698
f 2698/2698 735/735 2082/2082
f 2082/2082 735/735 6851/6851
f 2082/2082 6851/6851 6452/6452
f 6452/6452 6851/6851 638/638
f 638/638 7423/7423 4069/4069
f 2698/2698 2082/2082 7284/7284
f 1069/1069 2698/2698 7284/7284
f 7284/7284 2082/2082 6452/6452
f 6452/6452 638/638 4069/4069
f 5100/5100 1069/1069 7284/7284
f 5100/5100 7284/7284 4069/4069
f 4069/4069 7284/7284 6452/6452
f 5847/5847 1069/1069 5100/5100
f 5100/5100 4069/4069 3054/3054
f 3054/3054 4069/4069 7423/7423
f 7423/7423 5402/5402 5473/5473
f 3054/3054 7423/7423 6677/6677
f 6677/6677 7423/7423 5473/5473
f 5100/5100 3054/3054 5232/5232
f 5847/5847 5100/5100 5232/5232
f 3760/3760 5847/5847 5232/5232
f 5232/5232 3054/3054 6677/6677
f 2297/2297 79/79 5974/5974
f 3760/3760 5232/5232 5368/5368
f 5368/5368 5232/5232 981/981
f 981/981 5232/5232 6677/6677
f 7680/7680 5368/5368 981/981
f 2297/2297 5974/5974 4889/4889
f 4889/4889 5974/5974 581/581
f 4889/4889 581/581 7305/7305
f 7305/7305 581/581 6562/6562
f 5192/5192 5368/5368 7680/7680
f 279/279 7475/7475 3775/3775
f 3775/3775 7475/7475 4503/4503
f 5414/5414 7685/7685 1104/1104
f 971/971 6017/6017 488/488
f 488/488 6017/6017 5165/5165
f 3345/3345 7305/7305 5192/5192
f 3345/3345 5192/5192 7680/7680
f 5497/5497 7543/7543 5087/5087
f 971/971 1875/1875 6017/6017
f 6473/6473 6901/6901 5750/5750
f 5750/5750 6901/6901 5497/5497
f 5750/5750 5497/5497 5087/5087
f 7543/7543 3665/3665 961/961
f 4889/4889 7305/7305 7037/7037
f 7037/7037 7305/7305 6036/6036
f 7305/7305 3345/3345 6036/6036
f 6036/6036 3345/3345 4295/4295
f 4295/4295 3345/3345 7680/7680
f 5187/5187 4503/4503 4363/4363
f 4503/4503 5414/5414 4363/4363
f 5414/5414 1104/1104 1043/1043
f 1043/1043 1104/1104 4739/4739
f 4739/4739 1104/1104 1875/1875
f 5165/5165 6893/6893 2697/2697
f 2697/2697 6893/6893 3847/3847
f 2896/2896 3847/3847 1877/1877
f 2896/2896 1877/1877 2450/2450
f 1197/1197 4232/4232 2642/2642
f 2230/2230 4824/4824 354/354
f 4824/4824 1602/1602 1076/1076
f 1076/1076 1602/1602 1197/1197
f 1880/1880 2020/2020 1545/1545
f 189/189 1880/1880 1545/1545
f 1545/1545 2020/2020 1726/1726
f 2020/2020 7640/7640 4160/4160
f 1726/1726 2020/2020 4160/4160
f 4160/4160 7640/7640 728/728
f 4160/4160 728/728 118/118
f 118/118 728/728 3003/3003
f 728/728 4090/4090 3003/3003
f 3003/3003 4090/4090 1525/1525
f 360/360 2230/2230 2618/2618
f 2618/2618 2230/2230 354/354
f 4015/4015 1592/1592 189/189
f 1592/1592 1880/1880 189/189
f 3003/3003 1525/1525 4172/4172
f 2672/2672 3003/3003 4172/4172
f 4172/4172 1525/1525 5936/5936
f 5936/5936 1525/1525 1429/1429
f 5936/5936 1429/1429 5174/5174
f 5174/5174 1429/1429 4691/4691
f 5174/5174 4691/4691 4984/4984
f 5671/5671 360/360 2618/2618
f 64/64 1592/1592 4015/4015
f 1773/1773 64/64 4015/4015
f 5174/5174 4984/4984 5480/5480
f 5480/5480 4984/4984 2954/2954
f 4984/4984 7495/7495 2954/2954
f 2954/2954 7495/7495 2929/2929
f 2929/2929 7495/7495 2567/2567
f 7120/7120 6380/6380 928/928
f 6363/6363 5601/5601 4261/4261
f 4261/4261 5601/5601 4932/4932
f 4172/4172 5936/5936 5066/5066
f 5066/5066 5936/5936 5691/5691
f 2929/2929 2567/2567 6394/6394
f 6394/6394 2567/2567 7120/7120
f 6309/6309 7120/7120 928/928
f 3115/3115 360/360 1818/1818
f 1818/1818 360/360 5671/5671
f 1566/1566 469/469 7269/7269
f 7269/7269 6363/6363 6565/6565
f 6363/6363 4261/4261 6565/6565
f 4261/4261 4932/4932 298/298
f 5691/5691 5936/5936 5174/5174
f 5691/5691 5174/5174 6854/6854
f 6854/6854 5174/5174 5480/5480
f 6394/6394 7120/7120 3683/3683
f 3683/3683 7120/7120 6309/6309
f 6309/6309 928/928 4/4
f 6056/6056 928/928 1145/1145
f 1600/1600 3115/3115 5409/5409
f 5917/5917 1600/1600 5409/5409
f 4/4 928/928 6056/6056
f 6056/6056 1145/1145 5917/5917
f 1145/1145 1600/1600 5917/5917
f 3115/3115 1818/1818 5409/5409
f 3211/3211 298/298 4692/4692
f 3182/3182 6854/6854 5480/5480
f 1566/1566 7269/7269 525/525
f 723/723 1566/1566 525/525
f 525/525 7269/7269 6565/6565
f 4692/4692 3754/3754 3211/3211
f 3211/3211 3754/3754 7203/7203
f 3182/3182 5480/5480 3096/3096
f 3096/3096 5480/5480 2954/2954
f 3096/3096 2954/2954 2929/2929
f 2929/2929 6394/6394 3791/3791
f 3096/3096 2929/2929 3791/3791
f 6394/6394 3683/3683 3791/3791
f 3683/3683 6309/6309 3791/3791
f 3791/3791 6309/6309 1274/1274
f 1274/1274 6309/6309 5659/5659
f 5659/5659 6309/6309 4/4
f 5659/5659 4/4 6056/6056
f 6294/6294 298/298 3211/3211
f 1037/1037 1566/1566 723/723
f 7114/7114 723/723 525/525
f 1631/1631 6294/6294 3211/3211
f 2102/2102 4596/4596 1746/1746
f 6150/6150 3211/3211 5104/5104
f 5104/5104 3211/3211 3203/3203
f 3203/3203 3211/3211 7203/7203
f 3203/3203 7203/7203 2102/2102
f 3203/3203 2102/2102 5470/5470
f 5470/5470 2102/2102 1746/1746
f 1037/1037 723/723 4592/4592
f 5470/5470 1746/1746 6382/6382
f 5104/5104 3203/3203 1149/1149
f 5991/5991 3203/3203 5470/5470
f 6895/6895 5104/5104 1149/1149
f 1149/1149 3203/3203 5991/5991
f 5991/5991 5470/5470 6382/6382
f 1149/1149 5991/5991 2144/2144
f 2144/2144 5991/5991 6382/6382
f 2144/2144 6382/6382 5050/5050
f 3846/3846 1149/1149 3517/3517
f 3517/3517 1149/1149 2144/2144
f 1037/1037 4592/4592 6882/6882
f 6895/6895 1149/1149 7432/7432
f 1149/1149 3846/3846 3136/3136
f 7432/7432 1149/1149 3136/3136
f 6510/6510 6895/6895 7432/7432
f 5828/5828 6895/6895 6510/6510
f 6510/6510 7432/7432 1069/1069
f 79/79 6882/6882 890/890
f 890/890 2884/2884 1377/1377
f 1377/1377 2884/2884 6683/6683
f 3760/3760 5828/5828 6510/6510
f 6510/6510 1069/1069 5847/5847
f 2068/2068 6804/6804 3760/3760
f 3760/3760 6804/6804 5828/5828
f 6510/6510 5847/5847 3760/3760
f 7475/7475 5352/5352 7685/7685
f 279/279 7565/7565 4157/4157
f 279/279 4157/4157 7475/7475
f 5974/5974 890/890 1377/1377
f 5974/5974 1377/1377 581/581
f 581/581 1377/1377 6683/6683
f 581/581 6683/6683 6562/6562
f 6562/6562 6683/6683 2068/2068
f 6562/6562 2068/2068 5192/5192
f 2068/2068 3760/3760 5192/5192
f 5192/5192 3760/3760 5368/5368
f 7685/7685 5916/5916 1104/1104
f 1875/1875 5321/5321 3501/3501
f 3501/3501 277/277 6017/6017
f 6017/6017 277/277 3441/3441
f 6017/6017 3441/3441 4679/4679
f 6017/6017 4679/4679 5165/5165
f 4162/4162 7565/7565 961/961
f 961/961 7565/7565 3699/3699
f 7565/7565 279/279 3699/3699
f 4503/4503 7475/7475 7685/7685
f 4503/4503 7685/7685 5414/5414
f 5916/5916 5321/5321 1104/1104
f 1104/1104 5321/5321 1875/1875
f 1875/1875 3501/3501 6017/6017
f 4795/4795 4188/4188 7543/7543
f 7543/7543 4188/4188 3665/3665
f 4188/4188 5423/5423 3665/3665
f 3665/3665 5423/5423 4162/4162
f 3665/3665 4162/4162 961/961
f 3699/3699 279/279 3775/3775
f 7305/7305 6562/6562 5192/5192
f 1406/1406 4519/4519 6901/6901
f 6901/6901 4519/4519 5497/5497
f 4519/4519 4795/4795 5497/5497
f 5497/5497 4795/4795 7543/7543
f 5165/5165 2334/2334 6893/6893
f 2582/2582 1406/1406 6954/6954
f 6954/6954 1406/1406 6901/6901
f 6893/6893 2334/2334 5370/5370
f 3847/3847 5370/5370 7217/7217
f 3847/3847 7217/7217 1877/1877
f 2450/2450 1877/1877 4324/4324
f 2450/2450 4324/4324 4828/4828
f 1076/1076 1197/1197 2642/2642
f 1076/1076 2642/2642 6894/6894
f 5958/5958 189/189 2743/2743
f 2743/2743 189/189 1545/1545
f 1726/1726 4160/4160 118/118
f 354/354 4824/4824 1076/1076
f 118/118 3003/3003 2672/2672
f 2340/2340 118/118 2672/2672
f 5532/5532 354/354 1076/1076
f 5532/5532 1076/1076 2200/2200
f 4213/4213 2672/2672 5961/5961
f 5961/5961 2672/2672 4172/4172
f 5961/5961 4172/4172 5066/5066
f 5671/5671 2618/2618 2415/2415
f 2618/2618 5532/5532 2415/2415
f 2738/2738 5961/5961 5066/5066
f 5296/5296 5066/5066 5691/5691
f 5296/5296 5691/5691 4835/4835
f 4835/4835 5691/5691 6854/6854
f 4835/4835 6854/6854 3182/3182
f 5917/5917 5409/5409 3451/3451
f 5409/5409 1818/1818 3451/3451
f 3451/3451 1818/1818 2615/2615
f 2615/2615 1818/1818 5671/5671
f 5671/5671 2415/2415 2615/2615
f 6565/6565 4261/4261 2905/2905
f 2905/2905 4261/4261 6294/6294
f 4261/4261 298/298 6294/6294
f 2738/2738 5066/5066 5296/5296
f 6056/6056 5917/5917 7064/7064
f 7064/7064 5917/5917 3451/3451
f 3791/3791 1274/1274 3637/3637
f 4250/4250 3791/3791 3637/3637
f 5026/5026 3451/3451 5387/5387
f 3451/3451 2615/2615 5387/5387
f 2905/2905 6294/6294 1631/1631
f 6674/6674 2738/2738 5296/5296
f 5296/5296 4835/4835 7201/7201
f 4835/4835 3182/3182 5212/5212
f 6841/6841 1274/1274 5659/5659
f 5026/5026 7064/7064 3451/3451
f 525/525 6565/6565 2564/2564
f 6565/6565 2905/2905 2564/2564
f 1631/1631 3211/3211 6150/6150
f 6841/6841 5659/5659 6056/6056
f 2652/2652 6056/6056 7064/7064
f 7114/7114 525/525 641/641
f 641/641 525/525 2564/2564
f 7201/7201 4835/4835 5212/5212
f 5212/5212 3182/3182 3042/3042
f 3042/3042 3182/3182 3096/3096
f 3042/3042 3096/3096 3581/3581
f 4250/4250 3581/3581 3096/3096
f 3096/3096 3791/3791 4250/4250
f 3637/3637 1274/1274 6841/6841
f 2652/2652 6841/6841 6056/6056
f 6408/6408 7064/7064 5026/5026
f 2564/2564 2905/2905 2139/2139
f 6150/6150 5104/5104 6895/6895
f 6674/6674 5296/5296 7201/7201
f 2652/2652 7064/7064 6408/6408
f 6408/6408 5026/5026 2373/2373
f 5026/5026 5387/5387 6906/6906
f 2139/2139 2905/2905 1631/1631
f 4250/4250 3637/3637 3592/3592
f 3637/3637 6841/6841 5352/5352
f 2373/2373 5026/5026 6906/6906
f 6150/6150 6895/6895 6804/6804
f 6968/6968 3042/3042 3581/3581
f 3592/3592 3637/3637 5352/5352
f 2884/2884 7114/7114 641/641
f 6804/6804 1631/1631 6150/6150
f 3510/3510 6674/6674 7201/7201
f 5212/5212 3042/3042 6968/6968
f 3581/3581 4250/4250 3592/3592
f 5352/5352 6841/6841 471/471
f 6841/6841 2652/2652 1658/1658
f 2853/2853 2652/2652 6408/6408
f 641/641 2564/2564 6905/6905
f 2564/2564 2139/2139 6905/6905
f 2139/2139 1631/1631 6804/6804
f 6804/6804 6895/6895 5828/5828
f 6968/6968 3581/3581 4157/4157
f 6408/6408 2373/2373 2853/2853
f 3510/3510 7201/7201 7342/7342
f 7342/7342 7201/7201 5212/5212
f 7342/7342 5212/5212 6968/6968
f 4157/4157 3581/3581 3592/3592
f 1658/1658 2652/2652 2853/2853
f 3998/3998 2373/2373 6906/6906
f 6905/6905 2139/2139 6804/6804
f 471/471 6841/6841 1658/1658
f 2853/2853 2373/2373 3998/3998
f 3998/3998 6906/6906 666/666
f 2884/2884 641/641 6905/6905
f 3441/3441 3998/3998 666/666
f 2884/2884 6905/6905 6683/6683
f 3984/3984 5494/5494 5423/5423
f 5423/5423 5494/5494 3510/3510
f 3510/3510 7342/7342 4162/4162
f 7565/7565 7342/7342 6968/6968
f 7475/7475 4157/4157 3592/3592
f 7475/7475 3592/3592 5352/5352
f 7685/7685 5352/5352 5916/5916
f 5352/5352 471/471 5916/5916
f 471/471 1658/1658 5321/5321
f 1658/1658 2853/2853 5321/5321
f 5321/5321 2853/2853 3501/3501
f 2853/2853 3998/3998 3501/3501
f 3501/3501 3998/3998 277/277
f 6683/6683 6905/6905 2068/2068
f 2068/2068 6905/6905 6804/6804
f 5423/5423 3510/3510 4162/4162
f 277/277 3998/3998 3441/3441
f 4162/4162 7342/7342 7565/7565
f 3441/3441 666/666 4679/4679
f 4679/4679 666/666 4872/4872
f 4884/4884 3984/3984 725/725
f 3984/3984 5423/5423 4188/4188
f 4679/4679 4872/4872 2408/2408
f 725/725 3984/3984 4795/4795
f 4795/4795 3984/3984 4188/4188
f 4679/4679 2408/2408 2334/2334
f 5165/5165 4679/4679 2334/2334
f 2334/2334 2408/2408 7217/7217
f 3696/3696 725/725 4519/4519
f 725/725 4795/4795 4519/4519
f 4304/4304 3696/3696 1406/1406
f 3696/3696 4304/4304 7099/7099
f 1406/1406 3696/3696 4519/4519
f 2334/2334 7217/7217 5370/5370
f 2582/2582 4304/4304 1406/1406
f 297/297 4304/4304 2582/2582
f 1877/1877 7217/7217 4324/4324
f 1173/1173 1545/1545 1726/1726
f 6894/6894 2642/2642 5568/5568
f 6894/6894 5568/5568 5017/5017
f 2634/2634 5958/5958 762/762
f 5958/5958 2743/2743 762/762
f 762/762 2743/2743 609/609
f 609/609 2743/2743 1545/1545
f 609/609 1545/1545 1173/1173
f 3231/3231 1726/1726 118/118
f 2200/2200 1076/1076 6894/6894
f 711/711 118/118 2340/2340
f 4213/4213 2340/2340 2672/2672
f 711/711 2340/2340 4213/4213
f 5532/5532 2200/2200 5569/5569
f 2415/2415 5532/5532 5569/5569
f 4820/4820 4213/4213 5961/5961
f 4213/4213 4820/4820 2923/2923
f 2415/2415 5569/5569 5818/5818
f 4820/4820 5961/5961 3641/3641
f 3641/3641 5961/5961 2738/2738
f 2615/2615 2415/2415 6272/6272
f 5387/5387 2615/2615 1922/1922
f 2615/2615 6272/6272 1922/1922
f 4820/4820 3641/3641 1868/1868
f 1868/1868 3641/3641 2738/2738
f 2219/2219 4820/4820 1868/1868
f 1868/1868 2738/2738 6674/6674
f 6906/6906 5387/5387 1586/1586
f 5387/5387 1922/1922 1586/1586
f 1868/1868 6674/6674 3510/3510
f 2219/2219 1868/1868 5494/5494
f 7160/7160 2219/2219 5494/5494
f 1868/1868 3510/3510 5494/5494
f 666/666 1586/1586 6081/6081
f 666/666 6906/6906 1586/1586
f 7160/7160 5494/5494 3984/3984
f 4884/4884 7160/7160 3984/3984
f 666/666 6081/6081 4872/4872
f 4872/4872 6081/6081 1541/1541
f 4872/4872 1541/1541 2408/2408
f 2156/2156 4884/4884 4650/4650
f 4650/4650 4884/4884 725/725
f 2408/2408 1541/1541 816/816
f 5166/5166 4650/4650 7099/7099
f 3696/3696 4650/4650 725/725
f 7099/7099 4650/4650 3696/3696
f 4202/4202 4304/4304 297/297
f 7217/7217 4522/4522 1191/1191
f 4324/4324 7217/7217 1191/1191
f 6802/6802 2634/2634 6306/6306
f 6306/6306 2634/2634 762/762
f 6306/6306 762/762 5692/5692
f 762/762 609/609 5692/5692
f 5692/5692 609/609 1173/1173
f 3425/3425 1173/1173 1726/1726
f 3425/3425 1726/1726 3231/3231
f 440/440 3425/3425 3231/3231
f 6721/6721 6894/6894 5017/5017
f 1547/1547 2502/2502 6802/6802
f 3231/3231 118/118 711/711
f 5569/5569 2200/2200 7673/7673
f 711/711 4213/4213 2923/2923
f 5569/5569 7673/7673 5818/5818
f 1659/1659 2923/2923 4820/4820
f 6272/6272 5818/5818 5756/5756
f 1922/1922 6272/6272 2755/2755
f 2755/2755 6272/6272 5756/5756
f 510/510 5840/5840 2599/2599
f 1659/1659 4820/4820 2219/2219
f 1586/1586 1922/1922 6079/6079
f 6079/6079 1922/1922 2755/2755
f 4815/4815 1659/1659 2219/2219
f 4815/4815 2219/2219 7160/7160
f 1586/1586 6079/6079 5161/5161
f 6081/6081 1586/1586 5161/5161
f 2156/2156 4815/4815 7160/7160
f 6081/6081 5161/5161 6722/6722
f 2156/2156 7160/7160 4884/4884
f 1541/1541 6081/6081 6722/6722
f 1541/1541 6722/6722 2365/2365
f 5166/5166 2156/2156 4650/4650
f 5166/5166 7099/7099 1905/1905
f 4522/4522 816/816 5329/5329
f 4522/4522 5329/5329 1191/1191
f 2678/2678 5692/5692 1173/1173
f 2678/2678 1173/1173 3425/3425
f 440/440 3231/3231 7043/7043
f 7043/7043 3231/3231 711/711
f 2200/2200 6721/6721 683/683
f 7673/7673 2200/2200 683/683
f 711/711 2923/2923 7425/7425
f 5818/5818 7673/7673 1635/1635
f 2295/2295 2923/2923 1659/1659
f 5756/5756 5818/5818 3387/3387
f 4673/4673 2295/2295 1659/1659
f 5756/5756 3387/3387 6628/6628
f 2755/2755 5756/5756 6628/6628
f 4815/4815 4673/4673 1659/1659
f 4673/4673 4815/4815 2661/2661
f 6079/6079 2755/2755 6628/6628
f 6079/6079 6628/6628 6680/6680
f 5161/5161 6079/6079 6680/6680
f 2156/2156 2661/2661 4815/4815
f 2661/2661 2156/2156 7039/7039
f 2365/2365 1404/1404 3311/3311
f 7039/7039 2156/2156 5166/5166
f 7039/7039 5166/5166 1364/1364
f 816/816 3311/3311 1785/1785
f 5166/5166 1905/1905 402/402
f 1364/1364 5166/5166 402/402
f 4202/4202 402/402 1905/1905
f 2118/2118 402/402 4202/4202
f 6802/6802 6306/6306 3710/3710
f 3710/3710 6306/6306 707/707
f 6306/6306 5692/5692 707/707
f 707/707 5692/5692 2678/2678
f 2678/2678 3425/3425 440/440
f 4190/4190 440/440 7043/7043
f 7425/7425 7043/7043 711/711
f 7043/7043 7425/7425 7399/7399
f 7673/7673 683/683 17/17
f 2295/2295 7425/7425 2923/2923
f 986/986 2295/2295 4673/4673
f 7015/7015 6628/6628 3387/3387
f 7015/7015 3387/3387 5911/5911
f 3253/3253 2661/2661 7039/7039
f 3253/3253 7039/7039 1811/1811
f 5329/5329 1785/1785 291/291
f 7254/7254 402/402 2118/2118
f 3738/3738 6802/6802 3710/3710
f 6590/6590 3710/3710 707/707
f 2678/2678 440/440 4190/4190
f 4959/4959 2678/2678 4190/4190
f 6441/6441 1870/1870 3738/3738
f 4190/4190 7043/7043 4955/4955
f 4955/4955 7043/7043 2157/2157
f 7399/7399 7425/7425 2295/2295
f 986/986 7399/7399 2295/2295
f 986/986 4673/4673 2070/2070
f 2070/2070 4673/4673 2661/2661
f 3253/3253 2070/2070 2661/2661
f 6690/6690 2070/2070 3253/3253
f 1364/1364 1811/1811 7039/7039
f 1364/1364 402/402 3616/3616
f 3616/3616 402/402 7254/7254
f 4967/4967 7254/7254 2118/2118
f 7254/7254 4967/4967 7169/7169
f 4600/4600 3738/3738 3710/3710
f 4600/4600 3710/3710 1393/1393
f 1393/1393 3710/3710 6590/6590
f 6590/6590 707/707 3170/3170
f 3170/3170 707/707 2678/2678
f 3170/3170 2678/2678 4959/4959
f 3880/3880 6441/6441 3738/3738
f 4959/4959 4190/4190 4955/4955
f 2157/2157 7043/7043 7399/7399
f 3644/3644 7399/7399 986/986
f 571/571 986/986 2070/2070
f 571/571 2070/2070 1719/1719
f 1719/1719 2070/2070 6690/6690
f 6690/6690 3253/3253 2314/2314
f 2314/2314 3253/3253 1811/1811
f 1811/1811 1364/1364 1049/1049
f 1997/1997 1364/1364 3616/3616
f 2079/2079 7254/7254 7169/7169
f 1343/1343 3170/3170 4959/4959
f 3880/3880 3738/3738 4600/4600
f 1343/1343 4959/4959 4955/4955
f 17/17 2288/2288 4806/4806
f 3644/3644 2157/2157 7399/7399
f 3644/3644 986/986 571/571
f 3533/3533 6690/6690 2314/2314
f 3533/3533 2314/2314 6684/6684
f 6684/6684 2314/2314 1811/1811
f 6684/6684 1811/1811 2471/2471
f 1811/1811 1049/1049 2471/2471
f 1997/1997 3616/3616 4288/4288
f 6590/6590 3170/3170 5898/5898
f 5898/5898 3170/3170 1343/1343
f 1343/1343 4955/4955 3766/3766
f 3766/3766 4955/4955 2157/2157
f 3766/3766 2157/2157 2707/2707
f 5952/5952 3644/3644 571/571
f 5952/5952 571/571 1719/1719
f 3533/3533 1719/1719 6690/6690
f 1049/1049 1997/1997 6643/6643
f 2799/2799 1049/1049 6643/6643
f 6861/6861 6741/6741 1997/1997
f 6861/6861 1997/1997 3640/3640
f 1997/1997 4288/4288 3640/3640
f 1393/1393 6590/6590 4215/4215
f 4215/4215 6590/6590 5898/5898
f 3880/3880 4600/4600 3609/3609
f 2411/2411 3880/3880 3609/3609
f 3609/3609 4600/4600 1393/1393
f 5898/5898 1343/1343 1127/1127
f 1127/1127 1343/1343 2707/2707
f 2707/2707 1343/1343 3766/3766
f 3644/3644 2707/2707 2157/2157
f 2817/2817 2707/2707 3644/3644
f 2817/2817 3644/3644 5952/5952
f 5952/5952 1719/1719 2185/2185
f 2185/2185 1719/1719 3533/3533
f 43/43 3533/3533 6684/6684
f 6684/6684 2471/2471 5469/5469
f 2471/2471 1049/1049 4755/4755
f 5469/5469 2471/2471 4755/4755
f 4755/4755 1049/1049 2799/2799
f 4494/4494 2799/2799 6643/6643
f 2799/2799 4494/4494 6861/6861
f 2799/2799 6861/6861 3640/3640
f 143/143 2079/2079 3340/3340
f 4215/4215 5898/5898 1127/1127
f 1127/1127 2707/2707 808/808
f 808/808 2707/2707 2817/2817
f 7016/7016 5083/5083 2632/2632
f 2817/2817 5952/5952 1228/1228
f 1228/1228 5952/5952 2185/2185
f 2185/2185 3533/3533 43/43
f 1920/1920 43/43 6684/6684
f 1920/1920 6684/6684 5469/5469
f 2799/2799 3640/3640 4755/4755
f 4755/4755 3640/3640 143/143
f 3640/3640 4288/4288 143/143
f 1393/1393 4215/4215 1615/1615
f 1615/1615 4215/4215 1325/1325
f 1325/1325 4215/4215 1127/1127
f 4005/4005 7620/7620 6459/6459
f 6616/6616 2817/2817 1228/1228
f 1228/1228 2185/2185 6790/6790
f 2185/2185 43/43 2310/2310
f 2310/2310 43/43 1920/1920
f 7262/7262 5469/5469 4755/4755
f 7660/7660 143/143 3340/3340
f 3609/3609 1393/1393 7085/7085
f 7085/7085 1393/1393 1615/1615
f 2052/2052 1127/1127 4807/4807
f 1127/1127 808/808 4807/4807
f 4807/4807 808/808 2817/2817
f 4807/4807 2817/2817 6616/6616
f 6790/6790 2185/2185 2310/2310
f 1920/1920 5469/5469 3324/3324
f 3324/3324 5469/5469 2729/2729
f 2729/2729 5469/5469 7262/7262
f 7262/7262 4755/4755 160/160
f 4755/4755 143/143 160/160
f 160/160 7660/7660 715/715
f 7660/7660 6563/6563 7236/7236
f 715/715 7660/7660 7236/7236
f 1347/1347 2411/2411 3609/3609
f 1347/1347 3609/3609 1449/1449
f 1449/1449 3609/3609 7085/7085
f 2052/2052 1325/1325 1127/1127
f 6616/6616 1228/1228 6790/6790
f 2310/2310 1920/1920 6524/6524
f 6524/6524 1920/1920 3324/3324
f 7085/7085 1615/1615 6839/6839
f 6839/6839 1615/1615 1325/1325
f 6790/6790 2310/2310 795/795
f 795/795 2310/2310 6524/6524
f 6524/6524 3324/3324 2729/2729
f 7262/7262 160/160 2467/2467
f 2467/2467 160/160 715/715
f 3929/3929 715/715 7236/7236
f 6839/6839 1325/1325 2052/2052
f 6839/6839 2052/2052 5317/5317
f 5317/5317 2052/2052 4807/4807
f 4807/4807 6616/6616 2557/2557
f 6676/6676 4807/4807 2557/2557
f 6616/6616 6790/6790 4922/4922
f 4922/4922 6790/6790 3733/3733
f 3733/3733 6790/6790 795/795
f 795/795 6524/6524 1896/1896
f 2729/2729 7262/7262 334/334
f 334/334 7262/7262 2467/2467
f 2467/2467 715/715 3929/3929
f 3929/3929 7236/7236 868/868
f 3198/3198 868/868 7236/7236
f 4159/4159 1347/1347 1449/1449
f 5317/5317 4807/4807 6676/6676
f 2557/2557 6616/6616 4922/4922
f 3733/3733 795/795 1896/1896
f 1896/1896 6524/6524 5298/5298
f 6524/6524 2729/2729 5512/5512
f 5298/5298 6524/6524 5512/5512
f 2729/2729 334/334 5512/5512
f 868/868 3198/3198 4624/4624
f 1449/1449 7085/7085 456/456
f 456/456 7085/7085 6839/6839
f 456/456 6839/6839 3498/3498
f 621/621 6839/6839 5317/5317
f 621/621 5317/5317 6676/6676
f 2557/2557 4922/4922 6119/6119
f 6119/6119 4922/4922 3733/3733
f 3733/3733 1896/1896 6425/6425
f 6425/6425 1896/1896 5298/5298
f 7356/7356 2467/2467 3929/3929
f 3498/3498 6839/6839 6588/6588
f 6588/6588 6839/6839 621/621
f 621/621 6676/6676 4628/4628
f 4628/4628 6676/6676 4615/4615
f 6676/6676 2557/2557 967/967
f 4615/4615 6676/6676 967/967
f 967/967 2557/2557 6119/6119
f 6119/6119 3733/3733 6312/6312
f 6312/6312 3733/3733 6425/6425
f 6425/6425 5298/5298 4608/4608
f 4608/4608 5298/5298 5512/5512
f 4608/4608 5512/5512 334/334
f 7356/7356 3929/3929 7211/7211
f 7211/7211 3929/3929 868/868
f 4159/4159 1449/1449 456/456
f 967/967 6119/6119 1372/1372
f 1372/1372 6119/6119 6312/6312
f 6312/6312 6425/6425 7118/7118
f 7118/7118 6425/6425 4608/4608
f 4608/4608 334/334 2189/2189
f 2189/2189 334/334 7356/7356
f 7211/7211 868/868 263/263
f 263/263 868/868 4624/4624
f 4159/4159 456/456 1302/1302
f 3498/3498 6588/6588 1414/1414
f 1414/1414 6588/6588 621/621
f 1414/1414 621/621 6157/6157
f 6157/6157 621/621 4628/4628
f 4615/4615 967/967 3146/3146
f 967/967 1372/1372 3146/3146
f 1372/1372 6312/6312 1638/1638
f 1638/1638 6312/6312 7118/7118
f 7118/7118 4608/4608 6915/6915
f 6915/6915 4608/4608 1299/1299
f 2189/2189 7356/7356 5943/5943
f 5943/5943 7356/7356 7211/7211
f 1915/1915 4159/4159 1302/1302
f 456/456 3498/3498 1414/1414
f 1638/1638 7118/7118 2333/2333
f 359/359 2189/2189 5943/5943
f 456/456 1414/1414 6536/6536
f 6536/6536 1414/1414 6157/6157
f 6157/6157 4628/4628 6164/6164
f 4628/4628 4615/4615 6164/6164
f 6164/6164 4615/4615 3146/3146
f 3146/3146 1372/1372 1371/1371
f 1372/1372 1638/1638 1371/1371
f 1371/1371 1638/1638 2333/2333
f 3780/3780 6915/6915 1299/1299
f 3780/3780 1299/1299 359/359
f 7009/7009 5943/5943 5571/5571
f 5571/5571 5943/5943 7211/7211
f 5571/5571 7211/7211 263/263
f 4516/4516 1915/1915 1302/1302
f 1302/1302 456/456 6536/6536
f 6536/6536 6157/6157 60/60
f 6164/6164 3146/3146 7574/7574
f 7574/7574 3146/3146 1371/1371
f 2333/2333 7118/7118 799/799
f 799/799 7118/7118 6915/6915
f 359/359 5943/5943 7009/7009
f 5571/5571 263/263 190/190
f 2180/2180 4023/4023 2367/2367
f 2688/2688 4516/4516 1302/1302
f 6157/6157 6164/6164 7218/7218
f 60/60 6157/6157 7218/7218
f 7218/7218 6164/6164 4207/4207
f 4207/4207 6164/6164 7574/7574
f 51/51 1371/1371 2333/2333
f 2509/2509 2333/2333 799/799
f 799/799 6915/6915 7625/7625
f 7625/7625 6915/6915 3780/3780
f 7625/7625 3780/3780 1723/1723
f 1316/1316 3780/3780 359/359
f 1316/1316 359/359 7009/7009
f 2688/2688 1302/1302 426/426
f 426/426 1302/1302 6536/6536
f 6536/6536 60/60 2612/2612
f 4207/4207 7574/7574 3161/3161
f 3161/3161 1371/1371 7520/7520
f 7520/7520 1371/1371 51/51
f 51/51 2333/2333 2509/2509
f 2509/2509 799/799 2120/2120
f 2120/2120 799/799 7625/7625
f 2120/2120 7625/7625 1723/1723
f 7515/7515 6517/6517 1073/1073
f 1723/1723 1316/1316 5422/5422
f 1316/1316 7009/7009 7695/7695
f 7695/7695 7009/7009 6660/6660
f 6660/6660 7009/7009 5571/5571
f 6660/6660 5571/5571 4957/4957
f 426/426 6536/6536 2612/2612
f 2612/2612 60/60 1940/1940
f 1940/1940 60/60 7218/7218
f 7218/7218 4207/4207 530/530
f 530/530 4207/4207 3161/3161
f 2644/2644 3161/3161 7520/7520
f 2509/2509 2120/2120 2739/2739
f 5422/5422 1316/1316 7695/7695
f 794/794 2688/2688 426/426
f 426/426 2612/2612 1632/1632
f 1632/1632 2612/2612 1940/1940
f 1940/1940 7218/7218 6293/6293
f 5154/5154 530/530 3161/3161
f 5154/5154 3161/3161 2644/2644
f 1650/1650 51/51 2509/2509
f 1650/1650 2509/2509 2739/2739
f 450/450 1723/1723 5422/5422
f 5649/5649 5422/5422 5520/5520
f 5520/5520 7695/7695 6660/6660
f 5520/5520 6660/6660 1447/1447
f 6660/6660 4957/4957 6982/6982
f 6982/6982 4957/4957 7321/7321
f 794/794 426/426 2047/2047
f 2047/2047 426/426 1632/1632
f 1632/1632 1940/1940 6512/6512
f 6512/6512 1940/1940 6293/6293
f 6293/6293 530/530 5154/5154
f 5154/5154 2644/2644 1737/1737
f 1737/1737 2644/2644 7293/7293
f 4205/4205 4100/4100 1884/1884
f 7293/7293 2644/2644 1650/1650
f 2644/2644 7520/7520 1650/1650
f 1650/1650 2739/2739 1439/1439
f 1439/1439 2739/2739 450/450
f 450/450 5422/5422 5649/5649
f 5649/5649 5520/5520 1447/1447
f 1447/1447 6660/6660 6982/6982
f 2047/2047 1632/1632 570/570
f 6293/6293 5154/5154 1737/1737
f 4309/4309 7682/7682 7622/7622
f 3133/3133 4309/4309 7622/7622
f 1447/1447 6982/6982 4013/4013
f 2047/2047 570/570 6028/6028
f 1632/1632 6512/6512 4598/4598
f 1737/1737 7293/7293 220/220
f 7293/7293 1650/1650 7194/7194
f 7194/7194 1650/1650 1601/1601
f 364/364 5649/5649 1054/1054
f 1054/1054 5649/5649 3128/3128
f 3060/3060 7352/7352 324/324
f 1632/1632 4598/4598 7651/7651
f 570/570 1632/1632 7651/7651
f 7651/7651 4598/4598 6890/6890
f 4598/4598 1737/1737 6890/6890
f 6890/6890 1737/1737 220/220
f 364/364 1054/1054 4181/4181
f 3128/3128 1447/1447 4013/4013
f 3128/3128 4013/4013 817/817
f 473/473 6617/6617 3380/3380
f 2596/2596 6028/6028 570/570
f 7651/7651 6890/6890 4184/4184
f 4184/4184 6890/6890 220/220
f 7194/7194 1601/1601 96/96
f 2596/2596 570/570 6292/6292
f 7651/7651 4184/4184 2169/2169
f 4184/4184 220/220 2169/2169
f 2169/2169 220/220 2978/2978
f 4839/4839 664/664 6859/6859
f 6098/6098 5867/5867 7213/7213
f 475/475 7050/7050 7637/7637
f 7352/7352 475/475 7637/7637
f 7193/7193 4181/4181 7379/7379
f 4851/4851 2596/2596 6292/6292
f 570/570 7651/7651 6292/6292
f 7651/7651 2169/2169 1555/1555
f 6771/6771 5064/5064 3209/3209
f 1555/1555 2169/2169 2978/2978
f 52/52 3914/3914 6771/6771
f 2978/2978 7194/7194 1330/1330
f 1330/1330 7194/7194 1176/1176
f 7623/7623 2255/2255 5966/5966
f 3209/3209 5642/5642 5270/5270
f 7651/7651 1555/1555 1486/1486
f 6292/6292 7651/7651 1486/1486
f 1486/1486 1555/1555 357/357
f 4008/4008 4851/4851 5619/5619
f 357/357 1555/1555 1861/1861
f 1861/1861 2978/2978 1330/1330
f 3835/3835 4960/4960 575/575
f 3835/3835 575/575 845/845
f 1345/1345 3209/3209 5270/5270
f 4851/4851 6292/6292 2033/2033
f 3708/3708 6771/6771 1345/1345
f 357/357 1861/1861 6152/6152
f 3242/3242 4008/4008 5619/5619
f 3242/3242 5619/5619 1910/1910
f 664/664 5001/5001 6859/6859
f 7637/7637 3893/3893 1565/1565
f 3955/3955 7637/7637 1565/1565
f 3708/3708 1345/1345 5270/5270
f 2033/2033 6292/6292 6040/6040
f 6292/6292 1486/1486 6040/6040
f 357/357 6152/6152 1486/1486
f 1486/1486 6152/6152 857/857
f 4851/4851 2033/2033 5619/5619
f 5636/5636 52/52 3708/3708
f 1330/1330 1176/1176 2296/2296
f 3893/3893 7506/7506 1091/1091
f 1017/1017 6373/6373 416/416
f 3955/3955 1565/1565 6126/6126
f 4960/4960 3955/3955 6126/6126
f 4960/4960 6126/6126 4862/4862
f 575/575 4960/4960 4862/4862
f 575/575 4862/4862 4450/4450
f 5270/5270 737/737 6254/6254
f 6254/6254 737/737 4352/4352
f 5636/5636 3708/3708 5270/5270
f 5636/5636 5270/5270 1765/1765
f 7440/7440 2033/2033 6040/6040
f 6040/6040 1486/1486 3948/3948
f 5619/5619 2033/2033 1168/1168
f 1910/1910 5619/5619 1168/1168
f 1565/1565 1091/1091 7570/7570
f 4450/4450 4862/4862 5424/5424
f 4089/4089 6254/6254 4352/4352
f 7440/7440 6040/6040 3948/3948
f 1486/1486 857/857 3948/3948
f 857/857 1426/1426 1844/1844
f 3948/3948 857/857 1844/1844
f 1238/1238 5839/5839 4616/4616
f 7506/7506 5001/5001 5735/5735
f 1091/1091 5735/5735 6121/6121
f 7570/7570 1091/1091 6121/6121
f 6126/6126 7570/7570 4028/4028
f 4862/4862 4028/4028 7182/7182
f 4862/4862 7182/7182 5424/5424
f 4507/4507 3241/3241 275/275
f 5871/5871 5636/5636 1765/1765
f 7440/7440 3948/3948 1305/1305
f 1426/1426 141/141 1844/1844
f 4089/4089 800/800 7481/7481
f 1168/1168 7440/7440 4881/4881
f 1503/1503 6936/6936 7477/7477
f 6383/6383 1238/1238 4616/4616
f 1910/1910 1168/1168 2597/2597
f 5001/5001 1910/1910 2597/2597
f 5001/5001 2597/2597 5735/5735
f 5424/5424 7182/7182 1303/1303
f 5424/5424 1303/1303 518/518
f 5607/5607 7465/7465 5658/5658
f 281/281 5871/5871 1765/1765
f 902/902 6254/6254 4089/4089
f 902/902 4089/4089 101/101
f 1305/1305 3948/3948 1844/1844
f 1305/1305 1844/1844 7350/7350
f 141/141 1503/1503 3855/3855
f 1844/1844 141/141 3855/3855
f 6500/6500 5871/5871 281/281
f 7440/7440 1305/1305 4881/4881
f 2597/2597 1168/1168 6299/6299
f 7527/7527 2933/2933 7302/7302
f 3691/3691 4805/4805 7389/7389
f 3542/3542 7570/7570 6121/6121
f 4028/4028 3542/3542 2526/2526
f 7182/7182 4028/4028 2526/2526
f 7182/7182 2526/2526 3572/3572
f 5119/5119 2749/2749 5435/5435
f 1303/1303 7182/7182 3572/3572
f 2749/2749 4507/4507 6576/6576
f 5435/5435 2749/2749 6576/6576
f 6576/6576 4507/4507 275/275
f 6351/6351 281/281 5888/5888
f 5888/5888 281/281 1765/1765
f 1305/1305 7350/7350 5846/5846
f 6488/6488 1305/1305 5846/5846
f 1844/1844 3855/3855 7350/7350
f 1503/1503 2577/2577 272/272
f 3855/3855 1503/1503 272/272
f 6500/6500 281/281 6351/6351
f 7481/7481 101/101 4089/4089
f 4881/4881 1305/1305 6488/6488
f 4881/4881 6488/6488 6299/6299
f 2597/2597 6299/6299 3267/3267
f 2461/2461 930/930 6238/6238
f 2597/2597 3267/3267 6321/6321
f 2597/2597 6321/6321 5735/5735
f 3691/3691 7389/7389 2115/2115
f 2115/2115 7389/7389 6942/6942
f 207/207 6711/6711 4659/4659
f 6121/6121 5735/5735 4725/4725
f 3542/3542 6121/6121 5021/5021
f 3542/3542 5021/5021 4868/4868
f 3446/3446 1665/1665 7437/7437
f 2526/2526 4868/4868 3813/3813
f 6576/6576 275/275 6401/6401
f 5894/5894 6351/6351 5888/5888
f 964/964 5888/5888 902/902
f 964/964 902/902 101/101
f 5846/5846 7350/7350 3855/3855
f 3855/3855 272/272 2497/2497
f 272/272 161/161 2497/2497
f 5665/5665 6351/6351 5894/5894
f 101/101 7481/7481 3943/3943
f 6488/6488 5846/5846 7666/7666
f 3262/3262 7481/7481 2208/2208
f 6299/6299 6488/6488 3679/3679
f 6451/6451 7302/7302 350/350
f 3262/3262 2208/2208 6365/6365
f 6299/6299 3952/3952 3267/3267
f 6365/6365 2208/2208 930/930
f 6365/6365 930/930 2461/2461
f 3267/3267 3952/3952 6321/6321
f 5735/5735 6321/6321 4725/4725
f 6238/6238 3446/3446 3888/3888
f 3888/3888 3446/3446 6543/6543
f 1665/1665 5119/5119 7437/7437
f 2526/2526 3813/3813 6114/6114
f 3572/3572 2526/2526 6114/6114
f 3572/3572 6114/6114 4271/4271
f 3572/3572 4271/4271 3032/3032
f 3032/3032 4271/4271 3548/3548
f 5435/5435 6576/6576 6983/6983
f 6983/6983 6576/6576 5826/5826
f 5826/5826 6576/6576 6401/6401
f 1403/1403 5894/5894 5888/5888
f 1403/1403 5888/5888 964/964
f 5110/5110 5846/5846 3855/3855
f 5110/5110 3855/3855 2497/2497
f 2497/2497 161/161 2401/2401
f 161/161 6319/6319 2401/2401
f 2401/2401 6319/6319 1352/1352
f 5665/5665 5894/5894 2146/2146
f 6319/6319 5333/5333 1352/1352
f 6488/6488 7666/7666 5255/5255
f 3679/3679 6488/6488 5255/5255
f 3943/3943 7481/7481 3262/3262
f 6321/6321 3952/3952 2429/2429
f 4725/4725 6321/6321 2429/2429
f 2461/2461 6238/6238 3888/3888
f 5021/5021 4725/4725 2429/2429
f 5021/5021 2429/2429 4131/4131
f 6543/6543 3446/3446 7437/7437
f 4868/4868 5021/5021 5127/5127
f 3813/3813 4868/4868 5127/5127
f 3813/3813 5127/5127 6603/6603
f 7437/7437 5119/5119 1869/1869
f 3813/3813 6603/6603 6114/6114
f 1869/1869 5119/5119 5435/5435
f 1869/1869 5435/5435 6983/6983
f 3548/3548 4271/4271 2752/2752
f 3297/3297 5826/5826 6401/6401
f 7023/7023 2146/2146 1403/1403
f 1403/1403 2146/2146 5894/5894
f 964/964 101/101 6613/6613
f 2497/2497 2401/2401 225/225
f 5110/5110 2497/2497 225/225
f 2401/2401 1352/1352 225/225
f 225/225 1352/1352 1512/1512
f 1352/1352 3221/3221 1512/1512
f 4861/4861 3577/3577 7023/7023
f 6613/6613 101/101 3943/3943
f 5333/5333 2911/2911 2542/2542
f 3679/3679 5255/5255 7312/7312
f 3679/3679 7312/7312 6818/6818
f 6455/6455 3262/3262 367/367
f 6279/6279 3307/3307 350/350
f 367/367 3262/3262 6365/6365
f 3679/3679 6818/6818 3952/3952
f 367/367 6365/6365 6782/6782
f 6782/6782 6365/6365 2461/2461
f 3952/3952 6818/6818 2429/2429
f 5021/5021 4131/4131 5127/5127
f 3098/3098 7437/7437 1869/1869
f 4271/4271 6114/6114 2172/2172
f 3297/3297 6983/6983 5826/5826
f 181/181 3297/3297 6401/6401
f 4861/4861 7023/7023 1403/1403
f 1241/1241 5110/5110 225/225
f 225/225 1512/1512 6871/6871
f 1241/1241 225/225 6871/6871
f 1512/1512 3221/3221 6871/6871
f 6871/6871 3221/3221 4461/4461
f 4461/4461 3221/3221 855/855
f 4461/4461 855/855 6964/6964
f 5931/5931 6613/6613 3943/3943
f 5255/5255 7666/7666 7672/7672
f 7666/7666 5110/5110 7672/7672
f 5110/5110 2795/2795 7672/7672
f 5931/5931 3943/3943 6455/6455
f 5255/5255 7672/7672 7312/7312
f 6455/6455 3943/3943 3262/3262
f 6279/6279 350/350 5869/5869
f 6016/6016 3307/3307 6279/6279
f 1460/1460 367/367 6782/6782
f 1891/1891 554/554 842/842
f 2098/2098 5737/5737 107/107
f 2429/2429 6818/6818 6496/6496
f 3888/3888 6782/6782 2461/2461
f 290/290 3888/3888 6543/6543
f 4131/4131 2429/2429 2794/2794
f 5127/5127 4131/4131 2794/2794
f 3098/3098 6543/6543 7437/7437
f 2172/2172 6114/6114 1671/1671
f 3940/3940 2172/2172 1671/1671
f 7198/7198 4861/4861 1422/1422
f 1422/1422 4861/4861 7387/7387
f 7387/7387 4861/4861 1403/1403
f 7387/7387 1403/1403 7416/7416
f 7416/7416 1403/1403 964/964
f 7416/7416 964/964 6613/6613
f 4238/4238 1241/1241 6871/6871
f 6871/6871 4461/4461 4468/4468
f 4238/4238 6871/6871 4468/4468
f 4461/4461 6964/6964 4468/4468
f 4468/4468 6964/6964 3001/3001
f 3001/3001 6964/6964 2920/2920
f 2795/2795 1241/1241 4238/4238
f 2795/2795 4238/4238 6278/6278
f 7338/7338 5931/5931 6455/6455
f 7312/7312 7672/7672 4104/4104
f 7338/7338 6455/6455 1460/1460
f 7312/7312 4104/4104 3369/3369
f 1460/1460 6455/6455 367/367
f 6818/6818 7312/7312 3369/3369
f 2839/2839 1460/1460 6782/6782
f 290/290 2839/2839 6782/6782
f 290/290 6782/6782 3888/3888
f 3450/3450 7337/7337 1578/1578
f 7226/7226 290/290 6543/6543
f 7337/7337 4059/4059 2844/2844
f 7226/7226 6543/6543 3098/3098
f 5127/5127 2794/2794 4050/4050
f 1110/1110 3098/3098 1869/1869
f 6603/6603 5127/5127 4050/4050
f 6603/6603 4050/4050 5722/5722
f 6114/6114 6603/6603 5722/5722
f 6114/6114 5722/5722 4095/4095
f 6022/6022 1110/1110 6983/6983
f 1671/1671 6114/6114 4095/4095
f 6022/6022 6983/6983 3297/3297
f 793/793 6022/6022 3297/3297
f 793/793 3297/3297 181/181
f 793/793 181/181 22/22
f 1422/1422 4688/4688 7198/7198
f 4238/4238 4468/4468 2797/2797
f 2797/2797 4468/4468 372/372
f 4468/4468 3001/3001 372/372
f 3001/3001 2920/2920 372/372
f 372/372 2920/2920 6360/6360
f 2920/2920 7544/7544 6360/6360
f 6360/6360 7544/7544 4742/4742
f 7416/7416 6613/6613 3625/3625
f 3625/3625 6613/6613 5931/5931
f 4742/4742 7544/7544 3602/3602
f 3602/3602 1762/1762 6534/6534
f 3625/3625 5931/5931 7338/7338
f 2795/2795 6278/6278 4104/4104
f 6496/6496 6818/6818 7164/7164
f 6496/6496 7164/7164 635/635
f 6496/6496 635/635 2794/2794
f 2794/2794 635/635 470/470
f 5703/5703 7226/7226 3098/3098
f 5703/5703 3098/3098 1110/1110
f 7670/7670 5703/5703 1110/1110
f 6022/6022 7670/7670 1110/1110
f 4095/4095 5722/5722 6156/6156
f 3940/3940 5179/5179 2058/2058
f 358/358 4459/4459 4688/4688
f 358/358 4688/4688 4441/4441
f 4441/4441 4688/4688 1422/1422
f 249/249 7387/7387 7416/7416
f 2797/2797 372/372 4336/4336
f 372/372 6360/6360 2793/2793
f 4336/4336 372/372 2793/2793
f 2793/2793 6360/6360 3925/3925
f 6360/6360 4742/4742 3925/3925
f 3925/3925 4742/4742 2152/2152
f 2152/2152 4742/4742 6534/6534
f 601/601 7416/7416 3625/3625
f 4238/4238 2797/2797 2000/2000
f 6278/6278 4238/4238 2000/2000
f 7338/7338 601/601 3625/3625
f 6278/6278 2000/2000 4104/4104
f 5655/5655 7338/7338 1460/1460
f 3369/3369 4104/4104 5463/5463
f 4103/4103 3726/3726 2874/2874
f 5655/5655 1460/1460 6311/6311
f 6311/6311 1460/1460 2839/2839
f 635/635 7164/7164 6069/6069
f 3409/3409 6311/6311 2839/2839
f 3409/3409 2839/2839 290/290
f 3409/3409 290/290 7226/7226
f 2812/2812 3409/3409 7226/7226
f 2812/2812 7226/7226 5703/5703
f 5722/5722 4050/4050 539/539
f 5722/5722 539/539 6156/6156
f 2543/2543 6922/6922 886/886
f 183/183 7670/7670 6022/6022
f 4610/4610 4095/4095 6156/6156
f 5179/5179 4610/4610 2058/2058
f 183/183 6022/6022 793/793
f 4905/4905 183/183 793/793
f 4905/4905 793/793 22/22
f 4905/4905 22/22 163/163
f 1285/1285 4459/4459 358/358
f 2444/2444 1285/1285 358/358
f 4441/4441 1422/1422 7387/7387
f 214/214 4441/4441 7387/7387
f 214/214 7387/7387 249/249
f 4336/4336 2793/2793 6007/6007
f 6007/6007 2793/2793 3925/3925
f 3925/3925 2152/2152 1768/1768
f 2152/2152 6534/6534 1768/1768
f 1768/1768 6534/6534 5527/5527
f 6534/6534 1575/1575 5527/5527
f 7174/7174 1778/1778 1285/1285
f 249/249 7416/7416 601/601
f 2000/2000 2797/2797 1961/1961
f 2797/2797 4336/4336 1961/1961
f 4104/4104 2000/2000 2449/2449
f 2000/2000 1961/1961 2449/2449
f 5006/5006 601/601 7338/7338
f 5655/5655 5006/5006 7338/7338
f 5463/5463 4104/4104 2449/2449
f 732/732 2969/2969 1782/1782
f 732/732 1782/1782 5602/5602
f 5602/5602 1782/1782 284/284
f 284/284 1782/1782 5622/5622
f 284/284 5622/5622 5245/5245
f 3369/3369 5463/5463 6069/6069
f 539/539 470/470 3236/3236
f 1710/1710 2812/2812 5703/5703
f 1710/1710 5703/5703 7670/7670
f 6156/6156 539/539 2375/2375
f 6629/6629 1710/1710 7670/7670
f 183/183 6629/6629 7670/7670
f 5312/5312 4610/4610 260/260
f 260/260 4610/4610 755/755
f 4258/4258 2444/2444 6865/6865
f 6865/6865 2444/2444 116/116
f 116/116 2444/2444 358/358
f 116/116 358/358 4674/4674
f 4674/4674 358/358 4441/4441
f 4674/4674 4441/4441 214/214
f 6007/6007 3925/3925 1768/1768
f 6007/6007 1768/1768 3191/3191
f 1768/1768 5527/5527 5780/5780
f 5527/5527 1575/1575 5780/5780
f 1575/1575 5326/5326 5780/5780
f 5780/5780 5326/5326 4943/4943
f 4943/4943 5326/5326 5190/5190
f 6856/6856 214/214 249/249
f 1961/1961 4336/4336 6778/6778
f 4336/4336 6007/6007 6778/6778
f 6856/6856 249/249 601/601
f 1961/1961 6778/6778 2449/2449
f 5006/5006 6856/6856 601/601
f 2190/2190 5245/5245 4398/4398
f 645/645 5006/5006 5655/5655
f 6276/6276 645/645 5655/5655
f 6276/6276 5655/5655 6311/6311
f 6276/6276 6311/6311 3409/3409
f 2214/2214 6276/6276 3409/3409
f 2214/2214 3409/3409 2812/2812
f 2404/2404 2214/2214 2812/2812
f 7074/7074 2404/2404 2812/2812
f 539/539 3236/3236 2375/2375
f 2375/2375 3236/3236 1454/1454
f 7074/7074 2812/2812 1710/1710
f 2375/2375 1454/1454 7295/7295
f 994/994 7074/7074 6629/6629
f 7074/7074 1710/1710 6629/6629
f 6156/6156 2375/2375 7295/7295
f 1499/1499 994/994 183/183
f 994/994 6629/6629 183/183
f 6156/6156 7295/7295 4811/4811
f 4610/4610 6156/6156 4811/4811
f 4610/4610 4811/4811 3333/3333
f 4905/4905 1499/1499 183/183
f 755/755 3333/3333 4972/4972
f 5175/5175 3230/3230 2767/2767
f 885/885 1499/1499 4905/4905
f 86/86 885/885 163/163
f 885/885 4905/4905 163/163
f 2035/2035 4258/4258 3569/3569
f 5302/5302 2035/2035 3569/3569
f 3569/3569 4258/4258 2277/2277
f 2277/2277 4258/4258 6865/6865
f 2277/2277 6865/6865 116/116
f 2277/2277 116/116 223/223
f 223/223 116/116 4674/4674
f 3191/3191 1768/1768 6489/6489
f 6489/6489 1768/1768 5780/5780
f 5780/5780 4943/4943 2095/2095
f 6489/6489 5780/5780 2095/2095
f 4943/4943 5190/5190 2095/2095
f 5190/5190 217/217 1455/1455
f 2095/2095 5190/5190 1455/1455
f 1455/1455 217/217 5389/5389
f 2043/2043 4674/4674 214/214
f 2043/2043 214/214 6856/6856
f 6778/6778 6007/6007 4612/4612
f 6007/6007 3191/3191 4612/4612
f 7030/7030 6778/6778 4612/4612
f 2043/2043 6856/6856 3682/3682
f 7030/7030 4612/4612 1544/1544
f 26/26 208/208 6997/6997
f 3682/3682 6856/6856 5006/5006
f 2449/2449 6778/6778 7030/7030
f 645/645 3682/3682 5006/5006
f 2449/2449 7030/7030 2361/2361
f 2563/2563 645/645 6276/6276
f 5463/5463 2361/2361 7216/7216
f 7216/7216 2361/2361 2835/2835
f 2214/2214 2563/2563 6276/6276
f 923/923 6069/6069 7216/7216
f 811/811 6069/6069 923/923
f 811/811 923/923 507/507
f 3236/3236 811/811 507/507
f 3236/3236 507/507 1454/1454
f 1536/1536 2404/2404 7074/7074
f 994/994 1536/1536 7074/7074
f 7295/7295 1454/1454 2576/2576
f 7295/7295 2576/2576 6324/6324
f 7295/7295 6324/6324 4670/4670
f 7295/7295 4670/4670 4811/4811
f 5439/5439 994/994 1499/1499
f 3333/3333 4811/4811 894/894
f 2468/2468 2452/2452 7323/7323
f 3333/3333 894/894 3200/3200
f 1459/1459 818/818 6606/6606
f 7323/7323 5439/5439 885/885
f 5439/5439 1499/1499 885/885
f 2636/2636 3200/3200 3434/3434
f 2468/2468 7323/7323 5999/5999
f 5999/5999 7323/7323 885/885
f 3338/3338 5999/5999 86/86
f 4558/4558 460/460 2967/2967
f 460/460 5302/5302 2967/2967
f 2967/2967 5302/5302 238/238
f 238/238 5302/5302 3569/3569
f 238/238 3569/3569 177/177
f 177/177 3569/3569 2277/2277
f 177/177 2277/2277 223/223
f 4118/4118 6489/6489 2095/2095
f 4118/4118 2095/2095 4551/4551
f 2095/2095 1455/1455 4551/4551
f 4551/4551 1455/1455 1731/1731
f 1455/1455 5389/5389 1731/1731
f 5389/5389 3410/3410 1731/1731
f 1731/1731 3410/3410 7548/7548
f 7548/7548 3410/3410 145/145
f 7548/7548 145/145 3829/3829
f 3376/3376 5565/5565 5044/5044
f 5044/5044 5565/5565 460/460
f 7117/7117 223/223 4674/4674
f 7117/7117 4674/4674 2043/2043
f 3191/3191 6489/6489 7029/7029
f 7029/7029 6489/6489 4118/4118
f 145/145 26/26 6875/6875
f 6875/6875 26/26 2641/2641
f 2641/2641 26/26 5919/5919
f 5919/5919 1686/1686 3477/3477
f 3477/3477 1686/1686 3376/3376
f 4612/4612 3191/3191 7029/7029
f 7503/7503 7117/7117 6600/6600
f 6600/6600 7117/7117 2043/2043
f 6600/6600 2043/2043 4786/4786
f 4786/4786 2043/2043 3682/3682
f 4612/4612 7029/7029 1544/1544
f 4419/4419 7503/7503 6600/6600
f 4419/4419 6600/6600 3589/3589
f 3589/3589 6600/6600 4786/4786
f 4786/4786 3682/3682 4078/4078
f 2361/2361 7030/7030 6181/6181
f 7030/7030 1544/1544 6181/6181
f 4078/4078 3682/3682 645/645
f 4078/4078 645/645 2563/2563
f 2835/2835 2361/2361 6181/6181
f 1098/1098 2563/2563 2214/2214
f 923/923 7216/7216 2835/2835
f 923/923 2835/2835 716/716
f 3/3 1098/1098 2214/2214
f 507/507 923/923 716/716
f 3/3 2214/2214 2404/2404
f 507/507 716/716 3861/3861
f 1536/1536 3/3 2404/2404
f 1454/1454 3861/3861 2576/2576
f 6324/6324 2576/2576 2177/2177
f 6324/6324 2177/2177 4670/4670
f 771/771 1536/1536 994/994
f 442/442 2452/2452 1375/1375
f 2452/2452 442/442 771/771
f 5439/5439 771/771 994/994
f 2452/2452 771/771 5439/5439
f 4811/4811 4670/4670 894/894
f 7323/7323 2452/2452 5439/5439
f 894/894 4670/4670 6326/6326
f 2203/2203 5282/5282 433/433
f 1375/1375 2452/2452 2468/2468
f 894/894 6326/6326 3413/3413
f 2532/2532 2468/2468 5999/5999
f 6226/6226 2532/2532 5999/5999
f 5945/5945 6481/6481 1223/1223
f 5945/5945 1223/1223 6931/6931
f 1223/1223 4558/4558 6931/6931
f 6931/6931 4558/4558 6641/6641
f 6641/6641 4558/4558 2967/2967
f 6641/6641 2967/2967 5827/5827
f 5827/5827 2967/2967 238/238
f 5827/5827 238/238 5114/5114
f 238/238 177/177 5114/5114
f 1617/1617 4551/4551 1357/1357
f 1357/1357 4551/4551 1731/1731
f 1731/1731 7548/7548 4058/4058
f 1357/1357 1731/1731 4058/4058
f 4058/4058 7548/7548 3481/3481
f 7548/7548 3829/3829 3481/3481
f 3481/3481 3829/3829 1382/1382
f 3829/3829 7421/7421 1382/1382
f 1382/1382 7421/7421 5945/5945
f 7421/7421 1279/1279 5945/5945
f 5114/5114 177/177 3072/3072
f 3072/3072 177/177 223/223
f 3072/3072 223/223 7117/7117
f 4118/4118 4551/4551 1637/1637
f 1637/1637 4551/4551 1617/1617
f 7029/7029 4118/4118 1637/1637
f 1611/1611 3072/3072 7503/7503
f 7503/7503 3072/3072 7117/7117
f 7029/7029 1637/1637 1544/1544
f 1544/1544 1637/1637 1221/1221
f 6347/6347 1611/1611 168/168
f 168/168 1611/1611 7503/7503
f 168/168 7503/7503 4419/4419
f 1544/1544 1221/1221 7552/7552
f 3589/3589 4786/4786 2878/2878
f 4419/4419 3589/3589 2878/2878
f 2878/2878 4786/4786 4078/4078
f 6181/6181 1544/1544 7552/7552
f 341/341 168/168 4419/4419
f 2878/2878 4078/4078 5550/5550
f 2835/2835 6181/6181 6551/6551
f 6551/6551 6181/6181 7552/7552
f 5906/5906 341/341 2878/2878
f 4078/4078 2563/2563 1098/1098
f 53/53 4078/4078 1098/1098
f 2835/2835 6551/6551 716/716
f 6051/6051 53/53 1098/1098
f 5012/5012 5906/5906 3378/3378
f 6051/6051 1098/1098 3/3
f 6051/6051 3/3 1536/1536
f 2576/2576 3861/3861 2177/2177
f 1134/1134 5012/5012 3378/3378
f 1134/1134 3378/3378 6469/6469
f 6469/6469 3378/3378 3749/3749
f 6469/6469 3749/3749 5004/5004
f 5004/5004 6051/6051 1536/1536
f 6469/6469 5004/5004 1446/1446
f 2177/2177 5242/5242 4670/4670
f 442/442 6469/6469 1446/1446
f 4670/4670 5242/5242 4176/4176
f 1375/1375 6469/6469 442/442
f 1446/1446 5004/5004 771/771
f 771/771 5004/5004 1536/1536
f 4670/4670 4176/4176 4971/4971
f 6326/6326 4670/4670 4971/4971
f 6326/6326 4971/4971 2766/2766
f 2806/2806 1375/1375 2532/2532
f 6326/6326 2766/2766 5230/5230
f 2532/2532 1375/1375 2468/2468
f 4856/4856 5230/5230 296/296
f 6226/6226 2806/2806 2532/2532
f 3890/3890 5945/5945 5754/5754
f 5754/5754 5945/5945 6931/6931
f 5754/5754 6931/6931 5218/5218
f 5218/5218 6931/6931 6641/6641
f 5218/5218 6641/6641 1481/1481
f 6641/6641 5827/5827 1481/1481
f 3243/3243 4058/4058 3481/3481
f 3243/3243 3481/3481 1382/1382
f 3243/3243 1382/1382 4231/4231
f 4231/4231 1382/1382 5945/5945
f 4231/4231 5945/5945 710/710
f 1481/1481 5827/5827 6421/6421
f 6421/6421 5827/5827 5114/5114
f 1617/1617 1357/1357 2551/2551
f 2551/2551 1357/1357 3243/3243
f 1357/1357 4058/4058 3243/3243
f 6421/6421 5114/5114 1611/1611
f 5114/5114 3072/3072 1611/1611
f 1637/1637 1617/1617 2955/2955
f 1617/1617 2551/2551 2955/2955
f 2355/2355 6421/6421 1611/1611
f 1637/1637 2955/2955 1221/1221
f 6347/6347 2355/2355 1611/1611
f 2283/2283 1221/1221 2955/2955
f 7552/7552 1221/1221 1902/1902
f 1902/1902 1221/1221 2283/2283
f 6661/6661 168/168 341/341
f 7347/7347 7552/7552 1902/1902
f 7347/7347 1902/1902 7344/7344
f 5543/5543 6661/6661 341/341
f 5550/5550 4078/4078 53/53
f 5543/5543 341/341 5906/5906
f 5906/5906 2878/2878 904/904
f 2878/2878 5550/5550 53/53
f 904/904 2878/2878 53/53
f 6551/6551 7347/7347 1827/1827
f 5543/5543 5906/5906 3192/3192
f 716/716 6551/6551 1827/1827
f 1827/1827 7347/7347 7377/7377
f 7377/7377 7347/7347 7344/7344
f 2681/2681 3192/3192 5906/5906
f 904/904 53/53 6051/6051
f 1827/1827 7377/7377 3328/3328
f 3378/3378 5906/5906 904/904
f 716/716 1827/1827 3861/3861
f 3861/3861 1827/1827 3328/3328
f 2681/2681 5906/5906 5012/5012
f 3378/3378 904/904 3749/3749
f 3749/3749 904/904 6051/6051
f 3861/3861 3328/3328 2177/2177
f 2177/2177 3328/3328 5242/5242
f 2681/2681 5012/5012 1134/1134
f 5242/5242 3328/3328 2630/2630
f 5004/5004 3749/3749 6051/6051
f 5963/5963 2681/2681 1134/1134
f 5963/5963 1134/1134 6469/6469
f 4034/4034 5963/5963 4599/4599
f 4599/4599 5963/5963 6469/6469
f 4176/4176 5242/5242 2630/2630
f 4599/4599 6469/6469 1375/1375
f 4176/4176 2630/2630 4971/4971
f 4971/4971 2630/2630 1927/1927
f 6092/6092 4034/4034 4599/4599
f 6092/6092 4599/4599 1375/1375
f 2766/2766 4971/4971 1927/1927
f 2766/2766 1927/1927 5230/5230
f 5230/5230 1927/1927 270/270
f 1114/1114 5554/5554 6092/6092
f 1114/1114 6092/6092 2806/2806
f 6092/6092 1375/1375 2806/2806
f 5230/5230 270/270 296/296
f 296/296 270/270 6484/6484
f 6484/6484 4514/4514 1461/1461
f 1114/1114 606/606 1256/1256
f 606/606 1114/1114 2806/2806
f 970/970 2303/2303 6120/6120
f 6120/6120 2303/2303 1031/1031
f 3890/3890 5754/5754 7260/7260
f 710/710 3890/3890 7260/7260
f 7260/7260 5754/5754 2056/2056
f 2056/2056 5754/5754 5218/5218
f 2056/2056 5218/5218 1481/1481
f 3243/3243 4231/4231 6933/6933
f 6933/6933 4231/4231 15/15
f 4231/4231 710/710 15/15
f 15/15 710/710 506/506
f 506/506 710/710 7260/7260
f 506/506 7260/7260 2056/2056
f 506/506 2056/2056 2994/2994
f 2994/2994 2056/2056 4301/4301
f 4301/4301 2056/2056 1481/1481
f 2955/2955 2551/2551 1001/1001
f 2551/2551 3243/3243 1001/1001
f 1001/1001 3243/3243 6933/6933
f 5504/5504 15/15 506/506
f 506/506 2994/2994 5592/5592
f 506/506 5592/5592 702/702
f 2994/2994 4301/4301 4286/4286
f 4301/4301 1481/1481 2355/2355
f 1001/1001 6933/6933 7382/7382
f 7382/7382 6933/6933 7227/7227
f 7227/7227 6933/6933 15/15
f 5592/5592 2994/2994 255/255
f 255/255 2994/2994 4286/4286
f 4286/4286 4301/4301 2610/2610
f 4301/4301 2355/2355 2610/2610
f 2610/2610 2355/2355 3652/3652
f 3652/3652 2355/2355 6347/6347
f 255/255 4286/4286 3944/3944
f 3944/3944 4286/4286 2610/2610
f 2955/2955 1001/1001 2283/2283
f 2283/2283 1001/1001 2099/2099
f 6396/6396 7382/7382 7227/7227
f 3936/3936 3652/3652 6347/6347
f 2099/2099 1001/1001 6396/6396
f 1001/1001 7382/7382 6396/6396
f 7192/7192 255/255 3944/3944
f 3936/3936 6347/6347 168/168
f 3936/3936 168/168 6661/6661
f 233/233 2283/2283 2099/2099
f 1902/1902 2283/2283 7344/7344
f 7344/7344 2283/2283 233/233
f 233/233 2099/2099 6204/6204
f 2099/2099 6396/6396 6204/6204
f 3257/3257 3936/3936 6661/6661
f 3257/3257 6661/6661 5543/5543
f 4760/4760 7192/7192 7594/7594
f 7377/7377 7344/7344 233/233
f 233/233 6204/6204 268/268
f 7377/7377 233/233 7590/7590
f 7590/7590 233/233 268/268
f 3257/3257 5543/5543 3192/3192
f 4709/4709 3257/3257 3192/3192
f 5769/5769 4709/4709 3192/3192
f 6812/6812 3328/3328 7377/7377
f 7377/7377 7590/7590 6812/6812
f 6812/6812 7590/7590 4086/4086
f 7590/7590 268/268 4086/4086
f 4709/4709 5769/5769 1249/1249
f 5769/5769 3192/3192 2681/2681
f 2630/2630 3328/3328 6812/6812
f 5594/5594 4086/4086 7441/7441
f 3421/3421 4635/4635 5125/5125
f 1249/1249 5769/5769 5956/5956
f 5769/5769 2681/2681 5963/5963
f 2630/2630 6812/6812 4325/4325
f 4325/4325 6812/6812 4086/4086
f 4325/4325 4086/4086 5594/5594
f 5956/5956 5769/5769 5963/5963
f 5125/5125 4635/4635 6575/6575
f 5125/5125 6575/6575 1899/1899
f 6654/6654 5956/5956 4034/4034
f 4034/4034 5956/5956 5963/5963
f 6033/6033 4325/4325 5594/5594
f 6033/6033 5594/5594 4752/4752
f 2630/2630 4325/4325 6033/6033
f 6033/6033 4752/4752 3299/3299
f 3299/3299 4752/4752 5810/5810
f 1899/1899 6053/6053 5251/5251
f 4882/4882 4034/4034 5554/5554
f 1927/1927 6033/6033 3299/3299
f 5251/5251 6053/6053 5181/5181
f 6053/6053 1899/1899 4520/4520
f 4520/4520 4882/4882 5554/5554
f 5554/5554 4034/4034 6092/6092
f 3299/3299 5810/5810 4827/4827
f 6053/6053 4520/4520 5957/5957
f 5957/5957 4520/4520 5554/5554
f 270/270 1927/1927 3299/3299
f 270/270 3299/3299 3361/3361
f 3299/3299 4827/4827 3361/3361
f 3361/3361 4827/4827 3290/3290
f 3290/3290 4827/4827 3482/3482
f 5181/5181 6053/6053 5957/5957
f 4514/4514 270/270 3361/3361
f 4514/4514 3361/3361 3290/3290
f 3290/3290 3482/3482 5133/5133
f 247/247 5181/5181 6031/6031
f 6031/6031 5181/5181 5957/5957
f 5957/5957 5554/5554 1114/1114
f 1461/1461 4514/4514 3290/3290
f 1461/1461 3290/3290 5377/5377
f 5377/5377 3290/3290 5133/5133
f 5377/5377 5133/5133 2503/2503
f 2503/2503 5133/5133 5596/5596
f 2503/2503 5596/5596 2298/2298
f 5596/5596 247/247 2298/2298
f 247/247 6031/6031 6731/6731
f 2298/2298 247/247 6731/6731
f 6031/6031 5957/5957 6731/6731
f 6731/6731 5957/5957 1256/1256
f 5957/5957 1114/1114 1256/1256
f 7227/7227 15/15 5504/5504
f 5504/5504 506/506 702/702
f 5504/5504 702/702 3386/3386
f 3386/3386 702/702 6886/6886
f 702/702 5592/5592 6886/6886
f 6886/6886 5592/5592 255/255
f 6396/6396 7227/7227 1007/1007
f 1007/1007 7227/7227 5447/5447
f 5447/5447 7227/7227 5504/5504
f 5447/5447 5504/5504 3386/3386
f 3927/3927 3944/3944 2610/2610
f 3927/3927 2610/2610 3652/3652
f 6886/6886 255/255 7192/7192
f 1092/1092 3944/3944 3927/3927
f 3927/3927 3652/3652 3936/3936
f 5447/5447 3386/3386 1702/1702
f 3386/3386 6886/6886 1702/1702
f 3884/3884 3927/3927 3936/3936
f 3884/3884 3936/3936 3257/3257
f 5447/5447 1702/1702 1123/1123
f 1702/1702 6886/6886 6637/6637
f 6637/6637 6886/6886 7192/7192
f 6637/6637 7192/7192 4760/4760
f 1092/1092 3927/3927 6097/6097
f 6097/6097 3927/3927 3884/3884
f 6204/6204 6396/6396 2178/2178
f 6396/6396 1007/1007 2178/2178
f 2178/2178 1007/1007 5019/5019
f 1007/1007 5447/5447 5019/5019
f 5019/5019 5447/5447 1123/1123
f 1123/1123 1702/1702 6637/6637
f 268/268 6204/6204 2178/2178
f 5183/5183 1092/1092 6097/6097
f 3884/3884 3257/3257 4709/4709
f 6781/6781 1123/1123 6637/6637
f 7594/7594 5183/5183 863/863
f 4635/4635 7594/7594 863/863
f 863/863 5183/5183 6097/6097
f 268/268 2178/2178 7441/7441
f 2178/2178 5019/5019 3903/3903
f 2832/2832 2178/2178 3903/3903
f 6781/6781 6637/6637 925/925
f 925/925 6637/6637 4760/4760
f 3421/3421 4760/4760 7594/7594
f 3421/3421 7594/7594 4635/4635
f 5019/5019 1123/1123 3903/3903
f 3903/3903 1123/1123 6781/6781
f 925/925 4760/4760 3421/3421
f 863/863 6097/6097 2224/2224
f 2224/2224 6097/6097 3884/3884
f 4086/4086 268/268 7441/7441
f 7441/7441 2178/2178 2832/2832
f 2224/2224 3884/3884 318/318
f 3884/3884 4709/4709 1249/1249
f 318/318 3884/3884 1249/1249
f 7355/7355 2832/2832 3903/3903
f 318/318 1249/1249 6654/6654
f 5233/5233 3903/3903 6781/6781
f 5233/5233 6781/6781 925/925
f 5950/5950 925/925 3421/3421
f 5950/5950 3421/3421 5125/5125
f 4635/4635 863/863 642/642
f 642/642 863/863 2224/2224
f 7355/7355 3903/3903 7238/7238
f 5233/5233 925/925 5950/5950
f 6654/6654 1249/1249 5956/5956
f 5594/5594 7441/7441 7355/7355
f 7355/7355 7441/7441 2832/2832
f 7238/7238 3903/3903 5233/5233
f 6575/6575 4635/4635 642/642
f 642/642 2224/2224 312/312
f 312/312 2224/2224 318/318
f 4752/4752 5594/5594 7355/7355
f 4752/4752 7355/7355 4687/4687
f 7355/7355 7238/7238 4687/4687
f 4687/4687 7238/7238 618/618
f 7238/7238 5233/5233 3891/3891
f 1289/1289 5233/5233 5950/5950
f 312/312 318/318 4882/4882
f 4882/4882 318/318 6654/6654
f 618/618 7238/7238 3891/3891
f 1289/1289 5950/5950 5251/5251
f 5950/5950 5125/5125 5251/5251
f 5251/5251 5125/5125 1899/1899
f 4968/4968 642/642 312/312
f 4968/4968 312/312 4882/4882
f 4882/4882 6654/6654 4034/4034
f 3891/3891 5233/5233 1289/1289
f 4752/4752 4687/4687 5810/5810
f 4968/4968 4882/4882 4520/4520
f 5810/5810 4687/4687 4827/4827
f 4687/4687 618/618 4827/4827
f 618/618 3891/3891 6188/6188
f 4827/4827 618/618 6188/6188
f 3891/3891 1289/1289 6188/6188
f 6188/6188 1289/1289 5251/5251
f 6188/6188 5251/5251 5181/5181
f 849/849 4827/4827 6188/6188
f 4827/4827 849/849 3482/3482
f 849/849 6188/6188 5181/5181
f 849/849 5181/5181 247/247
f 5596/5596 3482/3482 849/849
f 5596/5596 849/849 247/247
f 5582/5582 2315/2315 5416/5416
f 2086/2086 943/943 4021/4021
f 943/943 2092/2092 7636/7636
f 2092/2092 3605/3605 1219/1219
f 5975/5975 2100/2100 3669/3669
f 2100/2100 2086/2086 4918/4918
f 3605/3605 1108/1108 7407/7407
f 1108/1108 1085/1085 4245/4245
f 2323/2323 5975/5975 6548/6548
f 1085/1085 2580/2580 1735/1735
f 2580/2580 2746/2746 6447/6447
f 4649/4649 2323/2323 1244/1244
f 2746/2746 630/630 6329/6329
f 6424/6424 4649/4649 6744/6744
f 630/630 6597/6597 3040/3040
f 1020/1020 6424/6424 5047/5047
f 6597/6597 191/191 2784/2784
f 191/191 653/653 4405/4405
f 2256/2256 1020/1020 7679/7679
f 653/653 3575/3575 4707/4707
f 3575/3575 2194/2194 4236/4236
f 2194/2194 5041/5041 2359/2359
f 4411/4411 5630/5630 4209/4209
f 5041/5041 221/221 2254/2254
f 221/221 3974/3974 4604/4604
f 2791/2791 4411/4411 6570/6570
f 3974/3974 6827/6827 4349/4349
f 1985/1985 2560/2560 982/982
f 6827/6827 1985/1985 6635/6635
f 2560/2560 2569/2569 5610/5610
f 2569/2569 4276/4276 2536/2536
f 4276/4276 6909/6909 2487/2487
f 1593/1593 2992/2992 1978/1978
f 6909/6909 1788/1788 2687/2687
f 1788/1788 4771/4771 3142/3142
f 1277/1277 1593/1593 736/736
f 4771/4771 6514/6514 6974/6974
f 6514/6514 5483/5483 6357/6357
f 5483/5483 7154/7154 273/273
f 4530/4530 1333/1333 4029/4029
f 7154/7154 5990/5990 2617/2617
f 4818/4818 4530/4530 599/599
f 5990/5990 3992/3992 5197/5197
f 7276/7276 3201/3201 3765/3765
f 3201/3201 4625/4625 2106/2106
f 4625/4625 6410/6410 2541/2541
f 6410/6410 1647/1647 1993/1993
f 1647/1647 1713/1713 6402/6402
f 1713/1713 197/197 2469/2469
f 4560/4560 4732/4732 1859/1859
f 4732/4732 4869/4869 6444/6444
f 4869/4869 2963/2963 1509/1509
f 2963/2963 1598/1598 643/643
f 4953/4953 6045/6045 2590/2590
f 6045/6045 6255/6255 5157/5157
f 6255/6255 3044/3044 3661/3661
f 5059/5059 1670/1670 1006/1006
f 6612/6612 3362/3362 4509/4509
f 2499/2499 2234/2234 1203/1203
f 2234/2234 7422/7422 649/649
f 7422/7422 5742/5742 3633/3633
f 2762/2762 7270/7270 6504/6504
f 7270/7270 1144/1144 4773/4773
f 1144/1144 4310/4310 7528/7528
f 4358/4358 3769/3769 2711/2711
f 4828/4828 4324/4324 566/566
f 4310/4310 4828/4828 3976/3976
f 683/683 6721/6721 4886/4886
f 291/291 3706/3706 5647/5647
f 2288/2288 683/683 4080/4080
f 3706/3706 950/950 3994/3994
f 5083/5083 2288/2288 4263/4263
f 2240/2240 5355/5355 6873/6873
f 2632/2632 5083/5083 1921/1921
f 5355/5355 4355/4355 2211/2211
f 7155/7155 2632/2632 3109/3109
f 4355/4355 3594/3594 6520/6520
f 3594/3594 2684/2684 386/386
f 2684/2684 11/11 3586/3586
f 2691/2691 1838/1838 6111/6111
f 1838/1838 7155/7155 4060/4060
f 2802/2802 2691/2691 5267/5267
f 11/11 6369/6369 5024/5024
f 2909/2909 2802/2802 3360/3360
f 6369/6369 7252/7252 4713/4713
f 7252/7252 5732/5732 2309/2309
f 4629/4629 2909/2909 5997/5997
f 5732/5732 5933/5933 1744/1744
f 7682/7682 4629/4629 3374/3374
f 5452/5452 7682/7682 5342/5342
f 5933/5933 7279/7279 2085/2085
f 5064/5064 5452/5452 6515/6515
f 7279/7279 4081/4081 2128/2128
f 4081/4081 5579/5579 7122/7122
f 5579/5579 3241/3241 2337/2337
f 5630/5630 2256/2256 7268/7268
f 935/935 2791/2791 978/978
f 6258/6258 935/935 2091/2091
f 2992/2992 6258/6258 4457/4457
f 7171/7171 1277/1277 2790/2790
f 3371/3371 7171/7171 2423/2423
f 1333/1333 3371/3371 6220/6220
f 6607/6607 4818/4818 6988/6988
f 4003/4003 6607/6607 4334/4334
f 2723/2723 4003/4003 1676/1676
f 3990/3990 2723/2723 4540/4540
f 425/425 3990/3990 3612/3612
f 3224/3224 425/425 4900/4900
f 4741/4741 3224/3224 2983/2983
f 1428/1428 4741/4741 383/383
f 4626/4626 1428/1428 6949/6949
f 2656/2656 4626/4626 3188/3188
f 1039/1039 2656/2656 3185/3185
f 3028/3028 1039/1039 4640/4640
f 6657/6657 3028/3028 2438/2438
f 2529/2529 6657/6657 5646/5646
f 1598/1598 4953/4953 4007/4007
f 1266/1266 2529/2529 1259/1259
f 7677/7677 1266/1266 2292/2292
f 6228/6228 7677/7677 6367/6367
f 3044/3044 5059/5059 1294/1294
f 1995/1995 6228/6228 403/403
f 1670/1670 7674/7674 1492/1492
f 112/112 7229/7229 7483/7483
f 7674/7674 6808/6808 1716/1716
f 5029/5029 112/112 1355/1355
f 3079/3079 5029/5029 2972/2972
f 7681/7681 3079/3079 6710/6710
f 3362/3362 4641/4641 6552/6552
f 3485/3485 7681/7681 6074/6074
f 4641/4641 6245/6245 6511/6511
f 4534/4534 3485/3485 7696/7696
f 6245/6245 2499/2499 4043/4043
f 4417/4417 4534/4534 1535/1535
f 5139/5139 4417/4417 7489/7489
f 5742/5742 3528/3528 7428/7428
f 6540/6540 5139/5139 2149/2149
f 3528/3528 2762/2762 6085/6085
f 472/472 6540/6540 7378/7378
f 2554/2554 472/472 1029/1029
f 3769/3769 2554/2554 227/227
f 5582/5582 3769/3769 1181/1181
f 3769/3769 5582/5582 703/703
f 2315/2315 5582/5582 5311/5311
f 4232/4232 2833/2833 4229/4229
f 2642/2642 4232/4232 7052/7052
f 2833/2833 4358/4358 3778/3778
f 5568/5568 2642/2642 170/170
f 4324/4324 3090/3090 7132/7132
f 6721/6721 5017/5017 1648/1648
f 5017/5017 5568/5568 3239/3239
f 3090/3090 291/291 6468/6468
f 950/950 2240/2240 5394/5394
f 5642/5642 5064/5064 2745/2745
f 5270/5270 5642/5642 1964/1964
f 737/737 5270/5270 3591/3591
f 4352/4352 737/737 1750/1750
f 3241/3241 4507/4507 2387/2387
f 4089/4089 4352/4352 2592/2592
f 4507/4507 2749/2749 278/278
f 800/800 4089/4089 6146/6146
f 930/930 2208/2208 3497/3497
f 7481/7481 800/800 2158/2158
f 6238/6238 930/930 1033/1033
f 2749/2749 5119/5119 5322/5322
f 2208/2208 7481/7481 5098/5098
f 1665/1665 3446/3446 6768/6768
f 5119/5119 1665/1665 4426/4426
f 3446/3446 6238/6238 1077/1077
f 5416/5416 3213/3213 5582/5582
f 4021/4021 4918/4918 2086/2086
f 7636/7636 4927/4927 943/943
f 1219/1219 5885/5885 2092/2092
f 3669/3669 2952/2952 5975/5975
f 4918/4918 3364/3364 2100/2100
f 7407/7407 1219/1219 3605/3605
f 4245/4245 7407/7407 1108/1108
f 6548/6548 5467/5467 2323/2323
f 1735/1735 5431/5431 1085/1085
f 6447/6447 316/316 2580/2580
f 1244/1244 6673/6673 4649/4649
f 6329/6329 6584/6584 2746/2746
f 6744/6744 4145/4145 6424/6424
f 3040/3040 6329/6329 630/630
f 5047/5047 7493/7493 1020/1020
f 2784/2784 6423/6423 6597/6597
f 4405/4405 2784/2784 191/191
f 7679/7679 6844/6844 2256/2256
f 4707/4707 975/975 653/653
f 4236/4236 1559/1559 3575/3575
f 2359/2359 4236/4236 2194/2194
f 4209/4209 513/513 4411/4411
f 2254/2254 3173/3173 5041/5041
f 4604/4604 2254/2254 221/221
f 6570/6570 5660/5660 2791/2791
f 4349/4349 7575/7575 3974/3974
f 982/982 6635/6635 1985/1985
f 6635/6635 1820/1820 6827/6827
f 5610/5610 982/982 2560/2560
f 2536/2536 3770/3770 2569/2569
f 2487/2487 3157/3157 4276/4276
f 1978/1978 736/736 1593/1593
f 2687/2687 2173/2173 6909/6909
f 3142/3142 2687/2687 1788/1788
f 736/736 1715/1715 1277/1277
f 6974/6974 4061/4061 4771/4771
f 6357/6357 3337/3337 6514/6514
f 273/273 6357/6357 5483/5483
f 4029/4029 6177/6177 4530/4530
f 2617/2617 5495/5495 7154/7154
f 599/599 6988/6988 4818/4818
f 5197/5197 2617/2617 5990/5990
f 3765/3765 3222/3222 7276/7276
f 2106/2106 3765/3765 3201/3201
f 2541/2541 6328/6328 4625/4625
f 1993/1993 1200/1200 6410/6410
f 6402/6402 2591/2591 1647/1647
f 2469/2469 6402/6402 1713/1713
f 1859/1859 2533/2533 4560/4560
f 6444/6444 3937/3937 4732/4732
f 1509/1509 6444/6444 4869/4869
f 643/643 2676/2676 2963/2963
f 2590/2590 4007/4007 4953/4953
f 5157/5157 5360/5360 6045/6045
f 3661/3661 7470/7470 6255/6255
f 1006/1006 4019/4019 5059/5059
f 4509/4509 2902/2902 6612/6612
f 1203/1203 7581/7581 2499/2499
f 649/649 1203/1203 2234/2234
f 3633/3633 649/649 7422/7422
f 6504/6504 3274/3274 2762/2762
f 4773/4773 5164/5164 7270/7270
f 7528/7528 4167/4167 1144/1144
f 2711/2711 7501/7501 4358/4358
f 566/566 2465/2465 4828/4828
f 3976/3976 3613/3613 4310/4310
f 4886/4886 4080/4080 683/683
f 5647/5647 6001/6001 291/291
f 4080/4080 5214/5214 2288/2288
f 3994/3994 5647/5647 3706/3706
f 4263/4263 1921/1921 5083/5083
f 6873/6873 5394/5394 2240/2240
f 1921/1921 2273/2273 2632/2632
f 2211/2211 2647/2647 5355/5355
f 3109/3109 6605/6605 7155/7155
f 6520/6520 1405/1405 4355/4355
f 386/386 6520/6520 3594/3594
f 3586/3586 386/386 2684/2684
f 6111/6111 5267/5267 2691/2691
f 4060/4060 6111/6111 1838/1838
f 5267/5267 201/201 2802/2802
f 5024/5024 1581/1581 11/11
f 3360/3360 4012/4012 2909/2909
f 4713/4713 6298/6298 6369/6369
f 2309/2309 3663/3663 7252/7252
f 5997/5997 2133/2133 4629/4629
f 1744/1744 2309/2309 5732/5732
f 3374/3374 5998/5998 7682/7682
f 5342/5342 3390/3390 5452/5452
f 2085/2085 349/349 5933/5933
f 6515/6515 5654/5654 5064/5064
f 2128/2128 5362/5362 7279/7279
f 7122/7122 2128/2128 4081/4081
f 2337/2337 1913/1913 5579/5579
f 7268/7268 701/701 5630/5630
f 978/978 6896/6896 935/935
f 2091/2091 4457/4457 6258/6258
f 4457/4457 6774/6774 2992/2992
f 2790/2790 2423/2423 7171/7171
f 2423/2423 3859/3859 3371/3371
f 6220/6220 4029/4029 1333/1333
f 6988/6988 2674/2674 6607/6607
f 4334/4334 1676/1676 4003/4003
f 1676/1676 6071/6071 2723/2723
f 4540/4540 3612/3612 3990/3990
f 3612/3612 4854/4854 425/425
f 4900/4900 2983/2983 3224/3224
f 2983/2983 4910/4910 4741/4741
f 383/383 7141/7141 1428/1428
f 6949/6949 5200/5200 4626/4626
f 3188/3188 7101/7101 2656/2656
f 3185/3185 2820/2820 1039/1039
f 4640/4640 2438/2438 3028/3028
f 2438/2438 1546/1546 6657/6657
f 5646/5646 1259/1259 2529/2529
f 4007/4007 2725/2725 1598/1598
f 1259/1259 2292/2292 1266/1266
f 2292/2292 3631/3631 7677/7677
f 6367/6367 6541/6541 6228/6228
f 1294/1294 1282/1282 3044/3044
f 403/403 4951/4951 1995/1995
f 1492/1492 6148/6148 1670/1670
f 7483/7483 6823/6823 112/112
f 1716/1716 6137/6137 7674/7674
f 1355/1355 5650/5650 5029/5029
f 2972/2972 6710/6710 3079/3079
f 6710/6710 2137/2137 7681/7681
f 6552/6552 4509/4509 3362/3362
f 6074/6074 7696/7696 3485/3485
f 6511/6511 7473/7473 4641/4641
f 7696/7696 797/797 4534/4534
f 4043/4043 6511/6511 6245/6245
f 1535/1535 7489/7489 4417/4417
f 7489/7489 6826/6826 5139/5139
f 7428/7428 5099/5099 5742/5742
f 2149/2149 7378/7378 6540/6540
f 6085/6085 2447/2447 3528/3528
f 7378/7378 6786/6786 472/472
f 1029/1029 2662/2662 2554/2554
f 227/227 1181/1181 3769/3769
f 1181/1181 5311/5311 5582/5582
f 703/703 2711/2711 3769/3769
f 5311/5311 4442/4442 2315/2315
f 4229/4229 7052/7052 4232/4232
f 7052/7052 170/170 2642/2642
f 3778/3778 4229/4229 2833/2833
f 170/170 4041/4041 5568/5568
f 7132/7132 566/566 4324/4324
f 1648/1648 1538/1538 6721/6721
f 3239/3239 3030/3030 5017/5017
f 6468/6468 1231/1231 3090/3090
f 5394/5394 3994/3994 950/950
f 2745/2745 835/835 5642/5642
f 1964/1964 3591/3591 5270/5270
f 3591/3591 7592/7592 737/737
f 1750/1750 2592/2592 4352/4352
f 2387/2387 2840/2840 3241/3241
f 2592/2592 6146/6146 4089/4089
f 278/278 5291/5291 4507/4507
f 6146/6146 3490/3490 800/800
f 3497/3497 1033/1033 930/930
f 2158/2158 5098/5098 7481/7481
f 1033/1033 946/946 6238/6238
f 5322/5322 6384/6384 2749/2749
f 5098/5098 3012/3012 2208/2208
f 6768/6768 6766/6766 1665/1665
f 4426/4426 5288/5288 5119/5119
f 1077/1077 2531/2531 3446/3446
f 5196/5196 6897/6897 3739/3739
f 5196/5196 3373/3373 665/665
f 3488/3488 3655/3655 467/467
f 3488/3488 1473/1473 1448/1448
f 2315/2315 4782/4782 5416/5416
f 5196/5196 3739/3739 3373/3373
f 3488/3488 1448/1448 3655/3655
f 2315/2315 5137/5137 4782/4782
f 5975/5975 2952/2952 6548/6548
f 2100/2100 3364/3364 3669/3669
f 2323/2323 5467/5467 1244/1244
f 1085/1085 5431/5431 4245/4245
f 2580/2580 316/316 1735/1735
f 2746/2746 5541/5541 6447/6447
f 2746/2746 6584/6584 5541/5541
f 6597/6597 6423/6423 3040/3040
f 653/653 975/975 4405/4405
f 2256/2256 6844/6844 7268/7268
f 3575/3575 6672/6672 4707/4707
f 3575/3575 1559/1559 6672/6672
f 3974/3974 4787/4787 4604/4604
f 3974/3974 7575/7575 4787/4787
f 6827/6827 1820/1820 4349/4349
f 2569/2569 4390/4390 5610/5610
f 2569/2569 3770/3770 4390/4390
f 4276/4276 3157/3157 2536/2536
f 6909/6909 2173/2173 2487/2487
f 7154/7154 4193/4193 273/273
f 7154/7154 5495/5495 4193/4193
f 3992/3992 966/966 5197/5197
f 6410/6410 1200/1200 2541/2541
f 4560/4560 2533/2533 1784/1784
f 4732/4732 3937/3937 1859/1859
f 2963/2963 867/867 1509/1509
f 6045/6045 5360/5360 2590/2590
f 6255/6255 7470/7470 5157/5157
f 3044/3044 1282/1282 3661/3661
f 7674/7674 6137/6137 1492/1492
f 2762/2762 3274/3274 6085/6085
f 1144/1144 4167/4167 4773/4773
f 5582/5582 3213/3213 703/703
f 4828/4828 2465/2465 3976/3976
f 4310/4310 3613/3613 5883/5883
f 4310/4310 5883/5883 7528/7528
f 3090/3090 1231/1231 7132/7132
f 291/291 5356/5356 6468/6468
f 291/291 6001/6001 5356/5356
f 2288/2288 5214/5214 4263/4263
f 5355/5355 7147/7147 6873/6873
f 2632/2632 2273/2273 3864/3864
f 5355/5355 2647/2647 7147/7147
f 4355/4355 1405/1405 2211/2211
f 2632/2632 3864/3864 3109/3109
f 7155/7155 6605/6605 4060/4060
f 11/11 1581/1581 3586/3586
f 2802/2802 201/201 3360/3360
f 6369/6369 6298/6298 5024/5024
f 7252/7252 2213/2213 4713/4713
f 7252/7252 3663/3663 2213/2213
f 4629/4629 2133/2133 3374/3374
f 5933/5933 7507/7507 1744/1744
f 7682/7682 5998/5998 5342/5342
f 5933/5933 349/349 7507/7507
f 5452/5452 3390/3390 6515/6515
f 7279/7279 6290/6290 2085/2085
f 7279/7279 6899/6899 6290/6290
f 5064/5064 5654/5654 7184/7184
f 7279/7279 5362/5362 6899/6899
f 5579/5579 1913/1913 7122/7122
f 3241/3241 2840/2840 6571/6571
f 5630/5630 701/701 4209/4209
f 2791/2791 5660/5660 978/978
f 935/935 6896/6896 2091/2091
f 2992/2992 6774/6774 1028/1028
f 1277/1277 1715/1715 2790/2790
f 4530/4530 2319/2319 599/599
f 2723/2723 6071/6071 4540/4540
f 425/425 4320/4320 4900/4900
f 4741/4741 4910/4910 383/383
f 1428/1428 7141/7141 6949/6949
f 1039/1039 2820/2820 3139/3139
f 1039/1039 3139/3139 4640/4640
f 6657/6657 7170/7170 5646/5646
f 7677/7677 3631/3631 6367/6367
f 6228/6228 6541/6541 4999/4999
f 6228/6228 4999/4999 403/403
f 5059/5059 4019/4019 1294/1294
f 1670/1670 6148/6148 1006/1006
f 6612/6612 2902/2902 6990/6990
f 4641/4641 6880/6880 6552/6552
f 2499/2499 1109/1109 4043/4043
f 2499/2499 7581/7581 1109/1109
f 4534/4534 6446/6446 1535/1535
f 5139/5139 6826/6826 929/929
f 5139/5139 929/929 2149/2149
f 472/472 6786/6786 1029/1029
f 2554/2554 2662/2662 227/227
f 3488/3488 467/467 408/408
f 3488/3488 408/408 1473/1473
f 7270/7270 6247/6247 6504/6504
f 7270/7270 5164/5164 6247/6247
f 2315/2315 4442/4442 6972/6972
f 2315/2315 6972/6972 5137/5137
f 4358/4358 7501/7501 361/361
f 5196/5196 665/665 2093/2093
f 5196/5196 3576/3576 6897/6897
f 4358/4358 361/361 2155/2155
f 4358/4358 2155/2155 3778/3778
f 5568/5568 4041/4041 3239/3239
f 5017/5017 3030/3030 1003/1003
f 5017/5017 1003/1003 1648/1648
f 6721/6721 1538/1538 4886/4886
f 2909/2909 4012/4012 5997/5997
f 5064/5064 7184/7184 2745/2745
f 5642/5642 835/835 1964/1964
f 737/737 7592/7592 1750/1750
f 3241/3241 6571/6571 2337/2337
f 800/800 3490/3490 1379/1379
f 800/800 1379/1379 2158/2158
f 4507/4507 1878/1878 2387/2387
f 4507/4507 5291/5291 1878/1878
f 2208/2208 3012/3012 203/203
f 2208/2208 203/203 3497/3497
f 2749/2749 6384/6384 278/278
f 6238/6238 946/946 1077/1077
f 5119/5119 5288/5288 5322/5322
f 3446/3446 2531/2531 6768/6768
f 1665/1665 6766/6766 4426/4426
f 7679/7679 513/513 4209/4209
f 4209/4209 701/701 7268/7268
f 7268/7268 6844/6844 7679/7679
f 7679/7679 4209/4209 7268/7268
f 6074/6074 797/797 7696/7696
f 1509/1509 867/867 1784/1784
f 2533/2533 1859/1859 3937/3937
f 3937/3937 6444/6444 1509/1509
f 1509/1509 1784/1784 2533/2533
f 2533/2533 3937/3937 1509/1509
f 5197/5197 966/966 3337/3337
f 3337/3337 6357/6357 273/273
f 273/273 4193/4193 5495/5495
f 5495/5495 2617/2617 5197/5197
f 5197/5197 3337/3337 273/273
f 273/273 5495/5495 5197/5197
f 6570/6570 1028/1028 6774/6774
f 4457/4457 2091/2091 6896/6896
f 6896/6896 978/978 5660/5660
f 5660/5660 6570/6570 6774/6774
f 4457/4457 6896/6896 5660/5660
f 5660/5660 6774/6774 4457/4457
f 3185/3185 2438/2438 4640/4640
f 3185/3185 4640/4640 3139/3139
f 3139/3139 2820/2820 3185/3185
f 6137/6137 1716/1716 2725/2725
f 2725/2725 4007/4007 2590/2590
f 2590/2590 5360/5360 5157/5157
f 7470/7470 3661/3661 1282/1282
f 1282/1282 1294/1294 4019/4019
f 4019/4019 1006/1006 6148/6148
f 1492/1492 6137/6137 2725/2725
f 2725/2725 2590/2590 5157/5157
f 1282/1282 4019/4019 6148/6148
f 6148/6148 1492/1492 2725/2725
f 2725/2725 5157/5157 7470/7470
f 1282/1282 6148/6148 2725/2725
f 2725/2725 7470/7470 1282/1282
f 736/736 1978/1978 3859/3859
f 3859/3859 2423/2423 2790/2790
f 2790/2790 1715/1715 736/736
f 736/736 3859/3859 2790/2790
f 1200/1200 1993/1993 6328/6328
f 6328/6328 2541/2541 1200/1200
f 3765/3765 2106/2106 3222/3222
f 2972/2972 2137/2137 6710/6710
f 2319/2319 6988/6988 599/599
f 4236/4236 2359/2359 5885/5885
f 5885/5885 1219/1219 7407/7407
f 7407/7407 4245/4245 5431/5431
f 1735/1735 316/316 6447/6447
f 6447/6447 5541/5541 6584/6584
f 6329/6329 3040/3040 6423/6423
f 6423/6423 2784/2784 4405/4405
f 4405/4405 975/975 4707/4707
f 4707/4707 6672/6672 1559/1559
f 1559/1559 4236/4236 5885/5885
f 5885/5885 7407/7407 5431/5431
f 5431/5431 1735/1735 6447/6447
f 6447/6447 6584/6584 6329/6329
f 6329/6329 6423/6423 4405/4405
f 4405/4405 4707/4707 1559/1559
f 1559/1559 5885/5885 5431/5431
f 5431/5431 6447/6447 6329/6329
f 6329/6329 4405/4405 1559/1559
f 1559/1559 5431/5431 6329/6329
f 6786/6786 467/467 3655/3655
f 1473/1473 408/408 467/467
f 467/467 6786/6786 7378/7378
f 7378/7378 2149/2149 929/929
f 929/929 6826/6826 7489/7489
f 1535/1535 6446/6446 2447/2447
f 3274/3274 6504/6504 6247/6247
f 6247/6247 5164/5164 4773/4773
f 4773/4773 4167/4167 7528/7528
f 7528/7528 5883/5883 3613/3613
f 3613/3613 3976/3976 2465/2465
f 2465/2465 566/566 7132/7132
f 7132/7132 1231/1231 6468/6468
f 5356/5356 6001/6001 5647/5647
f 5647/5647 3994/3994 5394/5394
f 5394/5394 6873/6873 7147/7147
f 7147/7147 2647/2647 2211/2211
f 2211/2211 1405/1405 6520/6520
f 386/386 3586/3586 1581/1581
f 1744/1744 7507/7507 349/349
f 349/349 2085/2085 6290/6290
f 6290/6290 6899/6899 5362/5362
f 5362/5362 2128/2128 7122/7122
f 7122/7122 1913/1913 2337/2337
f 2337/2337 6571/6571 2840/2840
f 2840/2840 2387/2387 1878/1878
f 1878/1878 5291/5291 278/278
f 278/278 6384/6384 5322/5322
f 5288/5288 4426/4426 6766/6766
f 6766/6766 6768/6768 2531/2531
f 2531/2531 1077/1077 946/946
f 946/946 1033/1033 3497/3497
f 3497/3497 203/203 3012/3012
f 3012/3012 5098/5098 2158/2158
f 2158/2158 1379/1379 3490/3490
f 3490/3490 6146/6146 2592/2592
f 1750/1750 7592/7592 3591/3591
f 1964/1964 835/835 2745/2745
f 2745/2745 7184/7184 5654/5654
f 6515/6515 3390/3390 5342/5342
f 5342/5342 5998/5998 3374/3374
f 3374/3374 2133/2133 5997/5997
f 5997/5997 4012/4012 3360/3360
f 5267/5267 6111/6111 4060/4060
f 6605/6605 3109/3109 3864/3864
f 1921/1921 4263/4263 5214/5214
f 5214/5214 4080/4080 4886/4886
f 4886/4886 1538/1538 1648/1648
f 1648/1648 1003/1003 3030/3030
f 3030/3030 3239/3239 4041/4041
f 170/170 7052/7052 4229/4229
f 4229/4229 3778/3778 2155/2155
f 2155/2155 361/361 665/665
f 6897/6897 3576/3576 2093/2093
f 2093/2093 665/665 361/361
f 7501/7501 2711/2711 703/703
f 703/703 3213/3213 5416/5416
f 4442/4442 5311/5311 1181/1181
f 227/227 2662/2662 1029/1029
f 1029/1029 6786/6786 3655/3655
f 1473/1473 467/467 7378/7378
f 7378/7378 929/929 7489/7489
f 7489/7489 1535/1535 2447/2447
f 3274/3274 6247/6247 4773/4773
f 4773/4773 7528/7528 3613/3613
f 3613/3613 2465/2465 7132/7132
f 2309/2309 1744/1744 349/349
f 349/349 6290/6290 5362/5362
f 5362/5362 7122/7122 2337/2337
f 2337/2337 2840/2840 1878/1878
f 1878/1878 278/278 5322/5322
f 5322/5322 5288/5288 6766/6766
f 6766/6766 2531/2531 946/946
f 946/946 3497/3497 3012/3012
f 3012/3012 2158/2158 3490/3490
f 3490/3490 2592/2592 1750/1750
f 1750/1750 3591/3591 1964/1964
f 1964/1964 2745/2745 5654/5654
f 5267/5267 4060/4060 6605/6605
f 5214/5214 4886/4886 1648/1648
f 1648/1648 3030/3030 4041/4041
f 4041/4041 170/170 4229/4229
f 4229/4229 2155/2155 665/665
f 6897/6897 2093/2093 361/361
f 361/361 7501/7501 703/703
f 703/703 5416/5416 4782/4782
f 4442/4442 1181/1181 227/227
f 227/227 1029/1029 3655/3655
f 1473/1473 7378/7378 7489/7489
f 7489/7489 2447/2447 6085/6085
f 3274/3274 4773/4773 3613/3613
f 3613/3613 7132/7132 6468/6468
f 2309/2309 349/349 5362/5362
f 5362/5362 2337/2337 1878/1878
f 1878/1878 5322/5322 6766/6766
f 6766/6766 946/946 3012/3012
f 3012/3012 3490/3490 1750/1750
f 1750/1750 1964/1964 5654/5654
f 1921/1921 5214/5214 1648/1648
f 1648/1648 4041/4041 4229/4229
f 4229/4229 665/665 3373/3373
f 6897/6897 361/361 703/703
f 4442/4442 227/227 3655/3655
f 1473/1473 7489/7489 6085/6085
f 3274/3274 3613/3613 6468/6468
f 2309/2309 5362/5362 1878/1878
f 1878/1878 6766/6766 3012/3012
f 3012/3012 1750/1750 5654/5654
f 2273/2273 1921/1921 1648/1648
f 1648/1648 4229/4229 3373/3373
f 6897/6897 703/703 4782/4782
f 6972/6972 4442/4442 3655/3655
f 1448/1448 1473/1473 6085/6085
f 6085/6085 3274/3274 6468/6468
f 3663/3663 2309/2309 1878/1878
f 1878/1878 3012/3012 5654/5654
f 2273/2273 1648/1648 3373/3373
f 6897/6897 4782/4782 5137/5137
f 5137/5137 6972/6972 3655/3655
f 3655/3655 1448/1448 6085/6085
f 6085/6085 6468/6468 5356/5356
f 3663/3663 1878/1878 5654/5654
f 3864/3864 2273/2273 3373/3373
f 6897/6897 5137/5137 3655/3655
f 3655/3655 6085/6085 5356/5356
f 2213/2213 3663/3663 5654/5654
f 6605/6605 3864/3864 3373/3373
f 3739/3739 6897/6897 3655/3655
f 3655/3655 5356/5356 5647/5647
f 4713/4713 2213/2213 5654/5654
f 5267/5267 6605/6605 3373/3373
f 3739/3739 3655/3655 5647/5647
f 6298/6298 4713/4713 5654/5654
f 201/201 5267/5267 3373/3373
f 3373/3373 3739/3739 5647/5647
f 5024/5024 6298/6298 5654/5654
f 3360/3360 201/201 3373/3373
f 3373/3373 5647/5647 5394/5394
f 1581/1581 5024/5024 5654/5654
f 5997/5997 3360/3360 3373/3373
f 3373/3373 5394/5394 7147/7147
f 386/386 1581/1581 5654/5654
f 3374/3374 5997/5997 3373/3373
f 3373/3373 7147/7147 2211/2211
f 6520/6520 386/386 5654/5654
f 5342/5342 3374/3374 3373/3373
f 3373/3373 2211/2211 6520/6520
f 6520/6520 5654/5654 6515/6515
f 5342/5342 3373/3373 6520/6520
f 6520/6520 6515/6515 5342/5342
f 6402/6402 2469/2469 2591/2591
f 2687/2687 3142/3142 3173/3173
f 3173/3173 2254/2254 4604/4604
f 4604/4604 4787/4787 7575/7575
f 7575/7575 4349/4349 1820/1820
f 1820/1820 6635/6635 982/982
f 982/982 5610/5610 4390/4390
f 4390/4390 3770/3770 2536/2536
f 3157/3157 2487/2487 2173/2173
f 2173/2173 2687/2687 3173/3173
f 3173/3173 4604/4604 7575/7575
f 7575/7575 1820/1820 982/982
f 982/982 4390/4390 2536/2536
f 2536/2536 3157/3157 2173/2173
f 2173/2173 3173/3173 7575/7575
f 7575/7575 982/982 2536/2536
f 2536/2536 2173/2173 7575/7575
f 649/649 3633/3633 7473/7473
f 7473/7473 6511/6511 4043/4043
f 4043/4043 1109/1109 7581/7581
f 7581/7581 1203/1203 649/649
f 649/649 7473/7473 4043/4043
f 4043/4043 7581/7581 649/649
f 4918/4918 4021/4021 6673/6673
f 6673/6673 1244/1244 5467/5467
f 5467/5467 6548/6548 2952/2952
f 3669/3669 3364/3364 4918/4918
f 4918/4918 6673/6673 5467/5467
f 5467/5467 2952/2952 3669/3669
f 3669/3669 4918/4918 5467/5467
f 4900/4900 4320/4320 5200/5200
f 5200/5200 6949/6949 7141/7141
f 7141/7141 383/383 4910/4910
f 4910/4910 2983/2983 4900/4900
f 4900/4900 5200/5200 7141/7141
f 7141/7141 4910/4910 4900/4900
f 1676/1676 4334/4334 4854/4854
f 4854/4854 3612/3612 4540/4540
f 4540/4540 6071/6071 1676/1676
f 1676/1676 4854/4854 4540/4540
f 7170/7170 4951/4951 403/403
f 403/403 4999/4999 6541/6541
f 6541/6541 6367/6367 3631/3631
f 3631/3631 2292/2292 1259/1259
f 5646/5646 7170/7170 403/403
f 403/403 6541/6541 3631/3631
f 3631/3631 1259/1259 5646/5646
f 5646/5646 403/403 3631/3631
f 4029/4029 6177/6177 6220/6220
f 6552/6552 6880/6880 6990/6990
f 6990/6990 2902/2902 4509/4509
f 4509/4509 6552/6552 6990/6990

